{"dim0": -0.06666666666666667, "dim1": 0.9333333333333333, "scale": 15, "episode_rewards": 8.25743640186195, "episode_std_rewards": 0.0065463407205431255, "episode_value_ests": 0.7082295980549063, "episode_values": 0.920083217869396, "episode_td_err": 0.0610323490717395, "episode_avg_len": 755.9097744360902, "episode_std_avg_len": 602.3801657091631, "step_rewards": 0.010923838639369375, "step_value_ests": 0.7144656680223043, "step_values": 1.0028901391399143, "step_td_err": 0.05605763736166553}