{"dim0": -0.06666666666666667, "dim1": -0.13333333333333333, "scale": 15, "episode_rewards": 8.02953289098261, "episode_std_rewards": 0.006217864849525026, "episode_value_ests": 0.7785811702268863, "episode_values": 0.8793934968336411, "episode_td_err": 0.04014413663448064, "episode_avg_len": 779.1235521235521, "episode_std_avg_len": 630.9272518207508, "step_rewards": 0.010305853120596334, "step_value_ests": 0.8434680088064962, "step_values": 0.944593134020941, "step_td_err": 0.034496150360765886}