{"dim0": -0.06666666666666667, "dim1": 0.13333333333333333, "scale": 15, "episode_rewards": 8.234655602994668, "episode_std_rewards": 0.006405135510830571, "episode_value_ests": 0.8162264217347678, "episode_values": 0.9332288091286106, "episode_td_err": 0.02666770564773425, "episode_avg_len": 797.5298804780876, "episode_std_avg_len": 629.5009802747871, "step_rewards": 0.010325200101666808, "step_value_ests": 0.8564410293025555, "step_values": 0.9456409202505445, "step_td_err": 0.024220636012746235}