{"dim0": -0.06666666666666667, "dim1": 0.5333333333333333, "scale": 15, "episode_rewards": 7.9448178868685195, "episode_std_rewards": 0.006161945728525096, "episode_value_ests": 0.8301226742751218, "episode_values": 0.9052899709609582, "episode_td_err": 0.031515809774119656, "episode_avg_len": 748.9402985074627, "episode_std_avg_len": 588.499689460779, "step_rewards": 0.010608079045421208, "step_value_ests": 0.8341619138375359, "step_values": 0.9719498969503563, "step_td_err": 0.030319373172021474}