{"dim0": -0.06666666666666667, "dim1": -0.7333333333333333, "scale": 15, "episode_rewards": 8.27341242897229, "episode_std_rewards": 0.005950715931222355, "episode_value_ests": 0.7664523624787365, "episode_values": 0.9413820243094966, "episode_td_err": 0.14834871093264518, "episode_avg_len": 787.6456692913385, "episode_std_avg_len": 610.867990012083, "step_rewards": 0.010503977551753764, "step_value_ests": 0.8129178367450419, "step_values": 0.9612049077313073, "step_td_err": 0.12484438320890773}