{"dim0": -0.06666666666666667, "dim1": 0.4, "scale": 15, "episode_rewards": 8.08304819976911, "episode_std_rewards": 0.006347231140316576, "episode_value_ests": 0.8073335334838335, "episode_values": 0.8860526619832445, "episode_td_err": 0.026336198345935598, "episode_avg_len": 786.46484375, "episode_std_avg_len": 617.1514947839291, "step_rewards": 0.010277698061146309, "step_value_ests": 0.8518832197658058, "step_values": 0.9491392006944606, "step_td_err": 0.02541897458327927}