{"dim0": -0.06666666666666667, "dim1": 0.26666666666666666, "scale": 15, "episode_rewards": 7.942063744562977, "episode_std_rewards": 0.006124387038909029, "episode_value_ests": 0.8138585970871554, "episode_values": 0.8979614877047919, "episode_td_err": 0.024664424355657306, "episode_avg_len": 758.833962264151, "episode_std_avg_len": 572.8875245872409, "step_rewards": 0.010466141658797206, "step_value_ests": 0.853849357828426, "step_values": 0.9619682918539453, "step_td_err": 0.024486478941930862}