{"dim0": -0.06666666666666667, "dim1": 0.4666666666666667, "scale": 15, "episode_rewards": 8.243240237236023, "episode_std_rewards": 0.006158835174643988, "episode_value_ests": 0.766027650354696, "episode_values": 0.8827838841676838, "episode_td_err": 0.028728102986868998, "episode_avg_len": 792.0472440944882, "episode_std_avg_len": 611.6813263555542, "step_rewards": 0.010407510787642658, "step_value_ests": 0.7968784902264713, "step_values": 0.9572920899972208, "step_td_err": 0.027937685669155488}