{"dim0": -0.06666666666666667, "dim1": -1.0, "scale": 15, "episode_rewards": 8.257777337466969, "episode_std_rewards": 0.006304415001842682, "episode_value_ests": 0.8223357146267477, "episode_values": 0.9466370526075802, "episode_td_err": 0.3074805641229658, "episode_avg_len": 784.8705882352941, "episode_std_avg_len": 620.5014124564409, "step_rewards": 0.010521196056070575, "step_value_ests": 0.8509995905294675, "step_values": 0.961314423225784, "step_td_err": 0.2557800864555864}