{"dim0": -0.06666666666666667, "dim1": -0.6, "scale": 15, "episode_rewards": 8.052650760687314, "episode_std_rewards": 0.005980920224246925, "episode_value_ests": 0.7615645254932927, "episode_values": 0.9186844498945559, "episode_td_err": 0.10697079763704105, "episode_avg_len": 773.7038461538461, "episode_std_avg_len": 585.7859421198217, "step_rewards": 0.010407923911349015, "step_value_ests": 0.8402698356134788, "step_values": 0.9511772099065724, "step_td_err": 0.08793670017015333}