{"dim0": -0.06666666666666667, "dim1": -0.5333333333333333, "scale": 15, "episode_rewards": 8.113493096053116, "episode_std_rewards": 0.006174861648432515, "episode_value_ests": 0.8031076019215163, "episode_values": 0.9153653061471165, "episode_td_err": 0.09479128399247155, "episode_avg_len": 814.30081300813, "episode_std_avg_len": 669.5349306292185, "step_rewards": 0.00996375413906422, "step_value_ests": 0.861647953448483, "step_values": 0.9130708799624894, "step_td_err": 0.07414122543187407}