{"dim0": -0.06666666666666667, "dim1": -0.4666666666666667, "scale": 15, "episode_rewards": 8.245578238838597, "episode_std_rewards": 0.006281877033427821, "episode_value_ests": 0.8370587152465038, "episode_values": 0.8920873552142523, "episode_td_err": 0.0726374923861555, "episode_avg_len": 811.7651821862348, "episode_std_avg_len": 655.7409703261175, "step_rewards": 0.01015759042120003, "step_value_ests": 0.8919272014240598, "step_values": 0.934392667425783, "step_td_err": 0.05949732366650862}