{"dim0": -0.06666666666666667, "dim1": -0.26666666666666666, "scale": 15, "episode_rewards": 8.018997389590368, "episode_std_rewards": 0.00585888153535529, "episode_value_ests": 0.9150861841479481, "episode_values": 0.8637655156823055, "episode_td_err": 0.04408070463092125, "episode_avg_len": 788.1328125, "episode_std_avg_len": 650.1353629616988, "step_rewards": 0.010174677747718273, "step_value_ests": 0.9810975407506605, "step_values": 0.9386225709309559, "step_td_err": 0.03601584631501928}