{"dim0": -0.06666666666666667, "dim1": 1.0, "scale": 15, "episode_rewards": 7.9796041971029235, "episode_std_rewards": 0.0061201776882342145, "episode_value_ests": 0.7019742553127813, "episode_values": 0.9174636290757946, "episode_td_err": 0.06730349901336187, "episode_avg_len": 777.2325581395348, "episode_std_avg_len": 633.5942201750205, "step_rewards": 0.010266688024757659, "step_value_ests": 0.6834968506609148, "step_values": 0.9410910043640055, "step_td_err": 0.059846345763635754}