{"dim0": -0.06666666666666667, "dim1": -0.3333333333333333, "scale": 15, "episode_rewards": 8.024093429247538, "episode_std_rewards": 0.006272505834763724, "episode_value_ests": 0.8083848745646712, "episode_values": 0.902005079380462, "episode_td_err": 0.0597592303935726, "episode_avg_len": 785.5803921568628, "episode_std_avg_len": 642.5398808160174, "step_rewards": 0.010214223151900292, "step_value_ests": 0.880112023403957, "step_values": 0.9366794530669915, "step_td_err": 0.04770096438432451}