{"dim0": -0.06666666666666667, "dim1": -0.6666666666666666, "scale": 15, "episode_rewards": 8.071257785320283, "episode_std_rewards": 0.005944265459079946, "episode_value_ests": 0.8905791065860088, "episode_values": 0.8955311098577647, "episode_td_err": 0.1088377083292981, "episode_avg_len": 804.576, "episode_std_avg_len": 624.1594125093364, "step_rewards": 0.010031690959362797, "step_value_ests": 0.969270039661328, "step_values": 0.919081248988071, "step_td_err": 0.08900723522576023}