{"dim0": -0.06666666666666667, "dim1": -0.2, "scale": 15, "episode_rewards": 8.271394773483276, "episode_std_rewards": 0.0063021485805365065, "episode_value_ests": 0.8204235702922759, "episode_values": 0.9405139938914233, "episode_td_err": 0.04905481066257129, "episode_avg_len": 802.756, "episode_std_avg_len": 718.421469935302, "step_rewards": 0.010303747058238465, "step_value_ests": 0.8689515329730527, "step_values": 0.9448864908579491, "step_td_err": 0.03946646181445647}