{"dim0": -0.06666666666666667, "dim1": 0.8666666666666667, "scale": 15, "episode_rewards": 8.459958481972743, "episode_std_rewards": 0.006325742994983161, "episode_value_ests": 0.6991561183691186, "episode_values": 0.9264736250162108, "episode_td_err": 0.05150883404969246, "episode_avg_len": 777.9382239382239, "episode_std_avg_len": 604.3113602456453, "step_rewards": 0.010874846127427912, "step_value_ests": 0.7167122215919128, "step_values": 1.0031577791390984, "step_td_err": 0.04842739099241416}