{"dim0": -0.06666666666666667, "dim1": 0.7333333333333333, "scale": 15, "episode_rewards": 8.267102469097484, "episode_std_rewards": 0.006156870786401056, "episode_value_ests": 0.7455011993816044, "episode_values": 0.942458054503065, "episode_td_err": 0.042471484368287654, "episode_avg_len": 758.5378787878788, "episode_std_avg_len": 603.4910170467382, "step_rewards": 0.010898733867197339, "step_value_ests": 0.7500023358307402, "step_values": 1.0023407712567922, "step_td_err": 0.03960670911759783}