{"dim0": -0.06666666666666667, "dim1": 0.2, "scale": 15, "episode_rewards": 8.02379284816359, "episode_std_rewards": 0.006197757736084699, "episode_value_ests": 0.8020841982868769, "episode_values": 0.895884192414678, "episode_td_err": 0.026088431281728424, "episode_avg_len": 775.3436293436293, "episode_std_avg_len": 631.325291138899, "step_rewards": 0.010348692559654057, "step_value_ests": 0.8442670159751436, "step_values": 0.9517719962492295, "step_td_err": 0.024355784001645453}