{"dim0": -0.06666666666666667, "dim1": -0.8, "scale": 15, "episode_rewards": 8.399412798115527, "episode_std_rewards": 0.006009472697906269, "episode_value_ests": 0.7884939056532747, "episode_values": 0.9373243455514771, "episode_td_err": 0.1744586868002008, "episode_avg_len": 803.2329317269076, "episode_std_avg_len": 630.4228786963354, "step_rewards": 0.010457007508466119, "step_value_ests": 0.8579800505740088, "step_values": 0.9574383512492225, "step_td_err": 0.14357787299070424}