{"dim0": -0.06666666666666667, "dim1": 0.8, "scale": 15, "episode_rewards": 8.202350789442994, "episode_std_rewards": 0.0060968944372926355, "episode_value_ests": 0.7577790640446598, "episode_values": 0.9703100842760833, "episode_td_err": 0.04520179278642492, "episode_avg_len": 753.7067669172932, "episode_std_avg_len": 600.3408215208125, "step_rewards": 0.01088268163358956, "step_value_ests": 0.7489610611405109, "step_values": 0.9983719010908049, "step_td_err": 0.04164725692844625}