{"dim0": -0.06666666666666667, "dim1": 0.3333333333333333, "scale": 15, "episode_rewards": 8.1657073741714, "episode_std_rewards": 0.006153186836088703, "episode_value_ests": 0.8273295997189982, "episode_values": 0.9223153687495704, "episode_td_err": 0.025226231826538045, "episode_avg_len": 773.4092664092664, "episode_std_avg_len": 628.9488215632445, "step_rewards": 0.010558067673642714, "step_value_ests": 0.8439274786813623, "step_values": 0.9669690585086835, "step_td_err": 0.023953057390150877}