{"dim0": -0.06666666666666667, "dim1": -0.4, "scale": 15, "episode_rewards": 8.50787349863957, "episode_std_rewards": 0.0060755419700844054, "episode_value_ests": 0.8933894169928897, "episode_values": 0.9790738578070447, "episode_td_err": 0.0625826180310076, "episode_avg_len": 808.0316205533596, "episode_std_avg_len": 657.3346701379428, "step_rewards": 0.01052913435839698, "step_value_ests": 0.9556419073523759, "step_values": 0.9617276318706984, "step_td_err": 0.04977909164825896}