{"dim0": -0.06666666666666667, "dim1": -0.8666666666666667, "scale": 15, "episode_rewards": 8.007637738242863, "episode_std_rewards": 0.00572421917524981, "episode_value_ests": 0.797867444715241, "episode_values": 0.895884989901204, "episode_td_err": 0.1992524000809295, "episode_avg_len": 788.011811023622, "episode_std_avg_len": 623.9503594370325, "step_rewards": 0.010161824513570419, "step_value_ests": 0.8583966890432482, "step_values": 0.9283808653081763, "step_td_err": 0.16489004563606466}