{"dim0": -0.06666666666666667, "dim1": 0.06666666666666667, "scale": 15, "episode_rewards": 7.788934941055211, "episode_std_rewards": 0.006447460111758716, "episode_value_ests": 0.8062730148825844, "episode_values": 0.8743228075628392, "episode_td_err": 0.02682032256113451, "episode_avg_len": 768.5305343511451, "episode_std_avg_len": 616.1868683291143, "step_rewards": 0.01013484122349316, "step_value_ests": 0.8803726076875799, "step_values": 0.9301472514241342, "step_td_err": 0.024666518371203254}