{"dim0": -0.06666666666666667, "dim1": 0.0, "scale": 15, "episode_rewards": 8.302543971221894, "episode_std_rewards": 0.006367006125848661, "episode_value_ests": 0.8097266268959618, "episode_values": 0.8978327386505757, "episode_td_err": 0.02981243123721922, "episode_avg_len": 788.9140625, "episode_std_avg_len": 636.0416717792523, "step_rewards": 0.010524015689252458, "step_value_ests": 0.8764633031387864, "step_values": 0.9683392793467148, "step_td_err": 0.026922573156248235}