{"dim0": -0.06666666666666667, "dim1": 0.6666666666666666, "scale": 15, "episode_rewards": 7.8089388878840325, "episode_std_rewards": 0.006378749987778244, "episode_value_ests": 0.7317744652754459, "episode_values": 0.8888756207943334, "episode_td_err": 0.034982677435909, "episode_avg_len": 755.2452830188679, "episode_std_avg_len": 579.95378819352, "step_rewards": 0.010339606302034917, "step_value_ests": 0.7442712090333767, "step_values": 0.9473873159083722, "step_td_err": 0.03321244016326344}