{"dim0": -0.6666666666666666, "dim1": 0.13333333333333333, "scale": 15, "episode_rewards": 8.435892409275448, "episode_std_rewards": 0.005969314467777212, "episode_value_ests": 0.7277085839811099, "episode_values": 0.9002185751500751, "episode_td_err": 0.06219304093160322, "episode_avg_len": 799.5277777777778, "episode_std_avg_len": 661.9373106243892, "step_rewards": 0.010551093587670366, "step_value_ests": 0.7834710010275642, "step_values": 0.9728061882479664, "step_td_err": 0.053899065001462985}