{"dim0": -0.6666666666666666, "dim1": 0.8, "scale": 15, "episode_rewards": 7.901060947382225, "episode_std_rewards": 0.006316725611419115, "episode_value_ests": 0.5839819197707481, "episode_values": 0.8777445860550569, "episode_td_err": 0.05894240940621824, "episode_avg_len": 756.0981132075472, "episode_std_avg_len": 613.4655145512336, "step_rewards": 0.01044978265302641, "step_value_ests": 0.6189596655029879, "step_values": 0.9591693828711243, "step_td_err": 0.05916169508902433}