{"dim0": -0.6666666666666666, "dim1": -0.4, "scale": 15, "episode_rewards": 8.156541636017973, "episode_std_rewards": 0.006203937329078153, "episode_value_ests": 0.6827310065140857, "episode_values": 0.927205667219777, "episode_td_err": 0.17134121713571737, "episode_avg_len": 778.3385214007782, "episode_std_avg_len": 593.38911698659, "step_rewards": 0.010479426896845117, "step_value_ests": 0.74331670614984, "step_values": 0.9590207981951546, "step_td_err": 0.13746994974378327}