{"dim0": -0.6666666666666666, "dim1": 0.26666666666666666, "scale": 15, "episode_rewards": 8.110813390777771, "episode_std_rewards": 0.0062224049019748515, "episode_value_ests": 0.7175009177892209, "episode_values": 0.9120189229746218, "episode_td_err": 0.057168340020960794, "episode_avg_len": 809.7309236947791, "episode_std_avg_len": 652.6854472560188, "step_rewards": 0.010016677334945245, "step_value_ests": 0.7468767486645359, "step_values": 0.9154147071968217, "step_td_err": 0.05096470813973356}