{"dim0": -0.6666666666666666, "dim1": -0.13333333333333333, "scale": 15, "episode_rewards": 7.97143700208322, "episode_std_rewards": 0.005862403206837632, "episode_value_ests": 0.7819968859210801, "episode_values": 0.8806422351024579, "episode_td_err": 0.09243678043111386, "episode_avg_len": 798.7051792828685, "episode_std_avg_len": 663.3161714896066, "step_rewards": 0.00998044986917515, "step_value_ests": 0.8361261955530106, "step_values": 0.915333873182793, "step_td_err": 0.07037822934773223}