{"dim0": -0.6666666666666666, "dim1": -0.7333333333333333, "scale": 15, "episode_rewards": 8.358345579821616, "episode_std_rewards": 0.005919077006029018, "episode_value_ests": 0.6796615709193536, "episode_values": 0.9407387256286153, "episode_td_err": 0.36807489105526114, "episode_avg_len": 783.984375, "episode_std_avg_len": 615.6406848810915, "step_rewards": 0.010661367555726626, "step_value_ests": 0.729848361671524, "step_values": 0.9746987232042525, "step_td_err": 0.30490157098163034}