{"dim0": -0.6666666666666666, "dim1": 1.0, "scale": 15, "episode_rewards": 8.069647995975075, "episode_std_rewards": 0.006223327224319161, "episode_value_ests": 0.5572776503386131, "episode_values": 0.9342942408194258, "episode_td_err": 0.07300918103895639, "episode_avg_len": 788.8346456692914, "episode_std_avg_len": 651.7810458375293, "step_rewards": 0.01022983465581476, "step_value_ests": 0.5577261604164112, "step_values": 0.9338981736634215, "step_td_err": 0.06958507985525274}