{"dim0": -0.6666666666666666, "dim1": 0.0, "scale": 15, "episode_rewards": 8.153866738315642, "episode_std_rewards": 0.00630396768715627, "episode_value_ests": 0.7032097604438765, "episode_values": 0.9202480059883461, "episode_td_err": 0.08007026727371568, "episode_avg_len": 795.5748031496063, "episode_std_avg_len": 622.0808492367901, "step_rewards": 0.010249025869139202, "step_value_ests": 0.7438747487941709, "step_values": 0.9397259713817225, "step_td_err": 0.06473764223274946}