{"dim0": -0.6666666666666666, "dim1": -0.2, "scale": 15, "episode_rewards": 7.789649374400203, "episode_std_rewards": 0.006336065609601319, "episode_value_ests": 0.7443633636600936, "episode_values": 0.8071201276311021, "episode_td_err": 0.10547712586411608, "episode_avg_len": 792.9367588932806, "episode_std_avg_len": 674.8835501605016, "step_rewards": 0.009823796522275483, "step_value_ests": 0.8298885255712585, "step_values": 0.9040382801691603, "step_td_err": 0.07944044945202051}