{"dim0": -0.6666666666666666, "dim1": 0.7333333333333333, "scale": 15, "episode_rewards": 7.83488299225091, "episode_std_rewards": 0.006111126731988594, "episode_value_ests": 0.6239946653190783, "episode_values": 0.8986289867670018, "episode_td_err": 0.05962116883011518, "episode_avg_len": 781.8677042801556, "episode_std_avg_len": 654.1331671736843, "step_rewards": 0.010020727227075166, "step_value_ests": 0.6277996779212213, "step_values": 0.916394156400255, "step_td_err": 0.057689097768605355}