{"dim0": -0.6666666666666666, "dim1": 0.6, "scale": 15, "episode_rewards": 8.100642841578436, "episode_std_rewards": 0.00647668707502001, "episode_value_ests": 0.6358061893766831, "episode_values": 0.9123216186652272, "episode_td_err": 0.056773164415089054, "episode_avg_len": 760.4714828897338, "episode_std_avg_len": 609.5293937837569, "step_rewards": 0.010652132294029764, "step_value_ests": 0.6727589802140178, "step_values": 0.9806391907325545, "step_td_err": 0.05547825272224917}