{"dim0": -0.6666666666666666, "dim1": -0.3333333333333333, "scale": 15, "episode_rewards": 8.413033036375234, "episode_std_rewards": 0.00609473378506901, "episode_value_ests": 0.6614619379178357, "episode_values": 0.9287306137378386, "episode_td_err": 0.153781884393567, "episode_avg_len": 797.2648221343874, "episode_std_avg_len": 627.7188617485767, "step_rewards": 0.010552369555014844, "step_value_ests": 0.7145529459659907, "step_values": 0.9643965269203004, "step_td_err": 0.1214552287020052}