{"dim0": -0.6666666666666666, "dim1": -0.5333333333333333, "scale": 15, "episode_rewards": 8.35792402113127, "episode_std_rewards": 0.006125346394364793, "episode_value_ests": 0.6632611240392395, "episode_values": 0.9384332624196243, "episode_td_err": 0.23151599542027299, "episode_avg_len": 832.9460580912863, "episode_std_avg_len": 735.2284492652216, "step_rewards": 0.010034172009029771, "step_value_ests": 0.6858836081666287, "step_values": 0.9183129159665778, "step_td_err": 0.18198285803073744}