{"dim0": -0.6666666666666666, "dim1": -0.26666666666666666, "scale": 15, "episode_rewards": 8.189586086066688, "episode_std_rewards": 0.006266150671213402, "episode_value_ests": 0.7298233310529336, "episode_values": 0.8329074928278993, "episode_td_err": 0.12157980962157558, "episode_avg_len": 791.2755905511812, "episode_std_avg_len": 625.4638364158405, "step_rewards": 0.010349853052287441, "step_value_ests": 0.8142681549042275, "step_values": 0.9531044595995041, "step_td_err": 0.09410792277980663}