{"dim0": -0.6666666666666666, "dim1": -1.0, "scale": 15, "episode_rewards": 8.589898976237185, "episode_std_rewards": 0.005801300993089177, "episode_value_ests": 0.8288396740822355, "episode_values": 0.9768083954497828, "episode_td_err": 0.6682152349844676, "episode_avg_len": 810.1578947368421, "episode_std_avg_len": 805.2227112702209, "step_rewards": 0.010602746738680342, "step_value_ests": 0.7597444191576466, "step_values": 0.9691290778148508, "step_td_err": 0.5566488279468331}