{"dim0": -0.6666666666666666, "dim1": 0.06666666666666667, "scale": 15, "episode_rewards": 7.957398139085287, "episode_std_rewards": 0.006333200232663403, "episode_value_ests": 0.7627454182192053, "episode_values": 0.8912037782985773, "episode_td_err": 0.06802922745797871, "episode_avg_len": 781.4280155642024, "episode_std_avg_len": 594.1033688775263, "step_rewards": 0.010183149286425226, "step_value_ests": 0.8191025101057128, "step_values": 0.933043677836538, "step_td_err": 0.05699550127735007}