{"dim0": -0.6666666666666666, "dim1": 0.6666666666666666, "scale": 15, "episode_rewards": 8.366794865578413, "episode_std_rewards": 0.006169761328500217, "episode_value_ests": 0.6286822761909139, "episode_values": 0.963472378245434, "episode_td_err": 0.05930536930598043, "episode_avg_len": 784.1640625, "episode_std_avg_len": 644.2223907227194, "step_rewards": 0.010669699448995614, "step_value_ests": 0.6485177715317157, "step_values": 0.980030589494315, "step_td_err": 0.0574355302029882}