{"dim0": -0.6666666666666666, "dim1": -0.9333333333333333, "scale": 15, "episode_rewards": 8.40844140201807, "episode_std_rewards": 0.005940219957493523, "episode_value_ests": 0.7502721206047464, "episode_values": 0.9628051021274864, "episode_td_err": 0.6110731418362212, "episode_avg_len": 781.2578125, "episode_std_avg_len": 570.523399307789, "step_rewards": 0.010762697367609453, "step_value_ests": 0.7367478394630833, "step_values": 0.9844777573242461, "step_td_err": 0.5187560848548307}