{"dim0": -0.6666666666666666, "dim1": 0.2, "scale": 15, "episode_rewards": 8.350452229910688, "episode_std_rewards": 0.006272619374876069, "episode_value_ests": 0.6917127000939094, "episode_values": 0.9201400455700446, "episode_td_err": 0.059481885912165605, "episode_avg_len": 793.2252964426877, "episode_std_avg_len": 619.8218287856126, "step_rewards": 0.010527213727750836, "step_value_ests": 0.7246528714288802, "step_values": 0.9670590511954026, "step_td_err": 0.05343010103988632}