{"dim0": -0.6666666666666666, "dim1": 0.8666666666666667, "scale": 15, "episode_rewards": 8.220447054169057, "episode_std_rewards": 0.006301689756148825, "episode_value_ests": 0.5631241040745948, "episode_values": 0.8759249673562464, "episode_td_err": 0.06113099139670269, "episode_avg_len": 781.7237354085603, "episode_std_avg_len": 642.0115317861183, "step_rewards": 0.01051579564725986, "step_value_ests": 0.5835823629165281, "step_values": 0.9667939828654815, "step_td_err": 0.06108010709123508}