{"dim0": -0.6666666666666666, "dim1": -0.4666666666666667, "scale": 15, "episode_rewards": 8.138538504026801, "episode_std_rewards": 0.005957343114854849, "episode_value_ests": 0.7292512861269473, "episode_values": 0.9203348821562629, "episode_td_err": 0.1914218614469657, "episode_avg_len": 798.6972111553785, "episode_std_avg_len": 622.8677955947273, "step_rewards": 0.010189767023542956, "step_value_ests": 0.7926164090203375, "step_values": 0.9322792314104908, "step_td_err": 0.14986512050725315}