{"dim0": -0.6666666666666666, "dim1": -0.6666666666666666, "scale": 15, "episode_rewards": 8.163662484148517, "episode_std_rewards": 0.0056188988948368945, "episode_value_ests": 0.6368165508192751, "episode_values": 0.9001369660953812, "episode_td_err": 0.3247107347586266, "episode_avg_len": 784.7734375, "episode_std_avg_len": 580.9552843545134, "step_rewards": 0.010402572378284042, "step_value_ests": 0.7017248539138584, "step_values": 0.9542820571884152, "step_td_err": 0.26663310313793237}