{"dim0": -0.6666666666666666, "dim1": 0.4666666666666667, "scale": 15, "episode_rewards": 8.04072974242416, "episode_std_rewards": 0.006411308365628993, "episode_value_ests": 0.651853872273138, "episode_values": 0.8670220266888949, "episode_td_err": 0.0550079041252088, "episode_avg_len": 791.1686274509804, "episode_std_avg_len": 637.770650733735, "step_rewards": 0.010163104884896808, "step_value_ests": 0.702913961727568, "step_values": 0.9347748117852637, "step_td_err": 0.052548347455509445}