{"dim0": -0.6666666666666666, "dim1": -0.8, "scale": 15, "episode_rewards": 8.47979894099448, "episode_std_rewards": 0.005842298123709875, "episode_value_ests": 0.7087076683166585, "episode_values": 0.9684537985201078, "episode_td_err": 0.4339204553932108, "episode_avg_len": 811.7530364372469, "episode_std_avg_len": 616.8442802964981, "step_rewards": 0.010446279299689462, "step_value_ests": 0.7582504069015641, "step_values": 0.954862581075985, "step_td_err": 0.3528504190472737}