{"dim0": -0.6666666666666666, "dim1": -0.6, "scale": 15, "episode_rewards": 8.258020156481134, "episode_std_rewards": 0.005662748108778595, "episode_value_ests": 0.6868642673376831, "episode_values": 0.9320557130060656, "episode_td_err": 0.26866404856597575, "episode_avg_len": 789.4803149606299, "episode_std_avg_len": 620.0221147998236, "step_rewards": 0.010460071011261311, "step_value_ests": 0.7315368884535052, "step_values": 0.9575989088161192, "step_td_err": 0.21847105987559085}