{"dim0": -0.6666666666666666, "dim1": -0.8666666666666667, "scale": 15, "episode_rewards": 8.05577052381716, "episode_std_rewards": 0.005423750114336957, "episode_value_ests": 0.7319087543056589, "episode_values": 0.9043692949622223, "episode_td_err": 0.49196620801349394, "episode_avg_len": 782.0505836575876, "episode_std_avg_len": 595.2890294383882, "step_rewards": 0.010300830524466805, "step_value_ests": 0.7679816064013044, "step_values": 0.9399504579206632, "step_td_err": 0.4122072815971226}