{"dim0": -0.6666666666666666, "dim1": 0.3333333333333333, "scale": 15, "episode_rewards": 8.038778177099339, "episode_std_rewards": 0.006389595368659245, "episode_value_ests": 0.7301983027253091, "episode_values": 0.8820525420813077, "episode_td_err": 0.05379022568701945, "episode_avg_len": 774.1891891891892, "episode_std_avg_len": 617.7155376408884, "step_rewards": 0.010383480277628749, "step_value_ests": 0.7833735143278351, "step_values": 0.951438817861603, "step_td_err": 0.05055800172492504}