{"dim0": -0.6666666666666666, "dim1": 0.4, "scale": 15, "episode_rewards": 7.989792124184863, "episode_std_rewards": 0.006474131656972005, "episode_value_ests": 0.7007733371500928, "episode_values": 0.8850752944639492, "episode_td_err": 0.052672703384120646, "episode_avg_len": 772.8455598455598, "episode_std_avg_len": 619.4883547800429, "step_rewards": 0.010338148446866263, "step_value_ests": 0.7480750961718142, "step_values": 0.9491731570162681, "step_td_err": 0.049732778206356784}