{"dim0": -0.7333333333333333, "dim1": -0.9333333333333333, "scale": 15, "episode_rewards": 8.4045041680336, "episode_std_rewards": 0.006062009562554751, "episode_value_ests": 0.7532670321475312, "episode_values": 0.9785593488781382, "episode_td_err": 0.7569647967609273, "episode_avg_len": 833.8208333333333, "episode_std_avg_len": 842.3281706472676, "step_rewards": 0.010079508489174153, "step_value_ests": 0.6677919462759686, "step_values": 0.91788509380798, "step_td_err": 0.6030021943028234}