{"dim0": -0.7333333333333333, "dim1": 0.6666666666666666, "scale": 15, "episode_rewards": 8.280567393958114, "episode_std_rewards": 0.006355474073745025, "episode_value_ests": 0.6236479183096928, "episode_values": 0.9280453759478998, "episode_td_err": 0.06506649903276733, "episode_avg_len": 767.7519083969465, "episode_std_avg_len": 621.3100689746909, "step_rewards": 0.01078547288960545, "step_value_ests": 0.6676485374492647, "step_values": 0.992178291143793, "step_td_err": 0.0639181510012176}