{"dim0": -0.7333333333333333, "dim1": -0.26666666666666666, "scale": 15, "episode_rewards": 8.569217382884416, "episode_std_rewards": 0.006547545832876617, "episode_value_ests": 0.7217113867574638, "episode_values": 0.9640037525371753, "episode_td_err": 0.1424003758074815, "episode_avg_len": 822.5368852459017, "episode_std_avg_len": 634.177351041414, "step_rewards": 0.010418034177668038, "step_value_ests": 0.7886801758026947, "step_values": 0.9556778799030542, "step_td_err": 0.10771312022221796}