{"dim0": -0.7333333333333333, "dim1": 0.4666666666666667, "scale": 15, "episode_rewards": 8.031930465837975, "episode_std_rewards": 0.0061864973175747165, "episode_value_ests": 0.6643482288903169, "episode_values": 0.9742280795068083, "episode_td_err": 0.06274106887237299, "episode_avg_len": 736.2234432234433, "episode_std_avg_len": 569.9020138449075, "step_rewards": 0.010909636931243834, "step_value_ests": 0.7025892803464151, "step_values": 0.9980899496809367, "step_td_err": 0.058829302173448665}