{"dim0": -0.7333333333333333, "dim1": -0.13333333333333333, "scale": 15, "episode_rewards": 8.204387506345908, "episode_std_rewards": 0.006128026513375979, "episode_value_ests": 0.6901528262269941, "episode_values": 0.867936375279506, "episode_td_err": 0.1037051040293933, "episode_avg_len": 833.4, "episode_std_avg_len": 687.816113991717, "step_rewards": 0.009844477449419136, "step_value_ests": 0.7485462500292823, "step_values": 0.9049815350063708, "step_td_err": 0.07999369326414929}