{"dim0": -0.7333333333333333, "dim1": -1.0, "scale": 15, "episode_rewards": 8.03999376136523, "episode_std_rewards": 0.005354669033671918, "episode_value_ests": 0.7320036473438163, "episode_values": 0.8922333197283799, "episode_td_err": 0.8057377681603636, "episode_avg_len": 774.2730769230769, "episode_std_avg_len": 580.5117557000177, "step_rewards": 0.010383925259697483, "step_value_ests": 0.6960644217207667, "step_values": 0.9483713840861755, "step_td_err": 0.6884059773493764}