{"dim0": -0.7333333333333333, "dim1": 0.3333333333333333, "scale": 15, "episode_rewards": 8.675685143075048, "episode_std_rewards": 0.006541500571258726, "episode_value_ests": 0.6941304614357098, "episode_values": 0.9681500352005785, "episode_td_err": 0.061515199125739294, "episode_avg_len": 832.2116182572614, "episode_std_avg_len": 705.5048226644346, "step_rewards": 0.010424854631617431, "step_value_ests": 0.7116036839249519, "step_values": 0.9586885869215447, "step_td_err": 0.0558999592342157}