{"dim0": -0.7333333333333333, "dim1": 1.0, "scale": 15, "episode_rewards": 7.873029687771431, "episode_std_rewards": 0.0067906241721412105, "episode_value_ests": 0.519733020776122, "episode_values": 0.9028528979560089, "episode_td_err": 0.07471560886372702, "episode_avg_len": 769.3923076923077, "episode_std_avg_len": 644.867440118854, "step_rewards": 0.010232789708264124, "step_value_ests": 0.5383182107403469, "step_values": 0.9362616811551813, "step_td_err": 0.07246390930147803}