{"dim0": -0.7333333333333333, "dim1": -0.4666666666666667, "scale": 15, "episode_rewards": 8.394500744897266, "episode_std_rewards": 0.006136115155193808, "episode_value_ests": 0.696665998815013, "episode_values": 0.9557111631028289, "episode_td_err": 0.21944635831256598, "episode_avg_len": 779.6279069767442, "episode_std_avg_len": 596.0864235473576, "step_rewards": 0.010767316908202554, "step_value_ests": 0.7674610186191171, "step_values": 0.9857434446276618, "step_td_err": 0.17449367973725832}