{"dim0": -0.7333333333333333, "dim1": 0.4, "scale": 15, "episode_rewards": 8.086163084026381, "episode_std_rewards": 0.00640644286313798, "episode_value_ests": 0.6814560013643394, "episode_values": 0.9037113639514672, "episode_td_err": 0.059846800223179654, "episode_avg_len": 791.6403162055336, "episode_std_avg_len": 653.9613019602614, "step_rewards": 0.010214440723262724, "step_value_ests": 0.7223536726205907, "step_values": 0.936531585893697, "step_td_err": 0.05566049410070826}