{"dim0": -0.7333333333333333, "dim1": -0.8, "scale": 15, "episode_rewards": 8.207384626828988, "episode_std_rewards": 0.006084729782364432, "episode_value_ests": 0.6570073935206802, "episode_values": 0.931605392284435, "episode_td_err": 0.5229148956106262, "episode_avg_len": 764.4694656488549, "episode_std_avg_len": 601.2197628705552, "step_rewards": 0.010736052904170405, "step_value_ests": 0.6994668808942799, "step_values": 0.9798619702429286, "step_td_err": 0.43324066406044176}