{"dim0": -0.7333333333333333, "dim1": 0.9333333333333333, "scale": 15, "episode_rewards": 8.227688071273622, "episode_std_rewards": 0.00603590854535455, "episode_value_ests": 0.5079210811471441, "episode_values": 0.9121015188966578, "episode_td_err": 0.0709022865420376, "episode_avg_len": 795.1190476190476, "episode_std_avg_len": 728.3166349523394, "step_rewards": 0.010347743644063247, "step_value_ests": 0.5167668070936872, "step_values": 0.9486010670680696, "step_td_err": 0.06838822767995592}