{"dim0": -0.7333333333333333, "dim1": 0.06666666666666667, "scale": 15, "episode_rewards": 8.144124791791787, "episode_std_rewards": 0.006465963682213125, "episode_value_ests": 0.7071664181531405, "episode_values": 0.8821098206580245, "episode_td_err": 0.07383127051093694, "episode_avg_len": 793.5335968379446, "episode_std_avg_len": 654.546256754201, "step_rewards": 0.010263112770832033, "step_value_ests": 0.780226558013324, "step_values": 0.9465321184041597, "step_td_err": 0.061819455008965914}