{"dim0": -0.7333333333333333, "dim1": -0.6666666666666666, "scale": 15, "episode_rewards": 8.724540337743495, "episode_std_rewards": 0.00601081715363297, "episode_value_ests": 0.5787494657612948, "episode_values": 0.9821211397992345, "episode_td_err": 0.3677920896184959, "episode_avg_len": 791.8379446640316, "episode_std_avg_len": 580.2926423910326, "step_rewards": 0.011018088229461175, "step_value_ests": 0.6041864746668816, "step_values": 1.008718595120179, "step_td_err": 0.31012231583360567}