{"dim0": -0.7333333333333333, "dim1": 0.0, "scale": 15, "episode_rewards": 8.305859362183824, "episode_std_rewards": 0.006431958133185932, "episode_value_ests": 0.7334743425696749, "episode_values": 0.9227590406359476, "episode_td_err": 0.08211359901166133, "episode_avg_len": 798.5098814229249, "episode_std_avg_len": 652.9027590294035, "step_rewards": 0.010401698908701025, "step_value_ests": 0.7895419703468819, "step_values": 0.9560715656730363, "step_td_err": 0.06687320783467487}