{"dim0": -0.7333333333333333, "dim1": -0.5333333333333333, "scale": 15, "episode_rewards": 8.237923202944584, "episode_std_rewards": 0.005991872292464269, "episode_value_ests": 0.732800918240558, "episode_values": 0.9391837656075147, "episode_td_err": 0.24362705879885632, "episode_avg_len": 828.405737704918, "episode_std_avg_len": 749.742903562607, "step_rewards": 0.009944309687868157, "step_value_ests": 0.7579842944226337, "step_values": 0.9083943872160589, "step_td_err": 0.19203158491555816}