{"dim0": -0.7333333333333333, "dim1": -0.7333333333333333, "scale": 15, "episode_rewards": 8.036656981422787, "episode_std_rewards": 0.0060140148777373965, "episode_value_ests": 0.6518736043443406, "episode_values": 0.9286061418732448, "episode_td_err": 0.4308571688532131, "episode_avg_len": 794.1150793650794, "episode_std_avg_len": 644.527382103002, "step_rewards": 0.01012026744014023, "step_value_ests": 0.6462596584961122, "step_values": 0.9234553270963666, "step_td_err": 0.3482679768146581}