{"dim0": -0.7333333333333333, "dim1": 0.5333333333333333, "scale": 15, "episode_rewards": 8.098762792069465, "episode_std_rewards": 0.006339079109640694, "episode_value_ests": 0.6571202717204327, "episode_values": 0.8642888197110107, "episode_td_err": 0.060959316361663955, "episode_avg_len": 782.8671875, "episode_std_avg_len": 639.632100936421, "step_rewards": 0.010345002219255058, "step_value_ests": 0.7123592897664626, "step_values": 0.9528075856706977, "step_td_err": 0.05933332190914325}