{"dim0": -0.7333333333333333, "dim1": 0.7333333333333333, "scale": 15, "episode_rewards": 8.115166864257592, "episode_std_rewards": 0.006307908339128044, "episode_value_ests": 0.5628226828926959, "episode_values": 0.8799101078232825, "episode_td_err": 0.06265546031321487, "episode_avg_len": 771.723076923077, "episode_std_avg_len": 646.8831545351152, "step_rewards": 0.010515646229750479, "step_value_ests": 0.5917091232632798, "step_values": 0.9675640576482332, "step_td_err": 0.061895358957315}