{"dim0": -0.7333333333333333, "dim1": 0.6, "scale": 15, "episode_rewards": 7.928412290665472, "episode_std_rewards": 0.006057696315814137, "episode_value_ests": 0.6669843818604393, "episode_values": 0.8484272966208706, "episode_td_err": 0.05732946853100869, "episode_avg_len": 791.6561264822135, "episode_std_avg_len": 663.3897592366758, "step_rewards": 0.010014969916162967, "step_value_ests": 0.6850024053064819, "step_values": 0.9195361167149109, "step_td_err": 0.055002264548213935}