{"dim0": -0.7333333333333333, "dim1": -0.4, "scale": 15, "episode_rewards": 7.6625029752104306, "episode_std_rewards": 0.0057428201923030685, "episode_value_ests": 0.7530205707828396, "episode_values": 0.8432294352416466, "episode_td_err": 0.1907521987257067, "episode_avg_len": 792.0472440944882, "episode_std_avg_len": 628.0064992675842, "step_rewards": 0.009674300406121132, "step_value_ests": 0.8099641657326171, "step_values": 0.8865656495458637, "step_td_err": 0.14704651009719114}