{"dim0": -0.7333333333333333, "dim1": -0.06666666666666667, "scale": 15, "episode_rewards": 8.089186165119424, "episode_std_rewards": 0.006075279828619449, "episode_value_ests": 0.7239767836711553, "episode_values": 0.9335980457542951, "episode_td_err": 0.09429281323667553, "episode_avg_len": 779.7431906614786, "episode_std_avg_len": 650.6863752620669, "step_rewards": 0.010374167112965916, "step_value_ests": 0.7579393383002578, "step_values": 0.949093925738864, "step_td_err": 0.07427048690407685}