{"dim0": -0.7333333333333333, "dim1": -0.3333333333333333, "scale": 15, "episode_rewards": 8.375235602378845, "episode_std_rewards": 0.006149006571116773, "episode_value_ests": 0.6999383751553273, "episode_values": 0.9170472466566577, "episode_td_err": 0.1623298420625979, "episode_avg_len": 800.748, "episode_std_avg_len": 645.9006893447321, "step_rewards": 0.0104592650901143, "step_value_ests": 0.7683081964551943, "step_values": 0.9582725152413708, "step_td_err": 0.12641049157877216}