{"dim0": -0.7333333333333333, "dim1": -0.2, "scale": 15, "episode_rewards": 8.410259285500942, "episode_std_rewards": 0.0063353523316000025, "episode_value_ests": 0.6880478846002364, "episode_values": 0.991304424580308, "episode_td_err": 0.131489004862219, "episode_avg_len": 764.3053435114504, "episode_std_avg_len": 618.1937107551713, "step_rewards": 0.011003794958257993, "step_value_ests": 0.7539616049719823, "step_values": 1.0051829252755553, "step_td_err": 0.10102702369566942}