{"dim0": -0.7333333333333333, "dim1": 0.13333333333333333, "scale": 15, "episode_rewards": 7.987362210532181, "episode_std_rewards": 0.00610963470022052, "episode_value_ests": 0.6926522286322929, "episode_values": 0.9041769270371321, "episode_td_err": 0.07311910890399252, "episode_avg_len": 766.7137404580153, "episode_std_avg_len": 606.089516511332, "step_rewards": 0.010417658884997592, "step_value_ests": 0.7397890305974746, "step_values": 0.9546091279824277, "step_td_err": 0.06374379494832308}