{"dim0": -0.7333333333333333, "dim1": -0.6, "scale": 15, "episode_rewards": 8.390329542569816, "episode_std_rewards": 0.006294410264894929, "episode_value_ests": 0.6964152319710311, "episode_values": 0.9405939798302998, "episode_td_err": 0.3032437575109609, "episode_avg_len": 781.6328125, "episode_std_avg_len": 620.8367950684301, "step_rewards": 0.010734361977120575, "step_value_ests": 0.7646346545831991, "step_values": 0.981270909830142, "step_td_err": 0.24200583024652011}