{"dim0": -0.8, "dim1": 0.0, "scale": 15, "episode_rewards": 8.228049441148306, "episode_std_rewards": 0.006156824689060972, "episode_value_ests": 0.6608592285078676, "episode_values": 0.9300312520584108, "episode_td_err": 0.1044571702777657, "episode_avg_len": 769.3511450381679, "episode_std_avg_len": 600.8613082997324, "step_rewards": 0.010694790661213753, "step_value_ests": 0.7080250054017447, "step_values": 0.9786821394577642, "step_td_err": 0.08675892421144309}