{"dim0": -0.8, "dim1": -0.5333333333333333, "scale": 15, "episode_rewards": 8.006119457539171, "episode_std_rewards": 0.0056369541129980445, "episode_value_ests": 0.6746526479367339, "episode_values": 0.8878999220422191, "episode_td_err": 0.28565823176240324, "episode_avg_len": 784.35546875, "episode_std_avg_len": 625.7780053047708, "step_rewards": 0.01020725905092272, "step_value_ests": 0.7109414176577162, "step_values": 0.9342822473193042, "step_td_err": 0.23159148509557131}