{"dim0": -0.8, "dim1": 1.0, "scale": 15, "episode_rewards": 7.8757129750510515, "episode_std_rewards": 0.0061795469965677625, "episode_value_ests": 0.4628037751278532, "episode_values": 0.9049359259138482, "episode_td_err": 0.0794473717322164, "episode_avg_len": 781.1124031007752, "episode_std_avg_len": 656.5757592811514, "step_rewards": 0.010082688411791826, "step_value_ests": 0.46716920197824746, "step_values": 0.9219416520876184, "step_td_err": 0.07490633777518459}