{"dim0": -0.8, "dim1": 0.5333333333333333, "scale": 15, "episode_rewards": 8.182311637792736, "episode_std_rewards": 0.006414437294587133, "episode_value_ests": 0.6300744184635849, "episode_values": 0.9105295618394799, "episode_td_err": 0.06691516040485247, "episode_avg_len": 783.35546875, "episode_std_avg_len": 650.3569952712262, "step_rewards": 0.01044520905796349, "step_value_ests": 0.6628786001210824, "step_values": 0.9605965951510379, "step_td_err": 0.06371523296584208}