{"dim0": -0.8, "dim1": 0.2, "scale": 15, "episode_rewards": 7.970740820183364, "episode_std_rewards": 0.006250803847676328, "episode_value_ests": 0.7238957200547655, "episode_values": 0.8868159852672365, "episode_td_err": 0.07398271345880411, "episode_avg_len": 781.6264591439689, "episode_std_avg_len": 623.8531209334111, "step_rewards": 0.010197634339186594, "step_value_ests": 0.7699704562598623, "step_values": 0.9358324233568196, "step_td_err": 0.0659816102021206}