{"dim0": -0.8, "dim1": 0.7333333333333333, "scale": 15, "episode_rewards": 8.357125762397168, "episode_std_rewards": 0.0064034203218273494, "episode_value_ests": 0.5485820268906673, "episode_values": 0.9621248108393603, "episode_td_err": 0.07130130281349713, "episode_avg_len": 786.1686274509804, "episode_std_avg_len": 655.03463686003, "step_rewards": 0.010630194936032672, "step_value_ests": 0.5744997454723364, "step_values": 0.9736685381942637, "step_td_err": 0.06867737448500184}