{"dim0": -0.8, "dim1": -0.2, "scale": 15, "episode_rewards": 8.508578613048464, "episode_std_rewards": 0.006267621598262326, "episode_value_ests": 0.6450973410647561, "episode_values": 0.9405919234015929, "episode_td_err": 0.14574352412602207, "episode_avg_len": 789.1023622047244, "episode_std_avg_len": 620.119703133913, "step_rewards": 0.010782604413039383, "step_value_ests": 0.7213852870732087, "step_values": 0.9897302634422014, "step_td_err": 0.11696913015794382}