{"dim0": -0.8, "dim1": -0.3333333333333333, "scale": 15, "episode_rewards": 8.262087102843683, "episode_std_rewards": 0.006188876071337082, "episode_value_ests": 0.770749434637591, "episode_values": 0.8920346948083285, "episode_td_err": 0.16230482997377899, "episode_avg_len": 812.2186234817814, "episode_std_avg_len": 667.3989398525621, "step_rewards": 0.010172245333930104, "step_value_ests": 0.8307220165764116, "step_values": 0.9340484767496535, "step_td_err": 0.12811188482808708}