{"dim0": -0.8, "dim1": 0.13333333333333333, "scale": 15, "episode_rewards": 8.04301731933759, "episode_std_rewards": 0.006433688649086883, "episode_value_ests": 0.7077768682126204, "episode_values": 0.9001179476340287, "episode_td_err": 0.07725229376328357, "episode_avg_len": 794.7874015748032, "episode_std_avg_len": 653.9505944631903, "step_rewards": 0.010119709123975845, "step_value_ests": 0.7623272009535598, "step_values": 0.9298086131026877, "step_td_err": 0.0652861177086027}