{"dim0": -0.8, "dim1": 0.4, "scale": 15, "episode_rewards": 8.237467138440001, "episode_std_rewards": 0.00631358739189605, "episode_value_ests": 0.6598061883833123, "episode_values": 0.9452793456418181, "episode_td_err": 0.06951530313015414, "episode_avg_len": 785.6745098039215, "episode_std_avg_len": 598.0971984234792, "step_rewards": 0.010484579855461775, "step_value_ests": 0.6811967724073728, "step_values": 0.9587692993703442, "step_td_err": 0.06411322010290785}