{"dim0": -0.8, "dim1": 0.6666666666666666, "scale": 15, "episode_rewards": 8.054576210649294, "episode_std_rewards": 0.006117519705750894, "episode_value_ests": 0.5629973606306597, "episode_values": 0.89435713719627, "episode_td_err": 0.07044273734129937, "episode_avg_len": 763.3384030418251, "episode_std_avg_len": 611.8610918742431, "step_rewards": 0.010551776484128974, "step_value_ests": 0.5918204072067326, "step_values": 0.9702251671950366, "step_td_err": 0.06944855241007604}