{"dim0": -0.8, "dim1": -0.4666666666666667, "scale": 15, "episode_rewards": 8.007383565893287, "episode_std_rewards": 0.006020110991591743, "episode_value_ests": 0.6785047146009895, "episode_values": 0.8940073858450954, "episode_td_err": 0.2460828112148955, "episode_avg_len": 792.8379446640316, "episode_std_avg_len": 672.4021604945011, "step_rewards": 0.010099647247946045, "step_value_ests": 0.7694893670217006, "step_values": 0.9224471488270848, "step_td_err": 0.18999643026253585}