{"dim0": -0.8, "dim1": 0.8, "scale": 15, "episode_rewards": 8.13559115253962, "episode_std_rewards": 0.006309269009456481, "episode_value_ests": 0.5298250073621085, "episode_values": 0.9115262447925884, "episode_td_err": 0.06998386311492219, "episode_avg_len": 771.1846153846154, "episode_std_avg_len": 659.7975480241633, "step_rewards": 0.010549472837294778, "step_value_ests": 0.5610090160251696, "step_values": 0.9726929721509888, "step_td_err": 0.06921341081026543}