{"dim0": -0.8, "dim1": 0.4666666666666667, "scale": 15, "episode_rewards": 8.227161783474708, "episode_std_rewards": 0.0065107931901764405, "episode_value_ests": 0.6354688682038238, "episode_values": 0.8670866723868537, "episode_td_err": 0.06609690104294644, "episode_avg_len": 792.9762845849802, "episode_std_avg_len": 681.7228345544794, "step_rewards": 0.010375041402127876, "step_value_ests": 0.6943608817059362, "step_values": 0.9549367668997513, "step_td_err": 0.06366151991967112}