{"dim0": -0.8, "dim1": -0.7333333333333333, "scale": 15, "episode_rewards": 8.606118012234509, "episode_std_rewards": 0.005497807380337851, "episode_value_ests": 0.6076331914597997, "episode_values": 0.9480392968639284, "episode_td_err": 0.49036861616490673, "episode_avg_len": 797.394422310757, "episode_std_avg_len": 639.6874172917577, "step_rewards": 0.01079279936182018, "step_value_ests": 0.603727112034265, "step_values": 0.9877072990282226, "step_td_err": 0.4146012839130261}