{"dim0": -0.8, "dim1": 0.3333333333333333, "scale": 15, "episode_rewards": 8.060773236934955, "episode_std_rewards": 0.006279557862798835, "episode_value_ests": 0.632150549820053, "episode_values": 0.9036089058020226, "episode_td_err": 0.07064505705113928, "episode_avg_len": 769.9615384615385, "episode_std_avg_len": 607.4890870035464, "step_rewards": 0.010469059601394118, "step_value_ests": 0.6749327134932761, "step_values": 0.9603985762994772, "step_td_err": 0.06575596902933768}