{"dim0": -0.8, "dim1": -0.06666666666666667, "scale": 15, "episode_rewards": 7.957379577140654, "episode_std_rewards": 0.006090989426752152, "episode_value_ests": 0.6752229319103579, "episode_values": 0.9267794266454351, "episode_td_err": 0.11387616097260439, "episode_avg_len": 806.858870967742, "episode_std_avg_len": 766.9522634671828, "step_rewards": 0.009862170279663181, "step_value_ests": 0.699503368594964, "step_values": 0.9018258945774787, "step_td_err": 0.08972106235014307}