{"dim0": -0.8, "dim1": 0.6, "scale": 15, "episode_rewards": 8.176521386553647, "episode_std_rewards": 0.006630916039599534, "episode_value_ests": 0.5857748320144334, "episode_values": 0.8869945574104995, "episode_td_err": 0.06632034716607194, "episode_avg_len": 792.9881422924901, "episode_std_avg_len": 655.0951623971541, "step_rewards": 0.01031102604247741, "step_value_ests": 0.6251577401184676, "step_values": 0.9500234458091267, "step_td_err": 0.0638948104146998}