{"dim0": -0.8, "dim1": 0.26666666666666666, "scale": 15, "episode_rewards": 8.226037606775048, "episode_std_rewards": 0.00621908115848061, "episode_value_ests": 0.6771762942123096, "episode_values": 0.917320450985797, "episode_td_err": 0.06929883333840127, "episode_avg_len": 799.2669322709163, "episode_std_avg_len": 670.236692197525, "step_rewards": 0.01029197790455665, "step_value_ests": 0.7155599516134983, "step_values": 0.9442372836107066, "step_td_err": 0.06298480270447054}