{"dim0": -0.8, "dim1": -0.13333333333333333, "scale": 15, "episode_rewards": 8.28149844871627, "episode_std_rewards": 0.005856741592045282, "episode_value_ests": 0.6625084750773877, "episode_values": 0.924370727234214, "episode_td_err": 0.12812278093310003, "episode_avg_len": 801.9920634920635, "episode_std_avg_len": 662.9340626077251, "step_rewards": 0.01032616010270309, "step_value_ests": 0.7071773033000236, "step_values": 0.9489468958945279, "step_td_err": 0.10170463400918804}