{"dim0": -0.8, "dim1": -0.6, "scale": 15, "episode_rewards": 8.029051805001039, "episode_std_rewards": 0.005572413566837954, "episode_value_ests": 0.626510205431853, "episode_values": 0.9153034914159476, "episode_td_err": 0.35592323544004006, "episode_avg_len": 769.5923076923077, "episode_std_avg_len": 656.0168290073269, "step_rewards": 0.010432863900468131, "step_value_ests": 0.6561779638182118, "step_values": 0.9518002574102207, "step_td_err": 0.28727893162921037}