{"dim0": -0.8, "dim1": -0.4, "scale": 15, "episode_rewards": 8.03439440173427, "episode_std_rewards": 0.005916020571849492, "episode_value_ests": 0.7051054566840909, "episode_values": 0.8885248971562821, "episode_td_err": 0.21473136147315366, "episode_avg_len": 793.8464566929134, "episode_std_avg_len": 669.9043679893605, "step_rewards": 0.010120841800068957, "step_value_ests": 0.7708020543924364, "step_values": 0.9269240371041739, "step_td_err": 0.17062928119215964}