{"dim0": -0.8666666666666667, "dim1": -0.4666666666666667, "scale": 15, "episode_rewards": 8.4003795322619, "episode_std_rewards": 0.006130481710432721, "episode_value_ests": 0.5950047802101769, "episode_values": 0.9443354288018078, "episode_td_err": 0.27551813264263064, "episode_avg_len": 811.1012145748988, "episode_std_avg_len": 624.3718348357625, "step_rewards": 0.01035675866502625, "step_value_ests": 0.6227943082267403, "step_values": 0.9483928505688984, "step_td_err": 0.2285783135461257}