{"dim0": -0.8666666666666667, "dim1": 0.6666666666666666, "scale": 15, "episode_rewards": 8.085144885531012, "episode_std_rewards": 0.006123999427848116, "episode_value_ests": 0.5730551259464367, "episode_values": 0.928298413811513, "episode_td_err": 0.07791157550822123, "episode_avg_len": 755.6830188679245, "episode_std_avg_len": 572.0372839596586, "step_rewards": 0.010699122097044374, "step_value_ests": 0.6057942786116924, "step_values": 0.9811990136231328, "step_td_err": 0.07413704860625857}