{"dim0": -0.8666666666666667, "dim1": -0.06666666666666667, "scale": 15, "episode_rewards": 8.137103431337462, "episode_std_rewards": 0.00640609844078444, "episode_value_ests": 0.671643036719379, "episode_values": 0.8776878538543437, "episode_td_err": 0.12108584874303209, "episode_avg_len": 791.1535433070866, "episode_std_avg_len": 641.8925726705752, "step_rewards": 0.010285112795328835, "step_value_ests": 0.7417892047903979, "step_values": 0.944100636079173, "step_td_err": 0.10054639448512}