{"dim0": -0.8666666666666667, "dim1": 0.5333333333333333, "scale": 15, "episode_rewards": 8.190436554691507, "episode_std_rewards": 0.006464565826812236, "episode_value_ests": 0.5963206792873692, "episode_values": 0.9093000400543909, "episode_td_err": 0.07434798007660733, "episode_avg_len": 777.7490347490348, "episode_std_avg_len": 650.5517429237093, "step_rewards": 0.010530950459275606, "step_value_ests": 0.6467802585200518, "step_values": 0.9703821695567778, "step_td_err": 0.07105513647856701}