{"dim0": -0.8666666666666667, "dim1": 0.7333333333333333, "scale": 15, "episode_rewards": 8.067998172288918, "episode_std_rewards": 0.006084326316389185, "episode_value_ests": 0.5466045574533286, "episode_values": 0.8555712578542699, "episode_td_err": 0.07321130365939522, "episode_avg_len": 806.6064257028113, "episode_std_avg_len": 683.8761525943307, "step_rewards": 0.010002397594662255, "step_value_ests": 0.5903941061151206, "step_values": 0.9204267458981884, "step_td_err": 0.07163087940255415}