{"dim0": -0.8666666666666667, "dim1": 0.0, "scale": 15, "episode_rewards": 8.108193391730428, "episode_std_rewards": 0.006443089476174255, "episode_value_ests": 0.7885712285202654, "episode_values": 0.907425329873652, "episode_td_err": 0.10448878248571881, "episode_avg_len": 811.8259109311741, "episode_std_avg_len": 654.4520392796463, "step_rewards": 0.00998760113782305, "step_value_ests": 0.8438250274864202, "step_values": 0.9155584501946201, "step_td_err": 0.08362775021887364}