{"dim0": -0.8666666666666667, "dim1": -0.6666666666666666, "scale": 15, "episode_rewards": 8.382717138669623, "episode_std_rewards": 0.00574718933564257, "episode_value_ests": 0.6402932325224414, "episode_values": 0.9510424915850856, "episode_td_err": 0.4203437830683116, "episode_avg_len": 793.5236220472441, "episode_std_avg_len": 625.5132738329471, "step_rewards": 0.010563916316747708, "step_value_ests": 0.6573842607835851, "step_values": 0.9636726209736777, "step_td_err": 0.3503455483055708}