{"dim0": -0.8666666666666667, "dim1": 0.6, "scale": 15, "episode_rewards": 8.254369023734448, "episode_std_rewards": 0.005743347549748789, "episode_value_ests": 0.578803275136038, "episode_values": 0.893736411002889, "episode_td_err": 0.07604110259940215, "episode_avg_len": 784.4313725490196, "episode_std_avg_len": 656.268299237736, "step_rewards": 0.010522742093947329, "step_value_ests": 0.6225910155386715, "step_values": 0.9664868680192473, "step_td_err": 0.07332111358234229}