{"dim0": -0.8666666666666667, "dim1": 0.2, "scale": 15, "episode_rewards": 7.850178320906055, "episode_std_rewards": 0.005983531156221515, "episode_value_ests": 0.6629219290269117, "episode_values": 0.9092134069877619, "episode_td_err": 0.0854877314303132, "episode_avg_len": 751.5634328358209, "episode_std_avg_len": 609.157620957257, "step_rewards": 0.010445130747361584, "step_value_ests": 0.707399291555841, "step_values": 0.9569472981671775, "step_td_err": 0.07608597205897963}