{"dim0": -0.8666666666666667, "dim1": -0.9333333333333333, "scale": 15, "episode_rewards": 8.374216501385558, "episode_std_rewards": 0.0052486742973942594, "episode_value_ests": 0.7156267972754673, "episode_values": 0.9279840854967681, "episode_td_err": 0.8039085110971838, "episode_avg_len": 785.2117647058824, "episode_std_avg_len": 576.5473249446288, "step_rewards": 0.010664914711921436, "step_value_ests": 0.7024021863960299, "step_values": 0.973602853952333, "step_td_err": 0.7083825193334015}