{"dim0": -0.8666666666666667, "dim1": -0.13333333333333333, "scale": 15, "episode_rewards": 8.201112972312714, "episode_std_rewards": 0.005969988171853622, "episode_value_ests": 0.6005640256089294, "episode_values": 0.903640148176523, "episode_td_err": 0.1417438720039288, "episode_avg_len": 799.7529880478088, "episode_std_avg_len": 616.5735955634589, "step_rewards": 0.0102545574632132, "step_value_ests": 0.6553766112777766, "step_values": 0.9419601525001413, "step_td_err": 0.11581476517462069}