{"dim0": -0.8666666666666667, "dim1": 0.26666666666666666, "scale": 15, "episode_rewards": 7.890887493792648, "episode_std_rewards": 0.005943431602658095, "episode_value_ests": 0.6405849191515947, "episode_values": 0.8865384278801092, "episode_td_err": 0.08331887711648012, "episode_avg_len": 777.7374517374517, "episode_std_avg_len": 643.8301058506693, "step_rewards": 0.010145952822722558, "step_value_ests": 0.6799165241749866, "step_values": 0.9282369885170368, "step_td_err": 0.07508658680885613}