{"dim0": -0.8666666666666667, "dim1": -1.0, "scale": 15, "episode_rewards": 8.497177163074756, "episode_std_rewards": 0.005595092173522265, "episode_value_ests": 0.842951013894088, "episode_values": 0.9430178649774293, "episode_td_err": 1.0360771077115407, "episode_avg_len": 862.1163793103449, "episode_std_avg_len": 1097.6129661792547, "step_rewards": 0.009856183419078669, "step_value_ests": 0.6789823734967317, "step_values": 0.9007604854429824, "step_td_err": 0.8213162483355927}