{"dim0": -0.8666666666666667, "dim1": 0.06666666666666667, "scale": 15, "episode_rewards": 8.132745223971996, "episode_std_rewards": 0.006304522212254843, "episode_value_ests": 0.6767023689711548, "episode_values": 0.8874629071389971, "episode_td_err": 0.09899905156955899, "episode_avg_len": 811.3927125506073, "episode_std_avg_len": 618.2418683008879, "step_rewards": 0.010023192343454465, "step_value_ests": 0.7353223475476955, "step_values": 0.9206102368364452, "step_td_err": 0.08321912109983975}