{"dim0": -0.8666666666666667, "dim1": -0.26666666666666666, "scale": 15, "episode_rewards": 8.134611067681943, "episode_std_rewards": 0.006267730979265756, "episode_value_ests": 0.5496277847085971, "episode_values": 0.9467599445610151, "episode_td_err": 0.1964225250923407, "episode_avg_len": 759.0037735849056, "episode_std_avg_len": 624.70057128143, "step_rewards": 0.010717484353550407, "step_value_ests": 0.5957008573186922, "step_values": 0.978891757890444, "step_td_err": 0.15978888400814908}