{"dim0": -0.8666666666666667, "dim1": -0.7333333333333333, "scale": 15, "episode_rewards": 8.09914038695541, "episode_std_rewards": 0.005641210552343506, "episode_value_ests": 0.6272750680988919, "episode_values": 0.897973490670861, "episode_td_err": 0.5038810380479217, "episode_avg_len": 784.7411764705882, "episode_std_avg_len": 578.6285168062157, "step_rewards": 0.010320779168721195, "step_value_ests": 0.6720690023584448, "step_values": 0.9419203964884415, "step_td_err": 0.42912398797532486}