{"dim0": -0.8666666666666667, "dim1": 0.13333333333333333, "scale": 15, "episode_rewards": 8.006935737570938, "episode_std_rewards": 0.006203405989299882, "episode_value_ests": 0.6586560401651687, "episode_values": 0.8610691767767281, "episode_td_err": 0.08906829247364835, "episode_avg_len": 817.0775510204081, "episode_std_avg_len": 698.8678878000363, "step_rewards": 0.00979948075622867, "step_value_ests": 0.7305201048662808, "step_values": 0.9008638518955874, "step_td_err": 0.07558230341764484}