{"dim0": -0.8666666666666667, "dim1": -0.8666666666666667, "scale": 15, "episode_rewards": 8.331009508604073, "episode_std_rewards": 0.005656730140805114, "episode_value_ests": 0.7294210493176619, "episode_values": 0.9440509303545526, "episode_td_err": 0.706380191971232, "episode_avg_len": 798.183266932271, "episode_std_avg_len": 615.3827868744453, "step_rewards": 0.010437464494367799, "step_value_ests": 0.7028434092390323, "step_values": 0.951627548651794, "step_td_err": 0.6004183723046953}