{"dim0": -0.8666666666666667, "dim1": -0.4, "scale": 15, "episode_rewards": 8.145437298342586, "episode_std_rewards": 0.005959655230181219, "episode_value_ests": 0.6879441717976642, "episode_values": 0.9183887870667415, "episode_td_err": 0.23237159948247973, "episode_avg_len": 781.51171875, "episode_std_avg_len": 622.2033930819334, "step_rewards": 0.010422668148048913, "step_value_ests": 0.7473981260706928, "step_values": 0.9536959733505052, "step_td_err": 0.18856985865490067}