{"dim0": -0.8666666666666667, "dim1": -0.3333333333333333, "scale": 15, "episode_rewards": 8.272789668751903, "episode_std_rewards": 0.005726935083888023, "episode_value_ests": 0.6405755692628163, "episode_values": 0.9311921978107012, "episode_td_err": 0.199800921168648, "episode_avg_len": 797.8725099601594, "episode_std_avg_len": 573.4402087308821, "step_rewards": 0.010368560848355326, "step_value_ests": 0.6888975290986804, "step_values": 0.9522115712936366, "step_td_err": 0.16583125319042866}