{"dim0": -0.8666666666666667, "dim1": 0.9333333333333333, "scale": 15, "episode_rewards": 7.8970710499406325, "episode_std_rewards": 0.006073894980185303, "episode_value_ests": 0.4860905434480899, "episode_values": 0.8667580103938977, "episode_td_err": 0.08553854145810996, "episode_avg_len": 775.2625482625483, "episode_std_avg_len": 633.5958730107142, "step_rewards": 0.010186318257781017, "step_value_ests": 0.5063123982239777, "step_values": 0.934638024670925, "step_td_err": 0.0823942659159522}