{"dim0": -0.8666666666666667, "dim1": 0.4666666666666667, "scale": 15, "episode_rewards": 8.018995709306612, "episode_std_rewards": 0.006071643588396099, "episode_value_ests": 0.6245174247767739, "episode_values": 0.8879603311780477, "episode_td_err": 0.07447674963972288, "episode_avg_len": 788.4842519685039, "episode_std_avg_len": 630.3692376189144, "step_rewards": 0.010170140607484106, "step_value_ests": 0.6699607372425488, "step_values": 0.9333794792834195, "step_td_err": 0.07052221514934194}