{"dim0": -0.8666666666666667, "dim1": 1.0, "scale": 15, "episode_rewards": 8.786228562656202, "episode_std_rewards": 0.006464614067103143, "episode_value_ests": 0.4275981256970991, "episode_values": 0.9292367357120556, "episode_td_err": 0.08543126834719812, "episode_avg_len": 811.4534412955466, "episode_std_avg_len": 644.1625615689132, "step_rewards": 0.010827766715276141, "step_value_ests": 0.4525662685131093, "step_values": 0.9991342772657678, "step_td_err": 0.08386713873879165}