{"dim0": -0.8666666666666667, "dim1": 0.4, "scale": 15, "episode_rewards": 8.18316472009305, "episode_std_rewards": 0.006185595523944234, "episode_value_ests": 0.6868025083979609, "episode_values": 0.9051873992006363, "episode_td_err": 0.07358306394280391, "episode_avg_len": 812.2701612903226, "episode_std_avg_len": 647.1495779233929, "step_rewards": 0.010074437188599636, "step_value_ests": 0.7199454783517685, "step_values": 0.9250267732055434, "step_td_err": 0.06708625754894139}