{"dim0": -0.8666666666666667, "dim1": 0.8666666666666667, "scale": 15, "episode_rewards": 8.15046770508225, "episode_std_rewards": 0.0060220095630024294, "episode_value_ests": 0.5015207444669543, "episode_values": 0.9229568083697437, "episode_td_err": 0.08553344306116567, "episode_avg_len": 774.1467181467182, "episode_std_avg_len": 618.3096474846783, "step_rewards": 0.010528324300843387, "step_value_ests": 0.5270720770786208, "step_values": 0.96270223921602, "step_td_err": 0.08309394924914848}