{"dim0": -0.8666666666666667, "dim1": 0.8, "scale": 15, "episode_rewards": 7.914316215086728, "episode_std_rewards": 0.006365875239088417, "episode_value_ests": 0.5277265100767049, "episode_values": 0.858428608695794, "episode_td_err": 0.07589427698873503, "episode_avg_len": 782.0078125, "episode_std_avg_len": 657.9746385226142, "step_rewards": 0.010120507862684208, "step_value_ests": 0.5600134216634779, "step_values": 0.9289657759597523, "step_td_err": 0.07348401797744676}