{"dim0": -0.8666666666666667, "dim1": -0.6, "scale": 15, "episode_rewards": 8.414356884686088, "episode_std_rewards": 0.006115906930039835, "episode_value_ests": 0.6827174222099389, "episode_values": 0.923840588827527, "episode_td_err": 0.36882245804389135, "episode_avg_len": 812.6923076923077, "episode_std_avg_len": 645.2927735726156, "step_rewards": 0.010353680975004179, "step_value_ests": 0.7362895285457233, "step_values": 0.9488372760789077, "step_td_err": 0.3024641589517118}