{"dim0": -0.8666666666666667, "dim1": 0.3333333333333333, "scale": 15, "episode_rewards": 8.072333335401527, "episode_std_rewards": 0.006284646266093831, "episode_value_ests": 0.6684590769695139, "episode_values": 0.8908160714562332, "episode_td_err": 0.07595561316833573, "episode_avg_len": 798.5099601593625, "episode_std_avg_len": 627.0633469880496, "step_rewards": 0.010109245642709945, "step_value_ests": 0.7021978097643342, "step_values": 0.9272505323209189, "step_td_err": 0.06906273409667861}