{"dim0": -0.8666666666666667, "dim1": -0.2, "scale": 15, "episode_rewards": 8.20937414039937, "episode_std_rewards": 0.005898058019300913, "episode_value_ests": 0.6069094374259042, "episode_values": 0.9079522002713816, "episode_td_err": 0.1649115802634404, "episode_avg_len": 775.6046511627907, "episode_std_avg_len": 596.7414736173076, "step_rewards": 0.010584482865196634, "step_value_ests": 0.6638375545604742, "step_values": 0.9722122646285991, "step_td_err": 0.13573244532142884}