{"dim0": -0.9333333333333333, "dim1": 0.0, "scale": 15, "episode_rewards": 8.558305443045628, "episode_std_rewards": 0.0061087846762796424, "episode_value_ests": 0.6497843321057215, "episode_values": 0.9482519360852262, "episode_td_err": 0.12281914569993665, "episode_avg_len": 797.605577689243, "episode_std_avg_len": 620.5732600783472, "step_rewards": 0.01072999698402316, "step_value_ests": 0.7021407403045489, "step_values": 0.9856839170830669, "step_td_err": 0.10511179384223576}