{"dim0": -0.9333333333333333, "dim1": -0.4, "scale": 15, "episode_rewards": 8.241924131200427, "episode_std_rewards": 0.00578300313580398, "episode_value_ests": 0.6205832523540071, "episode_values": 0.9362427489300431, "episode_td_err": 0.2676620885822567, "episode_avg_len": 795.0436507936508, "episode_std_avg_len": 628.31497547971, "step_rewards": 0.010366630967963761, "step_value_ests": 0.6830755455856181, "step_values": 0.9461841685160002, "step_td_err": 0.21967504251935616}