{"dim0": -0.9333333333333333, "dim1": -0.8, "scale": 15, "episode_rewards": 8.220786749609845, "episode_std_rewards": 0.0058185870991649975, "episode_value_ests": 0.6169841826975193, "episode_values": 0.9307905229418577, "episode_td_err": 0.6968795623542144, "episode_avg_len": 793.2411067193676, "episode_std_avg_len": 596.8002899934991, "step_rewards": 0.010363541021731482, "step_value_ests": 0.629159028616941, "step_values": 0.9472488294292757, "step_td_err": 0.5903149850780415}