{"dim0": -0.9333333333333333, "dim1": -0.13333333333333333, "scale": 15, "episode_rewards": 8.008200693321994, "episode_std_rewards": 0.006168672585790824, "episode_value_ests": 0.6031840659430084, "episode_values": 0.858901220771785, "episode_td_err": 0.15751186076127574, "episode_avg_len": 806.2931726907631, "episode_std_avg_len": 666.5309267384142, "step_rewards": 0.009932120182286813, "step_value_ests": 0.6526009943505936, "step_values": 0.9150166627224668, "step_td_err": 0.12944731101266393}