{"dim0": -0.9333333333333333, "dim1": -0.3333333333333333, "scale": 15, "episode_rewards": 8.142931705902493, "episode_std_rewards": 0.0061493044262002396, "episode_value_ests": 0.6242175557689632, "episode_values": 0.9491440933484746, "episode_td_err": 0.23210372959417036, "episode_avg_len": 794.5238095238095, "episode_std_avg_len": 626.1496754768568, "step_rewards": 0.01024882024716526, "step_value_ests": 0.6566725392111804, "step_values": 0.9356945076277077, "step_td_err": 0.18963280019056045}