{"dim0": -0.9333333333333333, "dim1": 0.4, "scale": 15, "episode_rewards": 7.980553419794887, "episode_std_rewards": 0.006280688604042592, "episode_value_ests": 0.6312186342591495, "episode_values": 0.883706063023829, "episode_td_err": 0.08201403705949041, "episode_avg_len": 781.53515625, "episode_std_avg_len": 635.6127508763005, "step_rewards": 0.01021138122319099, "step_value_ests": 0.6819953443339566, "step_values": 0.9363344471898012, "step_td_err": 0.0770799070008705}