{"dim0": -0.9333333333333333, "dim1": -0.9333333333333333, "scale": 15, "episode_rewards": 8.351346945276065, "episode_std_rewards": 0.005638431047110958, "episode_value_ests": 0.8821024731086545, "episode_values": 0.9558831092677863, "episode_td_err": 0.9606977971390595, "episode_avg_len": 817.7673469387755, "episode_std_avg_len": 799.7584424566685, "step_rewards": 0.010212375165795552, "step_value_ests": 0.8360337967646778, "step_values": 0.9303497800796635, "step_td_err": 0.7968717766718836}