{"dim0": -0.9333333333333333, "dim1": -0.2, "scale": 15, "episode_rewards": 8.291492964574683, "episode_std_rewards": 0.006219714479951411, "episode_value_ests": 0.6041600097856908, "episode_values": 0.8909050101490353, "episode_td_err": 0.17014031504051913, "episode_avg_len": 811.9878542510121, "episode_std_avg_len": 646.7748419726576, "step_rewards": 0.010211350971773907, "step_value_ests": 0.6696221383172776, "step_values": 0.9381950883341197, "step_td_err": 0.14149207843233566}