{"dim0": -0.9333333333333333, "dim1": 0.9333333333333333, "scale": 15, "episode_rewards": 8.247559477047748, "episode_std_rewards": 0.00616717994271358, "episode_value_ests": 0.38990749553993603, "episode_values": 0.8790511356866418, "episode_td_err": 0.09139082652226975, "episode_avg_len": 805.6064257028113, "episode_std_avg_len": 680.2186850984791, "step_rewards": 0.01023770319340809, "step_value_ests": 0.4248877913388088, "step_values": 0.9420303502075652, "step_td_err": 0.08816407967714691}