{"dim0": -0.9333333333333333, "dim1": 0.4666666666666667, "scale": 15, "episode_rewards": 8.276121127466283, "episode_std_rewards": 0.00637347213903231, "episode_value_ests": 0.5379789543824893, "episode_values": 0.9233181934304565, "episode_td_err": 0.0865896417040522, "episode_avg_len": 779.8949416342413, "episode_std_avg_len": 616.0877955633574, "step_rewards": 0.010611841013001028, "step_value_ests": 0.5927231009134731, "step_values": 0.9709975299900587, "step_td_err": 0.08066031159871889}