{"dim0": -0.9333333333333333, "dim1": 0.3333333333333333, "scale": 15, "episode_rewards": 8.021339570558988, "episode_std_rewards": 0.005821568773797444, "episode_value_ests": 0.6367138069732352, "episode_values": 0.8927486083701117, "episode_td_err": 0.08510871355212875, "episode_avg_len": 770.3115384615385, "episode_std_avg_len": 581.3544125090881, "step_rewards": 0.01041311102074254, "step_value_ests": 0.6756967266376394, "step_values": 0.9549788090343417, "step_td_err": 0.07848113392942713}