{"dim0": -0.9333333333333333, "dim1": -0.4666666666666667, "scale": 15, "episode_rewards": 8.387239884268418, "episode_std_rewards": 0.006016816624895848, "episode_value_ests": 0.5717529163784112, "episode_values": 0.9129134385477442, "episode_td_err": 0.32101118165225717, "episode_avg_len": 810.8866396761133, "episode_std_avg_len": 662.9672130739011, "step_rewards": 0.010343295195513977, "step_value_ests": 0.6072921494280834, "step_values": 0.9455012634422191, "step_td_err": 0.2641215399711089}