{"dim0": -0.9333333333333333, "dim1": -0.7333333333333333, "scale": 15, "episode_rewards": 8.827605218040437, "episode_std_rewards": 0.005613145347611632, "episode_value_ests": 0.6184349223283577, "episode_values": 1.029020192406479, "episode_td_err": 0.5618299852688825, "episode_avg_len": 777.4517374517375, "episode_std_avg_len": 553.3078979285482, "step_rewards": 0.011354537899644782, "step_value_ests": 0.5955280292555812, "step_values": 1.0356137554161247, "step_td_err": 0.49289253228645635}