{"dim0": -0.9333333333333333, "dim1": -0.6, "scale": 15, "episode_rewards": 7.98161695060502, "episode_std_rewards": 0.00590352807359174, "episode_value_ests": 0.6276145153958179, "episode_values": 0.9017949909912689, "episode_td_err": 0.411957660150279, "episode_avg_len": 797.183266932271, "episode_std_avg_len": 650.7339881897541, "step_rewards": 0.010012273565801203, "step_value_ests": 0.6316038552313706, "step_values": 0.9145343979182465, "step_td_err": 0.3434316132647106}