{"dim0": -0.9333333333333333, "dim1": 0.5333333333333333, "scale": 15, "episode_rewards": 8.12560451882226, "episode_std_rewards": 0.006328876186740699, "episode_value_ests": 0.5858009089410701, "episode_values": 0.914900780842232, "episode_td_err": 0.08350744496487615, "episode_avg_len": 753.4699248120301, "episode_std_avg_len": 575.9644355777275, "step_rewards": 0.010784245331158208, "step_value_ests": 0.6429893112503602, "step_values": 0.9894291235144193, "step_td_err": 0.08035238988456755}