{"dim0": -0.9333333333333333, "dim1": 0.13333333333333333, "scale": 15, "episode_rewards": 8.222250017642974, "episode_std_rewards": 0.006456575476007933, "episode_value_ests": 0.6421215048020494, "episode_values": 0.889514673407735, "episode_td_err": 0.1031560370762179, "episode_avg_len": 800.08, "episode_std_avg_len": 664.819242802132, "step_rewards": 0.01027678484356936, "step_value_ests": 0.6992839260241833, "step_values": 0.9484481407524449, "step_td_err": 0.08922559905965004}