{"dim0": -0.9333333333333333, "dim1": 0.2, "scale": 15, "episode_rewards": 8.302033619955182, "episode_std_rewards": 0.00673842318986533, "episode_value_ests": 0.6595026997443114, "episode_values": 0.9536309203999066, "episode_td_err": 0.09846671371507194, "episode_avg_len": 781.76171875, "episode_std_avg_len": 636.949702638125, "step_rewards": 0.010619647164649788, "step_value_ests": 0.6980096681345512, "step_values": 0.9725483509314186, "step_td_err": 0.08569309894293024}