{"dim0": -0.9333333333333333, "dim1": 0.8, "scale": 15, "episode_rewards": 8.142769133636707, "episode_std_rewards": 0.006045761310491419, "episode_value_ests": 0.50343995990723, "episode_values": 0.9322986660079954, "episode_td_err": 0.0882898548450936, "episode_avg_len": 760.5779467680609, "episode_std_avg_len": 605.18746161513, "step_rewards": 0.01070602844618088, "step_value_ests": 0.5291179936924899, "step_values": 0.979850095304891, "step_td_err": 0.08570854572150786}