{"dim0": -0.9333333333333333, "dim1": -0.06666666666666667, "scale": 15, "episode_rewards": 8.160955352442604, "episode_std_rewards": 0.006180555263313196, "episode_value_ests": 0.7223891275065619, "episode_values": 0.9214456066596346, "episode_td_err": 0.13090839608618668, "episode_avg_len": 797.7142857142857, "episode_std_avg_len": 618.5493956631786, "step_rewards": 0.01023042397333421, "step_value_ests": 0.7683218035403896, "step_values": 0.9323969653052829, "step_td_err": 0.10693702561655671}