{"dim0": -1.0, "dim1": -0.3333333333333333, "scale": 15, "episode_rewards": 8.08098098893804, "episode_std_rewards": 0.0058480061418591705, "episode_value_ests": 0.5311507831077719, "episode_values": 0.9179033937365709, "episode_td_err": 0.2723131758306211, "episode_avg_len": 790.8228346456693, "episode_std_avg_len": 634.6087672811296, "step_rewards": 0.010218446705018007, "step_value_ests": 0.54946138543084, "step_values": 0.9358665947244389, "step_td_err": 0.23206341428732935}