{"dim0": -1.0, "dim1": -0.8666666666666667, "scale": 15, "episode_rewards": 8.653196802326278, "episode_std_rewards": 0.005825341928993441, "episode_value_ests": 0.6488250217926915, "episode_values": 0.9817931785280085, "episode_td_err": 0.9241000554063815, "episode_avg_len": 785.121568627451, "episode_std_avg_len": 642.910707157636, "step_rewards": 0.011021473804946908, "step_value_ests": 0.5931569274949896, "step_values": 1.0054426669793768, "step_td_err": 0.8043255499925925}