{"dim0": -1.0, "dim1": 0.13333333333333333, "scale": 15, "episode_rewards": 8.05916992664337, "episode_std_rewards": 0.006013272641183471, "episode_value_ests": 0.7069500473833641, "episode_values": 0.907121922408146, "episode_td_err": 0.1124876934895951, "episode_avg_len": 805.904, "episode_std_avg_len": 632.9583546995806, "step_rewards": 0.010000161218511598, "step_value_ests": 0.7287042516707629, "step_values": 0.9122667864817154, "step_td_err": 0.0960051369292139}