{"dim0": -1.0, "dim1": -0.9333333333333333, "scale": 15, "episode_rewards": 8.380033918380738, "episode_std_rewards": 0.005916108700056965, "episode_value_ests": -0.22858809182554385, "episode_values": 0.9306915984166417, "episode_td_err": 0.20302871778161666, "episode_avg_len": 801.524, "episode_std_avg_len": 673.493205180275, "step_rewards": 0.010455125384119175, "step_value_ests": -0.20751058752071397, "step_values": 0.9567938388330509, "step_td_err": 0.15385108986520155}