{"dim0": -1.0, "dim1": -0.8, "scale": 15, "episode_rewards": 8.345355241141693, "episode_std_rewards": 0.005638254548079459, "episode_value_ests": 0.7850898232834224, "episode_values": 0.9379479927157959, "episode_td_err": 0.7397340718336081, "episode_avg_len": 823.3539094650206, "episode_std_avg_len": 690.5084116197556, "step_rewards": 0.010135805690853086, "step_value_ests": 0.7372729784702992, "step_values": 0.9265947889129645, "step_td_err": 0.6173030778161748}