{"dim0": -1.0, "dim1": -1.0, "scale": 15, "episode_rewards": 8.512989702495004, "episode_std_rewards": 0.0057379236893715145, "episode_value_ests": -0.31788227973207717, "episode_values": 0.9517037600569758, "episode_td_err": 0.21802776849207203, "episode_avg_len": 811.0202429149798, "episode_std_avg_len": 665.3074017786661, "step_rewards": 0.010496642687853885, "step_value_ests": -0.3163813870770763, "step_values": 0.9574503798967385, "step_td_err": 0.16638561492013698}