{"dim0": -1.0, "dim1": 1.0, "scale": 15, "episode_rewards": 8.94550153575366, "episode_std_rewards": 0.006312847686791127, "episode_value_ests": 0.37891185788474147, "episode_values": 0.9572645432619633, "episode_td_err": 0.10466281021571117, "episode_avg_len": 850.0464135021097, "episode_std_avg_len": 805.3657986131175, "step_rewards": 0.010523544824922033, "step_value_ests": 0.39739214619281904, "step_values": 0.9689262732580023, "step_td_err": 0.09738652422651853}