{"dim0": -1.0, "dim1": 0.4, "scale": 15, "episode_rewards": 7.950374106253226, "episode_std_rewards": 0.006129054429620151, "episode_value_ests": 0.575821218808011, "episode_values": 0.8696683889776465, "episode_td_err": 0.09712886503411262, "episode_avg_len": 790.0511811023622, "episode_std_avg_len": 609.1080103287401, "step_rewards": 0.01006311274056958, "step_value_ests": 0.6348757468753875, "step_values": 0.9253998149261413, "step_td_err": 0.08946333063639358}