{"dim0": -1.0, "dim1": -0.5333333333333333, "scale": 15, "episode_rewards": 8.318218171362783, "episode_std_rewards": 0.0059480138954761605, "episode_value_ests": 0.6226840917308917, "episode_values": 0.9680398976678231, "episode_td_err": 0.4189270139409194, "episode_avg_len": 785.8980392156863, "episode_std_avg_len": 634.0642552613078, "step_rewards": 0.01058434778595991, "step_value_ests": 0.6243553225543308, "step_values": 0.9644788674924214, "step_td_err": 0.3495819451542293}