{"dim0": -1.0, "dim1": -0.2, "scale": 15, "episode_rewards": 8.211752175802161, "episode_std_rewards": 0.005785829407613908, "episode_value_ests": 0.5668240484616803, "episode_values": 0.886979188433309, "episode_td_err": 0.20411587800033346, "episode_avg_len": 811.748987854251, "episode_std_avg_len": 673.0209507517559, "step_rewards": 0.01011612246971668, "step_value_ests": 0.6062477667730805, "step_values": 0.9289928338425315, "step_td_err": 0.17043347211889742}