{"dim0": -1.0, "dim1": 0.6, "scale": 15, "episode_rewards": 7.899532498491837, "episode_std_rewards": 0.006296904896560949, "episode_value_ests": 0.5147517701502208, "episode_values": 0.9223201445561047, "episode_td_err": 0.09476178254645687, "episode_avg_len": 750.1722846441947, "episode_std_avg_len": 574.0540177211736, "step_rewards": 0.010530291054725608, "step_value_ests": 0.5528077891076163, "step_values": 0.9640760290975496, "step_td_err": 0.08915391729396388}