{"dim0": -1.0, "dim1": -0.9333333333333333, "scale": 15, "episode_rewards": 8.84019478100283, "episode_std_rewards": 0.005794731921133091, "episode_value_ests": 0.7280406932819853, "episode_values": 1.0011266699376506, "episode_td_err": 1.0213459885387917, "episode_avg_len": 780.2334630350194, "episode_std_avg_len": 530.2180154790962, "step_rewards": 0.011330191794921842, "step_value_ests": 0.6601182386249196, "step_values": 1.0378556047803946, "step_td_err": 0.9256072500870268}