{"dim0": -1.0, "dim1": 0.4666666666666667, "scale": 15, "episode_rewards": 8.118573268417451, "episode_std_rewards": 0.006282671119773779, "episode_value_ests": 0.5734781275767137, "episode_values": 0.8854973495625197, "episode_td_err": 0.09728944360664754, "episode_avg_len": 828.5327868852459, "episode_std_avg_len": 854.9253124739182, "step_rewards": 0.009798735061454964, "step_value_ests": 0.6133575333755508, "step_values": 0.8987626835645117, "step_td_err": 0.08763079104770033}