{"dim0": -1.0, "dim1": -0.8, "scale": 15, "episode_rewards": 9.88812319417074, "episode_std_rewards": 0.005998062023436561, "episode_value_ests": 0.8225143412103527, "episode_values": 0.9558298875563885, "episode_td_err": 0.09249729850602163, "episode_avg_len": 1038.3834196891191, "episode_std_avg_len": 611.9927766639274, "step_rewards": 0.009522612752359948, "step_value_ests": 0.819469375235418, "step_values": 0.8889934499442357, "step_td_err": 0.08235847002140956}