{"dim0": -1.0, "dim1": -0.7333333333333333, "scale": 15, "episode_rewards": 8.478432500587319, "episode_std_rewards": 0.005656712528526706, "episode_value_ests": 0.5979852489416589, "episode_values": 1.0021766062459645, "episode_td_err": 0.6652199577512063, "episode_avg_len": 757.9245283018868, "episode_std_avg_len": 535.9641233084861, "step_rewards": 0.011186380944265072, "step_value_ests": 0.5844062836258075, "step_values": 1.0197406420510444, "step_td_err": 0.5879088446368488}