{"dim0": -1.0, "dim1": -0.26666666666666666, "scale": 15, "episode_rewards": 7.780512919563513, "episode_std_rewards": 0.0055455953400937895, "episode_value_ests": 0.5483872032257507, "episode_values": 0.8701112892023439, "episode_td_err": 0.2431675595376096, "episode_avg_len": 773.7038461538461, "episode_std_avg_len": 624.7162500384716, "step_rewards": 0.010056190050290131, "step_value_ests": 0.5878626689835812, "step_values": 0.9155531241513755, "step_td_err": 0.20247819377047602}