{"dim0": -1.0, "dim1": -0.4, "scale": 15, "episode_rewards": 8.71052053679339, "episode_std_rewards": 0.005778518433409408, "episode_value_ests": 0.5026348727996529, "episode_values": 0.9687526613641692, "episode_td_err": 0.3121202374651415, "episode_avg_len": 813.4251012145749, "episode_std_avg_len": 608.9786975804418, "step_rewards": 0.01070844817031977, "step_value_ests": 0.5397450979283022, "step_values": 0.9815565708133339, "step_td_err": 0.2657278814050892}