{"dim0": -1.0, "dim1": -0.8666666666666667, "scale": 15, "episode_rewards": 8.620101599653891, "episode_std_rewards": 0.005863144469741907, "episode_value_ests": -0.20906768178440974, "episode_values": 0.9951309186364258, "episode_td_err": 0.18822182129105763, "episode_avg_len": 829.801652892562, "episode_std_avg_len": 661.8196505957068, "step_rewards": 0.010388147058523601, "step_value_ests": -0.20943064306448833, "step_values": 0.9486330221722387, "step_td_err": 0.14533700809478953}