{"dim0": -1.0, "dim1": -0.8, "scale": 15, "episode_rewards": 8.192082874011248, "episode_std_rewards": 0.005708936764623724, "episode_value_ests": -0.1348127696695915, "episode_values": 0.9076541484701861, "episode_td_err": 0.17138356840237598, "episode_avg_len": 783.7578125, "episode_std_avg_len": 598.9463501914965, "step_rewards": 0.010452314150311897, "step_value_ests": -0.12111262457381375, "step_values": 0.9564423183848954, "step_td_err": 0.13817966955669359}