{"dim0": -1.0, "dim1": 0.26666666666666666, "scale": 15, "episode_rewards": 7.964540324600569, "episode_std_rewards": 0.006532372278029079, "episode_value_ests": 0.6125942749923573, "episode_values": 0.8689125235349475, "episode_td_err": 0.10134191066193911, "episode_avg_len": 803.9521912350598, "episode_std_avg_len": 680.3574096646827, "step_rewards": 0.009906733772769698, "step_value_ests": 0.6610537673579824, "step_values": 0.9092623433263074, "step_td_err": 0.09099449160654219}