{"dim0": -1.0, "dim1": -1.0, "scale": 15, "episode_rewards": 9.672661680672038, "episode_std_rewards": 0.006002411942243801, "episode_value_ests": 0.8432801315803425, "episode_values": 0.9222642838202101, "episode_td_err": 0.11066653803147239, "episode_avg_len": 1005.9798994974874, "episode_std_avg_len": 640.7299304832538, "step_rewards": 0.0096151639665005, "step_value_ests": 0.8381372970745925, "step_values": 0.8938129911181693, "step_td_err": 0.09659380856572596}