{"dim0": -1.0, "dim1": 0.06666666666666667, "scale": 15, "episode_rewards": 7.9038878958672285, "episode_std_rewards": 0.005778814093636985, "episode_value_ests": 0.5860273201724878, "episode_values": 0.909763301868163, "episode_td_err": 0.13944267134193442, "episode_avg_len": 784.98828125, "episode_std_avg_len": 624.8124061119632, "step_rewards": 0.01006879731157417, "step_value_ests": 0.6274086400974992, "step_values": 0.9218263150174711, "step_td_err": 0.1196516390916938}