{"dim0": -1.0, "dim1": 0.7333333333333333, "scale": 15, "episode_rewards": 7.938116937057645, "episode_std_rewards": 0.006046710261516393, "episode_value_ests": 0.4801472535621988, "episode_values": 0.855873984989637, "episode_td_err": 0.09128197665295569, "episode_avg_len": 784.7607843137255, "episode_std_avg_len": 655.2525823660858, "step_rewards": 0.010115333354736297, "step_value_ests": 0.541654184390514, "step_values": 0.9301931162185251, "step_td_err": 0.0888449485954599}