{"dim0": -1.0, "dim1": 0.0, "scale": 15, "episode_rewards": 8.115459288038858, "episode_std_rewards": 0.005919030950328745, "episode_value_ests": 0.7341972524421371, "episode_values": 0.8784959254422228, "episode_td_err": 0.12844878816680255, "episode_avg_len": 813.5731707317074, "episode_std_avg_len": 663.5296606028269, "step_rewards": 0.009975082242129516, "step_value_ests": 0.7795796187787639, "step_values": 0.9162982318597283, "step_td_err": 0.10609124630093772}