{"dim0": -1.0, "dim1": -1.0, "scale": 15, "episode_rewards": 8.586535059971366, "episode_std_rewards": 0.005738475317131906, "episode_value_ests": 0.8099786115278026, "episode_values": 0.9554374297401601, "episode_td_err": 1.2141007362056462, "episode_avg_len": 813.5748987854251, "episode_std_avg_len": 822.1704423615616, "step_rewards": 0.010554080604981898, "step_value_ests": 0.6716185389318933, "step_values": 0.9676114663630423, "step_td_err": 1.0365100585074127}