{"dim0": -1.0, "dim1": 0.8, "scale": 15, "episode_rewards": 7.911275020424201, "episode_std_rewards": 0.006043273698507252, "episode_value_ests": 0.4232822644640578, "episode_values": 0.8553253724731823, "episode_td_err": 0.09982688833354578, "episode_avg_len": 816.8734693877551, "episode_std_avg_len": 702.2280316818748, "step_rewards": 0.009684823068563707, "step_value_ests": 0.4654718118761582, "step_values": 0.8902210167990139, "step_td_err": 0.09568412094975615}