{"dim0": -1.0, "dim1": -0.4666666666666667, "scale": 15, "episode_rewards": 7.987399736219201, "episode_std_rewards": 0.005904587948064962, "episode_value_ests": 0.5305862455310114, "episode_values": 0.874545851498216, "episode_td_err": 0.36736684589970064, "episode_avg_len": 827.8223140495868, "episode_std_avg_len": 1288.749889755595, "step_rewards": 0.009648688614282454, "step_value_ests": 0.48642752100138276, "step_values": 0.8816180549304455, "step_td_err": 0.2933184733081309}