{"dim0": -1.0, "dim1": 0.8666666666666667, "scale": 15, "episode_rewards": 8.33062021224671, "episode_std_rewards": 0.0066425738826230716, "episode_value_ests": 0.4239067454211502, "episode_values": 0.9481715026521196, "episode_td_err": 0.10298518735386174, "episode_avg_len": 766.5437262357415, "episode_std_avg_len": 597.0718576696579, "step_rewards": 0.010867769087558517, "step_value_ests": 0.4635106388929479, "step_values": 0.9975921085414303, "step_td_err": 0.09995170952102672}