{"dim0": -1.0, "dim1": -0.8666666666666667, "scale": 15, "episode_rewards": 9.8974442126146, "episode_std_rewards": 0.005570162144906951, "episode_value_ests": 0.8436360134637365, "episode_values": 0.986205573923433, "episode_td_err": 0.09693064721608498, "episode_avg_len": 996.6616915422885, "episode_std_avg_len": 551.4663356708487, "step_rewards": 0.009930595603909242, "step_value_ests": 0.8327827450434877, "step_values": 0.9262880400376349, "step_td_err": 0.08735621439113521}