{"dim0": -1.0, "dim1": 0.2, "scale": 15, "episode_rewards": 7.907257217215374, "episode_std_rewards": 0.006020114497312457, "episode_value_ests": 0.6426474200361302, "episode_values": 0.8571560501287776, "episode_td_err": 0.10733315049833525, "episode_avg_len": 785.359375, "episode_std_avg_len": 660.2053744666196, "step_rewards": 0.010068329823165826, "step_value_ests": 0.7109116309383859, "step_values": 0.9248472803449478, "step_td_err": 0.0942198599010773}