{"dim0": -1.0, "dim1": 0.6666666666666666, "scale": 15, "episode_rewards": 8.398711410741653, "episode_std_rewards": 0.006334161913403752, "episode_value_ests": 0.4890363176915847, "episode_values": 0.8862164384661887, "episode_td_err": 0.09620475720258388, "episode_avg_len": 806.5201612903226, "episode_std_avg_len": 667.3630519753918, "step_rewards": 0.010413517000374618, "step_value_ests": 0.536541665204888, "step_values": 0.9584190051119493, "step_td_err": 0.09145369445654095}