{"dim0": -1.0, "dim1": 0.9333333333333333, "scale": 15, "episode_rewards": 8.527696868753045, "episode_std_rewards": 0.006248518690015786, "episode_value_ests": 0.3776878624511617, "episode_values": 0.9107929077368295, "episode_td_err": 0.10212707210413963, "episode_avg_len": 814.4065040650406, "episode_std_avg_len": 672.8110588666827, "step_rewards": 0.010471056930645536, "step_value_ests": 0.4181027142873498, "step_values": 0.9657656409717208, "step_td_err": 0.09896645040782194}