{"dim0": -0.13333333333333333, "dim1": -0.7333333333333333, "scale": 15, "episode_rewards": 8.458239960383219, "episode_std_rewards": 0.006227597692817335, "episode_value_ests": 0.8010605343139573, "episode_values": 0.9441988205970849, "episode_td_err": 0.15412681667976422, "episode_avg_len": 805.9397590361446, "episode_std_avg_len": 666.3270543501727, "step_rewards": 0.01049487863770211, "step_value_ests": 0.8657649853940187, "step_values": 0.9619177210844383, "step_td_err": 0.12396378924739597}