{"dim0": -0.13333333333333333, "dim1": -1.0, "scale": 15, "episode_rewards": 8.248868325341073, "episode_std_rewards": 0.005597611168599823, "episode_value_ests": 0.8413374528199452, "episode_values": 0.9482292180064666, "episode_td_err": 0.32209289233985877, "episode_avg_len": 779.7354085603113, "episode_std_avg_len": 588.0383732673828, "step_rewards": 0.010579060838819192, "step_value_ests": 0.9243471591892787, "step_values": 0.9639220589458619, "step_td_err": 0.26824802468054265}