{"dim0": -0.13333333333333333, "dim1": -0.6, "scale": 15, "episode_rewards": 8.19157696527148, "episode_std_rewards": 0.005950359969720599, "episode_value_ests": 0.7630242611823018, "episode_values": 0.8834556639435284, "episode_td_err": 0.11055013950206218, "episode_avg_len": 796.8492063492064, "episode_std_avg_len": 652.6289700123418, "step_rewards": 0.01027995874250975, "step_value_ests": 0.8531325567163188, "step_values": 0.9437836077430175, "step_td_err": 0.08833935887442736}