{"dim0": -0.13333333333333333, "dim1": -0.3333333333333333, "scale": 15, "episode_rewards": 7.842878795989597, "episode_std_rewards": 0.005745359036805791, "episode_value_ests": 0.8158377448277272, "episode_values": 0.8948766356858117, "episode_td_err": 0.066063831983673, "episode_avg_len": 771.8587786259542, "episode_std_avg_len": 605.4278525445259, "step_rewards": 0.010161028174028565, "step_value_ests": 0.887418642111827, "step_values": 0.9300571579553005, "step_td_err": 0.051747093279344944}