{"dim0": -0.13333333333333333, "dim1": 0.9333333333333333, "scale": 15, "episode_rewards": 7.794674666070226, "episode_std_rewards": 0.006310245270403451, "episode_value_ests": 0.6828665465336095, "episode_values": 0.8866923958909079, "episode_td_err": 0.05650152344396481, "episode_avg_len": 746.8134328358209, "episode_std_avg_len": 589.905648513317, "step_rewards": 0.010437244863783541, "step_value_ests": 0.690961424704569, "step_values": 0.9583782704564823, "step_td_err": 0.05253964329137072}