{"dim0": -0.13333333333333333, "dim1": -0.8, "scale": 15, "episode_rewards": 8.325007889362482, "episode_std_rewards": 0.00604628133189225, "episode_value_ests": 0.7409863882027548, "episode_values": 0.9582299100321503, "episode_td_err": 0.20136329062190203, "episode_avg_len": 776.473076923077, "episode_std_avg_len": 603.6968636006831, "step_rewards": 0.010721566705637647, "step_value_ests": 0.8005034670848276, "step_values": 0.9796606987143065, "step_td_err": 0.16670638162038795}