{"dim0": -0.13333333333333333, "dim1": 0.6666666666666666, "scale": 15, "episode_rewards": 7.872365805837843, "episode_std_rewards": 0.006360681124366193, "episode_value_ests": 0.7441165469046114, "episode_values": 0.8912999810723913, "episode_td_err": 0.03744483609270658, "episode_avg_len": 746.0222222222222, "episode_std_avg_len": 602.2837459348243, "step_rewards": 0.010552454834908192, "step_value_ests": 0.7765869035973686, "step_values": 0.9703056795009676, "step_td_err": 0.03629270729825529}