{"dim0": -0.13333333333333333, "dim1": 0.5333333333333333, "scale": 15, "episode_rewards": 8.314648334123913, "episode_std_rewards": 0.006565170520611573, "episode_value_ests": 0.7457083462843059, "episode_values": 0.9106689729113944, "episode_td_err": 0.032954376102386995, "episode_avg_len": 773.8610038610038, "episode_std_avg_len": 626.8979552663567, "step_rewards": 0.010744369198912805, "step_value_ests": 0.7872023014615375, "step_values": 0.9894476640569965, "step_td_err": 0.032057226692434854}