{"dim0": -0.13333333333333333, "dim1": 0.7333333333333333, "scale": 15, "episode_rewards": 7.839328286107981, "episode_std_rewards": 0.006244372249460968, "episode_value_ests": 0.7177741890020998, "episode_values": 0.8507204738911435, "episode_td_err": 0.03969942271984377, "episode_avg_len": 760.9811320754717, "episode_std_avg_len": 615.4327849989377, "step_rewards": 0.010301606643948304, "step_value_ests": 0.7376928938628016, "step_values": 0.9476481851304752, "step_td_err": 0.03811742014264866}