{"dim0": -0.13333333333333333, "dim1": -0.13333333333333333, "scale": 15, "episode_rewards": 8.158029137676909, "episode_std_rewards": 0.0062519829934978505, "episode_value_ests": 0.7963551347641399, "episode_values": 0.9018068898104508, "episode_td_err": 0.04501111093922192, "episode_avg_len": 769.8664122137404, "episode_std_avg_len": 642.0344938666525, "step_rewards": 0.010596681460902556, "step_value_ests": 0.8659654689384856, "step_values": 0.9709473166313841, "step_td_err": 0.037189722190154}