{"dim0": -0.13333333333333333, "dim1": 0.2, "scale": 15, "episode_rewards": 8.077158191651677, "episode_std_rewards": 0.006027748461196438, "episode_value_ests": 0.8264190442814278, "episode_values": 0.9063957072833387, "episode_td_err": 0.025235493204545982, "episode_avg_len": 767.3716475095786, "episode_std_avg_len": 618.7505670114405, "step_rewards": 0.010525744882372469, "step_value_ests": 0.867098751284559, "step_values": 0.9647841217845603, "step_td_err": 0.024120783122053388}