{"dim0": -0.13333333333333333, "dim1": -0.2, "scale": 15, "episode_rewards": 8.258771021078532, "episode_std_rewards": 0.006236511599304516, "episode_value_ests": 0.7589642380197938, "episode_values": 0.9036763064279842, "episode_td_err": 0.05525442802514146, "episode_avg_len": 779.3501945525292, "episode_std_avg_len": 628.3677777656994, "step_rewards": 0.010596996162707548, "step_value_ests": 0.8262402146409856, "step_values": 0.9718173304659312, "step_td_err": 0.044166259233487534}