{"dim0": -0.13333333333333333, "dim1": 0.0, "scale": 15, "episode_rewards": 7.965470666610278, "episode_std_rewards": 0.006030989822427188, "episode_value_ests": 0.7786421870061293, "episode_values": 0.9208614652055351, "episode_td_err": 0.03700516526409447, "episode_avg_len": 770.1307692307693, "episode_std_avg_len": 563.2679972673418, "step_rewards": 0.01034301054425658, "step_value_ests": 0.8020467421779047, "step_values": 0.9444866856133858, "step_td_err": 0.0324178723014747}