{"dim0": -0.13333333333333333, "dim1": 0.13333333333333333, "scale": 15, "episode_rewards": 8.28122141097374, "episode_std_rewards": 0.006005472828369654, "episode_value_ests": 0.809858394378913, "episode_values": 0.9068518083342699, "episode_td_err": 0.024795736672912166, "episode_avg_len": 799.6877470355731, "episode_std_avg_len": 610.2518638076372, "step_rewards": 0.010355568710002207, "step_value_ests": 0.857524063938047, "step_values": 0.9530554519109109, "step_td_err": 0.023933844457069132}