{"dim0": -0.13333333333333333, "dim1": 0.4, "scale": 15, "episode_rewards": 8.215905427474242, "episode_std_rewards": 0.006219696052996412, "episode_value_ests": 0.781229183852538, "episode_values": 0.8573475548078859, "episode_td_err": 0.026684105204937348, "episode_avg_len": 769.4307692307692, "episode_std_avg_len": 639.7004459836776, "step_rewards": 0.010677900801508123, "step_value_ests": 0.82766379187431, "step_values": 0.9834047607603288, "step_td_err": 0.02707775129428223}