{"dim0": -0.13333333333333333, "dim1": 1.0, "scale": 15, "episode_rewards": 8.076598480286727, "episode_std_rewards": 0.006381141322118227, "episode_value_ests": 0.6813939978807838, "episode_values": 0.89880307276522, "episode_td_err": 0.062221163870042444, "episode_avg_len": 766.5938697318007, "episode_std_avg_len": 601.1444224705081, "step_rewards": 0.010535694060679602, "step_value_ests": 0.6754661452658367, "step_values": 0.9673055815631098, "step_td_err": 0.057734691267048555}