{"dim0": -0.13333333333333333, "dim1": 0.06666666666666667, "scale": 15, "episode_rewards": 8.133190009227166, "episode_std_rewards": 0.006223962311623895, "episode_value_ests": 0.7504504094956063, "episode_values": 0.9346784002740105, "episode_td_err": 0.03109200440522975, "episode_avg_len": 772.8346153846154, "episode_std_avg_len": 608.402087086333, "step_rewards": 0.010523842808437784, "step_value_ests": 0.7907810731294085, "step_values": 0.9637667677019454, "step_td_err": 0.02825702118688324}