{"dim0": -0.13333333333333333, "dim1": -0.4666666666666667, "scale": 15, "episode_rewards": 8.547105998289389, "episode_std_rewards": 0.005733867890281557, "episode_value_ests": 0.7601531971289477, "episode_values": 0.9237259545111904, "episode_td_err": 0.08464458580507703, "episode_avg_len": 824.4426229508197, "episode_std_avg_len": 684.009629272412, "step_rewards": 0.01036713260614529, "step_value_ests": 0.8315517226804565, "step_values": 0.9522701939798282, "step_td_err": 0.06828941318873341}