{"dim0": -0.13333333333333333, "dim1": 0.6, "scale": 15, "episode_rewards": 8.526613045655765, "episode_std_rewards": 0.006366354591821017, "episode_value_ests": 0.7449148869068576, "episode_values": 0.9690373961783119, "episode_td_err": 0.037227796042801714, "episode_avg_len": 776.2153846153847, "episode_std_avg_len": 601.7197850854778, "step_rewards": 0.010984854480668028, "step_value_ests": 0.7624025938090259, "step_values": 1.0099686247880886, "step_td_err": 0.03580492986189708}