{"dim0": -0.13333333333333333, "dim1": -0.4, "scale": 15, "episode_rewards": 7.993851146383106, "episode_std_rewards": 0.006244174210239152, "episode_value_ests": 0.7599698459614812, "episode_values": 0.9051361771370191, "episode_td_err": 0.07525505258776773, "episode_avg_len": 755.1811320754717, "episode_std_avg_len": 608.0447144234879, "step_rewards": 0.01058534278314598, "step_value_ests": 0.8460453728206674, "step_values": 0.9709349844490639, "step_td_err": 0.059592648767453175}