{"dim0": -0.13333333333333333, "dim1": -0.6666666666666666, "scale": 15, "episode_rewards": 8.152524516389176, "episode_std_rewards": 0.005878321580128203, "episode_value_ests": 0.7955707465525926, "episode_values": 0.900918377464107, "episode_td_err": 0.13054406597280607, "episode_avg_len": 772.9459459459459, "episode_std_avg_len": 603.0739315890957, "step_rewards": 0.010547341064596647, "step_value_ests": 0.8502481979914938, "step_values": 0.9667695114585952, "step_td_err": 0.10895163728942255}