{"dim0": -0.13333333333333333, "dim1": 0.8666666666666667, "scale": 15, "episode_rewards": 7.801728776910088, "episode_std_rewards": 0.006057500789401316, "episode_value_ests": 0.7211398555656628, "episode_values": 0.8752357022354976, "episode_td_err": 0.051835918113220546, "episode_avg_len": 764.1818181818181, "episode_std_avg_len": 612.6731952802212, "step_rewards": 0.010209257262194977, "step_value_ests": 0.7076902689913074, "step_values": 0.935668187174431, "step_td_err": 0.047595316634323606}