{"dim0": -0.13333333333333333, "dim1": 0.4666666666666667, "scale": 15, "episode_rewards": 7.988329131514938, "episode_std_rewards": 0.006356961531107, "episode_value_ests": 0.779416027917855, "episode_values": 0.9103326683508292, "episode_td_err": 0.030008765312476968, "episode_avg_len": 745.1444444444444, "episode_std_avg_len": 610.4874657210163, "step_rewards": 0.010720510890302319, "step_value_ests": 0.7977073092319358, "step_values": 0.9840322968958276, "step_td_err": 0.029308040068273016}