{"dim0": -0.13333333333333333, "dim1": -0.26666666666666666, "scale": 15, "episode_rewards": 7.827995486091822, "episode_std_rewards": 0.0063380637003642055, "episode_value_ests": 0.8347163692542368, "episode_values": 0.9058225696627139, "episode_td_err": 0.05674749202967105, "episode_avg_len": 782.98046875, "episode_std_avg_len": 657.4496799373928, "step_rewards": 0.009997689340308749, "step_value_ests": 0.89258564282437, "step_values": 0.911363493035883, "step_td_err": 0.04402945325401377}