{"dim0": -0.2, "dim1": -0.6, "scale": 15, "episode_rewards": 7.91846038075164, "episode_std_rewards": 0.006101344006423253, "episode_value_ests": 0.7560408619482724, "episode_values": 0.8836907588777518, "episode_td_err": 0.12725637124970035, "episode_avg_len": 785.0859375, "episode_std_avg_len": 696.3846932926126, "step_rewards": 0.01008610650442537, "step_value_ests": 0.8136201416875741, "step_values": 0.9239070628213946, "step_td_err": 0.09976340616777177}