{"dim0": -0.2, "dim1": 0.2, "scale": 15, "episode_rewards": 7.99998659734037, "episode_std_rewards": 0.006432917951350959, "episode_value_ests": 0.795798014203388, "episode_values": 0.8743107611061852, "episode_td_err": 0.026156068729553, "episode_avg_len": 761.8707224334601, "episode_std_avg_len": 605.0109875650054, "step_rewards": 0.010500451535646283, "step_value_ests": 0.8467391971671353, "step_values": 0.9660751739310263, "step_td_err": 0.025493947049196622}