{"dim0": -0.2, "dim1": 0.13333333333333333, "scale": 15, "episode_rewards": 8.293486699519917, "episode_std_rewards": 0.006405829742541675, "episode_value_ests": 0.782205399328417, "episode_values": 0.9158910212703966, "episode_td_err": 0.02833380334744427, "episode_avg_len": 779.7003891050583, "episode_std_avg_len": 637.0714732149638, "step_rewards": 0.010636761011545984, "step_value_ests": 0.8337247673647085, "step_values": 0.9796144581574402, "step_td_err": 0.026404328994312623}