{"dim0": -0.2, "dim1": 0.3333333333333333, "scale": 15, "episode_rewards": 8.210096051064573, "episode_std_rewards": 0.0062623429180626525, "episode_value_ests": 0.8040654509094008, "episode_values": 0.8931991434034972, "episode_td_err": 0.028363000797013545, "episode_avg_len": 775.937984496124, "episode_std_avg_len": 630.2316450216026, "step_rewards": 0.010580866274250018, "step_value_ests": 0.8501174064203068, "step_values": 0.9746886202842192, "step_td_err": 0.027066263076737606}