{"dim0": -0.2, "dim1": -1.0, "scale": 15, "episode_rewards": 8.416373889733846, "episode_std_rewards": 0.005952572048572077, "episode_value_ests": 0.7218970205294903, "episode_values": 0.9354734516235407, "episode_td_err": 0.35789170087220296, "episode_avg_len": 778.2918287937744, "episode_std_avg_len": 566.3254729350421, "step_rewards": 0.010813904988284221, "step_value_ests": 0.74241092278595, "step_values": 0.9871042270613879, "step_td_err": 0.30667281267720836}