{"dim0": -0.2, "dim1": -0.26666666666666666, "scale": 15, "episode_rewards": 8.634274154412942, "episode_std_rewards": 0.006492407913909823, "episode_value_ests": 0.8504606521936988, "episode_values": 0.9703582020383851, "episode_td_err": 0.06649094377146156, "episode_avg_len": 822.0122950819672, "episode_std_avg_len": 655.9938741814477, "step_rewards": 0.010503826045025241, "step_value_ests": 0.9065371757587245, "step_values": 0.9645744231226735, "step_td_err": 0.050818192671321795}