{"dim0": -0.2, "dim1": 0.9333333333333333, "scale": 15, "episode_rewards": 8.070180054894067, "episode_std_rewards": 0.006129943474323825, "episode_value_ests": 0.6723430787003265, "episode_values": 0.9124043305811026, "episode_td_err": 0.055245639886603484, "episode_avg_len": 752.2932330827068, "episode_std_avg_len": 579.6686022637844, "step_rewards": 0.010727439381349367, "step_value_ests": 0.6870751553740855, "step_values": 0.9859140302872403, "step_td_err": 0.05258998362600237}