{"dim0": -0.2, "dim1": -0.2, "scale": 15, "episode_rewards": 8.015947327017784, "episode_std_rewards": 0.005980598212140223, "episode_value_ests": 0.8256977478576359, "episode_values": 0.8936911067221868, "episode_td_err": 0.055001579445746414, "episode_avg_len": 781.83984375, "episode_std_avg_len": 638.6169456381701, "step_rewards": 0.010252671811365183, "step_value_ests": 0.8809847938187974, "step_values": 0.940010925739971, "step_td_err": 0.04296144351266353}