{"dim0": -0.2, "dim1": 0.4, "scale": 15, "episode_rewards": 8.153041909480917, "episode_std_rewards": 0.006623467240177112, "episode_value_ests": 0.7629844496539837, "episode_values": 0.8978314859591112, "episode_td_err": 0.027239290255217388, "episode_avg_len": 770.816091954023, "episode_std_avg_len": 669.2527232347591, "step_rewards": 0.010577155815225538, "step_value_ests": 0.8122178310835861, "step_values": 0.9740194262290337, "step_td_err": 0.0266711641867324}