{"dim0": -0.2, "dim1": 0.06666666666666667, "scale": 15, "episode_rewards": 8.073267213414224, "episode_std_rewards": 0.006209232450116607, "episode_value_ests": 0.7456047962467746, "episode_values": 0.9384016883891712, "episode_td_err": 0.03371137378960081, "episode_avg_len": 749.4456928838952, "episode_std_avg_len": 560.3534731229915, "step_rewards": 0.010772317847805609, "step_value_ests": 0.8034387813504084, "step_values": 0.9887035682545916, "step_td_err": 0.02992954665778735}