{"dim0": -0.2, "dim1": -0.8, "scale": 15, "episode_rewards": 7.796557489782572, "episode_std_rewards": 0.00596899263046711, "episode_value_ests": 0.7354228525526461, "episode_values": 0.8791906129160303, "episode_td_err": 0.21644000241768002, "episode_avg_len": 783.34375, "episode_std_avg_len": 653.7665442158519, "step_rewards": 0.00995291976195964, "step_value_ests": 0.8179491917917704, "step_values": 0.909324751354505, "step_td_err": 0.1729862989426536}