{"dim0": -0.2, "dim1": -0.4666666666666667, "scale": 15, "episode_rewards": 8.375134097282277, "episode_std_rewards": 0.006244967925353972, "episode_value_ests": 0.7896273496060919, "episode_values": 0.9184704904797193, "episode_td_err": 0.09220227724131722, "episode_avg_len": 776.7674418604652, "episode_std_avg_len": 615.1923000751476, "step_rewards": 0.010782035453523485, "step_value_ests": 0.8527836053915892, "step_values": 0.99039501433922, "step_td_err": 0.07401061979411179}