{"dim0": -0.2, "dim1": -0.06666666666666667, "scale": 15, "episode_rewards": 8.367563105708971, "episode_std_rewards": 0.006402500830047507, "episode_value_ests": 0.7882898561684302, "episode_values": 0.9552638270409675, "episode_td_err": 0.04448893040922294, "episode_avg_len": 788.0354330708661, "episode_std_avg_len": 628.49293771708, "step_rewards": 0.010618257447005553, "step_value_ests": 0.8511695655282513, "step_values": 0.9724599865710888, "step_td_err": 0.03658011993510062}