{"dim0": -0.2, "dim1": 0.4666666666666667, "scale": 15, "episode_rewards": 7.909705838790306, "episode_std_rewards": 0.006425560759026068, "episode_value_ests": 0.7909433465425803, "episode_values": 0.8901633863605714, "episode_td_err": 0.03064317746956993, "episode_avg_len": 771.8692307692307, "episode_std_avg_len": 637.757337363473, "step_rewards": 0.010247468772537596, "step_value_ests": 0.8197005387743784, "step_values": 0.9413520910463766, "step_td_err": 0.030273161682021987}