{"dim0": -0.2, "dim1": -0.13333333333333333, "scale": 15, "episode_rewards": 8.20519244388158, "episode_std_rewards": 0.006185625119759861, "episode_value_ests": 0.7470443822442834, "episode_values": 0.9271893090973385, "episode_td_err": 0.05086365594413168, "episode_avg_len": 790.6284584980237, "episode_std_avg_len": 631.0955311732082, "step_rewards": 0.01037806362228497, "step_value_ests": 0.7996070420324614, "step_values": 0.9523302889024287, "step_td_err": 0.04094356577892508}