{"dim0": -0.2, "dim1": -0.8666666666666667, "scale": 15, "episode_rewards": 7.867119724225814, "episode_std_rewards": 0.00582076653920998, "episode_value_ests": 0.7605404481330915, "episode_values": 0.8621622189153536, "episode_td_err": 0.24665289550608013, "episode_avg_len": 772.8030888030888, "episode_std_avg_len": 602.6839229919198, "step_rewards": 0.010179979658738613, "step_value_ests": 0.837682814200534, "step_values": 0.929043970987896, "step_td_err": 0.20257009168700746}