{"dim0": -0.2, "dim1": -0.5333333333333333, "scale": 15, "episode_rewards": 8.183606680998436, "episode_std_rewards": 0.0060580682331353684, "episode_value_ests": 0.7693890484130229, "episode_values": 0.9442752543405467, "episode_td_err": 0.10864676898036256, "episode_avg_len": 775.4538461538461, "episode_std_avg_len": 613.461516710875, "step_rewards": 0.010553312388078412, "step_value_ests": 0.8389047425370578, "step_values": 0.9609891824216564, "step_td_err": 0.0858529614322733}