{"dim0": -0.2, "dim1": 0.8666666666666667, "scale": 15, "episode_rewards": 7.736800143781227, "episode_std_rewards": 0.006056132819575504, "episode_value_ests": 0.7241521739241237, "episode_values": 0.9115718070752995, "episode_td_err": 0.05043818957635058, "episode_avg_len": 751.0936329588015, "episode_std_avg_len": 578.2815840780383, "step_rewards": 0.010300713259016004, "step_value_ests": 0.7234374956211947, "step_values": 0.944126433379597, "step_td_err": 0.04734609841502229}