{"dim0": -0.2, "dim1": 0.7333333333333333, "scale": 15, "episode_rewards": 7.914545603518216, "episode_std_rewards": 0.0063491529210505234, "episode_value_ests": 0.7099045198702915, "episode_values": 0.8867245245610652, "episode_td_err": 0.039857236212353576, "episode_avg_len": 755.8264150943396, "episode_std_avg_len": 598.9508437797771, "step_rewards": 0.010471379996067417, "step_value_ests": 0.7207098051529781, "step_values": 0.9631729799018779, "step_td_err": 0.03836762411929565}