{"dim0": -0.2, "dim1": 0.5333333333333333, "scale": 15, "episode_rewards": 7.810139514397884, "episode_std_rewards": 0.006287822278988569, "episode_value_ests": 0.6938318857704607, "episode_values": 0.899344258290932, "episode_td_err": 0.0323454494481608, "episode_avg_len": 725.0905797101449, "episode_std_avg_len": 515.328243275153, "step_rewards": 0.01077126049206154, "step_value_ests": 0.7321769079091324, "step_values": 0.991314660174774, "step_td_err": 0.032645973223362906}