{"dim0": -0.2, "dim1": 1.0, "scale": 15, "episode_rewards": 8.047269844109158, "episode_std_rewards": 0.0063897682587803805, "episode_value_ests": 0.659392358262567, "episode_values": 0.8990374237476898, "episode_td_err": 0.06290768044139108, "episode_avg_len": 757.7245283018868, "episode_std_avg_len": 613.2955238602689, "step_rewards": 0.010620310605680994, "step_value_ests": 0.6629871362200196, "step_values": 0.9769636732378859, "step_td_err": 0.057891872103360324}