{"dim0": -0.2, "dim1": -0.6666666666666666, "scale": 15, "episode_rewards": 8.47351285465333, "episode_std_rewards": 0.00606899582415058, "episode_value_ests": 0.8162302582537486, "episode_values": 0.9199899590524886, "episode_td_err": 0.13222858507171756, "episode_avg_len": 812.2024291497976, "episode_std_avg_len": 614.3361114307578, "step_rewards": 0.010432759802901955, "step_value_ests": 0.8704612943219097, "step_values": 0.9571438257122036, "step_td_err": 0.10902326709703558}