{"dim0": -0.2, "dim1": 0.8, "scale": 15, "episode_rewards": 8.146024436770745, "episode_std_rewards": 0.006407158813027419, "episode_value_ests": 0.7478522486057159, "episode_values": 0.9303787142963258, "episode_td_err": 0.04712375522009413, "episode_avg_len": 755.8981132075472, "episode_std_avg_len": 573.1325515921716, "step_rewards": 0.010776616973158244, "step_value_ests": 0.7431709343486509, "step_values": 0.9897869758591875, "step_td_err": 0.044826662645462305}