{"dim0": -0.2, "dim1": -0.7333333333333333, "scale": 15, "episode_rewards": 7.997235893975687, "episode_std_rewards": 0.0059221048650656485, "episode_value_ests": 0.8057999344062037, "episode_values": 0.8874495576809261, "episode_td_err": 0.17037950337620927, "episode_avg_len": 764.9847328244275, "episode_std_avg_len": 592.5501748295899, "step_rewards": 0.010454111763052849, "step_value_ests": 0.8806353072776504, "step_values": 0.9569856900554415, "step_td_err": 0.1393809009979714}