{"dim0": -0.2, "dim1": 0.6, "scale": 15, "episode_rewards": 7.98245007624993, "episode_std_rewards": 0.0065725053073674876, "episode_value_ests": 0.746383700980362, "episode_values": 0.8671511617799124, "episode_td_err": 0.03451391125763755, "episode_avg_len": 772.0961538461538, "episode_std_avg_len": 633.5043943632237, "step_rewards": 0.010338673540187708, "step_value_ests": 0.7737384073544821, "step_values": 0.9519152157101194, "step_td_err": 0.033784260898024755}