{"dim0": -0.2, "dim1": 0.6666666666666666, "scale": 15, "episode_rewards": 7.821700389603622, "episode_std_rewards": 0.005971002931610696, "episode_value_ests": 0.7354241839776073, "episode_values": 0.9062536859689457, "episode_td_err": 0.039911418746120864, "episode_avg_len": 769.3320610687023, "episode_std_avg_len": 604.676464215921, "step_rewards": 0.01016687173902289, "step_value_ests": 0.7271039305813107, "step_values": 0.9316102391935475, "step_td_err": 0.03748793688318469}