{"dim0": -0.2, "dim1": -0.3333333333333333, "scale": 15, "episode_rewards": 8.057380916063602, "episode_std_rewards": 0.005798929520339011, "episode_value_ests": 0.7898148807131675, "episode_values": 0.9090168593784006, "episode_td_err": 0.07369114337352552, "episode_avg_len": 773.1192307692307, "episode_std_avg_len": 622.0160686269909, "step_rewards": 0.010421912423581479, "step_value_ests": 0.8576801802777357, "step_values": 0.9531305263770101, "step_td_err": 0.05792717850111701}