{"dim0": -0.2, "dim1": -0.9333333333333333, "scale": 15, "episode_rewards": 7.976443392250378, "episode_std_rewards": 0.00561007436643131, "episode_value_ests": 0.7766878375872498, "episode_values": 0.9056219286217717, "episode_td_err": 0.29293571068278645, "episode_avg_len": 791.4664031620554, "episode_std_avg_len": 611.6677097993431, "step_rewards": 0.010078056832713308, "step_value_ests": 0.8110607591717243, "step_values": 0.9197037866584067, "step_td_err": 0.24380102970438572}