{"dim0": -0.2, "dim1": -0.4, "scale": 15, "episode_rewards": 8.234740375518799, "episode_std_rewards": 0.0056677823688519886, "episode_value_ests": 0.7388642154182044, "episode_values": 0.909039032200351, "episode_td_err": 0.08395037929469022, "episode_avg_len": 809.6, "episode_std_avg_len": 644.0843485134536, "step_rewards": 0.010171369040907607, "step_value_ests": 0.7947393108841139, "step_values": 0.9347068341159512, "step_td_err": 0.06634761816943929}