{"dim0": -0.26666666666666666, "dim1": -0.9333333333333333, "scale": 15, "episode_rewards": 8.320412129878997, "episode_std_rewards": 0.005714824885897374, "episode_value_ests": 0.7286117899285116, "episode_values": 0.9048384197962965, "episode_td_err": 0.33766547834017857, "episode_avg_len": 803.144, "episode_std_avg_len": 661.9603517311291, "step_rewards": 0.010359801143853403, "step_value_ests": 0.7856881835636241, "step_values": 0.9483801693644041, "step_td_err": 0.2762386556791353}