{"dim0": -0.26666666666666666, "dim1": -0.13333333333333333, "scale": 15, "episode_rewards": 8.160293716686988, "episode_std_rewards": 0.00623091399109678, "episode_value_ests": 0.7543710199173631, "episode_values": 0.8581134900718989, "episode_td_err": 0.05166087258094553, "episode_avg_len": 791.6916996047431, "episode_std_avg_len": 670.8358715892773, "step_rewards": 0.010307413505485865, "step_value_ests": 0.8415139138137622, "step_values": 0.9484637483434994, "step_td_err": 0.04143121829425306}