{"dim0": -0.26666666666666666, "dim1": 0.26666666666666666, "scale": 15, "episode_rewards": 8.489905533864517, "episode_std_rewards": 0.006379181257398598, "episode_value_ests": 0.736863823449664, "episode_values": 0.9511339147217898, "episode_td_err": 0.03430934264637483, "episode_avg_len": 775.5193798449612, "episode_std_avg_len": 598.8826818991221, "step_rewards": 0.010947380238984852, "step_value_ests": 0.7795179528628382, "step_values": 1.0058803163014045, "step_td_err": 0.032222767811451024}