{"dim0": -0.26666666666666666, "dim1": 0.9333333333333333, "scale": 15, "episode_rewards": 7.752329354875543, "episode_std_rewards": 0.005990957655941808, "episode_value_ests": 0.6829509316653257, "episode_values": 0.8867770102473439, "episode_td_err": 0.055946038900795275, "episode_avg_len": 752.1310861423221, "episode_std_avg_len": 592.8977983563643, "step_rewards": 0.0103071519017213, "step_value_ests": 0.673255162927008, "step_values": 0.9466582366014986, "step_td_err": 0.05181656778857865}