{"dim0": -0.26666666666666666, "dim1": -0.26666666666666666, "scale": 15, "episode_rewards": 8.177375940282372, "episode_std_rewards": 0.006382231036774068, "episode_value_ests": 0.7986215493876483, "episode_values": 0.9132328311074458, "episode_td_err": 0.06741431197096472, "episode_avg_len": 774.1428571428571, "episode_std_avg_len": 621.9079303243616, "step_rewards": 0.01056313555674047, "step_value_ests": 0.8729383662568174, "step_values": 0.9686324686590043, "step_td_err": 0.052656292638850195}