{"dim0": -0.26666666666666666, "dim1": 0.7333333333333333, "scale": 15, "episode_rewards": 8.134789624566698, "episode_std_rewards": 0.006482372512507847, "episode_value_ests": 0.6956363202086716, "episode_values": 0.8884707024994289, "episode_td_err": 0.042256023638362526, "episode_avg_len": 784.4085603112841, "episode_std_avg_len": 643.9740010375607, "step_rewards": 0.010370602816137671, "step_value_ests": 0.7068377060043102, "step_values": 0.956235615889885, "step_td_err": 0.040186413104853894}