{"dim0": -0.26666666666666666, "dim1": -1.0, "scale": 15, "episode_rewards": 8.149307648418471, "episode_std_rewards": 0.005510216297923552, "episode_value_ests": 0.7835651330463133, "episode_values": 0.9483351693332343, "episode_td_err": 0.40463929795792064, "episode_avg_len": 781.47265625, "episode_std_avg_len": 610.1302044972199, "step_rewards": 0.010428141769571315, "step_value_ests": 0.8122357212673422, "step_values": 0.9507596871984398, "step_td_err": 0.3307649778000666}