{"dim0": -0.26666666666666666, "dim1": -0.5333333333333333, "scale": 15, "episode_rewards": 7.919997060203932, "episode_std_rewards": 0.006291882056915719, "episode_value_ests": 0.6699881195120593, "episode_values": 0.8613641230377614, "episode_td_err": 0.13035994943747076, "episode_avg_len": 800.4342629482072, "episode_std_avg_len": 669.6902764679891, "step_rewards": 0.009894625238845383, "step_value_ests": 0.7284887301379612, "step_values": 0.9086180822220666, "step_td_err": 0.10054806190454313}