{"dim0": -0.26666666666666666, "dim1": 0.3333333333333333, "scale": 15, "episode_rewards": 7.921103812528379, "episode_std_rewards": 0.006353407295903638, "episode_value_ests": 0.7495198157418987, "episode_values": 0.8908476750552224, "episode_td_err": 0.03069471494612681, "episode_avg_len": 758.9886363636364, "episode_std_avg_len": 579.5966039891161, "step_rewards": 0.010436393159295374, "step_value_ests": 0.8033109167684951, "step_values": 0.9587633275456044, "step_td_err": 0.029978164785952624}