{"dim0": -0.26666666666666666, "dim1": 0.6, "scale": 15, "episode_rewards": 8.24816949583414, "episode_std_rewards": 0.005985754692881554, "episode_value_ests": 0.7250582681225392, "episode_values": 0.8618898412022801, "episode_td_err": 0.03782831995132224, "episode_avg_len": 791.7834645669292, "episode_std_avg_len": 649.5578965622864, "step_rewards": 0.010417203522108823, "step_value_ests": 0.7518382707947269, "step_values": 0.9612803423878951, "step_td_err": 0.03783239381316679}