{"dim0": -0.26666666666666666, "dim1": 0.2, "scale": 15, "episode_rewards": 8.043619926710774, "episode_std_rewards": 0.006141426828234092, "episode_value_ests": 0.7971389499592284, "episode_values": 0.9109055675121169, "episode_td_err": 0.03222252239615173, "episode_avg_len": 754.0601503759399, "episode_std_avg_len": 583.7110761687521, "step_rewards": 0.010667079970610558, "step_value_ests": 0.8478408373269847, "step_values": 0.9775589189493542, "step_td_err": 0.03035889130193008}