{"dim0": -0.26666666666666666, "dim1": 0.0, "scale": 15, "episode_rewards": 8.129355110256828, "episode_std_rewards": 0.00642652141677827, "episode_value_ests": 0.7655805405870434, "episode_values": 0.9172596101750673, "episode_td_err": 0.041004652003731754, "episode_avg_len": 773.4555984555984, "episode_std_avg_len": 598.8936203465715, "step_rewards": 0.01051043541024095, "step_value_ests": 0.8232736737248634, "step_values": 0.9642132905519875, "step_td_err": 0.03420468057850201}