{"dim0": -0.26666666666666666, "dim1": 0.4, "scale": 15, "episode_rewards": 8.134022765951194, "episode_std_rewards": 0.006382343649304165, "episode_value_ests": 0.7865507098766725, "episode_values": 0.8820918647731796, "episode_td_err": 0.030971428235507584, "episode_avg_len": 791.8932806324111, "episode_std_avg_len": 629.3119968676034, "step_rewards": 0.010271614831048081, "step_value_ests": 0.8216490574916175, "step_values": 0.9430002683906137, "step_td_err": 0.030268554701599}