{"dim0": -0.26666666666666666, "dim1": 0.5333333333333333, "scale": 15, "episode_rewards": 8.082341784215801, "episode_std_rewards": 0.006175916552891492, "episode_value_ests": 0.7343239791688868, "episode_values": 0.8967263131823052, "episode_td_err": 0.03733931692787851, "episode_avg_len": 781.4555984555984, "episode_std_avg_len": 608.5919321847725, "step_rewards": 0.010342675642978368, "step_value_ests": 0.7536608051060335, "step_values": 0.9467987842003021, "step_td_err": 0.03597396425691353}