{"dim0": -0.26666666666666666, "dim1": -0.6666666666666666, "scale": 15, "episode_rewards": 8.409429744420299, "episode_std_rewards": 0.005949984729299013, "episode_value_ests": 0.8062343390117452, "episode_values": 0.9165232497044776, "episode_td_err": 0.16674217789616586, "episode_avg_len": 799.3466135458167, "episode_std_avg_len": 700.8053729072739, "step_rewards": 0.01052037952236635, "step_value_ests": 0.8662910775458567, "step_values": 0.9623169344817859, "step_td_err": 0.1319479952115076}