{"dim0": -0.26666666666666666, "dim1": 0.6666666666666666, "scale": 15, "episode_rewards": 8.072703863539786, "episode_std_rewards": 0.0063044014102406655, "episode_value_ests": 0.7416188557879189, "episode_values": 0.9009091325834014, "episode_td_err": 0.041193383083919836, "episode_avg_len": 764.011320754717, "episode_std_avg_len": 632.5919993231731, "step_rewards": 0.01056620974616618, "step_value_ests": 0.755547826725947, "step_values": 0.972510456497978, "step_td_err": 0.03965423839279327}