{"dim0": -0.26666666666666666, "dim1": -0.2, "scale": 15, "episode_rewards": 8.157726261707452, "episode_std_rewards": 0.006137852474167473, "episode_value_ests": 0.8133007828962373, "episode_values": 0.925072223014208, "episode_td_err": 0.06279256554696568, "episode_avg_len": 769.55, "episode_std_avg_len": 637.5059949944362, "step_rewards": 0.010600644872597561, "step_value_ests": 0.8815413698906063, "step_values": 0.9699964152017421, "step_td_err": 0.04854860888915743}