{"dim0": -0.26666666666666666, "dim1": 1.0, "scale": 15, "episode_rewards": 8.54993782704696, "episode_std_rewards": 0.006887194207286852, "episode_value_ests": 0.6474843021835242, "episode_values": 0.9641248344684665, "episode_td_err": 0.06313598980388979, "episode_avg_len": 782.3359375, "episode_std_avg_len": 616.801550558197, "step_rewards": 0.010928729484636465, "step_value_ests": 0.6500469959365551, "step_values": 1.0034236083844585, "step_td_err": 0.05882122000639962}