{"dim0": -0.26666666666666666, "dim1": 0.13333333333333333, "scale": 15, "episode_rewards": 7.9286154676886165, "episode_std_rewards": 0.006163965306511556, "episode_value_ests": 0.8191375767599675, "episode_values": 0.8643367513045382, "episode_td_err": 0.030344299722872854, "episode_avg_len": 787.086274509804, "episode_std_avg_len": 653.8418772148556, "step_rewards": 0.010073375339477931, "step_value_ests": 0.868208651691216, "step_values": 0.9211681684658984, "step_td_err": 0.027249717935082338}