{"dim0": -0.26666666666666666, "dim1": -0.06666666666666667, "scale": 15, "episode_rewards": 8.215713522179795, "episode_std_rewards": 0.00589159172411331, "episode_value_ests": 0.8247134440623888, "episode_values": 0.9116836341654595, "episode_td_err": 0.0443886070567399, "episode_avg_len": 795.4347826086956, "episode_std_avg_len": 645.9602105182478, "step_rewards": 0.010328582181477742, "step_value_ests": 0.887759760321823, "step_values": 0.9502407039467048, "step_td_err": 0.03626045361528418}