{"dim0": -0.26666666666666666, "dim1": 0.8666666666666667, "scale": 15, "episode_rewards": 8.349807007482436, "episode_std_rewards": 0.006522948108011373, "episode_value_ests": 0.6541862093458725, "episode_values": 0.8995118707206204, "episode_td_err": 0.04940165446378712, "episode_avg_len": 749.625468164794, "episode_std_avg_len": 628.1243482022935, "step_rewards": 0.011138638376206897, "step_value_ests": 0.6829797637835611, "step_values": 1.0266177395866931, "step_td_err": 0.048284217864244104}