{"dim0": -0.26666666666666666, "dim1": -0.7333333333333333, "scale": 15, "episode_rewards": 8.719839283044902, "episode_std_rewards": 0.005835038813345118, "episode_value_ests": 0.8271072857322985, "episode_values": 0.9611617894700311, "episode_td_err": 0.1835732376577337, "episode_avg_len": 832.8921161825726, "episode_std_avg_len": 652.0329052455157, "step_rewards": 0.010469350247917925, "step_value_ests": 0.8897821668203469, "step_values": 0.9602291958408494, "step_td_err": 0.14591317753105718}