{"dim0": -0.26666666666666666, "dim1": 0.06666666666666667, "scale": 15, "episode_rewards": 8.38439966708775, "episode_std_rewards": 0.006715089417784267, "episode_value_ests": 0.8099048458242258, "episode_values": 0.9274674090737868, "episode_td_err": 0.0347824959855375, "episode_avg_len": 794.4229249011858, "episode_std_avg_len": 625.8458300194304, "step_rewards": 0.010554075674654837, "step_value_ests": 0.8628882843160983, "step_values": 0.9703682814201798, "step_td_err": 0.030265938741044104}