{"dim0": -0.26666666666666666, "dim1": -0.6, "scale": 15, "episode_rewards": 8.223394236509405, "episode_std_rewards": 0.006086459048017605, "episode_value_ests": 0.768805708519247, "episode_values": 0.9579538303187413, "episode_td_err": 0.14391191509202833, "episode_avg_len": 773.046332046332, "episode_std_avg_len": 573.2779937211978, "step_rewards": 0.01063764731247252, "step_value_ests": 0.8487208724651988, "step_values": 0.9714347474527018, "step_td_err": 0.11542733506626722}