{"dim0": -0.26666666666666666, "dim1": -0.8666666666666667, "scale": 15, "episode_rewards": 7.988090333731278, "episode_std_rewards": 0.005541627322474157, "episode_value_ests": 0.7164595417631697, "episode_values": 0.8920056408706065, "episode_td_err": 0.2692533506148334, "episode_avg_len": 794.703557312253, "episode_std_avg_len": 641.2490490844975, "step_rewards": 0.010051660471670215, "step_value_ests": 0.7289288938485362, "step_values": 0.9215131028810599, "step_td_err": 0.2225793879405806}