{"dim0": -0.26666666666666666, "dim1": -0.4, "scale": 15, "episode_rewards": 8.102222964619145, "episode_std_rewards": 0.006419026506987831, "episode_value_ests": 0.8297275680115311, "episode_values": 0.897640665835053, "episode_td_err": 0.0872463388119188, "episode_avg_len": 761.2727272727273, "episode_std_avg_len": 643.4369137557085, "step_rewards": 0.010642996490424002, "step_value_ests": 0.9124108995168698, "step_values": 0.9750454091787214, "step_td_err": 0.06717928402157623}