{"dim0": -0.26666666666666666, "dim1": -0.3333333333333333, "scale": 15, "episode_rewards": 8.9986172693391, "episode_std_rewards": 0.0064564439527348, "episode_value_ests": 0.8241052926267625, "episode_values": 1.0016214181974827, "episode_td_err": 0.07432276306536317, "episode_avg_len": 808.0846774193549, "episode_std_avg_len": 630.6555831862017, "step_rewards": 0.011135735549492761, "step_value_ests": 0.8880120095646383, "step_values": 1.0248418109109945, "step_td_err": 0.05776610182720202}