{"dim0": -0.26666666666666666, "dim1": 0.4666666666666667, "scale": 15, "episode_rewards": 8.109850264123445, "episode_std_rewards": 0.006073407677780287, "episode_value_ests": 0.7472449672062945, "episode_values": 0.9205326476613575, "episode_td_err": 0.03353929890745593, "episode_avg_len": 745.2066420664206, "episode_std_avg_len": 600.8166349942154, "step_rewards": 0.010882686501069336, "step_value_ests": 0.7832542746791448, "step_values": 0.9987302420092821, "step_td_err": 0.03325315230747527}