{"dim0": -0.26666666666666666, "dim1": -0.4666666666666667, "scale": 15, "episode_rewards": 8.115305516088434, "episode_std_rewards": 0.006182101233167552, "episode_value_ests": 0.7933446857667023, "episode_values": 0.9076120981396063, "episode_td_err": 0.10243260453516172, "episode_avg_len": 791.4782608695652, "episode_std_avg_len": 618.0254517522528, "step_rewards": 0.010253352387938583, "step_value_ests": 0.8758058219587872, "step_values": 0.9398923912304168, "step_td_err": 0.07738473011393071}