{"dim0": -0.3333333333333333, "dim1": 0.8, "scale": 15, "episode_rewards": 7.954409056879774, "episode_std_rewards": 0.006242770559260753, "episode_value_ests": 0.7160191348052231, "episode_values": 0.8956141773380389, "episode_td_err": 0.04742290045537737, "episode_avg_len": 749.5204460966543, "episode_std_avg_len": 597.8097356728381, "step_rewards": 0.010612664535443525, "step_value_ests": 0.7264039411232218, "step_values": 0.9721284855424689, "step_td_err": 0.045922407383658895}