{"dim0": -0.3333333333333333, "dim1": 0.8666666666666667, "scale": 15, "episode_rewards": 8.112585671954282, "episode_std_rewards": 0.006537445306516456, "episode_value_ests": 0.6845555270617911, "episode_values": 0.917808293398109, "episode_td_err": 0.05066934911937735, "episode_avg_len": 760.5133079847909, "episode_std_avg_len": 585.9147918930015, "step_rewards": 0.010667250114861266, "step_value_ests": 0.6968658019081486, "step_values": 0.9812059119872043, "step_td_err": 0.04937171574896421}