{"dim0": -0.3333333333333333, "dim1": 0.5333333333333333, "scale": 15, "episode_rewards": 7.888376744893881, "episode_std_rewards": 0.006234038278117702, "episode_value_ests": 0.7238539044807337, "episode_values": 0.8617605431615031, "episode_td_err": 0.03670335541573417, "episode_avg_len": 771.0653846153846, "episode_std_avg_len": 638.1928750188708, "step_rewards": 0.010230490049593765, "step_value_ests": 0.7664322380655855, "step_values": 0.9421596678294326, "step_td_err": 0.036832929738128635}