{"dim0": -0.3333333333333333, "dim1": -0.06666666666666667, "scale": 15, "episode_rewards": 8.163468384172813, "episode_std_rewards": 0.0062942978801621115, "episode_value_ests": 0.7940073243446208, "episode_values": 0.9238076396465821, "episode_td_err": 0.04781872646029255, "episode_avg_len": 797.4183266932271, "episode_std_avg_len": 605.2393062512241, "step_rewards": 0.010237372419098363, "step_value_ests": 0.8556948043220725, "step_values": 0.9398095266806125, "step_td_err": 0.0383108920354096}