{"dim0": -0.3333333333333333, "dim1": -0.5333333333333333, "scale": 15, "episode_rewards": 8.655876070143206, "episode_std_rewards": 0.005968436529489477, "episode_value_ests": 0.6939612592160682, "episode_values": 1.0061469512238108, "episode_td_err": 0.15050100343279832, "episode_avg_len": 790.9525691699605, "episode_std_avg_len": 624.6706307805758, "step_rewards": 0.010943609525444533, "step_value_ests": 0.7576150767618243, "step_values": 0.9995836836818763, "step_td_err": 0.1188324621593389}