{"dim0": -0.3333333333333333, "dim1": -0.7333333333333333, "scale": 15, "episode_rewards": 7.899795830014195, "episode_std_rewards": 0.005693633406199933, "episode_value_ests": 0.7047322194129526, "episode_values": 0.8575763930518139, "episode_td_err": 0.21762238678306475, "episode_avg_len": 793.5256916996047, "episode_std_avg_len": 659.7668742755428, "step_rewards": 0.009955311986300152, "step_value_ests": 0.7552622304962753, "step_values": 0.9113899703071048, "step_td_err": 0.17468738464991065}