{"dim0": -0.3333333333333333, "dim1": 0.6666666666666666, "scale": 15, "episode_rewards": 8.063716873582804, "episode_std_rewards": 0.0058439499745776185, "episode_value_ests": 0.7209266481861074, "episode_values": 0.9037513919132238, "episode_td_err": 0.04235519405730456, "episode_avg_len": 755.5962264150943, "episode_std_avg_len": 616.9568095834751, "step_rewards": 0.010671991986832555, "step_value_ests": 0.7450061166010072, "step_values": 0.978521406615569, "step_td_err": 0.041423022393022396}