{"dim0": -0.3333333333333333, "dim1": -0.2, "scale": 15, "episode_rewards": 7.876815633256306, "episode_std_rewards": 0.005673353724878376, "episode_value_ests": 0.7997470370502143, "episode_values": 0.8420592103873263, "episode_td_err": 0.06296869268634267, "episode_avg_len": 777.3139534883721, "episode_std_avg_len": 634.3896583666142, "step_rewards": 0.010133377379766972, "step_value_ests": 0.8640762487353779, "step_values": 0.930244794688594, "step_td_err": 0.04979617574136204}