{"dim0": -0.3333333333333333, "dim1": 0.2, "scale": 15, "episode_rewards": 8.211516348915247, "episode_std_rewards": 0.005992220401032415, "episode_value_ests": 0.7659651668186364, "episode_values": 0.9170653311924499, "episode_td_err": 0.034519856054769024, "episode_avg_len": 766.6145038167939, "episode_std_avg_len": 614.8466887195002, "step_rewards": 0.010711402286327784, "step_value_ests": 0.8183032481576993, "step_values": 0.9814376207312036, "step_td_err": 0.032318296692021395}