{"dim0": -0.3333333333333333, "dim1": 0.7333333333333333, "scale": 15, "episode_rewards": 7.984544641541359, "episode_std_rewards": 0.0058712039555814735, "episode_value_ests": 0.715064838618795, "episode_values": 0.929925259051335, "episode_td_err": 0.047847974004482194, "episode_avg_len": 752.6052631578947, "episode_std_avg_len": 571.2083536508985, "step_rewards": 0.010609206488988134, "step_value_ests": 0.7166046160910804, "step_values": 0.9723601195998186, "step_td_err": 0.0454191544073343}