{"dim0": -0.3333333333333333, "dim1": -0.8, "scale": 15, "episode_rewards": 8.428394226410129, "episode_std_rewards": 0.005534397005422584, "episode_value_ests": 0.7014614689134202, "episode_values": 0.9415980054991513, "episode_td_err": 0.2638276898187872, "episode_avg_len": 811.336032388664, "episode_std_avg_len": 618.3323828372809, "step_rewards": 0.010388290289038432, "step_value_ests": 0.745388963616652, "step_values": 0.95249580640177, "step_td_err": 0.2173029711256834}