{"dim0": -0.3333333333333333, "dim1": -0.9333333333333333, "scale": 15, "episode_rewards": 8.171542470374805, "episode_std_rewards": 0.005747436950783766, "episode_value_ests": 0.7400097555983933, "episode_values": 0.9535073397813357, "episode_td_err": 0.37169070691870437, "episode_avg_len": 749.3071161048689, "episode_std_avg_len": 551.8506312063475, "step_rewards": 0.010905464921850763, "step_value_ests": 0.7900381555424049, "step_values": 0.995666120411683, "step_td_err": 0.3099351840485372}