{"dim0": -0.3333333333333333, "dim1": 0.3333333333333333, "scale": 15, "episode_rewards": 7.976713852688835, "episode_std_rewards": 0.006261599267486937, "episode_value_ests": 0.7577750736638388, "episode_values": 0.8980658336656517, "episode_td_err": 0.034726708314444396, "episode_avg_len": 740.2915129151291, "episode_std_avg_len": 583.7831636651505, "step_rewards": 0.01077509834102789, "step_value_ests": 0.8105715563103609, "step_values": 0.989596794761886, "step_td_err": 0.03358467907383525}