{"dim0": -0.3333333333333333, "dim1": 0.9333333333333333, "scale": 15, "episode_rewards": 8.17903186494654, "episode_std_rewards": 0.006159033240664567, "episode_value_ests": 0.677027370274535, "episode_values": 0.9691384203600546, "episode_td_err": 0.05620668261214608, "episode_avg_len": 731.1636363636363, "episode_std_avg_len": 545.9664846069304, "step_rewards": 0.011186321991646184, "step_value_ests": 0.6730536697506971, "step_values": 1.0267508554103404, "step_td_err": 0.054251194912889426}