{"dim0": -0.3333333333333333, "dim1": -1.0, "scale": 15, "episode_rewards": 8.193363117155178, "episode_std_rewards": 0.005566137541473706, "episode_value_ests": 0.8206101311855223, "episode_values": 0.941846521405375, "episode_td_err": 0.4203733966379394, "episode_avg_len": 775.2519379844962, "episode_std_avg_len": 578.1101683587741, "step_rewards": 0.010568645772697229, "step_value_ests": 0.8248525046031346, "step_values": 0.9634004434727496, "step_td_err": 0.3544456526523549}