{"dim0": -0.3333333333333333, "dim1": -0.3333333333333333, "scale": 15, "episode_rewards": 8.03760340809822, "episode_std_rewards": 0.0062765974705220485, "episode_value_ests": 0.7577451934239379, "episode_values": 0.8686715019847816, "episode_td_err": 0.08619517378422792, "episode_avg_len": 783.01171875, "episode_std_avg_len": 625.2631975967568, "step_rewards": 0.010264984821593031, "step_value_ests": 0.8402097701698852, "step_values": 0.9443683695554698, "step_td_err": 0.06519864940105992}