{"dim0": -0.3333333333333333, "dim1": 0.0, "scale": 15, "episode_rewards": 8.329628409105839, "episode_std_rewards": 0.006088940941483994, "episode_value_ests": 0.7633549257321834, "episode_values": 0.9691034638381575, "episode_td_err": 0.04813563578613707, "episode_avg_len": 773.1467181467182, "episode_std_avg_len": 575.7125731567567, "step_rewards": 0.010773671042764674, "step_value_ests": 0.8136762771526632, "step_values": 0.9877937115394948, "step_td_err": 0.03941149768546963}