{"dim0": -0.3333333333333333, "dim1": -0.4666666666666667, "scale": 15, "episode_rewards": 8.430768210411072, "episode_std_rewards": 0.006263300832113054, "episode_value_ests": 0.8104793255121843, "episode_values": 0.9109242136827316, "episode_td_err": 0.1080424784696466, "episode_avg_len": 802.484, "episode_std_avg_len": 611.4349300980441, "step_rewards": 0.01050583963095971, "step_value_ests": 0.8929149298234785, "step_values": 0.9617934197101812, "step_td_err": 0.08327545653819458}