{"dim0": -0.3333333333333333, "dim1": 0.4666666666666667, "scale": 15, "episode_rewards": 8.467840204257092, "episode_std_rewards": 0.006716175907194015, "episode_value_ests": 0.7027889123486536, "episode_values": 0.9461720969406692, "episode_td_err": 0.035100034668165574, "episode_avg_len": 765.324427480916, "episode_std_avg_len": 597.5563259524084, "step_rewards": 0.011064379889361684, "step_value_ests": 0.7466371254751575, "step_values": 1.0156548959403142, "step_td_err": 0.034662110436398746}