{"dim0": -0.3333333333333333, "dim1": -0.6, "scale": 15, "episode_rewards": 7.853127072294395, "episode_std_rewards": 0.005763219394621062, "episode_value_ests": 0.6909000311470486, "episode_values": 0.8712227531855278, "episode_td_err": 0.17008365200456615, "episode_avg_len": 798.7330677290837, "episode_std_avg_len": 646.6761017232594, "step_rewards": 0.009831979405362542, "step_value_ests": 0.7618460551563292, "step_values": 0.8966446036025819, "step_td_err": 0.12875912311069257}