{"dim0": -0.3333333333333333, "dim1": 0.6, "scale": 15, "episode_rewards": 8.187950505713237, "episode_std_rewards": 0.006063367307030906, "episode_value_ests": 0.7455833933738439, "episode_values": 0.8996272740807333, "episode_td_err": 0.039409312295336375, "episode_avg_len": 773.4247104247104, "episode_std_avg_len": 622.3793901916587, "step_rewards": 0.010586616118351056, "step_value_ests": 0.7591263263084859, "step_values": 0.9698950800672917, "step_td_err": 0.038034624046619676}