{"dim0": -0.3333333333333333, "dim1": 0.4, "scale": 15, "episode_rewards": 8.270205933896323, "episode_std_rewards": 0.006251480059532523, "episode_value_ests": 0.8071472152041914, "episode_values": 0.8845273690948288, "episode_td_err": 0.03212954835000784, "episode_avg_len": 795.2460317460317, "episode_std_avg_len": 643.4846440183538, "step_rewards": 0.010399556368408863, "step_value_ests": 0.8423085172633258, "step_values": 0.9548205482636611, "step_td_err": 0.030910383204203844}