{"dim0": -0.3333333333333333, "dim1": 0.13333333333333333, "scale": 15, "episode_rewards": 8.306855648142811, "episode_std_rewards": 0.0061538077501160655, "episode_value_ests": 0.7846714472697917, "episode_values": 0.8751534252760022, "episode_td_err": 0.035099457379202656, "episode_avg_len": 827.6008230452675, "episode_std_avg_len": 694.8208884275194, "step_rewards": 0.010037273304751715, "step_value_ests": 0.8170227653294436, "step_values": 0.9244908658557778, "step_td_err": 0.030246489011560723}