{"dim0": -0.3333333333333333, "dim1": -0.4, "scale": 15, "episode_rewards": 8.112654379501196, "episode_std_rewards": 0.006582918144558834, "episode_value_ests": 0.7293423864127402, "episode_values": 0.9347511154184551, "episode_td_err": 0.10750519696058515, "episode_avg_len": 767.3141762452108, "episode_std_avg_len": 603.6988612598093, "step_rewards": 0.010572793557913667, "step_value_ests": 0.8139573822899739, "step_values": 0.9687682946867254, "step_td_err": 0.08249947252474407}