{"dim0": -0.4, "dim1": 0.2, "scale": 15, "episode_rewards": 8.352668752112697, "episode_std_rewards": 0.006138534341873247, "episode_value_ests": 0.8107570393764502, "episode_values": 0.9496879112213141, "episode_td_err": 0.0355479548765656, "episode_avg_len": 809.7137096774194, "episode_std_avg_len": 659.3488866511975, "step_rewards": 0.010315582720515259, "step_value_ests": 0.833922569630821, "step_values": 0.9451517432778468, "step_td_err": 0.031937360075599726}