{"dim0": -0.4, "dim1": -0.3333333333333333, "scale": 15, "episode_rewards": 7.725844730481957, "episode_std_rewards": 0.0060821676737179845, "episode_value_ests": 0.7012728009937417, "episode_values": 0.8839563377466435, "episode_td_err": 0.10578405765348112, "episode_avg_len": 764.2121212121212, "episode_std_avg_len": 603.2456473653145, "step_rewards": 0.010109555339462492, "step_value_ests": 0.7807596602215008, "step_values": 0.9229479961593025, "step_td_err": 0.08013117491157265}