{"dim0": -0.4, "dim1": -0.13333333333333333, "scale": 15, "episode_rewards": 8.248980860807459, "episode_std_rewards": 0.006343449218698337, "episode_value_ests": 0.788630935494512, "episode_values": 0.9136653895399645, "episode_td_err": 0.06214123965071704, "episode_avg_len": 817.5183673469388, "episode_std_avg_len": 660.7427211405296, "step_rewards": 0.010090269760638603, "step_value_ests": 0.8549957969237288, "step_values": 0.924631810294604, "step_td_err": 0.04689093533559891}