{"dim0": -0.4, "dim1": -0.4666666666666667, "scale": 15, "episode_rewards": 8.45800753736496, "episode_std_rewards": 0.005961026958830058, "episode_value_ests": 0.7452094883984084, "episode_values": 0.9236396164916048, "episode_td_err": 0.13652359962142374, "episode_avg_len": 802.888, "episode_std_avg_len": 635.5681202325995, "step_rewards": 0.010534479949089985, "step_value_ests": 0.8201315305400692, "step_values": 0.9648039463308623, "step_td_err": 0.10349029423782352}