{"dim0": -0.4, "dim1": 0.26666666666666666, "scale": 15, "episode_rewards": 8.475602341651916, "episode_std_rewards": 0.0063496319023933975, "episode_value_ests": 0.7784530635696446, "episode_values": 0.921148207953883, "episode_td_err": 0.0363245925937957, "episode_avg_len": 800.544, "episode_std_avg_len": 637.5709529644524, "step_rewards": 0.010587303560643658, "step_value_ests": 0.8291445793527682, "step_values": 0.9715870151916725, "step_td_err": 0.03385744785199493}