{"dim0": -0.4, "dim1": 0.4, "scale": 15, "episode_rewards": 8.224528838799694, "episode_std_rewards": 0.006327543883227939, "episode_value_ests": 0.7506017306121129, "episode_values": 0.924580775172058, "episode_td_err": 0.03807936058750276, "episode_avg_len": 789.507874015748, "episode_std_avg_len": 639.1919772621271, "step_rewards": 0.010417285386865746, "step_value_ests": 0.7690891472108315, "step_values": 0.9569384091776098, "step_td_err": 0.03574153535907135}