{"dim0": -0.4, "dim1": 0.6666666666666666, "scale": 15, "episode_rewards": 8.006418489839927, "episode_std_rewards": 0.006189665291522484, "episode_value_ests": 0.7370967687554537, "episode_values": 0.9085799166115276, "episode_td_err": 0.04528546069499959, "episode_avg_len": 797.7529880478088, "episode_std_avg_len": 628.1223479585931, "step_rewards": 0.010036212474029752, "step_value_ests": 0.7252387038343914, "step_values": 0.9198519831838264, "step_td_err": 0.04152358431821996}