{"dim0": -0.4, "dim1": 0.3333333333333333, "scale": 15, "episode_rewards": 8.368850060288898, "episode_std_rewards": 0.006297815485838778, "episode_value_ests": 0.7414969170947558, "episode_values": 0.9373871899144561, "episode_td_err": 0.03657491316261368, "episode_avg_len": 766.1406844106464, "episode_std_avg_len": 618.3625125587212, "step_rewards": 0.010923385522499218, "step_value_ests": 0.802413027065815, "step_values": 1.0040583760433726, "step_td_err": 0.035359280967849814}