{"dim0": -0.4, "dim1": -0.2, "scale": 15, "episode_rewards": 8.30895052345014, "episode_std_rewards": 0.006204339615054924, "episode_value_ests": 0.7620472160868168, "episode_values": 0.9177932865351618, "episode_td_err": 0.07176676332490622, "episode_avg_len": 858.695278969957, "episode_std_avg_len": 735.9051982376279, "step_rewards": 0.009676250384673237, "step_value_ests": 0.8236352439148096, "step_values": 0.8875212517615519, "step_td_err": 0.05298604634834376}