{"dim0": -0.4, "dim1": -0.6666666666666666, "scale": 15, "episode_rewards": 8.307055555966746, "episode_std_rewards": 0.005947366517224656, "episode_value_ests": 0.7849929811046088, "episode_values": 0.9547417338762029, "episode_td_err": 0.22356295651819075, "episode_avg_len": 798.1633466135459, "episode_std_avg_len": 632.9139978673011, "step_rewards": 0.010407713648104729, "step_value_ests": 0.8397990983063752, "step_values": 0.9498363179831083, "step_td_err": 0.1721392363410911}