{"dim0": -0.4, "dim1": -1.0, "scale": 15, "episode_rewards": 8.597483579128507, "episode_std_rewards": 0.005901238082513407, "episode_value_ests": 0.7007105221162608, "episode_values": 0.95112623515741, "episode_td_err": 0.48702967072955644, "episode_avg_len": 793.7420634920635, "episode_std_avg_len": 661.0150150604935, "step_rewards": 0.010831583677578999, "step_value_ests": 0.7102839601999307, "step_values": 0.9927057993063693, "step_td_err": 0.40492891538804915}