{"dim0": -0.4, "dim1": -0.6, "scale": 15, "episode_rewards": 8.404938659600672, "episode_std_rewards": 0.005666203147358952, "episode_value_ests": 0.7929702342709264, "episode_values": 0.9453090824802476, "episode_td_err": 0.17045758604583885, "episode_avg_len": 811.5403225806451, "episode_std_avg_len": 657.1537282612326, "step_rewards": 0.010356772702154241, "step_value_ests": 0.8542957902165661, "step_values": 0.9427781423455157, "step_td_err": 0.13093115055791926}