{"dim0": -0.4, "dim1": -0.4, "scale": 15, "episode_rewards": 8.128027185620997, "episode_std_rewards": 0.006150404889771819, "episode_value_ests": 0.7033212751568813, "episode_values": 0.8818236019583992, "episode_td_err": 0.11477814081488562, "episode_avg_len": 791.1857707509881, "episode_std_avg_len": 659.4352664421035, "step_rewards": 0.010273222150982227, "step_value_ests": 0.7593421134999199, "step_values": 0.9436540418902157, "step_td_err": 0.09048539177930139}