{"dim0": -0.4, "dim1": 0.9333333333333333, "scale": 15, "episode_rewards": 7.956516558226523, "episode_std_rewards": 0.006023886280432172, "episode_value_ests": 0.6376955898516193, "episode_values": 0.8706829188518069, "episode_td_err": 0.0561892029423583, "episode_avg_len": 764.0760456273764, "episode_std_avg_len": 587.6635844712862, "step_rewards": 0.010413252193626217, "step_value_ests": 0.6550286056305079, "step_values": 0.9590661039870804, "step_td_err": 0.055666801655373264}