{"dim0": -0.4, "dim1": 0.0, "scale": 15, "episode_rewards": 8.474751126667686, "episode_std_rewards": 0.006035614803717541, "episode_value_ests": 0.7499145877477569, "episode_values": 0.900174668568126, "episode_td_err": 0.0487885433307858, "episode_avg_len": 829.5702479338843, "episode_std_avg_len": 716.7184438186699, "step_rewards": 0.01021583301447319, "step_value_ests": 0.8011433055363872, "step_values": 0.9370379208027256, "step_td_err": 0.03951198898536003}