{"dim0": -0.4, "dim1": 0.6, "scale": 15, "episode_rewards": 8.151236297080876, "episode_std_rewards": 0.006173297927440621, "episode_value_ests": 0.7187001692864304, "episode_values": 0.9184379649899679, "episode_td_err": 0.04074228569970856, "episode_avg_len": 775.2393822393823, "episode_std_avg_len": 592.4475089020559, "step_rewards": 0.010514476539536657, "step_value_ests": 0.7486282194611734, "step_values": 0.9654092620634828, "step_td_err": 0.03945459127994074}