{"dim0": -0.4, "dim1": 0.8, "scale": 15, "episode_rewards": 8.198788075642073, "episode_std_rewards": 0.006196461131798616, "episode_value_ests": 0.6853851047755904, "episode_values": 0.9648369511248636, "episode_td_err": 0.05191382062672238, "episode_avg_len": 745.3308550185874, "episode_std_avg_len": 587.2932098422203, "step_rewards": 0.011000199469050034, "step_value_ests": 0.683227747548219, "step_values": 1.0078271758587076, "step_td_err": 0.049718410605068535}