{"dim0": -0.4, "dim1": 0.13333333333333333, "scale": 15, "episode_rewards": 8.275023640155792, "episode_std_rewards": 0.0062316188997765575, "episode_value_ests": 0.7930538533466847, "episode_values": 0.9153985931489969, "episode_td_err": 0.04107122843374513, "episode_avg_len": 801.296, "episode_std_avg_len": 645.4061421957495, "step_rewards": 0.010327049729632736, "step_value_ests": 0.8428450246367264, "step_values": 0.949099705479034, "step_td_err": 0.03599711110649552}