{"dim0": -0.4, "dim1": -0.8666666666666667, "scale": 15, "episode_rewards": 8.223584385588765, "episode_std_rewards": 0.005897941383705911, "episode_value_ests": 0.735289997619411, "episode_values": 0.9257148385877949, "episode_td_err": 0.3550306725611747, "episode_avg_len": 785.33203125, "episode_std_avg_len": 612.2187580628341, "step_rewards": 0.010471474558982934, "step_value_ests": 0.8022915434127953, "step_values": 0.9554788741817892, "step_td_err": 0.28949003144917845}