{"dim0": -0.4, "dim1": -0.26666666666666666, "scale": 15, "episode_rewards": 7.787648283266554, "episode_std_rewards": 0.006574932072799914, "episode_value_ests": 0.8296080728031122, "episode_values": 0.8765829836307335, "episode_td_err": 0.07961908119876697, "episode_avg_len": 784.4823529411765, "episode_std_avg_len": 615.3608463797553, "step_rewards": 0.0099271172309602, "step_value_ests": 0.9107504810466185, "step_values": 0.9095018776589633, "step_td_err": 0.06000278351147191}