{"dim0": -0.4, "dim1": 0.8666666666666667, "scale": 15, "episode_rewards": 8.289963834016703, "episode_std_rewards": 0.00657476509604487, "episode_value_ests": 0.6196499921321341, "episode_values": 0.9049118167960153, "episode_td_err": 0.05158060848974944, "episode_avg_len": 792.0661478599221, "episode_std_avg_len": 679.2902220267799, "step_rewards": 0.01046625191142848, "step_value_ests": 0.6315261769640972, "step_values": 0.9621182838525697, "step_td_err": 0.04961194944947557}