{"dim0": -0.4, "dim1": 0.7333333333333333, "scale": 15, "episode_rewards": 8.304717514250013, "episode_std_rewards": 0.006425638836521153, "episode_value_ests": 0.7049659615788337, "episode_values": 0.9260095727439653, "episode_td_err": 0.047285511367622095, "episode_avg_len": 745.3962962962963, "episode_std_avg_len": 594.8312446533993, "step_rewards": 0.011141345289095553, "step_value_ests": 0.7248876250233579, "step_values": 1.0251956061103953, "step_td_err": 0.0465781462165681}