{"dim0": -0.4, "dim1": 0.06666666666666667, "scale": 15, "episode_rewards": 8.11952116744209, "episode_std_rewards": 0.0063717506505701375, "episode_value_ests": 0.7515009193816202, "episode_values": 0.9120054530121015, "episode_td_err": 0.04448759939012431, "episode_avg_len": 767.5152671755725, "episode_std_avg_len": 592.6388632936565, "step_rewards": 0.010578970236411874, "step_value_ests": 0.7888917028065123, "step_values": 0.9709395335408122, "step_td_err": 0.03912111459278926}