{"dim0": -0.4, "dim1": 1.0, "scale": 15, "episode_rewards": 7.8776398664130305, "episode_std_rewards": 0.006173079170063346, "episode_value_ests": 0.6455146100871983, "episode_values": 0.8818385941680805, "episode_td_err": 0.06336106451102885, "episode_avg_len": 753.7067669172932, "episode_std_avg_len": 583.026202766311, "step_rewards": 0.01045186299525087, "step_value_ests": 0.6398385791447957, "step_values": 0.9613389504435099, "step_td_err": 0.06089637201374297}