{"dim0": -0.4, "dim1": -0.8, "scale": 15, "episode_rewards": 8.149337750578683, "episode_std_rewards": 0.005955750862764831, "episode_value_ests": 0.6453629610858471, "episode_values": 0.930254191063275, "episode_td_err": 0.2893338458464379, "episode_avg_len": 794.0, "episode_std_avg_len": 594.4215141698157, "step_rewards": 0.010263649559922775, "step_value_ests": 0.6772796641649476, "step_values": 0.9396689468879309, "step_td_err": 0.2410963589785951}