{"dim0": -0.4, "dim1": 0.5333333333333333, "scale": 15, "episode_rewards": 8.119287179066585, "episode_std_rewards": 0.006559873519270545, "episode_value_ests": 0.7424614094026748, "episode_values": 0.9100126747963325, "episode_td_err": 0.03990610531165825, "episode_avg_len": 775.126923076923, "episode_std_avg_len": 689.0781936525459, "step_rewards": 0.01047478411256376, "step_value_ests": 0.7543804026673363, "step_values": 0.9607740072955715, "step_td_err": 0.03816797120885166}