{"dim0": -0.4, "dim1": -0.9333333333333333, "scale": 15, "episode_rewards": 8.004912861282863, "episode_std_rewards": 0.005733953916733176, "episode_value_ests": 0.8852775049855728, "episode_values": 0.8595141704510899, "episode_td_err": 0.3727365971629387, "episode_avg_len": 794.5277777777778, "episode_std_avg_len": 627.8979191297282, "step_rewards": 0.010075057266936444, "step_value_ests": 0.9135401131559592, "step_values": 0.9242032605236271, "step_td_err": 0.3083359192724212}