{"dim0": -0.4, "dim1": -0.06666666666666667, "scale": 15, "episode_rewards": 8.16312394656387, "episode_std_rewards": 0.006209923767461812, "episode_value_ests": 0.8076080877216109, "episode_values": 0.9187945803906319, "episode_td_err": 0.0504074333268972, "episode_avg_len": 786.1607843137255, "episode_std_avg_len": 671.1663491758593, "step_rewards": 0.010383529819144848, "step_value_ests": 0.8649031852763356, "step_values": 0.9528637273544831, "step_td_err": 0.04068045544648294}