{"dim0": -0.4, "dim1": -0.5333333333333333, "scale": 15, "episode_rewards": 8.001361349597573, "episode_std_rewards": 0.005742745910402967, "episode_value_ests": 0.8418140650164001, "episode_values": 0.9215311392744783, "episode_td_err": 0.1424054266979705, "episode_avg_len": 783.21484375, "episode_std_avg_len": 632.2287436607996, "step_rewards": 0.010216049163837842, "step_value_ests": 0.9317476589622096, "step_values": 0.9333679491110576, "step_td_err": 0.10828774430370341}