{"dim0": -0.4, "dim1": -0.7333333333333333, "scale": 15, "episode_rewards": 8.313761147585781, "episode_std_rewards": 0.005748819203698773, "episode_value_ests": 0.7453999262033864, "episode_values": 0.9292967849904208, "episode_td_err": 0.22762769577232528, "episode_avg_len": 793.2569169960474, "episode_std_avg_len": 607.4754937408038, "step_rewards": 0.01048054037658925, "step_value_ests": 0.8053590195250688, "step_values": 0.9601366727814931, "step_td_err": 0.18480459807480681}