{"dim0": -0.4666666666666667, "dim1": -0.7333333333333333, "scale": 15, "episode_rewards": 8.371215672856833, "episode_std_rewards": 0.005717077463909427, "episode_value_ests": 0.7696745153501519, "episode_values": 0.8875700284458111, "episode_td_err": 0.26813924166049147, "episode_avg_len": 808.1365461847389, "episode_std_avg_len": 629.7009533040958, "step_rewards": 0.010358664896888829, "step_value_ests": 0.8252182951200713, "step_values": 0.9509345472643068, "step_td_err": 0.22021131608674327}