{"dim0": -0.4666666666666667, "dim1": 0.6, "scale": 15, "episode_rewards": 7.774895325931096, "episode_std_rewards": 0.00657363689005127, "episode_value_ests": 0.6816168386600511, "episode_values": 0.8744627897585093, "episode_td_err": 0.044487573550055566, "episode_avg_len": 768.1685823754789, "episode_std_avg_len": 638.8486368267409, "step_rewards": 0.010121339904175807, "step_value_ests": 0.7066047830790181, "step_values": 0.9286806661094343, "step_td_err": 0.04304931888461525}