{"dim0": -0.4666666666666667, "dim1": 0.2, "scale": 15, "episode_rewards": 8.37886797315706, "episode_std_rewards": 0.006234161974327336, "episode_value_ests": 0.7651651513692126, "episode_values": 0.9157534977866496, "episode_td_err": 0.04185586493663317, "episode_avg_len": 814.349593495935, "episode_std_avg_len": 628.2167235661013, "step_rewards": 0.01028903070631776, "step_value_ests": 0.8107071037089459, "step_values": 0.9468493340489033, "step_td_err": 0.03678265344707167}