{"dim0": -0.4666666666666667, "dim1": 0.26666666666666666, "scale": 15, "episode_rewards": 8.000644872507712, "episode_std_rewards": 0.006118267146107551, "episode_value_ests": 0.7105025111745874, "episode_values": 0.8514292041030247, "episode_td_err": 0.039995524853209063, "episode_avg_len": 788.7007874015748, "episode_std_avg_len": 641.9564684012574, "step_rewards": 0.010144081254015667, "step_value_ests": 0.7797872312909679, "step_values": 0.9341046051683605, "step_td_err": 0.037792262392014705}