{"dim0": -0.4666666666666667, "dim1": -0.26666666666666666, "scale": 15, "episode_rewards": 8.209090506016967, "episode_std_rewards": 0.0063706828634855295, "episode_value_ests": 0.8206672761628598, "episode_values": 0.8972576935723553, "episode_td_err": 0.08663926742889225, "episode_avg_len": 814.6234817813765, "episode_std_avg_len": 653.8142030272705, "step_rewards": 0.01007715919023811, "step_value_ests": 0.8872274549782685, "step_values": 0.9249073336106397, "step_td_err": 0.06409024592938725}