{"dim0": -0.4666666666666667, "dim1": -0.4666666666666667, "scale": 15, "episode_rewards": 8.095687822485523, "episode_std_rewards": 0.0058653550162114316, "episode_value_ests": 0.7633240725594891, "episode_values": 0.8999733219556388, "episode_td_err": 0.14262768156619002, "episode_avg_len": 781.1776061776062, "episode_std_avg_len": 628.6292553300538, "step_rewards": 0.010363440731613742, "step_value_ests": 0.8343987608135638, "step_values": 0.9502708473459904, "step_td_err": 0.11120647651086565}