{"dim0": -0.4666666666666667, "dim1": -0.5333333333333333, "scale": 15, "episode_rewards": 8.08065413701825, "episode_std_rewards": 0.005996064694506122, "episode_value_ests": 0.765369864040014, "episode_values": 0.8749464780216353, "episode_td_err": 0.1596346166523578, "episode_avg_len": 814.0447154471544, "episode_std_avg_len": 669.29452152032, "step_rewards": 0.009926548239527051, "step_value_ests": 0.8207975049976145, "step_values": 0.9095417765010699, "step_td_err": 0.12581156084128886}