{"dim0": -0.4666666666666667, "dim1": 0.4666666666666667, "scale": 15, "episode_rewards": 7.7210757220841915, "episode_std_rewards": 0.006232205717670066, "episode_value_ests": 0.7086788609618198, "episode_values": 0.8564072310014886, "episode_td_err": 0.03977501958863945, "episode_avg_len": 768.4291187739464, "episode_std_avg_len": 621.8453132691889, "step_rewards": 0.010047869781930464, "step_value_ests": 0.7520416631895583, "step_values": 0.9233487988030427, "step_td_err": 0.03910693221937883}