{"dim0": -0.4666666666666667, "dim1": -0.13333333333333333, "scale": 15, "episode_rewards": 7.899935793145863, "episode_std_rewards": 0.005903637005502405, "episode_value_ests": 0.7557778681325464, "episode_values": 0.8962969448985852, "episode_td_err": 0.06683853744943069, "episode_avg_len": 768.7777777777778, "episode_std_avg_len": 600.5257374544852, "step_rewards": 0.010275967934428785, "step_value_ests": 0.8204186034077734, "step_values": 0.9392222932323406, "step_td_err": 0.05346764974418697}