{"dim0": -0.4666666666666667, "dim1": 0.13333333333333333, "scale": 15, "episode_rewards": 7.9355996152148744, "episode_std_rewards": 0.005984222781802248, "episode_value_ests": 0.7914956109947668, "episode_values": 0.9160752214186669, "episode_td_err": 0.045462044192564104, "episode_avg_len": 777.2084942084942, "episode_std_avg_len": 650.9462395030907, "step_rewards": 0.010210387141093272, "step_value_ests": 0.8290177132862842, "step_values": 0.9353809742535212, "step_td_err": 0.038910918958176416}