{"dim0": -0.4666666666666667, "dim1": -0.8666666666666667, "scale": 15, "episode_rewards": 8.114430588919943, "episode_std_rewards": 0.005846358390008372, "episode_value_ests": 0.7357597920434228, "episode_values": 0.8856533359194981, "episode_td_err": 0.353923453713017, "episode_avg_len": 817.959349593496, "episode_std_avg_len": 702.0730846811629, "step_rewards": 0.009920334785527665, "step_value_ests": 0.7535524067844649, "step_values": 0.9088160710530295, "step_td_err": 0.2894191045782145}