{"dim0": -0.4666666666666667, "dim1": -0.2, "scale": 15, "episode_rewards": 8.157152227764055, "episode_std_rewards": 0.0061667277913264, "episode_value_ests": 0.7328803333157486, "episode_values": 0.9136979868632749, "episode_td_err": 0.08239505360697946, "episode_avg_len": 790.1259842519685, "episode_std_avg_len": 626.5929682876244, "step_rewards": 0.010323862764096576, "step_value_ests": 0.7912254641801862, "step_values": 0.9503024183180899, "step_td_err": 0.0627491479032736}