{"dim0": -0.4666666666666667, "dim1": 0.06666666666666667, "scale": 15, "episode_rewards": 8.263690911143659, "episode_std_rewards": 0.006269299671611192, "episode_value_ests": 0.7355944630413105, "episode_values": 0.8933302309093648, "episode_td_err": 0.04766574843550869, "episode_avg_len": 805.3895582329317, "episode_std_avg_len": 616.5160997544439, "step_rewards": 0.010260489258483366, "step_value_ests": 0.8012321638814885, "step_values": 0.9420342235242498, "step_td_err": 0.0409988709766676}