{"dim0": -0.4666666666666667, "dim1": -0.9333333333333333, "scale": 15, "episode_rewards": 8.530688492978205, "episode_std_rewards": 0.006024930266030255, "episode_value_ests": 0.716526711247151, "episode_values": 0.9668098128008117, "episode_td_err": 0.46161612850918804, "episode_avg_len": 819.9590163934427, "episode_std_avg_len": 661.676929457331, "step_rewards": 0.010403798631912242, "step_value_ests": 0.7290771871749704, "step_values": 0.9508621867200341, "step_td_err": 0.37662825024431396}