{"dim0": -0.4666666666666667, "dim1": 0.0, "scale": 15, "episode_rewards": 8.087046095173621, "episode_std_rewards": 0.006352333279267876, "episode_value_ests": 0.7374589452311635, "episode_values": 0.8862481142435062, "episode_td_err": 0.05267282786480282, "episode_avg_len": 760.5361216730038, "episode_std_avg_len": 630.3088427813627, "step_rewards": 0.010633349113496395, "step_value_ests": 0.800855558738376, "step_values": 0.9751075504019998, "step_td_err": 0.043788926365353455}