{"dim0": -0.4666666666666667, "dim1": -0.6, "scale": 15, "episode_rewards": 8.537728172302247, "episode_std_rewards": 0.006187990671450472, "episode_value_ests": 0.6763033285586143, "episode_values": 0.997672036116502, "episode_td_err": 0.20078986293822182, "episode_avg_len": 800.476, "episode_std_avg_len": 596.3486240648166, "step_rewards": 0.010665814056014479, "step_value_ests": 0.732564400901317, "step_values": 0.9762041147234748, "step_td_err": 0.15898592825151592}