{"dim0": -0.4666666666666667, "dim1": 0.6666666666666666, "scale": 15, "episode_rewards": 8.149921527700535, "episode_std_rewards": 0.006239979353664078, "episode_value_ests": 0.7098190005282198, "episode_values": 0.902931457705669, "episode_td_err": 0.04577297783020304, "episode_avg_len": 773.3552123552123, "episode_std_avg_len": 631.3240096007073, "step_rewards": 0.010538393480119413, "step_value_ests": 0.7392019588492803, "step_values": 0.9673590857440462, "step_td_err": 0.04481102974978123}