{"dim0": -0.4666666666666667, "dim1": 0.8666666666666667, "scale": 15, "episode_rewards": 8.059222927001807, "episode_std_rewards": 0.005895425267938047, "episode_value_ests": 0.6362866205695894, "episode_values": 0.8642196363675044, "episode_td_err": 0.05639171426988796, "episode_avg_len": 771.8076923076923, "episode_std_avg_len": 642.4705991016704, "step_rewards": 0.010442009074702096, "step_value_ests": 0.658140426591427, "step_values": 0.959160981334625, "step_td_err": 0.055262658813598514}