{"dim0": -0.4666666666666667, "dim1": 1.0, "scale": 15, "episode_rewards": 8.16384471145295, "episode_std_rewards": 0.006508206461533337, "episode_value_ests": 0.6091210657738604, "episode_values": 0.8779281476984145, "episode_td_err": 0.0621760931951473, "episode_avg_len": 772.8549618320611, "episode_std_avg_len": 608.7291118680669, "step_rewards": 0.010563229990916365, "step_value_ests": 0.6221318861900746, "step_values": 0.9760738337007641, "step_td_err": 0.05998077429125214}