{"dim0": -0.4666666666666667, "dim1": -0.06666666666666667, "scale": 15, "episode_rewards": 8.034702801566327, "episode_std_rewards": 0.006261833439309023, "episode_value_ests": 0.8176046463025731, "episode_values": 0.8897009483670644, "episode_td_err": 0.05845345145851654, "episode_avg_len": 775.1196911196911, "episode_std_avg_len": 606.2360846297756, "step_rewards": 0.010365757564434828, "step_value_ests": 0.8684760421480572, "step_values": 0.9541355071747568, "step_td_err": 0.04684130577885774}