{"dim0": -0.4666666666666667, "dim1": 0.8, "scale": 15, "episode_rewards": 8.171192565467209, "episode_std_rewards": 0.00585668257677987, "episode_value_ests": 0.651058466402411, "episode_values": 0.86554466265136, "episode_td_err": 0.049113877484017035, "episode_avg_len": 791.23828125, "episode_std_avg_len": 675.9799901833603, "step_rewards": 0.010327094579597868, "step_value_ests": 0.6839809584317909, "step_values": 0.9517427968870731, "step_td_err": 0.04895337232804653}