{"dim0": -0.4666666666666667, "dim1": -0.6666666666666666, "scale": 15, "episode_rewards": 8.477746067343983, "episode_std_rewards": 0.005829392786096243, "episode_value_ests": 0.7285518224064359, "episode_values": 0.9612078135003053, "episode_td_err": 0.21238436462754356, "episode_avg_len": 781.6147859922179, "episode_std_avg_len": 606.978825981545, "step_rewards": 0.010846450475705805, "step_value_ests": 0.779777165085374, "step_values": 0.9938443825605572, "step_td_err": 0.17115853844522183}