{"dim0": -0.4666666666666667, "dim1": -0.4, "scale": 15, "episode_rewards": 8.313499139156193, "episode_std_rewards": 0.006061996285043823, "episode_value_ests": 0.7062795028352349, "episode_values": 0.9304988450089964, "episode_td_err": 0.12673482812746614, "episode_avg_len": 781.55078125, "episode_std_avg_len": 598.4031463372036, "step_rewards": 0.010637183582440687, "step_value_ests": 0.7758273828175504, "step_values": 0.9749797111382884, "step_td_err": 0.09813298701305474}