{"dim0": -0.4666666666666667, "dim1": 0.9333333333333333, "scale": 15, "episode_rewards": 8.021271457797603, "episode_std_rewards": 0.0062879398119276165, "episode_value_ests": 0.6519998510357439, "episode_values": 0.8899230370543262, "episode_td_err": 0.06038981397362228, "episode_avg_len": 754.9736842105264, "episode_std_avg_len": 596.0564413395484, "step_rewards": 0.010624570929495935, "step_value_ests": 0.6533239205285302, "step_values": 0.9755435670750852, "step_td_err": 0.05895410498660239}