{"dim0": -0.4666666666666667, "dim1": -0.8, "scale": 15, "episode_rewards": 8.28124205303192, "episode_std_rewards": 0.0061252408383754425, "episode_value_ests": 0.7934021683800689, "episode_values": 0.8949380087008767, "episode_td_err": 0.3201340825297666, "episode_avg_len": 803.208, "episode_std_avg_len": 639.163469494307, "step_rewards": 0.010310208629684866, "step_value_ests": 0.8582836632232596, "step_values": 0.945443130318682, "step_td_err": 0.2584527692749043}