{"dim0": -0.4666666666666667, "dim1": 0.4, "scale": 15, "episode_rewards": 8.225304548880633, "episode_std_rewards": 0.006341896894507078, "episode_value_ests": 0.7659758545772171, "episode_values": 0.8796249209344725, "episode_td_err": 0.04010866847334543, "episode_avg_len": 786.1686274509804, "episode_std_avg_len": 640.7698364697645, "step_rewards": 0.010462519441344029, "step_value_ests": 0.7981834064383967, "step_values": 0.9598411642568994, "step_td_err": 0.03863970833720709}