{"dim0": -0.4666666666666667, "dim1": 0.3333333333333333, "scale": 15, "episode_rewards": 7.986306476038556, "episode_std_rewards": 0.00645715923778462, "episode_value_ests": 0.7414312600052728, "episode_values": 0.8824415632706548, "episode_td_err": 0.040222011914223935, "episode_avg_len": 779.3449612403101, "episode_std_avg_len": 615.3789917460319, "step_rewards": 0.010247460204693602, "step_value_ests": 0.7867687679108264, "step_values": 0.9393398895837237, "step_td_err": 0.03838987226004012}