{"dim0": -0.5333333333333333, "dim1": -0.06666666666666667, "scale": 15, "episode_rewards": 8.301161640272365, "episode_std_rewards": 0.006234426624333122, "episode_value_ests": 0.7053839520318185, "episode_values": 0.8916114119964197, "episode_td_err": 0.06923803266396128, "episode_avg_len": 789.7362204724409, "episode_std_avg_len": 628.2004461150127, "step_rewards": 0.01051130925121605, "step_value_ests": 0.7782470507949357, "step_values": 0.9677733627971994, "step_td_err": 0.056437868755492476}