{"dim0": -0.5333333333333333, "dim1": 0.0, "scale": 15, "episode_rewards": 8.333562381653918, "episode_std_rewards": 0.006489640510518004, "episode_value_ests": 0.7138771278073128, "episode_values": 0.8807416548853384, "episode_td_err": 0.06275232870293745, "episode_avg_len": 795.6166007905139, "episode_std_avg_len": 646.3161704115726, "step_rewards": 0.010474344518922561, "step_value_ests": 0.7685481664741438, "step_values": 0.9624165269949193, "step_td_err": 0.05156444320097235}