{"dim0": -0.5333333333333333, "dim1": 0.6, "scale": 15, "episode_rewards": 7.976253786793461, "episode_std_rewards": 0.006315832390114493, "episode_value_ests": 0.6753208208437943, "episode_values": 0.9102902927247679, "episode_td_err": 0.04697087785620182, "episode_avg_len": 741.9888888888889, "episode_std_avg_len": 598.9854662388998, "step_rewards": 0.010749829150053333, "step_value_ests": 0.7145168930147273, "step_values": 0.9847006508686357, "step_td_err": 0.04637045677034024}