{"dim0": -0.5333333333333333, "dim1": 0.5333333333333333, "scale": 15, "episode_rewards": 8.176035035825244, "episode_std_rewards": 0.006233433323839245, "episode_value_ests": 0.6865079415511426, "episode_values": 0.8934534529687107, "episode_td_err": 0.044837415663917274, "episode_avg_len": 784.8078431372548, "episode_std_avg_len": 642.2132978524231, "step_rewards": 0.010417881405391788, "step_value_ests": 0.7208976397543446, "step_values": 0.9557581130407579, "step_td_err": 0.04342758020824174}