{"dim0": -0.5333333333333333, "dim1": -0.7333333333333333, "scale": 15, "episode_rewards": 7.9047291035922065, "episode_std_rewards": 0.006386869435667718, "episode_value_ests": 0.7428166784040319, "episode_values": 0.9181711281882335, "episode_td_err": 0.3068390480039058, "episode_avg_len": 756.222641509434, "episode_std_avg_len": 564.2381200265856, "step_rewards": 0.010452912501818547, "step_value_ests": 0.7869252149622961, "step_values": 0.9555899627050088, "step_td_err": 0.24636263026568392}