{"dim0": -0.5333333333333333, "dim1": 0.9333333333333333, "scale": 15, "episode_rewards": 8.194924999927652, "episode_std_rewards": 0.006555663334956244, "episode_value_ests": 0.5909018761491469, "episode_values": 0.8775880311529288, "episode_td_err": 0.05869695378500947, "episode_avg_len": 767.0344827586207, "episode_std_avg_len": 652.6546694729807, "step_rewards": 0.010683906896147361, "step_value_ests": 0.6021273695478984, "step_values": 0.9843570613842525, "step_td_err": 0.05755009047303802}