{"dim0": -0.5333333333333333, "dim1": -0.3333333333333333, "scale": 15, "episode_rewards": 8.308525199556165, "episode_std_rewards": 0.006152466794336157, "episode_value_ests": 0.6570052340065696, "episode_values": 0.943112118559436, "episode_td_err": 0.13023770357265652, "episode_avg_len": 778.2918287937744, "episode_std_avg_len": 610.6785124558214, "step_rewards": 0.01067533397136268, "step_value_ests": 0.7358621591246688, "step_values": 0.9755861727966465, "step_td_err": 0.1006108412009814}