{"dim0": -0.5333333333333333, "dim1": 1.0, "scale": 15, "episode_rewards": 7.857272724459942, "episode_std_rewards": 0.005945729770582135, "episode_value_ests": 0.5965001167618603, "episode_values": 0.9185380994871803, "episode_td_err": 0.0681262759632826, "episode_avg_len": 752.0563909774436, "episode_std_avg_len": 627.9740433136521, "step_rewards": 0.010447717509916892, "step_value_ests": 0.5976202283420095, "step_values": 0.9535264692494275, "step_td_err": 0.06494930561292046}