{"dim0": -0.5333333333333333, "dim1": -0.9333333333333333, "scale": 15, "episode_rewards": 8.157651518273541, "episode_std_rewards": 0.005432694151649184, "episode_value_ests": 0.7425997338651958, "episode_values": 0.9145029049981344, "episode_td_err": 0.4980353259724236, "episode_avg_len": 796.2165354330708, "episode_std_avg_len": 625.7283664222656, "step_rewards": 0.010245518844740528, "step_value_ests": 0.767839817473173, "step_values": 0.9353568593899848, "step_td_err": 0.40923438847069965}