{"dim0": -0.5333333333333333, "dim1": -0.6, "scale": 15, "episode_rewards": 8.449284704590616, "episode_std_rewards": 0.005743760489698582, "episode_value_ests": 0.7160101534435892, "episode_values": 0.914486303469059, "episode_td_err": 0.21525459269296773, "episode_avg_len": 811.2064777327935, "episode_std_avg_len": 614.2689953615536, "step_rewards": 0.010415701719006439, "step_value_ests": 0.767998780374234, "step_values": 0.9549398026709126, "step_td_err": 0.1753562259176967}