{"dim0": -0.5333333333333333, "dim1": -0.8666666666666667, "scale": 15, "episode_rewards": 8.30038364759215, "episode_std_rewards": 0.005873109893650248, "episode_value_ests": 0.6849475964589161, "episode_values": 0.9592057326473293, "episode_td_err": 0.40680522103765476, "episode_avg_len": 780.5175097276265, "episode_std_avg_len": 654.4404987658747, "step_rewards": 0.010634461807895504, "step_value_ests": 0.7127946958347597, "step_values": 0.9688692312034973, "step_td_err": 0.33221818687644855}