{"dim0": -0.5333333333333333, "dim1": -0.26666666666666666, "scale": 15, "episode_rewards": 7.880285613890384, "episode_std_rewards": 0.00620848259120417, "episode_value_ests": 0.7067591204087788, "episode_values": 0.8675482099864599, "episode_td_err": 0.10818549311471226, "episode_avg_len": 760.8707224334601, "episode_std_avg_len": 597.2139995295479, "step_rewards": 0.010356931054840965, "step_value_ests": 0.7917156193288163, "step_values": 0.9501632063944213, "step_td_err": 0.08386074949232164}