{"dim0": -0.5333333333333333, "dim1": 0.8666666666666667, "scale": 15, "episode_rewards": 7.96195320552215, "episode_std_rewards": 0.005995216815223176, "episode_value_ests": 0.619371402084978, "episode_values": 0.8684143793728458, "episode_td_err": 0.057672420132234524, "episode_avg_len": 783.30078125, "episode_std_avg_len": 637.2052009552258, "step_rewards": 0.010164617980868571, "step_value_ests": 0.6341448775061165, "step_values": 0.936536024554938, "step_td_err": 0.05700578368923718}