{"dim0": -0.5333333333333333, "dim1": -0.4, "scale": 15, "episode_rewards": 8.097992765102461, "episode_std_rewards": 0.006115078280362502, "episode_value_ests": 0.7397534837739084, "episode_values": 0.9571398946271871, "episode_td_err": 0.13639095607416152, "episode_avg_len": 791.7391304347826, "episode_std_avg_len": 695.8030160076987, "step_rewards": 0.010228107281568184, "step_value_ests": 0.7775860207268885, "step_values": 0.9354576878351752, "step_td_err": 0.10596529114200649}