{"dim0": -0.5333333333333333, "dim1": -0.2, "scale": 15, "episode_rewards": 8.223951644955143, "episode_std_rewards": 0.0060169776374083515, "episode_value_ests": 0.7597280570986377, "episode_values": 0.9030148145947046, "episode_td_err": 0.08948343789497262, "episode_avg_len": 813.1653225806451, "episode_std_avg_len": 661.2919790375595, "step_rewards": 0.010113505109706074, "step_value_ests": 0.8233265858051759, "step_values": 0.9230858945824242, "step_td_err": 0.06869161601214145}