{"dim0": -0.5333333333333333, "dim1": 0.26666666666666666, "scale": 15, "episode_rewards": 7.9717637416453675, "episode_std_rewards": 0.006088142793789889, "episode_value_ests": 0.7842861882662684, "episode_values": 0.9017464422799623, "episode_td_err": 0.044143253183655015, "episode_avg_len": 780.5097276264592, "episode_std_avg_len": 618.5107072974243, "step_rewards": 0.010213535410875161, "step_value_ests": 0.8197349966096614, "step_values": 0.937246256454398, "step_td_err": 0.04044502914772687}