{"dim0": -0.5333333333333333, "dim1": -0.6666666666666666, "scale": 15, "episode_rewards": 8.451316479166506, "episode_std_rewards": 0.006028098977254764, "episode_value_ests": 0.7283064742338315, "episode_values": 0.9390972231764997, "episode_td_err": 0.2534693986294397, "episode_avg_len": 797.7075098814229, "episode_std_avg_len": 620.7874584749019, "step_rewards": 0.01059450534748353, "step_value_ests": 0.7994265188785779, "step_values": 0.970257955880888, "step_td_err": 0.20213704616090372}