{"dim0": -0.5333333333333333, "dim1": 0.06666666666666667, "scale": 15, "episode_rewards": 8.28596769802032, "episode_std_rewards": 0.0060602588751074455, "episode_value_ests": 0.7440576744113077, "episode_values": 0.9055217820747841, "episode_td_err": 0.05521339815149466, "episode_avg_len": 813.2459677419355, "episode_std_avg_len": 636.3449434705324, "step_rewards": 0.010188759645531592, "step_value_ests": 0.7825293020318557, "step_values": 0.9359838642924524, "step_td_err": 0.047098978647534005}