{"dim0": -0.5333333333333333, "dim1": 0.3333333333333333, "scale": 15, "episode_rewards": 8.086123386390595, "episode_std_rewards": 0.005876773136801794, "episode_value_ests": 0.7456356979307069, "episode_values": 0.8948323810748441, "episode_td_err": 0.043476941569022653, "episode_avg_len": 791.2094861660079, "episode_std_avg_len": 633.5762972957502, "step_rewards": 0.010219952525561609, "step_value_ests": 0.7823692988721643, "step_values": 0.9354210469612325, "step_td_err": 0.040419075228987716}