{"dim0": -0.5333333333333333, "dim1": -0.13333333333333333, "scale": 15, "episode_rewards": 8.323336037678446, "episode_std_rewards": 0.006083394893454984, "episode_value_ests": 0.7143396795162742, "episode_values": 0.8972195744108379, "episode_td_err": 0.07674240832327714, "episode_avg_len": 814.9349593495934, "episode_std_avg_len": 686.8863912386827, "step_rewards": 0.01021349733765425, "step_value_ests": 0.7894425562876132, "step_values": 0.9370360558750483, "step_td_err": 0.05937044799014553}