{"dim0": -0.5333333333333333, "dim1": -0.8, "scale": 15, "episode_rewards": 8.407828691843394, "episode_std_rewards": 0.005943214489220065, "episode_value_ests": 0.6531807623455106, "episode_values": 0.9528176139370322, "episode_td_err": 0.37606338186069216, "episode_avg_len": 772.7992277992278, "episode_std_avg_len": 598.9904942485948, "step_rewards": 0.010879706383489991, "step_value_ests": 0.6800796663770482, "step_values": 0.9937117063017366, "step_td_err": 0.3102614820898975}