{"dim0": -0.5333333333333333, "dim1": 0.13333333333333333, "scale": 15, "episode_rewards": 8.231169411393463, "episode_std_rewards": 0.006293795618977518, "episode_value_ests": 0.7331974147075063, "episode_values": 0.9292051390457078, "episode_td_err": 0.051357641390100406, "episode_avg_len": 822.0040983606557, "episode_std_avg_len": 702.5913306126513, "step_rewards": 0.010013538165818271, "step_value_ests": 0.7623096051686871, "step_values": 0.9205480621361293, "step_td_err": 0.044610044939913905}