{"dim0": -0.5333333333333333, "dim1": 0.4, "scale": 15, "episode_rewards": 8.303805833816527, "episode_std_rewards": 0.0064053715723857785, "episode_value_ests": 0.7396352040542967, "episode_values": 0.9044519080071891, "episode_td_err": 0.04343662589157989, "episode_avg_len": 800.692, "episode_std_avg_len": 626.713131453299, "step_rewards": 0.010370786561894621, "step_value_ests": 0.7695135257048339, "step_values": 0.9535344645816018, "step_td_err": 0.04143334343078707}