{"dim0": -0.5333333333333333, "dim1": 0.7333333333333333, "scale": 15, "episode_rewards": 8.05661555524108, "episode_std_rewards": 0.005890591045963538, "episode_value_ests": 0.6773025137932696, "episode_values": 0.9285207486426271, "episode_td_err": 0.05235988281510383, "episode_avg_len": 760.958174904943, "episode_std_avg_len": 612.1582667070744, "step_rewards": 0.010587461730399957, "step_value_ests": 0.6817360750947419, "step_values": 0.971323302877178, "step_td_err": 0.05065506185221856}