{"dim0": -0.5333333333333333, "dim1": -1.0, "scale": 15, "episode_rewards": 8.333109016064554, "episode_std_rewards": 0.005827889541282199, "episode_value_ests": 0.7427446283806545, "episode_values": 0.9289418159312947, "episode_td_err": 0.594408792614096, "episode_avg_len": 782.9765625, "episode_std_avg_len": 580.5355348841133, "step_rewards": 0.010642858822564761, "step_value_ests": 0.7355447808410815, "step_values": 0.9748841715671652, "step_td_err": 0.5076707576854191}