{"dim0": -0.5333333333333333, "dim1": 0.8, "scale": 15, "episode_rewards": 8.31620367719577, "episode_std_rewards": 0.006350202905320208, "episode_value_ests": 0.6292965951406376, "episode_values": 0.9132584197796685, "episode_td_err": 0.053002309939935405, "episode_avg_len": 772.1, "episode_std_avg_len": 607.7794178558787, "step_rewards": 0.010770889363030396, "step_value_ests": 0.6751691914029101, "step_values": 0.9907090124159571, "step_td_err": 0.05370809025570816}