{"dim0": -0.6, "dim1": 0.4666666666666667, "scale": 15, "episode_rewards": 8.434381615836173, "episode_std_rewards": 0.006183306902051018, "episode_value_ests": 0.6776811485257934, "episode_values": 0.9515643045712946, "episode_td_err": 0.049963628371845537, "episode_avg_len": 782.97265625, "episode_std_avg_len": 613.4537243415915, "step_rewards": 0.010772255644574015, "step_value_ests": 0.7265652381413844, "step_values": 0.9896225676610819, "step_td_err": 0.04843202628960163}