{"dim0": -0.6, "dim1": -0.4, "scale": 15, "episode_rewards": 8.350560201383104, "episode_std_rewards": 0.006443743708713951, "episode_value_ests": 0.7011492148380968, "episode_values": 0.9250436674558683, "episode_td_err": 0.1549643486873256, "episode_avg_len": 784.5843137254902, "episode_std_avg_len": 626.2965404795766, "step_rewards": 0.010643292320912743, "step_value_ests": 0.7737391725850825, "step_values": 0.9716030266168049, "step_td_err": 0.11857930024306239}