{"dim0": -0.6, "dim1": -0.2, "scale": 15, "episode_rewards": 8.034078501405254, "episode_std_rewards": 0.00603039719849991, "episode_value_ests": 0.7429775566636612, "episode_values": 0.88913916478368, "episode_td_err": 0.09646937083655616, "episode_avg_len": 808.3064516129032, "episode_std_avg_len": 655.4260148377684, "step_rewards": 0.009939396729265205, "step_value_ests": 0.810707268115857, "step_values": 0.9113164781358047, "step_td_err": 0.07213147166152153}