{"dim0": -0.6, "dim1": 0.9333333333333333, "scale": 15, "episode_rewards": 7.978141988240756, "episode_std_rewards": 0.006061513506369326, "episode_value_ests": 0.6214774835749132, "episode_values": 0.8887240246955058, "episode_td_err": 0.06526863251224096, "episode_avg_len": 773.9230769230769, "episode_std_avg_len": 608.5753428532855, "step_rewards": 0.010308701505529254, "step_value_ests": 0.6192862938320717, "step_values": 0.9476492708997343, "step_td_err": 0.06323827826242955}