{"dim0": -0.6, "dim1": 0.8666666666666667, "scale": 15, "episode_rewards": 7.760856901154374, "episode_std_rewards": 0.006186509624701667, "episode_value_ests": 0.6242980363349879, "episode_values": 0.8680431642801331, "episode_td_err": 0.058973173895070924, "episode_avg_len": 759.1742424242424, "episode_std_avg_len": 581.895465935198, "step_rewards": 0.010222761083637299, "step_value_ests": 0.647168356537919, "step_values": 0.9397746287173181, "step_td_err": 0.0590742433846001}