{"dim0": -0.6, "dim1": 0.26666666666666666, "scale": 15, "episode_rewards": 8.12824186267131, "episode_std_rewards": 0.006542280263714298, "episode_value_ests": 0.748313662239235, "episode_values": 0.8817917014809812, "episode_td_err": 0.04947799329188007, "episode_avg_len": 800.2908366533865, "episode_std_avg_len": 611.1170158386258, "step_rewards": 0.010156609935284973, "step_value_ests": 0.7910356112230659, "step_values": 0.9327609625550616, "step_td_err": 0.0449871414996519}