{"dim0": -0.6, "dim1": 0.2, "scale": 15, "episode_rewards": 8.104964794635773, "episode_std_rewards": 0.006510861001312703, "episode_value_ests": 0.7227725147760091, "episode_values": 0.9003243533114257, "episode_td_err": 0.05281393246252646, "episode_avg_len": 800.28, "episode_std_avg_len": 653.0527892904217, "step_rewards": 0.010127661311835573, "step_value_ests": 0.7699767648839323, "step_values": 0.9305303381823541, "step_td_err": 0.046827837202165205}