{"dim0": -0.6, "dim1": -0.6, "scale": 15, "episode_rewards": 8.149422675602196, "episode_std_rewards": 0.006185479079168774, "episode_value_ests": 0.6867020894780753, "episode_values": 0.9651485715131927, "episode_td_err": 0.2427475389198758, "episode_avg_len": 775.8217054263566, "episode_std_avg_len": 592.4508542678227, "step_rewards": 0.010504246811609429, "step_value_ests": 0.7521350035191476, "step_values": 0.9589523670271036, "step_td_err": 0.20016268195687856}