{"dim0": -0.6, "dim1": 0.4, "scale": 15, "episode_rewards": 8.086506413088905, "episode_std_rewards": 0.006094768630860243, "episode_value_ests": 0.676200597439187, "episode_values": 0.8953834944462745, "episode_td_err": 0.05141781634272816, "episode_avg_len": 793.7857142857143, "episode_std_avg_len": 629.4037063047882, "step_rewards": 0.010187266245230331, "step_value_ests": 0.720953784569788, "step_values": 0.937878951156225, "step_td_err": 0.047985144566894886}