{"dim0": -0.6, "dim1": -0.3333333333333333, "scale": 15, "episode_rewards": 8.4232988937099, "episode_std_rewards": 0.0057977258561315685, "episode_value_ests": 0.7197335912535204, "episode_values": 0.926962039163136, "episode_td_err": 0.12975167342963276, "episode_avg_len": 791.2411067193676, "episode_std_avg_len": 615.6921433519649, "step_rewards": 0.010645679075793292, "step_value_ests": 0.8032958055467042, "step_values": 0.9777652566003863, "step_td_err": 0.10092644319487291}