{"dim0": -0.6, "dim1": -1.0, "scale": 15, "episode_rewards": 8.345857436381854, "episode_std_rewards": 0.005637982563407907, "episode_value_ests": 0.6826015682988238, "episode_values": 0.9607533507388666, "episode_td_err": 0.6828906095956686, "episode_avg_len": 773.876923076923, "episode_std_avg_len": 549.7866721302645, "step_rewards": 0.010784476429661256, "step_value_ests": 0.6325033197144926, "step_values": 0.9856286723711305, "step_td_err": 0.58867551292443}