{"dim0": -0.6, "dim1": 0.3333333333333333, "scale": 15, "episode_rewards": 8.255818213668524, "episode_std_rewards": 0.006133485177139509, "episode_value_ests": 0.7001033079662189, "episode_values": 0.884008624464491, "episode_td_err": 0.04794212898330834, "episode_avg_len": 785.3764705882353, "episode_std_avg_len": 633.3286662123915, "step_rewards": 0.010511924564642278, "step_value_ests": 0.7506116340718431, "step_values": 0.9691123437668456, "step_td_err": 0.04572094000014355}