{"dim0": -0.6, "dim1": -0.6666666666666666, "scale": 15, "episode_rewards": 8.148635610693791, "episode_std_rewards": 0.005636157395069485, "episode_value_ests": 0.6444845985269017, "episode_values": 0.8790616943982822, "episode_td_err": 0.2747454036650993, "episode_avg_len": 826.5655737704918, "episode_std_avg_len": 736.795281393473, "step_rewards": 0.009858426081699333, "step_value_ests": 0.6963944145890685, "step_values": 0.9028632478101771, "step_td_err": 0.2165665273980715}