{"dim0": -0.6, "dim1": -0.8, "scale": 15, "episode_rewards": 8.4404970959807, "episode_std_rewards": 0.005780618678113381, "episode_value_ests": 0.8006052749276571, "episode_values": 0.9845920914648477, "episode_td_err": 0.386855213681882, "episode_avg_len": 772.2857142857143, "episode_std_avg_len": 580.1305167260597, "step_rewards": 0.010929241522727506, "step_value_ests": 0.8332024209427324, "step_values": 0.9970188014272422, "step_td_err": 0.3218119475350219}