{"dim0": -0.6, "dim1": 0.6666666666666666, "scale": 15, "episode_rewards": 7.886105520988074, "episode_std_rewards": 0.006287666639538905, "episode_value_ests": 0.6814782568200811, "episode_values": 0.8656147751327711, "episode_td_err": 0.05176647843330179, "episode_avg_len": 792.0393700787401, "episode_std_avg_len": 687.8093709258849, "step_rewards": 0.009956708995670355, "step_value_ests": 0.6934815165987439, "step_values": 0.9097294432661871, "step_td_err": 0.050646407396207786}