{"dim0": -0.6, "dim1": -0.9333333333333333, "scale": 15, "episode_rewards": 8.047086103518206, "episode_std_rewards": 0.005712273817074146, "episode_value_ests": 0.7416142327731419, "episode_values": 0.9353181248917213, "episode_td_err": 0.5678585196184226, "episode_avg_len": 754.2518796992481, "episode_std_avg_len": 571.6007864873947, "step_rewards": 0.010668963936459684, "step_value_ests": 0.7765340681529843, "step_values": 0.9739209159150926, "step_td_err": 0.4761127478093645}