{"dim0": -0.6, "dim1": 0.06666666666666667, "scale": 15, "episode_rewards": 8.349243902871686, "episode_std_rewards": 0.006054717681621031, "episode_value_ests": 0.7570869536232427, "episode_values": 0.8974946441630723, "episode_td_err": 0.058768763321166324, "episode_avg_len": 807.5241935483871, "episode_std_avg_len": 633.0110260430631, "step_rewards": 0.010339311155723778, "step_value_ests": 0.7970786239100653, "step_values": 0.9503233304220743, "step_td_err": 0.04879967762454443}