{"dim0": -0.6, "dim1": -0.13333333333333333, "scale": 15, "episode_rewards": 8.276417535755474, "episode_std_rewards": 0.006210181585185965, "episode_value_ests": 0.7236453455158938, "episode_values": 0.921434483158706, "episode_td_err": 0.08605034094227232, "episode_avg_len": 792.1778656126482, "episode_std_avg_len": 629.9104742088149, "step_rewards": 0.0104476758251188, "step_value_ests": 0.7927081530674389, "step_values": 0.9597531088648674, "step_td_err": 0.06672633898601975}