{"dim0": -0.6, "dim1": -0.7333333333333333, "scale": 15, "episode_rewards": 7.934288808079653, "episode_std_rewards": 0.005535827550275577, "episode_value_ests": 0.7501080315618464, "episode_values": 0.8854549596711961, "episode_td_err": 0.3121036547157235, "episode_avg_len": 775.9612403100775, "episode_std_avg_len": 605.8072313850847, "step_rewards": 0.010225109703815974, "step_value_ests": 0.7959564458082549, "step_values": 0.9343283300031285, "step_td_err": 0.2558555077459923}