{"dim0": -0.6, "dim1": -0.06666666666666667, "scale": 15, "episode_rewards": 8.431971987259798, "episode_std_rewards": 0.0061379069955199966, "episode_value_ests": 0.7864240716154293, "episode_values": 0.8967674264245143, "episode_td_err": 0.0721593325369129, "episode_avg_len": 867.3620689655172, "episode_std_avg_len": 724.472565537446, "step_rewards": 0.009721398120759901, "step_value_ests": 0.8338861654875972, "step_values": 0.8953718253325962, "step_td_err": 0.05427284440554542}