{"dim0": -0.6, "dim1": -0.8666666666666667, "scale": 15, "episode_rewards": 8.43564727196253, "episode_std_rewards": 0.005646566676495772, "episode_value_ests": 0.7744180357072051, "episode_values": 0.9559084129120983, "episode_td_err": 0.5030591527340925, "episode_avg_len": 811.3293172690763, "episode_std_avg_len": 654.1838994358237, "step_rewards": 0.010397315975659313, "step_value_ests": 0.8287413202623509, "step_values": 0.9517803012525267, "step_td_err": 0.4019198601600303}