{"dim0": -0.6, "dim1": -0.26666666666666666, "scale": 15, "episode_rewards": 7.9722576127602505, "episode_std_rewards": 0.006285235677681293, "episode_value_ests": 0.7352381683547604, "episode_values": 0.8845933539788912, "episode_td_err": 0.11897049867909532, "episode_avg_len": 774.1576923076923, "episode_std_avg_len": 640.3858528401072, "step_rewards": 0.010297976358015238, "step_value_ests": 0.8197339641317027, "step_values": 0.9420905970670385, "step_td_err": 0.08845810682665886}