{"dim0": -0.6, "dim1": 0.8, "scale": 15, "episode_rewards": 7.840683703991904, "episode_std_rewards": 0.006291115717695974, "episode_value_ests": 0.5929761343222307, "episode_values": 0.868394962162554, "episode_td_err": 0.05719700834154029, "episode_avg_len": 750.3619402985074, "episode_std_avg_len": 609.1507419858461, "step_rewards": 0.01044920228879511, "step_value_ests": 0.6176435539063063, "step_values": 0.9633175353172747, "step_td_err": 0.05650108302751826}