{"dim0": -0.6, "dim1": 0.7333333333333333, "scale": 15, "episode_rewards": 8.362489964050676, "episode_std_rewards": 0.006428149258875035, "episode_value_ests": 0.6301051886873295, "episode_values": 0.9447187504839917, "episode_td_err": 0.05543981371116018, "episode_avg_len": 775.9150579150579, "episode_std_avg_len": 617.1935803009984, "step_rewards": 0.010777584322852704, "step_value_ests": 0.6484057543479522, "step_values": 0.9930405638117706, "step_td_err": 0.05365248589806789}