{"dim0": -0.6, "dim1": 0.5333333333333333, "scale": 15, "episode_rewards": 7.918805532882185, "episode_std_rewards": 0.006351423472121829, "episode_value_ests": 0.6712603488982263, "episode_values": 0.8746700856976154, "episode_td_err": 0.04977230462569054, "episode_avg_len": 779.3735408560311, "episode_std_avg_len": 645.8966925987703, "step_rewards": 0.01016047519933061, "step_value_ests": 0.7249413079796239, "step_values": 0.9335340449962384, "step_td_err": 0.04873005722347465}