{"dim0": -0.6, "dim1": 0.0, "scale": 15, "episode_rewards": 7.782051696577145, "episode_std_rewards": 0.006499826217004893, "episode_value_ests": 0.7330097920803893, "episode_values": 0.877342590431207, "episode_td_err": 0.06516058606827867, "episode_avg_len": 768.7099236641221, "episode_std_avg_len": 658.6849087276028, "step_rewards": 0.01012352183445652, "step_value_ests": 0.8238761439043039, "step_values": 0.9300305732562618, "step_td_err": 0.052622277044120126}