{"dim0": -0.6, "dim1": 0.6, "scale": 15, "episode_rewards": 7.876563647713107, "episode_std_rewards": 0.006054019368989762, "episode_value_ests": 0.6491908340552281, "episode_values": 0.8982691946933059, "episode_td_err": 0.05158185176643153, "episode_avg_len": 753.183520599251, "episode_std_avg_len": 594.4853879049923, "step_rewards": 0.010457695146391844, "step_value_ests": 0.6807915119530122, "step_values": 0.9601773035792341, "step_td_err": 0.050690605407895314}