{"dim0": 0.0, "dim1": 0.8666666666666667, "scale": 15, "episode_rewards": 8.213531220820467, "episode_std_rewards": 0.006139111040571819, "episode_value_ests": 0.7237944668418049, "episode_values": 0.9301266323882196, "episode_td_err": 0.05273584412330608, "episode_avg_len": 760.8098859315589, "episode_std_avg_len": 549.6786150344788, "step_rewards": 0.010795773520691792, "step_value_ests": 0.7335478852430397, "step_values": 0.9919468326010555, "step_td_err": 0.04939005602381104}