{"dim0": 0.0, "dim1": 0.0, "scale": 15, "episode_rewards": 8.198362676286886, "episode_std_rewards": 0.0062890845763159025, "episode_value_ests": 0.8624141904990968, "episode_values": 0.9413685817265067, "episode_td_err": 0.02766582295334457, "episode_avg_len": 793.6640316205534, "episode_std_avg_len": 640.1841337224096, "step_rewards": 0.01032976467327989, "step_value_ests": 0.9029334218454623, "step_values": 0.947160781257919, "step_td_err": 0.024735021011340227}