{"dim0": 0.0, "dim1": 0.6666666666666666, "scale": 15, "episode_rewards": 8.086909357211933, "episode_std_rewards": 0.006379828665497337, "episode_value_ests": 0.7799393098378473, "episode_values": 0.9206763355528302, "episode_td_err": 0.038631343455228534, "episode_avg_len": 778.7626459143969, "episode_std_avg_len": 628.6268975695066, "step_rewards": 0.01038430566699377, "step_value_ests": 0.7739466866053663, "step_values": 0.9514485104983182, "step_td_err": 0.03557276983350268}