{"dim0": 0.0, "dim1": 0.5333333333333333, "scale": 15, "episode_rewards": 8.38352041810403, "episode_std_rewards": 0.006175060544756321, "episode_value_ests": 0.814203854329748, "episode_values": 0.9669351019559848, "episode_td_err": 0.03303748651320179, "episode_avg_len": 780.6108949416342, "episode_std_avg_len": 566.5404505066593, "step_rewards": 0.010739691788097399, "step_value_ests": 0.811614129712055, "step_values": 0.983762740997468, "step_td_err": 0.03075801312626625}