{"dim0": 0.0, "dim1": -0.7333333333333333, "scale": 15, "episode_rewards": 8.467292643882132, "episode_std_rewards": 0.006186267421638592, "episode_value_ests": 0.8448048447696908, "episode_values": 0.9792430691087924, "episode_td_err": 0.13029495551818382, "episode_avg_len": 776.5250965250965, "episode_std_avg_len": 594.4207997773987, "step_rewards": 0.010904081119557839, "step_value_ests": 0.9185535328610717, "step_values": 0.9981167653637932, "step_td_err": 0.10999900702773542}