{"dim0": 0.0, "dim1": -0.4666666666666667, "scale": 15, "episode_rewards": 8.553297546602064, "episode_std_rewards": 0.006013206165926456, "episode_value_ests": 0.7792803625411293, "episode_values": 0.9101641952168468, "episode_td_err": 0.07497132776970267, "episode_avg_len": 806.5564516129032, "episode_std_avg_len": 641.4676757805338, "step_rewards": 0.010604710345441653, "step_value_ests": 0.8576765511312021, "step_values": 0.974528301670075, "step_td_err": 0.0629349805398958}