{"dim0": 0.0, "dim1": -0.8666666666666667, "scale": 15, "episode_rewards": 8.303989774227142, "episode_std_rewards": 0.005979936052927451, "episode_value_ests": 0.7504039835553634, "episode_values": 0.8789614715877092, "episode_td_err": 0.19965084563735291, "episode_avg_len": 806.904, "episode_std_avg_len": 672.9993453072597, "step_rewards": 0.010291174382859848, "step_value_ests": 0.8033125250792179, "step_values": 0.9448878616738412, "step_td_err": 0.17120187160680478}