{"dim0": 0.0, "dim1": 0.06666666666666667, "scale": 15, "episode_rewards": 8.339731134474277, "episode_std_rewards": 0.006784258165444457, "episode_value_ests": 0.8277635935019343, "episode_values": 0.9370890341325093, "episode_td_err": 0.02883614049501068, "episode_avg_len": 785.9296875, "episode_std_avg_len": 615.631309404137, "step_rewards": 0.010611294199869855, "step_value_ests": 0.8759573371494072, "step_values": 0.9763523357522753, "step_td_err": 0.026467144497613854}