{"dim0": 0.0, "dim1": -1.0, "scale": 15, "episode_rewards": 8.09606118601157, "episode_std_rewards": 0.005424754274491952, "episode_value_ests": 0.7960816442761413, "episode_values": 0.8893920188096258, "episode_td_err": 0.2898526291519073, "episode_avg_len": 797.0836653386455, "episode_std_avg_len": 619.8681303117678, "step_rewards": 0.010157103373297598, "step_value_ests": 0.8095681218619468, "step_values": 0.9288560723194014, "step_td_err": 0.2485312513555917}