{"dim0": 0.0, "dim1": -0.4, "scale": 15, "episode_rewards": 8.120526767253876, "episode_std_rewards": 0.00595032838411442, "episode_value_ests": 0.8317667699149521, "episode_values": 0.8619352707992568, "episode_td_err": 0.057853470472258556, "episode_avg_len": 805.152, "episode_std_avg_len": 656.3124019062873, "step_rewards": 0.010085706509148428, "step_value_ests": 0.8982617348067725, "step_values": 0.9249981524269733, "step_td_err": 0.049078338440964646}