{"dim0": 0.0, "dim1": 0.7333333333333333, "scale": 15, "episode_rewards": 8.083159490273548, "episode_std_rewards": 0.006271398968520809, "episode_value_ests": 0.7558805913650971, "episode_values": 0.9150626382706312, "episode_td_err": 0.04028316639520257, "episode_avg_len": 771.876923076923, "episode_std_avg_len": 609.8403513074878, "step_rewards": 0.010472083370560884, "step_value_ests": 0.7637040327408418, "step_values": 0.9621742155262645, "step_td_err": 0.03793732715748235}