{"dim0": 0.0, "dim1": -0.6666666666666666, "scale": 15, "episode_rewards": 8.583234082206024, "episode_std_rewards": 0.006602009996509463, "episode_value_ests": 0.8141239030981257, "episode_values": 0.9274673028463836, "episode_td_err": 0.12023061487919116, "episode_avg_len": 837.5899581589958, "episode_std_avg_len": 694.4699848799524, "step_rewards": 0.010247536994201533, "step_value_ests": 0.8920603995602777, "step_values": 0.9384750971412582, "step_td_err": 0.09849615693028237}