{"dim0": 0.0, "dim1": 0.2, "scale": 15, "episode_rewards": 8.339726968245072, "episode_std_rewards": 0.006286332676950544, "episode_value_ests": 0.8097048602631955, "episode_values": 0.9314249331846778, "episode_td_err": 0.024816746546999786, "episode_avg_len": 794.2371541501976, "episode_std_avg_len": 598.0107728706662, "step_rewards": 0.010500298210259693, "step_value_ests": 0.8294432581610472, "step_values": 0.9673321266913734, "step_td_err": 0.02325657934603423}