{"dim0": 0.0, "dim1": 0.13333333333333333, "scale": 15, "episode_rewards": 8.136417473037287, "episode_std_rewards": 0.00613424797877105, "episode_value_ests": 0.857327045767214, "episode_values": 0.9088376319783142, "episode_td_err": 0.024867614825258767, "episode_avg_len": 755.7169811320755, "episode_std_avg_len": 600.6042422006167, "step_rewards": 0.01076648755576302, "step_value_ests": 0.8928879222893843, "step_values": 0.9911734637226688, "step_td_err": 0.024280673557749016}