{"dim0": 0.0, "dim1": 0.26666666666666666, "scale": 15, "episode_rewards": 7.866362253673204, "episode_std_rewards": 0.006160860566889758, "episode_value_ests": 0.7942911713088344, "episode_values": 0.8804548273302889, "episode_td_err": 0.023330906382100905, "episode_avg_len": 764.8435114503817, "episode_std_avg_len": 591.0508257034829, "step_rewards": 0.010284930362756337, "step_value_ests": 0.8354866903458217, "step_values": 0.941056014119959, "step_td_err": 0.02253609739194199}