{"dim0": 0.0, "dim1": -0.3333333333333333, "scale": 15, "episode_rewards": 7.9813732414534595, "episode_std_rewards": 0.00603924023975223, "episode_value_ests": 0.8461044644520194, "episode_values": 0.9327595219859038, "episode_td_err": 0.05884615302431879, "episode_avg_len": 758.0984848484849, "episode_std_avg_len": 583.7877930125223, "step_rewards": 0.010528148256421637, "step_value_ests": 0.8832269811904108, "step_values": 0.9614699345898863, "step_td_err": 0.048354183419043247}