{"dim0": 0.0, "dim1": -0.9333333333333333, "scale": 15, "episode_rewards": 8.56970543420221, "episode_std_rewards": 0.00582497893562543, "episode_value_ests": 0.7900905172862593, "episode_values": 0.9599802359743491, "episode_td_err": 0.2441890652532257, "episode_avg_len": 789.3543307086615, "episode_std_avg_len": 590.6382911606578, "step_rewards": 0.01085660152964329, "step_value_ests": 0.828618174527465, "step_values": 0.9962624696305838, "step_td_err": 0.21045846890718037}