{"dim0": 0.0, "dim1": 0.6, "scale": 15, "episode_rewards": 8.064236208196087, "episode_std_rewards": 0.006047499140825307, "episode_value_ests": 0.7411392344965774, "episode_values": 0.877782555045283, "episode_td_err": 0.03344042322842794, "episode_avg_len": 738.9230769230769, "episode_std_avg_len": 605.7001681661809, "step_rewards": 0.010913498928435263, "step_value_ests": 0.77296745384038, "step_values": 1.0062674838998786, "step_td_err": 0.03304060301837735}