{"dim0": 0.0, "dim1": -0.06666666666666667, "scale": 15, "episode_rewards": 7.960213782713395, "episode_std_rewards": 0.00622182873132454, "episode_value_ests": 0.889703533705151, "episode_values": 0.883842211082333, "episode_td_err": 0.029135840542595565, "episode_avg_len": 776.2868217054264, "episode_std_avg_len": 638.3120023209283, "step_rewards": 0.010254217333260382, "step_value_ests": 0.9460840969324292, "step_values": 0.9422912147097715, "step_td_err": 0.02627615925940805}