{"dim0": 0.0, "dim1": 0.3333333333333333, "scale": 15, "episode_rewards": 8.533451246563345, "episode_std_rewards": 0.0064591694876675165, "episode_value_ests": 0.8215543958308608, "episode_values": 0.9581252496076036, "episode_td_err": 0.025179634130700266, "episode_avg_len": 788.15625, "episode_std_avg_len": 601.7314202768853, "step_rewards": 0.010827105978748941, "step_value_ests": 0.8399159814490543, "step_values": 0.9960844951838884, "step_td_err": 0.023942582375121195}