{"dim0": 0.0, "dim1": -0.5333333333333333, "scale": 15, "episode_rewards": 8.154021359369404, "episode_std_rewards": 0.006264064454825186, "episode_value_ests": 0.8222437522627385, "episode_values": 0.8913356337598549, "episode_td_err": 0.09148836438523679, "episode_avg_len": 821.9713114754098, "episode_std_avg_len": 660.8043744620007, "step_rewards": 0.009920080233376052, "step_value_ests": 0.8711430951323542, "step_values": 0.9056513369597463, "step_td_err": 0.0747927089800266}