{"dim0": 0.0, "dim1": -0.26666666666666666, "scale": 15, "episode_rewards": 8.288658628821844, "episode_std_rewards": 0.006506983969280064, "episode_value_ests": 0.8370115572834571, "episode_values": 0.933531882536789, "episode_td_err": 0.04799269746755903, "episode_avg_len": 792.4189723320158, "episode_std_avg_len": 639.2667971206703, "step_rewards": 0.01045994469873568, "step_value_ests": 0.8944806313977928, "step_values": 0.9597780508128315, "step_td_err": 0.04022702632927032}