{"dim0": 0.0, "dim1": 0.9333333333333333, "scale": 15, "episode_rewards": 7.890963871662433, "episode_std_rewards": 0.00591087177879044, "episode_value_ests": 0.7366042308721791, "episode_values": 0.9110649346299321, "episode_td_err": 0.058350337168443935, "episode_avg_len": 769.7807692307692, "episode_std_avg_len": 634.9723086143998, "step_rewards": 0.010250923622770882, "step_value_ests": 0.7068366526139406, "step_values": 0.9403627784366887, "step_td_err": 0.05185126059101369}