{"dim0": 0.0, "dim1": 0.4, "scale": 15, "episode_rewards": 8.161578879393206, "episode_std_rewards": 0.006111649548645346, "episode_value_ests": 0.8181013985667397, "episode_values": 0.9243165826900902, "episode_td_err": 0.027400812945359124, "episode_avg_len": 773.980694980695, "episode_std_avg_len": 606.477330592883, "step_rewards": 0.010544938565420907, "step_value_ests": 0.8211832690046598, "step_values": 0.966985611841414, "step_td_err": 0.025867499869876614}