{"dim0": 0.0, "dim1": -0.2, "scale": 15, "episode_rewards": 7.76401751947403, "episode_std_rewards": 0.0061560639029915815, "episode_value_ests": 0.8710936770246378, "episode_values": 0.8150758518371451, "episode_td_err": 0.037806010180523666, "episode_avg_len": 801.66, "episode_std_avg_len": 678.3544798997056, "step_rewards": 0.009684925678559527, "step_value_ests": 0.9282641244129191, "step_values": 0.8894403875958533, "step_td_err": 0.03175409045410392}