{"dim0": 0.0, "dim1": 0.4666666666666667, "scale": 15, "episode_rewards": 8.431042131227938, "episode_std_rewards": 0.006014158488531621, "episode_value_ests": 0.7779415164224827, "episode_values": 0.9415460168353015, "episode_td_err": 0.029566021044205793, "episode_avg_len": 792.3833992094861, "episode_std_avg_len": 594.0038121884188, "step_rewards": 0.0106401044489815, "step_value_ests": 0.7878898720820596, "step_values": 0.9753678138172867, "step_td_err": 0.02814095444374873}