{"dim0": 0.06666666666666667, "dim1": 0.2, "scale": 15, "episode_rewards": 7.886113796197591, "episode_std_rewards": 0.006188545470092653, "episode_value_ests": 0.8446384770022952, "episode_values": 0.8777546297626742, "episode_td_err": 0.022990496441535568, "episode_avg_len": 766.7586206896551, "episode_std_avg_len": 622.1668838753803, "step_rewards": 0.010285001802920047, "step_value_ests": 0.8854006636483361, "step_values": 0.9450731634670506, "step_td_err": 0.022439918598226114}