{"dim0": 0.06666666666666667, "dim1": 0.6, "scale": 15, "episode_rewards": 8.01503397990729, "episode_std_rewards": 0.006304656698579896, "episode_value_ests": 0.7971432479839227, "episode_values": 0.9046134749772334, "episode_td_err": 0.03528849324137013, "episode_avg_len": 768.324427480916, "episode_std_avg_len": 613.1415145659395, "step_rewards": 0.010431835424243845, "step_value_ests": 0.7920754747318361, "step_values": 0.9571797701477662, "step_td_err": 0.032844866806993576}