{"dim0": 0.06666666666666667, "dim1": 0.9333333333333333, "scale": 15, "episode_rewards": 8.145611715409183, "episode_std_rewards": 0.006280715781273555, "episode_value_ests": 0.7324066457039748, "episode_values": 0.9114979061328128, "episode_td_err": 0.061742223570449416, "episode_avg_len": 778.0891472868217, "episode_std_avg_len": 603.7874354825212, "step_rewards": 0.010468738375047046, "step_value_ests": 0.7075740839585521, "step_values": 0.9621565523846526, "step_td_err": 0.0552366095081915}