{"dim0": 0.06666666666666667, "dim1": 1.0, "scale": 15, "episode_rewards": 8.126368719226909, "episode_std_rewards": 0.006232844267115788, "episode_value_ests": 0.7276708822245247, "episode_values": 0.9563835223519271, "episode_td_err": 0.07227987307555432, "episode_avg_len": 757.8264150943396, "episode_std_avg_len": 573.5885318157474, "step_rewards": 0.01072325872702033, "step_value_ests": 0.6857680225438694, "step_values": 0.9838407943544145, "step_td_err": 0.06272382138082669}