{"dim0": 0.06666666666666667, "dim1": 0.8666666666666667, "scale": 15, "episode_rewards": 7.897298286169654, "episode_std_rewards": 0.006177310275508038, "episode_value_ests": 0.7387166668354426, "episode_values": 0.8628604608326982, "episode_td_err": 0.05498016664531962, "episode_avg_len": 760.6007604562737, "episode_std_avg_len": 618.7067066848073, "step_rewards": 0.010382974481161674, "step_value_ests": 0.7327763940857963, "step_values": 0.954157882050331, "step_td_err": 0.05002065702842911}