{"dim0": 0.06666666666666667, "dim1": -0.5333333333333333, "scale": 15, "episode_rewards": 8.272367956555488, "episode_std_rewards": 0.00627376803364743, "episode_value_ests": 0.9072293473410917, "episode_values": 0.9224355289956935, "episode_td_err": 0.07358037881007008, "episode_avg_len": 774.911196911197, "episode_std_avg_len": 606.3737552946619, "step_rewards": 0.010675246388914268, "step_value_ests": 0.9745915126568291, "step_values": 0.9789888205171403, "step_td_err": 0.06316240034671704}