{"dim0": 0.06666666666666667, "dim1": -0.7333333333333333, "scale": 15, "episode_rewards": 7.938701222604672, "episode_std_rewards": 0.005860950581533023, "episode_value_ests": 0.8254115900346753, "episode_values": 0.8913593829673138, "episode_td_err": 0.1177663791812564, "episode_avg_len": 760.7984790874525, "episode_std_avg_len": 603.130648500957, "step_rewards": 0.010434696494302707, "step_value_ests": 0.8861906586065303, "step_values": 0.955846081639604, "step_td_err": 0.10148923768827225}