{"dim0": 0.06666666666666667, "dim1": 0.3333333333333333, "scale": 15, "episode_rewards": 7.986719251589011, "episode_std_rewards": 0.0062588876874465375, "episode_value_ests": 0.8528820529956522, "episode_values": 0.9290015431945488, "episode_td_err": 0.025458680263030126, "episode_avg_len": 763.9732824427481, "episode_std_avg_len": 599.4433385067059, "step_rewards": 0.010454186599369112, "step_value_ests": 0.8664334772911794, "step_values": 0.9571038376517879, "step_td_err": 0.024204807465844688}