{"dim0": 0.06666666666666667, "dim1": 0.26666666666666666, "scale": 15, "episode_rewards": 8.161010105407376, "episode_std_rewards": 0.005833462823316165, "episode_value_ests": 0.8070163236828474, "episode_values": 0.9098822360693978, "episode_td_err": 0.02489554190433758, "episode_avg_len": 775.3822393822394, "episode_std_avg_len": 619.6000115851962, "step_rewards": 0.010525144491198813, "step_value_ests": 0.8327915855631149, "step_values": 0.9639553426464492, "step_td_err": 0.023968172353497172}