{"dim0": 0.06666666666666667, "dim1": 0.6666666666666666, "scale": 15, "episode_rewards": 7.770744545831427, "episode_std_rewards": 0.006596685461322494, "episode_value_ests": 0.751573226874225, "episode_values": 0.8444679180429749, "episode_td_err": 0.0361554612690314, "episode_avg_len": 764.384030418251, "episode_std_avg_len": 625.5773005668574, "step_rewards": 0.010166021576326598, "step_value_ests": 0.7691597752266597, "step_values": 0.9362779677058501, "step_td_err": 0.034001772027643845}