{"dim0": 0.06666666666666667, "dim1": 0.8, "scale": 15, "episode_rewards": 8.424413603363615, "episode_std_rewards": 0.006426192847704822, "episode_value_ests": 0.7438944892880549, "episode_values": 0.9263690376236863, "episode_td_err": 0.048693107036714256, "episode_avg_len": 762.2121212121212, "episode_std_avg_len": 616.2104561079052, "step_rewards": 0.011052584141494029, "step_value_ests": 0.7548210275895704, "step_values": 1.0187907412308932, "step_td_err": 0.045903743042156206}