{"dim0": 0.06666666666666667, "dim1": -1.0, "scale": 15, "episode_rewards": 8.454053737192737, "episode_std_rewards": 0.005743889475114619, "episode_value_ests": 0.9140854339367243, "episode_values": 0.9350451533039275, "episode_td_err": 0.26717044166608916, "episode_avg_len": 817.4816326530612, "episode_std_avg_len": 726.2447025830809, "step_rewards": 0.010341582488839396, "step_value_ests": 0.9432160388692727, "step_values": 0.9453097298243511, "step_td_err": 0.22440455724763905}