{"dim0": 0.06666666666666667, "dim1": 0.4666666666666667, "scale": 15, "episode_rewards": 8.161561059132787, "episode_std_rewards": 0.006130721643268414, "episode_value_ests": 0.7955051347020772, "episode_values": 0.9003202472735984, "episode_td_err": 0.029222813042078407, "episode_avg_len": 764.8129770992366, "episode_std_avg_len": 609.553590364499, "step_rewards": 0.010671316130235852, "step_value_ests": 0.801044817456761, "step_values": 0.9781503940259569, "step_td_err": 0.028140553729715724}