{"dim0": 0.06666666666666667, "dim1": -0.8666666666666667, "scale": 15, "episode_rewards": 7.966222722068606, "episode_std_rewards": 0.005946520989781516, "episode_value_ests": 0.784788793804626, "episode_values": 0.878841017100051, "episode_td_err": 0.17683342431630575, "episode_avg_len": 795.9723320158103, "episode_std_avg_len": 620.6186662345498, "step_rewards": 0.010008165361594972, "step_value_ests": 0.8239224365593372, "step_values": 0.9171104861187251, "step_td_err": 0.1518850903608627}