{"dim0": 0.06666666666666667, "dim1": -0.06666666666666667, "scale": 15, "episode_rewards": 7.961124787254939, "episode_std_rewards": 0.0063589600772291305, "episode_value_ests": 0.8488768749836135, "episode_values": 0.8965642296240705, "episode_td_err": 0.029557901535523106, "episode_avg_len": 794.4960317460317, "episode_std_avg_len": 637.3990707406768, "step_rewards": 0.010020345563915654, "step_value_ests": 0.9057701411663291, "step_values": 0.9192965904154311, "step_td_err": 0.026497428287777024}