{"dim0": 0.06666666666666667, "dim1": -0.8, "scale": 15, "episode_rewards": 8.109158773440868, "episode_std_rewards": 0.006289219541982036, "episode_value_ests": 0.9022975870423676, "episode_values": 0.9166178760952892, "episode_td_err": 0.1478753321952651, "episode_avg_len": 783.0546875, "episode_std_avg_len": 582.301237663357, "step_rewards": 0.010355801328934471, "step_value_ests": 0.9573358139501803, "step_values": 0.9456642638705031, "step_td_err": 0.12491245844741207}