{"dim0": 0.06666666666666667, "dim1": -0.9333333333333333, "scale": 15, "episode_rewards": 8.170086281299591, "episode_std_rewards": 0.005966197481051716, "episode_value_ests": 0.8030827765010183, "episode_values": 0.9032992636259116, "episode_td_err": 0.21944391132769578, "episode_avg_len": 805.6, "episode_std_avg_len": 644.2103693670259, "step_rewards": 0.010141616535873376, "step_value_ests": 0.8737966546082228, "step_values": 0.9261974236669752, "step_td_err": 0.18178345163451204}