{"dim0": 0.06666666666666667, "dim1": 0.13333333333333333, "scale": 15, "episode_rewards": 8.220738268274022, "episode_std_rewards": 0.005969001217257857, "episode_value_ests": 0.8190239427901694, "episode_values": 0.9084956573843858, "episode_td_err": 0.025479483849808537, "episode_avg_len": 788.6889763779527, "episode_std_avg_len": 603.0212660916651, "step_rewards": 0.010423295512544997, "step_value_ests": 0.8404960044233439, "step_values": 0.9550511973204536, "step_td_err": 0.024599340861712417}