{"dim0": 0.06666666666666667, "dim1": -0.4666666666666667, "scale": 15, "episode_rewards": 8.2912805167287, "episode_std_rewards": 0.006004611559230215, "episode_value_ests": 0.8926755356457613, "episode_values": 0.9000605283674107, "episode_td_err": 0.0581525098374844, "episode_avg_len": 812.6396761133603, "episode_std_avg_len": 662.5244413218903, "step_rewards": 0.010202898972867889, "step_value_ests": 0.9316761264553065, "step_values": 0.9378455567501276, "step_td_err": 0.0505030401048912}