{"dim0": 0.06666666666666667, "dim1": -0.6666666666666666, "scale": 15, "episode_rewards": 8.497579898492274, "episode_std_rewards": 0.005849906388165412, "episode_value_ests": 0.8249599101615228, "episode_values": 0.9745706593420662, "episode_td_err": 0.11240703850817371, "episode_avg_len": 798.3784860557769, "episode_std_avg_len": 614.8375390115568, "step_rewards": 0.010643548200394029, "step_value_ests": 0.8790717130454409, "step_values": 0.973354013334649, "step_td_err": 0.09572785098082552}