{"dim0": 0.06666666666666667, "dim1": 0.4, "scale": 15, "episode_rewards": 8.235883583856184, "episode_std_rewards": 0.006250289511852389, "episode_value_ests": 0.8148161844853379, "episode_values": 0.9219471672526995, "episode_td_err": 0.026503660219118905, "episode_avg_len": 775.2713178294574, "episode_std_avg_len": 602.8405403457118, "step_rewards": 0.010623227500424434, "step_value_ests": 0.8406397595105969, "step_values": 0.9757741249779123, "step_td_err": 0.025217035518227047}