{"dim0": 0.06666666666666667, "dim1": 0.5333333333333333, "scale": 15, "episode_rewards": 8.14348241731302, "episode_std_rewards": 0.0063487074542268335, "episode_value_ests": 0.7733598999515983, "episode_values": 0.8860645540230185, "episode_td_err": 0.03140221527288873, "episode_avg_len": 748.7350746268656, "episode_std_avg_len": 583.8637331766927, "step_rewards": 0.010876320200935357, "step_value_ests": 0.8129183731331896, "step_values": 1.0015494300754966, "step_td_err": 0.030636128396591956}