{"dim0": 0.06666666666666667, "dim1": 0.0, "scale": 15, "episode_rewards": 8.02404767367267, "episode_std_rewards": 0.006113591061831796, "episode_value_ests": 0.831364169008256, "episode_values": 0.9166091069911185, "episode_td_err": 0.028312985651448647, "episode_avg_len": 775.7248062015503, "episode_std_avg_len": 600.6643462255046, "step_rewards": 0.010343935902944227, "step_value_ests": 0.8658741232070154, "step_values": 0.9476523139289244, "step_td_err": 0.026461319592703317}