{"dim0": 0.06666666666666667, "dim1": -0.2, "scale": 15, "episode_rewards": 8.60545897769928, "episode_std_rewards": 0.006025118206404817, "episode_value_ests": 0.8066032305214403, "episode_values": 0.9216176170290992, "episode_td_err": 0.037601173529808345, "episode_avg_len": 801.972, "episode_std_avg_len": 654.0679989236593, "step_rewards": 0.010730373351811883, "step_value_ests": 0.8594343590335058, "step_values": 0.9851446474687381, "step_td_err": 0.03445255593496733}