{"dim0": 0.06666666666666667, "dim1": 0.06666666666666667, "scale": 15, "episode_rewards": 7.929598700956225, "episode_std_rewards": 0.006225193753037839, "episode_value_ests": 0.8074204974759595, "episode_values": 0.9138961570830074, "episode_td_err": 0.025780367633365452, "episode_avg_len": 738.2915129151291, "episode_std_avg_len": 554.8379237780044, "step_rewards": 0.010740471158399701, "step_value_ests": 0.8489177790195856, "step_values": 0.9846162558058752, "step_td_err": 0.02471205094802408}