{"dim0": 0.06666666666666667, "dim1": 0.7333333333333333, "scale": 15, "episode_rewards": 7.900180115830153, "episode_std_rewards": 0.006192377172169801, "episode_value_ests": 0.7990256999902717, "episode_values": 0.8573910853976444, "episode_td_err": 0.044838575128163936, "episode_avg_len": 782.9140625, "episode_std_avg_len": 656.7748737598341, "step_rewards": 0.010090737277860752, "step_value_ests": 0.806482192262276, "step_values": 0.9281734362759249, "step_td_err": 0.040581565873254045}