{"dim0": 0.6666666666666666, "dim1": 0.4, "scale": 15, "episode_rewards": 8.22626506011994, "episode_std_rewards": 0.006503432037003048, "episode_value_ests": 0.8380018089023095, "episode_values": 0.8598277831411408, "episode_td_err": 0.04886518904441735, "episode_avg_len": 821.4180327868852, "episode_std_avg_len": 679.6273188017855, "step_rewards": 0.01001471203670814, "step_value_ests": 0.8419160639760814, "step_values": 0.9204360364111404, "step_td_err": 0.046786543117908676}