{"dim0": 0.6666666666666666, "dim1": -0.6, "scale": 15, "episode_rewards": 8.083207054780079, "episode_std_rewards": 0.005704908266894108, "episode_value_ests": 0.8908387895468411, "episode_values": 0.9060834770833817, "episode_td_err": 0.14871928551314026, "episode_avg_len": 771.7192307692308, "episode_std_avg_len": 619.1303345569809, "step_rewards": 0.010474284859692998, "step_value_ests": 0.9131701495282956, "step_values": 0.9544453394617143, "step_td_err": 0.12738737210405898}