{"dim0": 0.6666666666666666, "dim1": 0.2, "scale": 15, "episode_rewards": 8.193002338986844, "episode_std_rewards": 0.00586912352079401, "episode_value_ests": 0.8533041841307298, "episode_values": 0.9443279423773785, "episode_td_err": 0.05788197849925495, "episode_avg_len": 782.69140625, "episode_std_avg_len": 602.4005967698301, "step_rewards": 0.010467730031994131, "step_value_ests": 0.8393555692296888, "step_values": 0.9576291271623383, "step_td_err": 0.052846296707007294}