{"dim0": 0.6666666666666666, "dim1": 0.26666666666666666, "scale": 15, "episode_rewards": 7.961300736328341, "episode_std_rewards": 0.006064435869506152, "episode_value_ests": 0.8348474256246193, "episode_values": 0.8716754587653116, "episode_td_err": 0.05493265808741383, "episode_avg_len": 754.822641509434, "episode_std_avg_len": 607.6267246167617, "step_rewards": 0.010547246861074501, "step_value_ests": 0.8410055751414276, "step_values": 0.9684036526198243, "step_td_err": 0.053411057429025556}