{"dim0": 0.6666666666666666, "dim1": -0.4666666666666667, "scale": 15, "episode_rewards": 8.160168187388814, "episode_std_rewards": 0.006140183112321398, "episode_value_ests": 0.9172846978548117, "episode_values": 0.899046961098924, "episode_td_err": 0.11996289627222129, "episode_avg_len": 838.2301255230126, "episode_std_avg_len": 744.1624545472075, "step_rewards": 0.009734997513120026, "step_value_ests": 0.9487647643398247, "step_values": 0.8936426468039367, "step_td_err": 0.10012237124360696}