{"dim0": 0.6666666666666666, "dim1": 0.3333333333333333, "scale": 15, "episode_rewards": 8.068572683932663, "episode_std_rewards": 0.00597152860652927, "episode_value_ests": 0.8425414400508777, "episode_values": 0.9096980086966329, "episode_td_err": 0.05253757309510776, "episode_avg_len": 762.1178707224335, "episode_std_avg_len": 608.8421516076013, "step_rewards": 0.010587040396105961, "step_value_ests": 0.8286783505449655, "step_values": 0.9707051963503436, "step_td_err": 0.04972158894656043}