{"dim0": 0.6666666666666666, "dim1": 0.6, "scale": 15, "episode_rewards": 7.882418924160586, "episode_std_rewards": 0.005912506177274346, "episode_value_ests": 0.7945721028241391, "episode_values": 0.8804410521554591, "episode_td_err": 0.05215970503945424, "episode_avg_len": 765.7251908396946, "episode_std_avg_len": 651.626708498061, "step_rewards": 0.010294057213289172, "step_value_ests": 0.7843581570950037, "step_values": 0.9422174718373018, "step_td_err": 0.04933734010151708}