{"dim0": 0.6666666666666666, "dim1": -0.5333333333333333, "scale": 15, "episode_rewards": 8.392106358528137, "episode_std_rewards": 0.0058090140868740795, "episode_value_ests": 0.9701873766602973, "episode_values": 0.9046625084952659, "episode_td_err": 0.1258906605526127, "episode_avg_len": 804.624, "episode_std_avg_len": 639.3588746736843, "step_rewards": 0.010429848424267902, "step_value_ests": 1.0070456911109393, "step_values": 0.9570785118065588, "step_td_err": 0.10679512584768612}