{"dim0": 0.6666666666666666, "dim1": -1.0, "scale": 15, "episode_rewards": 8.313448907325627, "episode_std_rewards": 0.0055198233471921675, "episode_value_ests": 0.9809852385725392, "episode_values": 0.908507782370152, "episode_td_err": 0.30146826042111013, "episode_avg_len": 774.6949806949807, "episode_std_avg_len": 610.584373874401, "step_rewards": 0.010731254383328535, "step_value_ests": 0.9716789376657872, "step_values": 0.9808459527766135, "step_td_err": 0.26710704604686075}