{"dim0": 0.6666666666666666, "dim1": -0.26666666666666666, "scale": 15, "episode_rewards": 8.512480760195169, "episode_std_rewards": 0.0064555935367779345, "episode_value_ests": 0.9677683854885921, "episode_values": 0.951797631313614, "episode_td_err": 0.09066499632672247, "episode_avg_len": 803.7469879518072, "episode_std_avg_len": 642.7783351931978, "step_rewards": 0.010590995534412602, "step_value_ests": 0.9590120794924079, "step_values": 0.9699360081997066, "step_td_err": 0.07870169398807739}