{"dim0": 0.6666666666666666, "dim1": 0.8666666666666667, "scale": 15, "episode_rewards": 8.031478839491324, "episode_std_rewards": 0.0059307730158782365, "episode_value_ests": 0.7259589578014604, "episode_values": 0.8541231861773257, "episode_td_err": 0.08102069318540943, "episode_avg_len": 779.3474903474903, "episode_std_avg_len": 633.9873776981481, "step_rewards": 0.010305388724496056, "step_value_ests": 0.6753120679559113, "step_values": 0.9490692915966213, "step_td_err": 0.07224920556996679}