{"dim0": 0.6666666666666666, "dim1": -0.7333333333333333, "scale": 15, "episode_rewards": 7.864935024175793, "episode_std_rewards": 0.005742169135389129, "episode_value_ests": 0.9588861646207111, "episode_values": 0.8774725949589448, "episode_td_err": 0.1835132766634811, "episode_avg_len": 786.94921875, "episode_std_avg_len": 738.7318799063803, "step_rewards": 0.00999420907573751, "step_value_ests": 0.9591950086128683, "step_values": 0.9121863318267053, "step_td_err": 0.1522772151122192}