{"dim0": 0.6666666666666666, "dim1": 0.4666666666666667, "scale": 15, "episode_rewards": 8.206911976590302, "episode_std_rewards": 0.005868749558031198, "episode_value_ests": 0.8171297124639824, "episode_values": 0.9324344775576292, "episode_td_err": 0.04942445967210893, "episode_avg_len": 758.3030303030303, "episode_std_avg_len": 557.5289833394713, "step_rewards": 0.010822733984474102, "step_value_ests": 0.8162570965760375, "step_values": 0.9932720482442783, "step_td_err": 0.04758360856724098}