{"dim0": 0.6666666666666666, "dim1": 0.0, "scale": 15, "episode_rewards": 8.406792033119363, "episode_std_rewards": 0.006273606523572799, "episode_value_ests": 0.9204930677501554, "episode_values": 0.9019845040668024, "episode_td_err": 0.061968274106540905, "episode_avg_len": 842.8361344537815, "episode_std_avg_len": 765.043214600918, "step_rewards": 0.00997440865366738, "step_value_ests": 0.9208035885571769, "step_values": 0.9209032393008065, "step_td_err": 0.05578841633731967}