{"dim0": 0.6666666666666666, "dim1": -0.8, "scale": 15, "episode_rewards": 8.335749611198178, "episode_std_rewards": 0.0059637720960022695, "episode_value_ests": 0.9551479834316245, "episode_values": 0.9292893107498389, "episode_td_err": 0.21472128291201853, "episode_avg_len": 810.0607287449393, "episode_std_avg_len": 674.9207603484031, "step_rewards": 0.010290277401933928, "step_value_ests": 0.95025947006207, "step_values": 0.9420362937211234, "step_td_err": 0.1797464209940963}