{"dim0": 0.6666666666666666, "dim1": -0.8666666666666667, "scale": 15, "episode_rewards": 8.328417928793685, "episode_std_rewards": 0.005509696435144142, "episode_value_ests": 0.950703118648136, "episode_values": 0.9266884266375739, "episode_td_err": 0.23599365585069784, "episode_avg_len": 790.8498023715415, "episode_std_avg_len": 597.3220087890244, "step_rewards": 0.010530973016392045, "step_value_ests": 0.9521200265215838, "step_values": 0.9611996957996329, "step_td_err": 0.2036810583276454}