{"dim0": 0.6666666666666666, "dim1": -0.06666666666666667, "scale": 15, "episode_rewards": 8.063127398952957, "episode_std_rewards": 0.006032198703648138, "episode_value_ests": 0.9155649485564645, "episode_values": 0.8985827522617766, "episode_td_err": 0.06903828480706059, "episode_avg_len": 775.3488372093024, "episode_std_avg_len": 612.4847114201742, "step_rewards": 0.010399354473754565, "step_value_ests": 0.9252374488809715, "step_values": 0.9547397690988455, "step_td_err": 0.06273870164935469}