{"dim0": 0.6666666666666666, "dim1": 0.5333333333333333, "scale": 15, "episode_rewards": 8.343223445203774, "episode_std_rewards": 0.006122753972907233, "episode_value_ests": 0.8318882685947228, "episode_values": 0.9491861299096577, "episode_td_err": 0.05239567304142693, "episode_avg_len": 773.6332046332046, "episode_std_avg_len": 592.4859679502256, "step_rewards": 0.010784469171226262, "step_value_ests": 0.8132692224824598, "step_values": 0.9881964481376913, "step_td_err": 0.0493462514998416}