{"dim0": 0.6666666666666666, "dim1": 0.06666666666666667, "scale": 15, "episode_rewards": 7.951897896083959, "episode_std_rewards": 0.00606794987886538, "episode_value_ests": 0.8777863878762041, "episode_values": 0.8916288361268301, "episode_td_err": 0.062396697811998685, "episode_avg_len": 739.1107011070111, "episode_std_avg_len": 582.8353228618896, "step_rewards": 0.010758737336875135, "step_value_ests": 0.8995527776997482, "step_values": 0.9832322536948152, "step_td_err": 0.0603050426795358}