{"dim0": 0.6666666666666666, "dim1": 0.8, "scale": 15, "episode_rewards": 8.257717843744691, "episode_std_rewards": 0.00588140248410236, "episode_value_ests": 0.7290934537049785, "episode_values": 0.9285246317318788, "episode_td_err": 0.07297316601571348, "episode_avg_len": 761.9467680608365, "episode_std_avg_len": 567.2377779962584, "step_rewards": 0.010837657156497534, "step_value_ests": 0.7001576997515717, "step_values": 0.9905641322292582, "step_td_err": 0.06689769996716471}