{"dim0": 0.6666666666666666, "dim1": 0.6666666666666666, "scale": 15, "episode_rewards": 8.061531069204788, "episode_std_rewards": 0.006258188725044298, "episode_value_ests": 0.7807880282183507, "episode_values": 0.8847370090179252, "episode_td_err": 0.056435443985993594, "episode_avg_len": 778.2480620155038, "episode_std_avg_len": 640.0772062322675, "step_rewards": 0.010358562343640234, "step_value_ests": 0.7454939616589618, "step_values": 0.9510827301723995, "step_td_err": 0.05286245458410459}