{"dim0": 0.6666666666666666, "dim1": -0.4, "scale": 15, "episode_rewards": 8.265243245106117, "episode_std_rewards": 0.006016298033512475, "episode_value_ests": 0.9511324749281241, "episode_values": 0.9462711024008613, "episode_td_err": 0.1056852594270016, "episode_avg_len": 784.9176470588235, "episode_std_avg_len": 585.207894249986, "step_rewards": 0.010530076978237057, "step_value_ests": 0.9570540133111944, "step_values": 0.9632833757871374, "step_td_err": 0.09238020599168704}