{"dim0": 0.6666666666666666, "dim1": -0.3333333333333333, "scale": 15, "episode_rewards": 7.9298069247110625, "episode_std_rewards": 0.0056072302383218045, "episode_value_ests": 0.9282349125175343, "episode_values": 0.8914055333234765, "episode_td_err": 0.09198949446401616, "episode_avg_len": 789.2007874015748, "episode_std_avg_len": 653.2120598377606, "step_rewards": 0.010047895353500301, "step_value_ests": 0.9328037680358092, "step_values": 0.9217495991355307, "step_td_err": 0.07957490010562772}