{"dim0": 0.6666666666666666, "dim1": -0.9333333333333333, "scale": 15, "episode_rewards": 8.05972832775116, "episode_std_rewards": 0.005611274296473599, "episode_value_ests": 0.9465979483907149, "episode_values": 0.9057066454208503, "episode_td_err": 0.2906095103439145, "episode_avg_len": 800.988, "episode_std_avg_len": 801.7224281857156, "step_rewards": 0.010062233551253153, "step_value_ests": 0.9051935992781472, "step_values": 0.9188850544194096, "step_td_err": 0.2417036676357187}