{"dim0": 0.6666666666666666, "dim1": -0.2, "scale": 15, "episode_rewards": 8.05347249178571, "episode_std_rewards": 0.00629807606112104, "episode_value_ests": 0.9024330717210524, "episode_values": 0.9231533332195653, "episode_td_err": 0.08486454740673643, "episode_avg_len": 778.2879377431907, "episode_std_avg_len": 591.2954935323138, "step_rewards": 0.010347677384206217, "step_value_ests": 0.9171669325834415, "step_values": 0.9451089574193494, "step_td_err": 0.07501588602286387}