{"dim0": 0.6666666666666666, "dim1": -0.13333333333333333, "scale": 15, "episode_rewards": 8.508631333768607, "episode_std_rewards": 0.006169519413592032, "episode_value_ests": 0.9154286504742237, "episode_values": 0.9492486845617455, "episode_td_err": 0.06841428748713403, "episode_avg_len": 803.4658634538152, "episode_std_avg_len": 686.1055041980942, "step_rewards": 0.010589910188832433, "step_value_ests": 0.9486043476876614, "step_values": 0.973167343820407, "step_td_err": 0.06159826471977671}