{"dim0": 0.6666666666666666, "dim1": -0.6666666666666666, "scale": 15, "episode_rewards": 8.284092884266238, "episode_std_rewards": 0.006033058551837383, "episode_value_ests": 0.9224646519161798, "episode_values": 0.9338245246030318, "episode_td_err": 0.1660358153709928, "episode_avg_len": 774.5289575289576, "episode_std_avg_len": 605.0441591236518, "step_rewards": 0.010695652891656434, "step_value_ests": 0.9683785272272912, "step_values": 0.980685860429056, "step_td_err": 0.14291377073256642}