{"dim0": 0.7333333333333333, "dim1": -0.8666666666666667, "scale": 15, "episode_rewards": 8.27599622086277, "episode_std_rewards": 0.005537582900371611, "episode_value_ests": 1.0493312110349462, "episode_values": 0.9192892984069757, "episode_td_err": 0.2730474613291739, "episode_avg_len": 789.1220472440945, "episode_std_avg_len": 659.7338559563404, "step_rewards": 0.010487599794943767, "step_value_ests": 1.0161774468468803, "step_values": 0.9587590055091907, "step_td_err": 0.23507947778426594}