{"dim0": 0.7333333333333333, "dim1": -0.26666666666666666, "scale": 15, "episode_rewards": 8.221470202853085, "episode_std_rewards": 0.005836519378902993, "episode_value_ests": 0.89004320016273, "episode_values": 0.9192634270632221, "episode_td_err": 0.09719609680432667, "episode_avg_len": 791.600790513834, "episode_std_avg_len": 600.1448530016361, "step_rewards": 0.010385879222677972, "step_value_ests": 0.9040480587428807, "step_values": 0.9511618599899213, "step_td_err": 0.0865274857611603}