{"dim0": 0.7333333333333333, "dim1": 0.3333333333333333, "scale": 15, "episode_rewards": 8.165258181424951, "episode_std_rewards": 0.005745839039227939, "episode_value_ests": 0.8538216372513745, "episode_values": 0.8947872999081758, "episode_td_err": 0.05374800967108691, "episode_avg_len": 792.9328063241106, "episode_std_avg_len": 635.6901445766541, "step_rewards": 0.01029754112366415, "step_value_ests": 0.8341426944572555, "step_values": 0.9452912659400073, "step_td_err": 0.051053589136620364}