{"dim0": 0.7333333333333333, "dim1": -0.13333333333333333, "scale": 15, "episode_rewards": 8.03967208843894, "episode_std_rewards": 0.005981597883262354, "episode_value_ests": 0.9179896817717941, "episode_values": 0.9457044239866126, "episode_td_err": 0.08235832445649494, "episode_avg_len": 774.5405405405405, "episode_std_avg_len": 603.6399062250214, "step_rewards": 0.010379924184250149, "step_value_ests": 0.9255758815525053, "step_values": 0.9459943223295446, "step_td_err": 0.07211501862773775}