{"dim0": 0.7333333333333333, "dim1": -0.06666666666666667, "scale": 15, "episode_rewards": 8.110968804313051, "episode_std_rewards": 0.005931628601873321, "episode_value_ests": 0.8975673674501172, "episode_values": 0.9296176949197084, "episode_td_err": 0.07166544880603697, "episode_avg_len": 783.828793774319, "episode_std_avg_len": 570.2541943509137, "step_rewards": 0.010347883196860934, "step_value_ests": 0.8883211082866879, "step_values": 0.9490613986519779, "step_td_err": 0.06461736063157973}