{"dim0": 0.7333333333333333, "dim1": 0.8666666666666667, "scale": 15, "episode_rewards": 8.179569351539183, "episode_std_rewards": 0.0060337581759497974, "episode_value_ests": 0.7107147948211023, "episode_values": 0.9286773153011009, "episode_td_err": 0.08588864226912836, "episode_avg_len": 751.6928838951311, "episode_std_avg_len": 586.4398676878819, "step_rewards": 0.010881530910807874, "step_value_ests": 0.685274289847906, "step_values": 0.998963902753257, "step_td_err": 0.07681367435511488}