{"dim0": 0.7333333333333333, "dim1": -0.7333333333333333, "scale": 15, "episode_rewards": 8.320481527328491, "episode_std_rewards": 0.005657999823647067, "episode_value_ests": 1.044429917273961, "episode_values": 0.9447262325081831, "episode_td_err": 0.20402020426505565, "episode_avg_len": 802.164, "episode_std_avg_len": 703.0588887881298, "step_rewards": 0.010372544177161392, "step_value_ests": 1.0205956983331317, "step_values": 0.9492376414628889, "step_td_err": 0.1671327198676296}