{"dim0": 0.7333333333333333, "dim1": -0.9333333333333333, "scale": 15, "episode_rewards": 8.238322902110315, "episode_std_rewards": 0.005962156952367382, "episode_value_ests": 1.0151863476929088, "episode_values": 0.9097321833730214, "episode_td_err": 0.2852318631337065, "episode_avg_len": 810.0645161290323, "episode_std_avg_len": 702.0783632157693, "step_rewards": 0.010169958982375748, "step_value_ests": 0.9870164725535934, "step_values": 0.92925954717284, "step_td_err": 0.2388733106891062}