{"dim0": 0.7333333333333333, "dim1": -1.0, "scale": 15, "episode_rewards": 8.414708826223366, "episode_std_rewards": 0.005994645225428571, "episode_value_ests": 1.012080073136757, "episode_values": 0.941224425424914, "episode_td_err": 0.34210264489418474, "episode_avg_len": 814.1619433198381, "episode_std_avg_len": 719.0488305657161, "step_rewards": 0.010335423923048322, "step_value_ests": 0.9767936267158632, "step_values": 0.9416186534344881, "step_td_err": 0.290984287874208}