{"dim0": 0.7333333333333333, "dim1": 0.13333333333333333, "scale": 15, "episode_rewards": 7.908359503793151, "episode_std_rewards": 0.005965110658179759, "episode_value_ests": 0.8751619257015818, "episode_values": 0.8411539014993011, "episode_td_err": 0.062146100843677506, "episode_avg_len": 796.8300395256917, "episode_std_avg_len": 640.0683316155804, "step_rewards": 0.009924775813548087, "step_value_ests": 0.8870421392319309, "step_values": 0.9103713796902821, "step_td_err": 0.05798957017391382}