{"dim0": 0.7333333333333333, "dim1": -0.6666666666666666, "scale": 15, "episode_rewards": 8.498550461343497, "episode_std_rewards": 0.005604991820292824, "episode_value_ests": 0.9442753494909548, "episode_values": 0.9317198037174017, "episode_td_err": 0.18162193286476458, "episode_avg_len": 829.3099173553719, "episode_std_avg_len": 774.9113352538805, "step_rewards": 0.010247737647277814, "step_value_ests": 0.9401170017841343, "step_values": 0.9389682293788658, "step_td_err": 0.15205902576659455}