{"dim0": 0.7333333333333333, "dim1": 0.4666666666666667, "scale": 15, "episode_rewards": 8.349704212867296, "episode_std_rewards": 0.006280947712327954, "episode_value_ests": 0.8376072504184136, "episode_values": 0.9506062105182645, "episode_td_err": 0.05176267963649329, "episode_avg_len": 769.4115384615385, "episode_std_avg_len": 574.2258432861005, "step_rewards": 0.010852065241395757, "step_value_ests": 0.8128160380884831, "step_values": 0.9960847462513824, "step_td_err": 0.049454982818141174}