{"dim0": 0.7333333333333333, "dim1": 0.4, "scale": 15, "episode_rewards": 7.95149495131778, "episode_std_rewards": 0.006313893615086886, "episode_value_ests": 0.7936764120840761, "episode_values": 0.9044464300777824, "episode_td_err": 0.05182214656223395, "episode_avg_len": 732.8978102189781, "episode_std_avg_len": 552.0815723694727, "step_rewards": 0.010849391061684303, "step_value_ests": 0.7924575725734887, "step_values": 0.9953000823638471, "step_td_err": 0.05146548069054013}