{"dim0": 0.7333333333333333, "dim1": -0.8, "scale": 15, "episode_rewards": 8.259296505026114, "episode_std_rewards": 0.005620972617119265, "episode_value_ests": 0.9550094656274237, "episode_values": 0.92743785689275, "episode_td_err": 0.2325400146911027, "episode_avg_len": 776.4069767441861, "episode_std_avg_len": 622.7871656912774, "step_rewards": 0.010637844265208637, "step_value_ests": 0.9543603514646021, "step_values": 0.9706067794315508, "step_td_err": 0.19677500436255588}