{"dim0": 0.7333333333333333, "dim1": -0.5333333333333333, "scale": 15, "episode_rewards": 8.039861282647825, "episode_std_rewards": 0.005711353476414834, "episode_value_ests": 0.9905109132064128, "episode_values": 0.9139069826988732, "episode_td_err": 0.13474213403452817, "episode_avg_len": 787.1686274509804, "episode_std_avg_len": 586.8106811283784, "step_rewards": 0.010213645465880173, "step_value_ests": 0.9905534245503322, "step_values": 0.9324474988463893, "step_td_err": 0.11396565407123432}