{"dim0": 0.7333333333333333, "dim1": -0.6, "scale": 15, "episode_rewards": 8.17670355597511, "episode_std_rewards": 0.005900797879466618, "episode_value_ests": 0.9977790671264027, "episode_values": 0.9547957798269339, "episode_td_err": 0.15832912607997998, "episode_avg_len": 781.7890625, "episode_std_avg_len": 830.5981528048753, "step_rewards": 0.0104589638665802, "step_value_ests": 1.0058453577303708, "step_values": 0.9556652555519725, "step_td_err": 0.13005888001389368}