{"dim0": 0.7333333333333333, "dim1": 0.5333333333333333, "scale": 15, "episode_rewards": 8.288851983199908, "episode_std_rewards": 0.006015652568536349, "episode_value_ests": 0.8039917742688023, "episode_values": 0.884157315330692, "episode_td_err": 0.051100547880404024, "episode_avg_len": 795.0984251968504, "episode_std_avg_len": 643.4276095550124, "step_rewards": 0.01042493824729656, "step_value_ests": 0.7872185055475271, "step_values": 0.9574285202785371, "step_td_err": 0.049172875177271105}