{"dim0": 0.7333333333333333, "dim1": 0.8, "scale": 15, "episode_rewards": 8.089870259055385, "episode_std_rewards": 0.006624757980847317, "episode_value_ests": 0.7136679491973551, "episode_values": 0.8842602070675125, "episode_td_err": 0.074893095958853, "episode_avg_len": 744.4074074074074, "episode_std_avg_len": 600.3548863586936, "step_rewards": 0.010867530573386507, "step_value_ests": 0.6949048869954222, "step_values": 1.0012081158327404, "step_td_err": 0.0701509785338755}