{"dim0": 0.7333333333333333, "dim1": -0.4666666666666667, "scale": 15, "episode_rewards": 8.280290075433932, "episode_std_rewards": 0.005710807651528895, "episode_value_ests": 0.9102964899598842, "episode_values": 0.8965580309759076, "episode_td_err": 0.13087361890229232, "episode_avg_len": 816.9227642276422, "episode_std_avg_len": 647.8510302911229, "step_rewards": 0.010135952183022484, "step_value_ests": 0.9092908710348314, "step_values": 0.927647709909163, "step_td_err": 0.11181091866801443}