{"dim0": 0.7333333333333333, "dim1": 0.6, "scale": 15, "episode_rewards": 8.466568391770124, "episode_std_rewards": 0.006510158472659667, "episode_value_ests": 0.781436269361983, "episode_values": 0.9367657781057463, "episode_td_err": 0.05681003159849129, "episode_avg_len": 787.453125, "episode_std_avg_len": 634.2571548100458, "step_rewards": 0.01075183794815739, "step_value_ests": 0.7515514202129951, "step_values": 0.9880110410559204, "step_td_err": 0.0524822942729971}