{"dim0": 0.7333333333333333, "dim1": -0.2, "scale": 15, "episode_rewards": 8.12395515665412, "episode_std_rewards": 0.005730455503200451, "episode_value_ests": 0.9371650702777221, "episode_values": 0.9348773520707191, "episode_td_err": 0.09165929304868065, "episode_avg_len": 782.1484375, "episode_std_avg_len": 611.4338947538063, "step_rewards": 0.010386717874961067, "step_value_ests": 0.9502546667652293, "step_values": 0.9481141640662101, "step_td_err": 0.07941078662280701}