{"dim0": 0.7333333333333333, "dim1": -0.3333333333333333, "scale": 15, "episode_rewards": 8.090356461369261, "episode_std_rewards": 0.005888594124750293, "episode_value_ests": 0.8943387997991039, "episode_values": 0.883619923851245, "episode_td_err": 0.10489771262597378, "episode_avg_len": 821.3836734693878, "episode_std_avg_len": 819.0536747872046, "step_rewards": 0.009849667972090246, "step_value_ests": 0.880651706811942, "step_values": 0.9027165360787287, "step_td_err": 0.08934976465632999}