{"dim0": 0.7333333333333333, "dim1": 0.26666666666666666, "scale": 15, "episode_rewards": 8.140976008714414, "episode_std_rewards": 0.006124251594626112, "episode_value_ests": 0.852821769865241, "episode_values": 0.8679045270898044, "episode_td_err": 0.05491453399670113, "episode_avg_len": 789.1686274509804, "episode_std_avg_len": 660.5720567455288, "step_rewards": 0.010315889057842831, "step_value_ests": 0.8466019956579316, "step_values": 0.9476635888586322, "step_td_err": 0.05291816506667276}