{"dim0": 0.7333333333333333, "dim1": 0.9333333333333333, "scale": 15, "episode_rewards": 7.918428857362907, "episode_std_rewards": 0.006336660719811732, "episode_value_ests": 0.6927593593601725, "episode_values": 0.8786287789346899, "episode_td_err": 0.09425299104883228, "episode_avg_len": 763.7862595419847, "episode_std_avg_len": 628.7528975864951, "step_rewards": 0.010367336094932247, "step_value_ests": 0.6388923530200552, "step_values": 0.9521335975530324, "step_td_err": 0.08297466794114411}