{"dim0": 0.7333333333333333, "dim1": 0.7333333333333333, "scale": 15, "episode_rewards": 7.715012274126508, "episode_std_rewards": 0.005857588989157105, "episode_value_ests": 0.7518156550112775, "episode_values": 0.9136013080163735, "episode_td_err": 0.06707131592117295, "episode_avg_len": 753.7276119402985, "episode_std_avg_len": 556.4369159899321, "step_rewards": 0.010235809531066512, "step_value_ests": 0.7143799629072023, "step_values": 0.9364408624569933, "step_td_err": 0.06070015186678584}