{"dim0": 0.7333333333333333, "dim1": 0.06666666666666667, "scale": 15, "episode_rewards": 8.610753784346025, "episode_std_rewards": 0.006638158829865539, "episode_value_ests": 0.9057102433404344, "episode_values": 1.003314622480884, "episode_td_err": 0.07198761616078289, "episode_avg_len": 775.6472868217054, "episode_std_avg_len": 577.2018875612472, "step_rewards": 0.01110137807563213, "step_value_ests": 0.9025859972380941, "step_values": 1.014054354858922, "step_td_err": 0.06582860727661309}