{"dim0": 0.8, "dim1": -0.2, "scale": 15, "episode_rewards": 8.601860015759826, "episode_std_rewards": 0.006142694258083338, "episode_value_ests": 0.920615882979801, "episode_values": 0.9614473537234345, "episode_td_err": 0.09940162883039053, "episode_avg_len": 794.5770750988142, "episode_std_avg_len": 587.4008729661588, "step_rewards": 0.010825708776823309, "step_value_ests": 0.9255725317009678, "step_values": 0.9927634546681278, "step_td_err": 0.089131978576414}