{"dim0": 0.8, "dim1": -0.4, "scale": 15, "episode_rewards": 8.3705721655382, "episode_std_rewards": 0.005877305848274087, "episode_value_ests": 0.9584736981544698, "episode_values": 0.9214154455939197, "episode_td_err": 0.12342340060530994, "episode_avg_len": 794.8853754940711, "episode_std_avg_len": 651.0075974975734, "step_rewards": 0.01053053990373815, "step_value_ests": 0.9632155650971064, "step_values": 0.9681974270516293, "step_td_err": 0.1062861178157468}