{"dim0": 0.8, "dim1": -0.8, "scale": 15, "episode_rewards": 8.323726552677906, "episode_std_rewards": 0.005855678430964559, "episode_value_ests": 0.9710723106537089, "episode_values": 0.9785921199577386, "episode_td_err": 0.2537852300328804, "episode_avg_len": 788.2204724409448, "episode_std_avg_len": 621.9385101816906, "step_rewards": 0.010560150165728583, "step_value_ests": 0.9459113744061095, "step_values": 0.9653134689624058, "step_td_err": 0.2111617005773786}