{"dim0": 0.8, "dim1": 0.5333333333333333, "scale": 15, "episode_rewards": 8.122796909753667, "episode_std_rewards": 0.005993402215351343, "episode_value_ests": 0.8359465864071802, "episode_values": 0.933755451796814, "episode_td_err": 0.05729762957197651, "episode_avg_len": 775.9767441860465, "episode_std_avg_len": 632.7155509795972, "step_rewards": 0.010467835499727504, "step_value_ests": 0.7899671312398728, "step_values": 0.9570026382586981, "step_td_err": 0.05330948208339859}