{"dim0": 0.8, "dim1": 0.2, "scale": 15, "episode_rewards": 8.308906698941291, "episode_std_rewards": 0.00642784720043401, "episode_value_ests": 0.8583914187068468, "episode_values": 0.9399507177252656, "episode_td_err": 0.06311547870678148, "episode_avg_len": 749.4531835205993, "episode_std_avg_len": 566.015206598155, "step_rewards": 0.011086625397879727, "step_value_ests": 0.870824685820919, "step_values": 1.018622780226743, "step_td_err": 0.06127376335720407}