{"dim0": 0.8, "dim1": 0.13333333333333333, "scale": 15, "episode_rewards": 7.937174096703529, "episode_std_rewards": 0.005871464213348544, "episode_value_ests": 0.8852491154474967, "episode_values": 0.9053449128062081, "episode_td_err": 0.06738831355239878, "episode_avg_len": 759.1590909090909, "episode_std_avg_len": 618.3336212064851, "step_rewards": 0.010455218401190172, "step_value_ests": 0.8870100939361248, "step_values": 0.9553368648913093, "step_td_err": 0.06343798563342137}