{"dim0": 0.8, "dim1": 0.4, "scale": 15, "episode_rewards": 8.230356141356111, "episode_std_rewards": 0.006407286601428315, "episode_value_ests": 0.838262525072619, "episode_values": 0.9359327008514212, "episode_td_err": 0.05708399567731554, "episode_avg_len": 764.4465648854962, "episode_std_avg_len": 578.8697488001824, "step_rewards": 0.010766424390420158, "step_value_ests": 0.8307668525373785, "step_values": 0.9888292015560003, "step_td_err": 0.054856920356644606}