{"dim0": 0.8, "dim1": 0.3333333333333333, "scale": 15, "episode_rewards": 8.639562199207452, "episode_std_rewards": 0.006444173038959388, "episode_value_ests": 0.8394858170871975, "episode_values": 0.9950215544283106, "episode_td_err": 0.05960201373825068, "episode_avg_len": 770.2076923076924, "episode_std_avg_len": 593.8885896057486, "step_rewards": 0.011217185033976538, "step_value_ests": 0.8335976050845104, "step_values": 1.0298479466809347, "step_td_err": 0.056529402328741825}