{"dim0": 0.8, "dim1": -0.26666666666666666, "scale": 15, "episode_rewards": 8.351729242801666, "episode_std_rewards": 0.006117795130520439, "episode_value_ests": 0.9430753304952781, "episode_values": 0.922202970723811, "episode_td_err": 0.10763086982696646, "episode_avg_len": 803.744, "episode_std_avg_len": 651.812112854617, "step_rewards": 0.010391031525960588, "step_value_ests": 0.9512224871833654, "step_values": 0.9530920763910539, "step_td_err": 0.09328378015899125}