{"dim0": 0.8, "dim1": -0.06666666666666667, "scale": 15, "episode_rewards": 8.17833365894589, "episode_std_rewards": 0.00613411342827503, "episode_value_ests": 0.8991715011068883, "episode_values": 0.8758840500719743, "episode_td_err": 0.08566926147625893, "episode_avg_len": 791.7509881422925, "episode_std_avg_len": 660.6104175411145, "step_rewards": 0.010329426526053278, "step_value_ests": 0.9061868031454187, "step_values": 0.9491802524952012, "step_td_err": 0.0780021862996283}