{"dim0": 0.8, "dim1": 0.0, "scale": 15, "episode_rewards": 8.18320849767098, "episode_std_rewards": 0.006263431061747128, "episode_value_ests": 0.9131936962905942, "episode_values": 0.9047135668041539, "episode_td_err": 0.07785491861539813, "episode_avg_len": 774.3846153846154, "episode_std_avg_len": 640.5383959501495, "step_rewards": 0.010567369670182056, "step_value_ests": 0.9185573413673341, "step_values": 0.9710307399827197, "step_td_err": 0.07159574457183492}