{"dim0": 0.8, "dim1": 1.0, "scale": 15, "episode_rewards": 8.02738441898034, "episode_std_rewards": 0.005993225278511632, "episode_value_ests": 0.6461010759815964, "episode_values": 0.9271122672248927, "episode_td_err": 0.11005109265541559, "episode_avg_len": 745.8364312267659, "episode_std_avg_len": 576.5123663558671, "step_rewards": 0.010762928817752636, "step_value_ests": 0.5934978456771597, "step_values": 0.9870493406449146, "step_td_err": 0.09713149274679175}