{"dim0": 0.8, "dim1": -1.0, "scale": 15, "episode_rewards": 8.204414880368859, "episode_std_rewards": 0.005530354079101188, "episode_value_ests": 1.0652151878613887, "episode_values": 0.9305876963731918, "episode_td_err": 0.33812274630818123, "episode_avg_len": 784.70703125, "episode_std_avg_len": 638.2502907955167, "step_rewards": 0.01045538596398152, "step_value_ests": 1.017100737723356, "step_values": 0.9537451414577561, "step_td_err": 0.2961216559883376}