{"dim0": 0.8, "dim1": -0.5333333333333333, "scale": 15, "episode_rewards": 8.543113292441538, "episode_std_rewards": 0.005864028776442745, "episode_value_ests": 0.9147369882111424, "episode_values": 0.9248893024556009, "episode_td_err": 0.16188170748267958, "episode_avg_len": 797.2134387351779, "episode_std_avg_len": 640.53130884131, "step_rewards": 0.010716218364301094, "step_value_ests": 0.9509746766543423, "step_values": 0.9834469887493721, "step_td_err": 0.13784346348323345}