{"dim0": 0.8, "dim1": -0.6666666666666666, "scale": 15, "episode_rewards": 8.542239573101202, "episode_std_rewards": 0.006132338688198354, "episode_value_ests": 0.998668511478409, "episode_values": 0.9711335192779725, "episode_td_err": 0.2099561534053246, "episode_avg_len": 834.8958333333334, "episode_std_avg_len": 820.12999070227, "step_rewards": 0.010231503418811173, "step_value_ests": 0.9728407524551962, "step_values": 0.9347156612294454, "step_td_err": 0.16853409932491042}