{"dim0": 0.8, "dim1": -0.6, "scale": 15, "episode_rewards": 8.009424098301679, "episode_std_rewards": 0.005562779851612275, "episode_value_ests": 0.9252103095005988, "episode_values": 0.8974350144193656, "episode_td_err": 0.18314071669569776, "episode_avg_len": 786.95703125, "episode_std_avg_len": 684.4428349010869, "step_rewards": 0.010177714640378187, "step_value_ests": 0.9212290638258771, "step_values": 0.9284700953575092, "step_td_err": 0.15667028407495884}