{"dim0": 0.8, "dim1": -0.8666666666666667, "scale": 15, "episode_rewards": 8.209078432638433, "episode_std_rewards": 0.005763386411151286, "episode_value_ests": 0.9781515881087707, "episode_values": 0.9721093066711413, "episode_td_err": 0.27964557266453033, "episode_avg_len": 868.5316455696203, "episode_std_avg_len": 1185.3495647996458, "step_rewards": 0.009451674529665029, "step_value_ests": 0.9183787072501226, "step_values": 0.8608293987059036, "step_td_err": 0.212578240128609}