{"dim0": 0.8, "dim1": -0.4666666666666667, "scale": 15, "episode_rewards": 8.409306538732428, "episode_std_rewards": 0.006281671162191077, "episode_value_ests": 0.9367755685236107, "episode_values": 0.9351582000834388, "episode_td_err": 0.14387457702478718, "episode_avg_len": 813.5182186234817, "episode_std_avg_len": 725.1317168301922, "step_rewards": 0.010336961540900023, "step_value_ests": 0.9454532721099301, "step_values": 0.9485244850727598, "step_td_err": 0.1207922701606957}