{"dim0": 0.8, "dim1": -0.9333333333333333, "scale": 15, "episode_rewards": 8.022311489420582, "episode_std_rewards": 0.0055025451511306915, "episode_value_ests": 1.0880469261190477, "episode_values": 0.9321926740555687, "episode_td_err": 0.3220510002198924, "episode_avg_len": 801.3466135458167, "episode_std_avg_len": 762.3518309297866, "step_rewards": 0.010011038112363483, "step_value_ests": 1.0597922113882694, "step_values": 0.912867480376651, "step_td_err": 0.26698838329867514}