{"dim0": 0.8, "dim1": -0.7333333333333333, "scale": 15, "episode_rewards": 8.258934822737002, "episode_std_rewards": 0.005930440816266414, "episode_value_ests": 0.9332811624617995, "episode_values": 0.9502259948034151, "episode_td_err": 0.24132382511904552, "episode_avg_len": 785.5372549019608, "episode_std_avg_len": 630.2499267597734, "step_rewards": 0.010513740463866047, "step_value_ests": 0.9132346520779496, "step_values": 0.961005182442618, "step_td_err": 0.20399637083155406}