{"dim0": 0.8, "dim1": 0.26666666666666666, "scale": 15, "episode_rewards": 8.211078745517952, "episode_std_rewards": 0.005896413239113658, "episode_value_ests": 0.8643217032956783, "episode_values": 0.9355622226136331, "episode_td_err": 0.0628790560385722, "episode_avg_len": 773.6563706563707, "episode_std_avg_len": 605.0792424475343, "step_rewards": 0.010613340827984995, "step_value_ests": 0.8295994776057023, "step_values": 0.9724723652948851, "step_td_err": 0.057626884122190296}