{"dim0": 0.8, "dim1": 0.7333333333333333, "scale": 15, "episode_rewards": 8.49561942461878, "episode_std_rewards": 0.006490399876194041, "episode_value_ests": 0.7144573473629714, "episode_values": 0.9232159343238399, "episode_td_err": 0.07117015383510893, "episode_avg_len": 787.09765625, "episode_std_avg_len": 630.6107547901532, "step_rewards": 0.01079360274695111, "step_value_ests": 0.6860596311833335, "step_values": 0.9944445791796067, "step_td_err": 0.06586893317731132}