{"dim0": 0.8, "dim1": -0.13333333333333333, "scale": 15, "episode_rewards": 8.203207201480865, "episode_std_rewards": 0.00649742297044912, "episode_value_ests": 0.9411907345165426, "episode_values": 0.9475774587741476, "episode_td_err": 0.09138834163735093, "episode_avg_len": 807.828, "episode_std_avg_len": 674.7468135649104, "step_rewards": 0.010154645792768839, "step_value_ests": 0.9501104836873595, "step_values": 0.9265328515653721, "step_td_err": 0.0760008326863191}