{"dim0": 0.8, "dim1": 0.4666666666666667, "scale": 15, "episode_rewards": 8.188476984006053, "episode_std_rewards": 0.006140107825281665, "episode_value_ests": 0.8616533444854382, "episode_values": 0.9345855449424533, "episode_td_err": 0.05769164179978585, "episode_avg_len": 761.0754716981132, "episode_std_avg_len": 617.0151904511096, "step_rewards": 0.010759086698374219, "step_value_ests": 0.8409806729419753, "step_values": 0.9890018803792326, "step_td_err": 0.05482323438019651}