{"dim0": 0.8, "dim1": 0.6666666666666666, "scale": 15, "episode_rewards": 8.681323384107808, "episode_std_rewards": 0.006266877465158702, "episode_value_ests": 0.7439619930248785, "episode_values": 0.9768732166037433, "episode_td_err": 0.06493718279581638, "episode_avg_len": 791.094861660079, "episode_std_avg_len": 590.0224880933022, "step_rewards": 0.010973808331772524, "step_value_ests": 0.7085638747814983, "step_values": 1.0064653833386863, "step_td_err": 0.05950224507650261}