{"dim0": 0.8, "dim1": 0.9333333333333333, "scale": 15, "episode_rewards": 7.925122116358225, "episode_std_rewards": 0.006474495111822965, "episode_value_ests": 0.6504190440051308, "episode_values": 0.8791895344904113, "episode_td_err": 0.09453487127565673, "episode_avg_len": 764.8931297709923, "episode_std_avg_len": 622.7301837140426, "step_rewards": 0.010361084193200941, "step_value_ests": 0.6117217647090716, "step_values": 0.9530820216114607, "step_td_err": 0.08416420880162634}