{"dim0": 0.8, "dim1": 0.8, "scale": 15, "episode_rewards": 8.473307599548166, "episode_std_rewards": 0.0061694703051315605, "episode_value_ests": 0.6999688134043921, "episode_values": 0.9748662041773444, "episode_td_err": 0.07687361067201724, "episode_avg_len": 771.7137404580153, "episode_std_avg_len": 575.2920384516514, "step_rewards": 0.01097985840516358, "step_value_ests": 0.6599855677444794, "step_values": 1.0061218509246304, "step_td_err": 0.07031878323952259}