{"dim0": 0.8, "dim1": 0.06666666666666667, "scale": 15, "episode_rewards": 7.897962928282148, "episode_std_rewards": 0.006000193262720818, "episode_value_ests": 0.8947232040803248, "episode_values": 0.8569991165992802, "episode_td_err": 0.07209216983111612, "episode_avg_len": 780.1906614785992, "episode_std_avg_len": 602.3571586090582, "step_rewards": 0.010123119024924129, "step_value_ests": 0.8990439098197536, "step_values": 0.9294664526996822, "step_td_err": 0.06714548021009198}