{"dim0": 0.8, "dim1": 0.6, "scale": 15, "episode_rewards": 8.433554635901395, "episode_std_rewards": 0.0063465210242522815, "episode_value_ests": 0.7557390782505526, "episode_values": 0.9057121488226917, "episode_td_err": 0.05806085427563854, "episode_avg_len": 780.2879377431907, "episode_std_avg_len": 651.4129231672396, "step_rewards": 0.010808259653857493, "step_value_ests": 0.7464515018010878, "step_values": 0.9965005046671351, "step_td_err": 0.05573705300412145}