{"dim0": 0.8666666666666667, "dim1": -0.26666666666666666, "scale": 15, "episode_rewards": 8.126302184745612, "episode_std_rewards": 0.005827887605829914, "episode_value_ests": 0.9501529536620125, "episode_values": 0.9355354768880045, "episode_td_err": 0.11112209615660228, "episode_avg_len": 773.2007722007722, "episode_std_avg_len": 567.3540414407674, "step_rewards": 0.010509950942774675, "step_value_ests": 0.9482903837619227, "step_values": 0.9616424378098279, "step_td_err": 0.09736353068151746}