{"dim0": 0.8666666666666667, "dim1": 0.4, "scale": 15, "episode_rewards": 8.277874926652164, "episode_std_rewards": 0.006211744645039249, "episode_value_ests": 0.8024634014794271, "episode_values": 0.9704821851741822, "episode_td_err": 0.06174015030327227, "episode_avg_len": 745.5353159851301, "episode_std_avg_len": 576.0996819547119, "step_rewards": 0.011103263318537775, "step_value_ests": 0.7904200931443834, "step_values": 1.0173191108133142, "step_td_err": 0.059156881423243476}