{"dim0": 0.8666666666666667, "dim1": 0.06666666666666667, "scale": 15, "episode_rewards": 8.452567538253875, "episode_std_rewards": 0.006254163219007778, "episode_value_ests": 0.8641537296339336, "episode_values": 0.9534170305146549, "episode_td_err": 0.08266819990940937, "episode_avg_len": 792.4308300395257, "episode_std_avg_len": 664.9529331601473, "step_rewards": 0.010666631354855627, "step_value_ests": 0.8708237053283456, "step_values": 0.978426944315616, "step_td_err": 0.07528196784331345}