{"dim0": 0.8666666666666667, "dim1": 0.3333333333333333, "scale": 15, "episode_rewards": 7.917540310910254, "episode_std_rewards": 0.00588903180382861, "episode_value_ests": 0.8341322784977829, "episode_values": 0.8848469421071032, "episode_td_err": 0.059184138615938076, "episode_avg_len": 759.6401515151515, "episode_std_avg_len": 619.743644503925, "step_rewards": 0.010422751213345169, "step_value_ests": 0.8243689115674716, "step_values": 0.9558711330739537, "step_td_err": 0.056863497503460814}