{"dim0": 0.8666666666666667, "dim1": 0.5333333333333333, "scale": 15, "episode_rewards": 8.336745963486251, "episode_std_rewards": 0.006131145847409298, "episode_value_ests": 0.7750768276100736, "episode_values": 0.9441558257017647, "episode_td_err": 0.0594682425753075, "episode_avg_len": 778.9105058365759, "episode_std_avg_len": 599.4188785739025, "step_rewards": 0.010703085785872549, "step_value_ests": 0.7525087881171089, "step_values": 0.9840380874240159, "step_td_err": 0.05712441075345436}