{"dim0": 0.8666666666666667, "dim1": -0.3333333333333333, "scale": 15, "episode_rewards": 8.297353996118538, "episode_std_rewards": 0.005773294172923718, "episode_value_ests": 0.8971077852990371, "episode_values": 0.9252301415064496, "episode_td_err": 0.1342479688210757, "episode_avg_len": 791.7114624505929, "episode_std_avg_len": 653.2265311021941, "step_rewards": 0.010480275188179858, "step_value_ests": 0.9172855830207578, "step_values": 0.9595312990804005, "step_td_err": 0.11410238152529453}