{"dim0": 0.8666666666666667, "dim1": 0.0, "scale": 15, "episode_rewards": 8.243282595220602, "episode_std_rewards": 0.0063080452699882565, "episode_value_ests": 0.8797144026887843, "episode_values": 0.890582219169015, "episode_td_err": 0.08365759096329765, "episode_avg_len": 761.0226415094339, "episode_std_avg_len": 581.1141668889687, "step_rewards": 0.01083184933745288, "step_value_ests": 0.9008646677722336, "step_values": 0.9964559021039174, "step_td_err": 0.079206591673771}