{"dim0": 0.8666666666666667, "dim1": -0.6, "scale": 15, "episode_rewards": 8.235969199022286, "episode_std_rewards": 0.005926740351100661, "episode_value_ests": 1.008151680161937, "episode_values": 0.945965192502416, "episode_td_err": 0.20045172356614138, "episode_avg_len": 791.4584980237154, "episode_std_avg_len": 717.9279055215766, "step_rewards": 0.010406065788146356, "step_value_ests": 0.99719266946769, "step_values": 0.9518282012184549, "step_td_err": 0.16293920968167086}