{"dim0": 0.8666666666666667, "dim1": 0.6, "scale": 15, "episode_rewards": 7.86635671544958, "episode_std_rewards": 0.0062355892198866945, "episode_value_ests": 0.7730381786578404, "episode_values": 0.9025351089923062, "episode_td_err": 0.06240095754514949, "episode_avg_len": 741.9407407407407, "episode_std_avg_len": 585.1542280137897, "step_rewards": 0.010602405668673683, "step_value_ests": 0.7395490828704557, "step_values": 0.970293373826347, "step_td_err": 0.0595023997670438}