{"dim0": 0.8666666666666667, "dim1": 0.2, "scale": 15, "episode_rewards": 7.885224957263608, "episode_std_rewards": 0.005932786436587994, "episode_value_ests": 0.8509252734435953, "episode_values": 0.8876885354498583, "episode_td_err": 0.06772297761119553, "episode_avg_len": 774.0, "episode_std_avg_len": 680.9907386304061, "step_rewards": 0.010187629143751431, "step_value_ests": 0.8456050791827538, "step_values": 0.9353518858947495, "step_td_err": 0.06341386955494546}