{"dim0": 0.8666666666666667, "dim1": -0.4, "scale": 15, "episode_rewards": 8.507075814961347, "episode_std_rewards": 0.0061573767887981795, "episode_value_ests": 0.8948300988154565, "episode_values": 0.9505820526372994, "episode_td_err": 0.14772792295079126, "episode_avg_len": 875.8864628820961, "episode_std_avg_len": 1197.666266088311, "step_rewards": 0.00971253258894868, "step_value_ests": 0.8595411205236044, "step_values": 0.8901219626480823, "step_td_err": 0.1161240419198069}