{"dim0": 0.8666666666666667, "dim1": 0.8, "scale": 15, "episode_rewards": 7.96156452857811, "episode_std_rewards": 0.0065714201957901884, "episode_value_ests": 0.7068664975055154, "episode_values": 0.9088788265569442, "episode_td_err": 0.07819082442415158, "episode_avg_len": 766.9961832061068, "episode_std_avg_len": 571.683188422017, "step_rewards": 0.01038018793691791, "step_value_ests": 0.673872961650127, "step_values": 0.9526123924199212, "step_td_err": 0.07201047998221989}