{"dim0": 0.8666666666666667, "dim1": -0.5333333333333333, "scale": 15, "episode_rewards": 7.830108314875222, "episode_std_rewards": 0.005709939213968332, "episode_value_ests": 0.9955187177437437, "episode_values": 0.8814672369519817, "episode_td_err": 0.18945604726211523, "episode_avg_len": 823.7901234567901, "episode_std_avg_len": 829.3880293788544, "step_rewards": 0.009504979596038979, "step_value_ests": 0.9674060408952422, "step_values": 0.8670904161918179, "step_td_err": 0.14995340354478326}