{"dim0": 0.8666666666666667, "dim1": -0.4666666666666667, "scale": 15, "episode_rewards": 8.351537188667267, "episode_std_rewards": 0.005823413248299017, "episode_value_ests": 0.9580704603456102, "episode_values": 0.9654755957772808, "episode_td_err": 0.16162906758743653, "episode_avg_len": 793.6031128404669, "episode_std_avg_len": 639.0903479405531, "step_rewards": 0.010523569090821, "step_value_ests": 0.9776112522770853, "step_values": 0.9620758760833856, "step_td_err": 0.13310718385241896}