{"dim0": 0.8666666666666667, "dim1": 1.0, "scale": 15, "episode_rewards": 7.995004310195608, "episode_std_rewards": 0.005742752468472243, "episode_value_ests": 0.6292086223127588, "episode_values": 0.930433216892895, "episode_td_err": 0.11605232264793616, "episode_avg_len": 752.1165413533835, "episode_std_avg_len": 576.8712128305148, "step_rewards": 0.010630007280266874, "step_value_ests": 0.5667258542209193, "step_values": 0.9739793036104542, "step_td_err": 0.10194722569176935}