{"dim0": 0.8666666666666667, "dim1": -0.9333333333333333, "scale": 15, "episode_rewards": 8.239028845054303, "episode_std_rewards": 0.005289377433934517, "episode_value_ests": 1.0943642544285588, "episode_values": 0.9252847196974929, "episode_td_err": 0.336521106936526, "episode_avg_len": 778.0, "episode_std_avg_len": 590.6691905492386, "step_rewards": 0.010590011368964399, "step_value_ests": 1.0447594596496972, "step_values": 0.9664715296512166, "step_td_err": 0.2870982057633955}