{"dim0": 0.8666666666666667, "dim1": -1.0, "scale": 15, "episode_rewards": 8.376136130959024, "episode_std_rewards": 0.005795863799335047, "episode_value_ests": 1.0984420243138673, "episode_values": 0.9488029686294014, "episode_td_err": 0.40271058147920585, "episode_avg_len": 769.2862595419847, "episode_std_avg_len": 565.7980499459593, "step_rewards": 0.01088819152436959, "step_value_ests": 1.0428091599931948, "step_values": 0.990974048679711, "step_td_err": 0.35294414213693004}