{"dim0": 0.8666666666666667, "dim1": 0.26666666666666666, "scale": 15, "episode_rewards": 7.875620351596312, "episode_std_rewards": 0.00574998131238366, "episode_value_ests": 0.8358591858358921, "episode_values": 0.8975969253645267, "episode_td_err": 0.06475116733942653, "episode_avg_len": 762.6590909090909, "episode_std_avg_len": 623.3220971626906, "step_rewards": 0.010326527862152091, "step_value_ests": 0.8370583688763504, "step_values": 0.944635287531408, "step_td_err": 0.059392094570490196}