{"dim0": 0.8666666666666667, "dim1": 0.7333333333333333, "scale": 15, "episode_rewards": 7.945109428372234, "episode_std_rewards": 0.006083957757636597, "episode_value_ests": 0.7409478759165347, "episode_values": 0.8825730624313761, "episode_td_err": 0.07436094710779984, "episode_avg_len": 781.84375, "episode_std_avg_len": 627.9132035647423, "step_rewards": 0.01016201693544552, "step_value_ests": 0.7085059852663423, "step_values": 0.9323538308235528, "step_td_err": 0.06849945305717896}