{"dim0": 0.8666666666666667, "dim1": -0.8, "scale": 15, "episode_rewards": 8.04634048806802, "episode_std_rewards": 0.005700084113309409, "episode_value_ests": 0.9915534868580164, "episode_values": 0.9327362232406339, "episode_td_err": 0.2753403450670999, "episode_avg_len": 851.4045801526718, "episode_std_avg_len": 1737.02126263591, "step_rewards": 0.00945066619987547, "step_value_ests": 0.9278938881667457, "step_values": 0.8599603120572568, "step_td_err": 0.2097045872931369}