{"dim0": 0.8666666666666667, "dim1": 0.9333333333333333, "scale": 15, "episode_rewards": 8.388841342556384, "episode_std_rewards": 0.006136291175390061, "episode_value_ests": 0.6391342713229796, "episode_values": 0.9429526884054036, "episode_td_err": 0.1001839931748488, "episode_avg_len": 777.577519379845, "episode_std_avg_len": 586.352107848469, "step_rewards": 0.010788430906859143, "step_value_ests": 0.6018739443518581, "step_values": 0.992825324432764, "step_td_err": 0.090278791777179}