{"dim0": 0.8666666666666667, "dim1": -0.06666666666666667, "scale": 15, "episode_rewards": 8.408991539800489, "episode_std_rewards": 0.005980452022956549, "episode_value_ests": 0.9222929936920128, "episode_values": 0.9332942514174567, "episode_td_err": 0.08767666101757614, "episode_avg_len": 774.3166023166024, "episode_std_avg_len": 623.499415705095, "step_rewards": 0.010859887951055741, "step_value_ests": 0.9389490197666281, "step_values": 0.9928846052761272, "step_td_err": 0.07954504915959686}