{"dim0": 0.8666666666666667, "dim1": -0.7333333333333333, "scale": 15, "episode_rewards": 8.64763584413242, "episode_std_rewards": 0.005747386393137766, "episode_value_ests": 1.0698365470679723, "episode_values": 0.9509310537294378, "episode_td_err": 0.2571099537432699, "episode_avg_len": 858.6824034334763, "episode_std_avg_len": 827.3361007449996, "step_rewards": 0.01007081990914743, "step_value_ests": 1.0468303904427112, "step_values": 0.9208533739106797, "step_td_err": 0.20301695985497317}