{"dim0": 0.8666666666666667, "dim1": 0.4666666666666667, "scale": 15, "episode_rewards": 8.173869598002835, "episode_std_rewards": 0.006184387754969215, "episode_value_ests": 0.786089112339052, "episode_values": 0.8688865322155886, "episode_td_err": 0.058437185370103915, "episode_avg_len": 765.4923664122138, "episode_std_avg_len": 637.589507216611, "step_rewards": 0.01067792437475627, "step_value_ests": 0.768890023437758, "step_values": 0.9811715794000264, "step_td_err": 0.05721519108475757}