{"dim0": 0.9333333333333333, "dim1": 0.2, "scale": 15, "episode_rewards": 7.959512387923753, "episode_std_rewards": 0.006398931820869267, "episode_value_ests": 0.8721780413728245, "episode_values": 0.9030322338708602, "episode_td_err": 0.07917399389904368, "episode_avg_len": 772.7606177606177, "episode_std_avg_len": 604.5035525228498, "step_rewards": 0.01030010096915862, "step_value_ests": 0.8478822154347504, "step_values": 0.9418141442204373, "step_td_err": 0.07184907509825421}