{"dim0": 0.9333333333333333, "dim1": -0.6, "scale": 15, "episode_rewards": 8.140185017796124, "episode_std_rewards": 0.005749709179596917, "episode_value_ests": 0.9823259342756734, "episode_values": 0.8761076667754542, "episode_td_err": 0.22387068656830064, "episode_avg_len": 842.109243697479, "episode_std_avg_len": 1036.6974574666974, "step_rewards": 0.009666424016502567, "step_value_ests": 0.9438271563199759, "step_values": 0.8858206822805959, "step_td_err": 0.1746447451391692}