{"dim0": 0.9333333333333333, "dim1": -0.9333333333333333, "scale": 15, "episode_rewards": 8.180625342872908, "episode_std_rewards": 0.005721974335242459, "episode_value_ests": 1.0934937692093898, "episode_values": 0.9231975752427808, "episode_td_err": 0.3478690515689168, "episode_avg_len": 757.2528301886792, "episode_std_avg_len": 548.7106467098527, "step_rewards": 0.010803030397172104, "step_value_ests": 1.0520663142020945, "step_values": 0.9846762718368032, "step_td_err": 0.3023282179901662}