{"dim0": 0.9333333333333333, "dim1": -0.6666666666666666, "scale": 15, "episode_rewards": 8.080398465385874, "episode_std_rewards": 0.005962480195213439, "episode_value_ests": 1.0060331308101123, "episode_values": 0.910019528069662, "episode_td_err": 0.2396813903532383, "episode_avg_len": 768.4312977099237, "episode_std_avg_len": 583.0651707756161, "step_rewards": 0.010515446845368023, "step_value_ests": 0.9968297395487469, "step_values": 0.9578870948424413, "step_td_err": 0.20085846491459305}