{"dim0": 0.9333333333333333, "dim1": -0.7333333333333333, "scale": 15, "episode_rewards": 8.405368839056438, "episode_std_rewards": 0.006118716507062995, "episode_value_ests": 1.045255197601641, "episode_values": 0.9383064070623622, "episode_td_err": 0.2625064595825337, "episode_avg_len": 768.4656488549618, "episode_std_avg_len": 610.9848363045065, "step_rewards": 0.01093785890310218, "step_value_ests": 1.0275054975554712, "step_values": 0.9997309205914415, "step_td_err": 0.21926173782221314}