{"dim0": 0.9333333333333333, "dim1": -1.0, "scale": 15, "episode_rewards": 8.357088837240424, "episode_std_rewards": 0.006002538489309134, "episode_value_ests": 1.2863172379945682, "episode_values": 0.9046108528637531, "episode_td_err": 0.460505645544557, "episode_avg_len": 894.2276785714286, "episode_std_avg_len": 1366.9221608044045, "step_rewards": 0.00934559401090254, "step_value_ests": 1.1717950639893757, "step_values": 0.8548988112919351, "step_td_err": 0.34780766109458244}