{"dim0": 0.9333333333333333, "dim1": 0.26666666666666666, "scale": 15, "episode_rewards": 8.559934366207857, "episode_std_rewards": 0.005952875015956156, "episode_value_ests": 0.8320819699647654, "episode_values": 0.9882788218790274, "episode_td_err": 0.07336594519588623, "episode_avg_len": 771.6846153846154, "episode_std_avg_len": 568.972056020807, "step_rewards": 0.011092529506943064, "step_value_ests": 0.8157101616982573, "step_values": 1.0178645940594153, "step_td_err": 0.06835184825233467}