{"dim0": 0.9333333333333333, "dim1": 0.13333333333333333, "scale": 15, "episode_rewards": 8.453057385319449, "episode_std_rewards": 0.005938404616268645, "episode_value_ests": 0.8599985358881662, "episode_values": 0.9619045783312601, "episode_td_err": 0.08655423829008267, "episode_avg_len": 773.2818532818533, "episode_std_avg_len": 598.2086012398497, "step_rewards": 0.010931405346503581, "step_value_ests": 0.8538496282066802, "step_values": 1.0027330664500471, "step_td_err": 0.07861303666881538}