{"dim0": 0.9333333333333333, "dim1": 0.3333333333333333, "scale": 15, "episode_rewards": 8.15808530679116, "episode_std_rewards": 0.005901572241285995, "episode_value_ests": 0.8103308445561629, "episode_values": 0.9164312755264821, "episode_td_err": 0.06900849055648826, "episode_avg_len": 770.1692307692308, "episode_std_avg_len": 613.2203536496302, "step_rewards": 0.010592587941539828, "step_value_ests": 0.7870926906628889, "step_values": 0.9743265238093212, "step_td_err": 0.06406072751127294}