{"dim0": 0.9333333333333333, "dim1": 0.0, "scale": 15, "episode_rewards": 8.127579539068162, "episode_std_rewards": 0.00628141516551488, "episode_value_ests": 0.887800390600309, "episode_values": 0.8906379274834866, "episode_td_err": 0.0920733433667729, "episode_avg_len": 794.6349206349206, "episode_std_avg_len": 660.9132222553714, "step_rewards": 0.010228067415630501, "step_value_ests": 0.8796753232564681, "step_values": 0.9376939534731785, "step_td_err": 0.08147374998165693}