{"dim0": 0.9333333333333333, "dim1": -0.8, "scale": 15, "episode_rewards": 8.467111465892172, "episode_std_rewards": 0.0058542522477533126, "episode_value_ests": 1.0827021745223255, "episode_values": 0.979324558293881, "episode_td_err": 0.3050154041246599, "episode_avg_len": 822.3170731707318, "episode_std_avg_len": 741.7978579547331, "step_rewards": 0.0102966504553338, "step_value_ests": 1.0178022787781877, "step_values": 0.9393502835083748, "step_td_err": 0.24908964569382236}