{"dim0": 0.9333333333333333, "dim1": 0.4666666666666667, "scale": 15, "episode_rewards": 7.707669218381246, "episode_std_rewards": 0.006359648268010482, "episode_value_ests": 0.7932966506925998, "episode_values": 0.8727736311029456, "episode_td_err": 0.06254475174596853, "episode_avg_len": 751.6104868913858, "episode_std_avg_len": 591.4932398378871, "step_rewards": 0.010254871842275227, "step_value_ests": 0.7689245492260857, "step_values": 0.9391817848695625, "step_td_err": 0.0598978866941489}