{"dim0": 0.9333333333333333, "dim1": 0.8, "scale": 15, "episode_rewards": 7.755546003469304, "episode_std_rewards": 0.00592714050975124, "episode_value_ests": 0.6885115547845905, "episode_values": 0.8821953946383521, "episode_td_err": 0.07866491766261306, "episode_avg_len": 746.3494423791822, "episode_std_avg_len": 593.4033626063111, "step_rewards": 0.010391306756720408, "step_value_ests": 0.6339964817326534, "step_values": 0.9552799776575488, "step_td_err": 0.07267488356650918}