{"dim0": 0.9333333333333333, "dim1": 0.5333333333333333, "scale": 15, "episode_rewards": 8.036019548247841, "episode_std_rewards": 0.00603032383140075, "episode_value_ests": 0.7624556515177111, "episode_values": 0.912779633949764, "episode_td_err": 0.06176306413244671, "episode_avg_len": 784.4941176470588, "episode_std_avg_len": 621.0274590284706, "step_rewards": 0.01024356890316827, "step_value_ests": 0.7242237445835364, "step_values": 0.9365247694587788, "step_td_err": 0.0578244388337037}