{"dim0": 0.9333333333333333, "dim1": 0.6666666666666666, "scale": 15, "episode_rewards": 7.854861572659764, "episode_std_rewards": 0.00577087506533256, "episode_value_ests": 0.7340025121425696, "episode_values": 0.9415040533313755, "episode_td_err": 0.07073409582059868, "episode_avg_len": 740.6642066420665, "episode_std_avg_len": 548.5257344361901, "step_rewards": 0.010605158859061358, "step_value_ests": 0.699915781265441, "step_values": 0.9659520415383783, "step_td_err": 0.06585390183489505}