{"dim0": 0.9333333333333333, "dim1": -0.26666666666666666, "scale": 15, "episode_rewards": 8.127014928983773, "episode_std_rewards": 0.005997849164956702, "episode_value_ests": 0.9060528260460994, "episode_values": 0.9451781406680264, "episode_td_err": 0.13206350866942992, "episode_avg_len": 810.578947368421, "episode_std_avg_len": 675.3930336035364, "step_rewards": 0.010026185549684546, "step_value_ests": 0.8899983058699023, "step_values": 0.9139105568156963, "step_td_err": 0.11023147248562601}