{"dim0": 0.9333333333333333, "dim1": 1.0, "scale": 15, "episode_rewards": 8.056486599036116, "episode_std_rewards": 0.0058095274539991726, "episode_value_ests": 0.6170067977728758, "episode_values": 0.9158720244688067, "episode_td_err": 0.10826803481820237, "episode_avg_len": 749.9141791044776, "episode_std_avg_len": 540.4530266156879, "step_rewards": 0.010743211454751933, "step_value_ests": 0.5717451512739554, "step_values": 0.9827749528134339, "step_td_err": 0.09993375317019801}