{"dim0": 0.9333333333333333, "dim1": -0.8666666666666667, "scale": 15, "episode_rewards": 8.382512948342733, "episode_std_rewards": 0.005820382689875064, "episode_value_ests": 1.1124093866826092, "episode_values": 0.9975641722161325, "episode_td_err": 0.3354697090817856, "episode_avg_len": 856.484126984127, "episode_std_avg_len": 1295.1242922158976, "step_rewards": 0.009787120022713607, "step_value_ests": 1.0471655771381583, "step_values": 0.8908848648764811, "step_td_err": 0.2523144263297017}