{"dim0": 0.9333333333333333, "dim1": -0.4, "scale": 15, "episode_rewards": 8.131523978295935, "episode_std_rewards": 0.006014469453712217, "episode_value_ests": 0.968440560535295, "episode_values": 0.9357587543413378, "episode_td_err": 0.1578012038741692, "episode_avg_len": 773.1930501930502, "episode_std_avg_len": 635.8592895371556, "step_rewards": 0.010516809451747738, "step_value_ests": 0.9712278856153552, "step_values": 0.960209157981952, "step_td_err": 0.13263323778381078}