{"dim0": 0.9333333333333333, "dim1": -0.3333333333333333, "scale": 15, "episode_rewards": 8.34673529792117, "episode_std_rewards": 0.005868177039558297, "episode_value_ests": 0.9363358330633997, "episode_values": 0.934022173823745, "episode_td_err": 0.13791450379436762, "episode_avg_len": 798.3067729083665, "episode_std_avg_len": 619.0325744265318, "step_rewards": 0.010455548645181353, "step_value_ests": 0.9385315313003469, "step_values": 0.9574943782610471, "step_td_err": 0.11851918978862266}