{"dim0": 0.9333333333333333, "dim1": -0.06666666666666667, "scale": 15, "episode_rewards": 8.191140145305695, "episode_std_rewards": 0.006410315393197243, "episode_value_ests": 0.8664062700077774, "episode_values": 0.9159127547392844, "episode_td_err": 0.10649106190358293, "episode_avg_len": 818.7723577235772, "episode_std_avg_len": 831.6074043731587, "step_rewards": 0.010004172793619245, "step_value_ests": 0.8354263208208894, "step_values": 0.9190645793279361, "step_td_err": 0.09028164331226705}