{"dim0": 0.9333333333333333, "dim1": -0.13333333333333333, "scale": 15, "episode_rewards": 8.333238665262858, "episode_std_rewards": 0.006136080782878451, "episode_value_ests": 0.9053864253556453, "episode_values": 0.9372145756373277, "episode_td_err": 0.10469037176842615, "episode_avg_len": 786.8823529411765, "episode_std_avg_len": 601.8265937163858, "step_rewards": 0.010590196404983822, "step_value_ests": 0.9071699032166817, "step_values": 0.9712815355863149, "step_td_err": 0.09344947958609355}