{"dim0": 0.9333333333333333, "dim1": -0.5333333333333333, "scale": 15, "episode_rewards": 8.081880948842706, "episode_std_rewards": 0.005853796369353433, "episode_value_ests": 0.9450814201390343, "episode_values": 0.9427026482138149, "episode_td_err": 0.20770556367230614, "episode_avg_len": 763.4030418250951, "episode_std_avg_len": 583.9013318309363, "step_rewards": 0.010586650178287294, "step_value_ests": 0.9502733797304005, "step_values": 0.9637300363327924, "step_td_err": 0.17330999325194413}