{"dim0": 1.0, "dim1": 0.8666666666666667, "scale": 15, "episode_rewards": 8.368520745971324, "episode_std_rewards": 0.006144304420902503, "episode_value_ests": 0.6289124890989976, "episode_values": 0.903332054391728, "episode_td_err": 0.09515465962132852, "episode_avg_len": 779.7237354085603, "episode_std_avg_len": 640.874504020527, "step_rewards": 0.010732674107434191, "step_value_ests": 0.6044009321655442, "step_values": 0.9854776774700396, "step_td_err": 0.0891463798969651}