{"dim0": 1.0, "dim1": -0.26666666666666666, "scale": 15, "episode_rewards": 8.293631784089907, "episode_std_rewards": 0.005873949357815913, "episode_value_ests": 0.9006206834710044, "episode_values": 0.9225514617824074, "episode_td_err": 0.14524488876580316, "episode_avg_len": 789.9803149606299, "episode_std_avg_len": 599.8150728847544, "step_rewards": 0.010498529681088617, "step_value_ests": 0.9039264418301164, "step_values": 0.9619754325258552, "step_td_err": 0.12206204950427682}