{"dim0": 1.0, "dim1": 0.06666666666666667, "scale": 15, "episode_rewards": 8.361403021335601, "episode_std_rewards": 0.005916707122328283, "episode_value_ests": 0.8384147803457913, "episode_values": 0.9352707315110536, "episode_td_err": 0.1002926034815795, "episode_avg_len": 800.992, "episode_std_avg_len": 703.8373277512353, "step_rewards": 0.010438809652700155, "step_value_ests": 0.8333513695198568, "step_values": 0.9559680241160707, "step_td_err": 0.0883120066934712}