{"dim0": 1.0, "dim1": 0.4666666666666667, "scale": 15, "episode_rewards": 8.051256352253542, "episode_std_rewards": 0.005913131663519916, "episode_value_ests": 0.7729735012332148, "episode_values": 0.8968150178536394, "episode_td_err": 0.06805147774971416, "episode_avg_len": 770.1908396946565, "episode_std_avg_len": 600.6884487279348, "step_rewards": 0.010453586224740711, "step_value_ests": 0.7527396312079372, "step_values": 0.958242079925804, "step_td_err": 0.06468525030674986}