{"dim0": 1.0, "dim1": 0.6, "scale": 15, "episode_rewards": 8.077388146748909, "episode_std_rewards": 0.0062930390697952115, "episode_value_ests": 0.7278124619136257, "episode_values": 0.8715975587386573, "episode_td_err": 0.07224438738419267, "episode_avg_len": 772.5153846153846, "episode_std_avg_len": 628.6655553889877, "step_rewards": 0.010455957651601245, "step_value_ests": 0.7019905739872082, "step_values": 0.9583686395810644, "step_td_err": 0.06906691190333732}