{"dim0": 1.0, "dim1": -0.9333333333333333, "scale": 15, "episode_rewards": 8.681270173617772, "episode_std_rewards": 0.005355177259618035, "episode_value_ests": 1.19965116958583, "episode_values": 0.9705890600212803, "episode_td_err": 0.3819043187074286, "episode_avg_len": 794.0753968253969, "episode_std_avg_len": 643.9588790956394, "step_rewards": 0.01093255150370391, "step_value_ests": 1.1458188788265038, "step_values": 0.9984031428524553, "step_td_err": 0.32630288631786225}