{"dim0": 1.0, "dim1": 0.2, "scale": 15, "episode_rewards": 7.8667277567174905, "episode_std_rewards": 0.005970548089448982, "episode_value_ests": 0.8263216097243168, "episode_values": 0.8964591761519469, "episode_td_err": 0.08451877444914586, "episode_avg_len": 772.5752895752896, "episode_std_avg_len": 583.3810627786095, "step_rewards": 0.010182473945085783, "step_value_ests": 0.8110789706766136, "step_values": 0.9303905545917777, "step_td_err": 0.07650011935315863}