{"dim0": 1.0, "dim1": -0.4, "scale": 15, "episode_rewards": 8.318403579134797, "episode_std_rewards": 0.006359867180528926, "episode_value_ests": 0.9627775042804899, "episode_values": 0.9340034667408688, "episode_td_err": 0.16843882904407315, "episode_avg_len": 858.37339055794, "episode_std_avg_len": 1185.6555972724288, "step_rewards": 0.009690891715233463, "step_value_ests": 0.940600906318441, "step_values": 0.8858195787627673, "step_td_err": 0.13305343810669046}