{"dim0": 1.0, "dim1": 0.9333333333333333, "scale": 15, "episode_rewards": 8.181793380057675, "episode_std_rewards": 0.005774533857753394, "episode_value_ests": 0.6241846657664946, "episode_values": 0.9264130663823642, "episode_td_err": 0.10622054545629148, "episode_avg_len": 770.1532567049809, "episode_std_avg_len": 624.0405781510118, "step_rewards": 0.010623591225287563, "step_value_ests": 0.579830255884841, "step_values": 0.9741624994743171, "step_td_err": 0.09669440086759627}