{"dim0": 1.0, "dim1": -0.13333333333333333, "scale": 15, "episode_rewards": 8.431193725007478, "episode_std_rewards": 0.006097029078922738, "episode_value_ests": 0.8987752977508697, "episode_values": 0.9208308904109662, "episode_td_err": 0.12274427196233786, "episode_avg_len": 820.1844262295082, "episode_std_avg_len": 645.1191740863475, "step_rewards": 0.01027963157477489, "step_value_ests": 0.8856645083238674, "step_values": 0.9418164853721038, "step_td_err": 0.10751598091238163}