{"dim0": 1.0, "dim1": 0.26666666666666666, "scale": 15, "episode_rewards": 8.16384352198187, "episode_std_rewards": 0.0058339431534454415, "episode_value_ests": 0.8194088680594335, "episode_values": 0.9401478512597992, "episode_td_err": 0.07867162213898245, "episode_avg_len": 754.7962264150943, "episode_std_avg_len": 616.1654366067436, "step_rewards": 0.010815956991141906, "step_value_ests": 0.814848988867889, "step_values": 0.9912123409099448, "step_td_err": 0.07365987828649782}