{"dim0": 1.0, "dim1": -0.06666666666666667, "scale": 15, "episode_rewards": 8.50233427839955, "episode_std_rewards": 0.005986281385028649, "episode_value_ests": 0.8959006963743931, "episode_values": 0.9596739014686169, "episode_td_err": 0.11254376537534978, "episode_avg_len": 789.5551181102362, "episode_std_avg_len": 598.1165277939255, "step_rewards": 0.01076851265146567, "step_value_ests": 0.8891307003979814, "step_values": 0.9859271950953515, "step_td_err": 0.1014696515412646}