{"dim0": 1.0, "dim1": -0.7333333333333333, "scale": 15, "episode_rewards": 8.226547262690088, "episode_std_rewards": 0.005651219818290805, "episode_value_ests": 1.1729894142796105, "episode_values": 0.8788801751857312, "episode_td_err": 0.29276340049114397, "episode_avg_len": 902.3648648648649, "episode_std_avg_len": 1284.569359336312, "step_rewards": 0.009116652900622487, "step_value_ests": 1.075942260297507, "step_values": 0.8336708634213719, "step_td_err": 0.21883367139409046}