{"dim0": 1.0, "dim1": -0.4666666666666667, "scale": 15, "episode_rewards": 7.784375012148428, "episode_std_rewards": 0.005212797896578548, "episode_value_ests": 0.9442604554560046, "episode_values": 0.8893992522626211, "episode_td_err": 0.19605962327193788, "episode_avg_len": 763.5114503816794, "episode_std_avg_len": 574.7474170279838, "step_rewards": 0.010195492167480944, "step_value_ests": 0.9380380638532595, "step_values": 0.9307247668303563, "step_td_err": 0.16557521495420027}