{"dim0": 1.0, "dim1": -0.8, "scale": 15, "episode_rewards": 8.095436872198032, "episode_std_rewards": 0.0054821922745543475, "episode_value_ests": 1.1088604993363897, "episode_values": 0.9267322957039745, "episode_td_err": 0.32050438114496427, "episode_avg_len": 769.6, "episode_std_avg_len": 581.6067545370128, "step_rewards": 0.010519018804831122, "step_value_ests": 1.0685136454997117, "step_values": 0.9606498311401585, "step_td_err": 0.27372798387642194}