{"dim0": 1.0, "dim1": 0.5333333333333333, "scale": 15, "episode_rewards": 8.272961735265135, "episode_std_rewards": 0.005897977643319637, "episode_value_ests": 0.7427547177507654, "episode_values": 0.9017541548024538, "episode_td_err": 0.06851512749124944, "episode_avg_len": 777.2471042471043, "episode_std_avg_len": 615.93464210177, "step_rewards": 0.010643927381728752, "step_value_ests": 0.7179789226236071, "step_values": 0.9773100824454258, "step_td_err": 0.06612927519873946}