{"dim0": 1.0, "dim1": 0.7333333333333333, "scale": 15, "episode_rewards": 8.140855274013445, "episode_std_rewards": 0.0061131444234508794, "episode_value_ests": 0.6776198715537991, "episode_values": 0.8843298035875881, "episode_td_err": 0.07941326670310009, "episode_avg_len": 788.9450980392157, "episode_std_avg_len": 675.8363162760191, "step_rewards": 0.010318658794187465, "step_value_ests": 0.6372779860975576, "step_values": 0.9466812170509746, "step_td_err": 0.07488810515695891}