{"dim0": 1.0, "dim1": -0.6, "scale": 15, "episode_rewards": 8.410558230347103, "episode_std_rewards": 0.00551953543744794, "episode_value_ests": 1.0036270963289937, "episode_values": 0.9332468860168173, "episode_td_err": 0.24175704720746988, "episode_avg_len": 793.7896825396825, "episode_std_avg_len": 576.6322927175178, "step_rewards": 0.01059544916663319, "step_value_ests": 0.9924740355847987, "step_values": 0.9693105977206011, "step_td_err": 0.20599880253376743}