{"dim0": 1.0, "dim1": -0.5333333333333333, "scale": 15, "episode_rewards": 8.370128181910422, "episode_std_rewards": 0.005984630886172768, "episode_value_ests": 0.9992530401702273, "episode_values": 0.9391815232897183, "episode_td_err": 0.2182824232529686, "episode_avg_len": 778.5289575289576, "episode_std_avg_len": 665.2860404147436, "step_rewards": 0.01075120983100888, "step_value_ests": 0.978266223337762, "step_values": 0.9831339001314634, "step_td_err": 0.18137467364140925}