{"dim0": 1.0, "dim1": -1.0, "scale": 15, "episode_rewards": 8.441041216672025, "episode_std_rewards": 0.005814985575702795, "episode_value_ests": 1.3969493954312384, "episode_values": 0.9471866300390548, "episode_td_err": 0.5027453053989406, "episode_avg_len": 935.6495327102804, "episode_std_avg_len": 1632.5523087252307, "step_rewards": 0.009021584387715132, "step_value_ests": 1.2124054757698506, "step_values": 0.8210412861006294, "step_td_err": 0.3571850885235601}