{"dim0": 1.0, "dim1": 0.8, "scale": 15, "episode_rewards": 8.062641771666081, "episode_std_rewards": 0.005592378056110262, "episode_value_ests": 0.6922276201076666, "episode_values": 0.859139989424226, "episode_td_err": 0.0897236098092493, "episode_avg_len": 797.0478087649402, "episode_std_avg_len": 663.561732631657, "step_rewards": 0.010115631312203834, "step_value_ests": 0.6501690703497229, "step_values": 0.9268897902516575, "step_td_err": 0.08268256565211284}