{"dim0": 1.0, "dim1": -0.3333333333333333, "scale": 15, "episode_rewards": 8.000954777002335, "episode_std_rewards": 0.006061671607736174, "episode_value_ests": 0.9352423564838227, "episode_values": 0.9204589200687106, "episode_td_err": 0.1568541570407287, "episode_avg_len": 782.80859375, "episode_std_avg_len": 608.8063039320449, "step_rewards": 0.010220831555609548, "step_value_ests": 0.9238037883032502, "step_values": 0.9310090317516272, "step_td_err": 0.1318605492241952}