{"dim0": 1.0, "dim1": -0.8666666666666667, "scale": 15, "episode_rewards": 8.209033024461963, "episode_std_rewards": 0.005568378857241743, "episode_value_ests": 1.1905100061816583, "episode_values": 0.9193691181912635, "episode_td_err": 0.3694790632119823, "episode_avg_len": 844.7257383966245, "episode_std_avg_len": 915.9866672444542, "step_rewards": 0.009717986147839587, "step_value_ests": 1.1033056772931606, "step_values": 0.8855515767272983, "step_td_err": 0.29331495541284447}