{"dim0": 1.0, "dim1": -0.2, "scale": 15, "episode_rewards": 8.317698346191193, "episode_std_rewards": 0.0058997927449967996, "episode_value_ests": 0.9248426897669141, "episode_values": 0.9681510813060873, "episode_td_err": 0.13225771189116967, "episode_avg_len": 797.207171314741, "episode_std_avg_len": 678.6367141183632, "step_rewards": 0.010433546818794645, "step_value_ests": 0.9059027188302081, "step_values": 0.9534879557077289, "step_td_err": 0.11010955892452068}