{"dim0": 1.0, "dim1": 0.13333333333333333, "scale": 15, "episode_rewards": 8.18847071245847, "episode_std_rewards": 0.006001228196611897, "episode_value_ests": 0.840912675239408, "episode_values": 0.8755934158962033, "episode_td_err": 0.08780266019669808, "episode_avg_len": 801.4541832669323, "episode_std_avg_len": 691.9582415581084, "step_rewards": 0.01021701662231042, "step_value_ests": 0.8349523673547884, "step_values": 0.9388015489908235, "step_td_err": 0.07935093697568578}