{"dim0": 1.0, "dim1": 0.0, "scale": 15, "episode_rewards": 8.11252843618393, "episode_std_rewards": 0.005833651020390911, "episode_value_ests": 0.9133652768947452, "episode_values": 0.8929375432572719, "episode_td_err": 0.1038400456627119, "episode_avg_len": 800.184, "episode_std_avg_len": 633.4934112869684, "step_rewards": 0.010138328729622099, "step_value_ests": 0.8915251626846248, "step_values": 0.9266991370879331, "step_td_err": 0.09141634470908992}