{"dim0": 1.0, "dim1": 0.4, "scale": 15, "episode_rewards": 8.102461398343632, "episode_std_rewards": 0.006148418193588921, "episode_value_ests": 0.8017602339106193, "episode_values": 0.8986180262322272, "episode_td_err": 0.07089594080979252, "episode_avg_len": 780.0505836575876, "episode_std_avg_len": 610.2011224937688, "step_rewards": 0.010387097411493384, "step_value_ests": 0.7715600515364555, "step_values": 0.9516311370478654, "step_td_err": 0.06644965914276858}