{"dim0": 1.0, "dim1": -0.6666666666666666, "scale": 15, "episode_rewards": 8.508440052530894, "episode_std_rewards": 0.005519001628427137, "episode_value_ests": 1.066579942059246, "episode_values": 0.9578528030735036, "episode_td_err": 0.26183473591129997, "episode_avg_len": 824.2263374485597, "episode_std_avg_len": 762.8797686162296, "step_rewards": 0.010322941243141127, "step_value_ests": 1.0100477629903313, "step_values": 0.945926544977246, "step_td_err": 0.21588481779173152}