{"dim0": 1.0, "dim1": 0.3333333333333333, "scale": 15, "episode_rewards": 8.132338650217664, "episode_std_rewards": 0.006256448724254678, "episode_value_ests": 0.8217904269905634, "episode_values": 0.9073194698542794, "episode_td_err": 0.07336693260556128, "episode_avg_len": 750.7378277153558, "episode_std_avg_len": 582.1314755802154, "step_rewards": 0.01083246154648419, "step_value_ests": 0.8216457217458761, "step_values": 0.9958017626304282, "step_td_err": 0.06963233676673272}