{"dim0": 1.0, "dim1": 0.6666666666666666, "scale": 15, "episode_rewards": 8.421110010429805, "episode_std_rewards": 0.006123209916721214, "episode_value_ests": 0.724854921602081, "episode_values": 0.9428117918947538, "episode_td_err": 0.07870587516519216, "episode_avg_len": 793.3675889328064, "episode_std_avg_len": 606.8472169502581, "step_rewards": 0.010614386228907348, "step_value_ests": 0.6943508268016763, "step_values": 0.9724581471439707, "step_td_err": 0.07351664215559223}