{"dim0": 0.13333333333333333, "dim1": 0.7333333333333333, "scale": 15, "episode_rewards": 7.950878847810559, "episode_std_rewards": 0.0059044868789214, "episode_value_ests": 0.7940943283956068, "episode_values": 0.9533455894660725, "episode_td_err": 0.04575747980589716, "episode_avg_len": 751.9924812030075, "episode_std_avg_len": 590.8883842573271, "step_rewards": 0.01057308290515227, "step_value_ests": 0.7585970333305957, "step_values": 0.9657579120347284, "step_td_err": 0.04068270026470099}