{"dim0": 0.13333333333333333, "dim1": -0.8, "scale": 15, "episode_rewards": 8.017293960549111, "episode_std_rewards": 0.005858725025645504, "episode_value_ests": 0.907935838301348, "episode_values": 0.8909957041957292, "episode_td_err": 0.1308435254024279, "episode_avg_len": 777.9341085271318, "episode_std_avg_len": 586.3971981113889, "step_rewards": 0.010305877930623599, "step_value_ests": 0.9445312481086208, "step_values": 0.9438177087493588, "step_td_err": 0.11359445548909257}