{"dim0": 0.13333333333333333, "dim1": 0.5333333333333333, "scale": 15, "episode_rewards": 7.9945394448514255, "episode_std_rewards": 0.006319832241752338, "episode_value_ests": 0.8274444487022165, "episode_values": 0.9323183799884588, "episode_td_err": 0.03411097554791064, "episode_avg_len": 756.7207547169811, "episode_std_avg_len": 563.1879251219827, "step_rewards": 0.01056471544492187, "step_value_ests": 0.8260515982210378, "step_values": 0.9677507016840631, "step_td_err": 0.03138233014839039}