{"dim0": 0.13333333333333333, "dim1": -0.4666666666666667, "scale": 15, "episode_rewards": 7.863296316291572, "episode_std_rewards": 0.005796508048128809, "episode_value_ests": 0.8126448032322827, "episode_values": 0.9317028576731616, "episode_td_err": 0.06683457192012911, "episode_avg_len": 778.4941634241245, "episode_std_avg_len": 616.5394835619509, "step_rewards": 0.010100649029538888, "step_value_ests": 0.8668587844118489, "step_values": 0.920369721570068, "step_td_err": 0.0567629266489554}