{"dim0": 0.13333333333333333, "dim1": 0.4666666666666667, "scale": 15, "episode_rewards": 8.116336960975941, "episode_std_rewards": 0.006335192998631815, "episode_value_ests": 0.8039017802286753, "episode_values": 0.9026491573029094, "episode_td_err": 0.030230842110411126, "episode_avg_len": 770.5192307692307, "episode_std_avg_len": 573.8201772193303, "step_rewards": 0.010533594278851645, "step_value_ests": 0.8253427287874548, "step_values": 0.967961282324612, "step_td_err": 0.02870930463579537}