{"dim0": 0.13333333333333333, "dim1": 1.0, "scale": 15, "episode_rewards": 7.929653712551857, "episode_std_rewards": 0.005924442131450267, "episode_value_ests": 0.7152918066566812, "episode_values": 0.869922564166617, "episode_td_err": 0.07609432398867134, "episode_avg_len": 761.3422053231939, "episode_std_avg_len": 633.0285501088646, "step_rewards": 0.01041536073674738, "step_value_ests": 0.6960986107343626, "step_values": 0.9588210466232887, "step_td_err": 0.06636972345048808}