{"dim0": 0.13333333333333333, "dim1": -0.6666666666666666, "scale": 15, "episode_rewards": 8.2828009714765, "episode_std_rewards": 0.006130710800826415, "episode_value_ests": 0.8399975504445792, "episode_values": 0.9262294339140925, "episode_td_err": 0.09408828932841153, "episode_avg_len": 830.4876033057851, "episode_std_avg_len": 697.1914450158915, "step_rewards": 0.009973419155814631, "step_value_ests": 0.9032703026066367, "step_values": 0.9119907897713054, "step_td_err": 0.07911613729249607}