{"dim0": 0.13333333333333333, "dim1": -0.2, "scale": 15, "episode_rewards": 7.784547664285675, "episode_std_rewards": 0.006088682392436911, "episode_value_ests": 0.8599437406474327, "episode_values": 0.8526241101254283, "episode_td_err": 0.034191963723913234, "episode_avg_len": 813.5284552845528, "episode_std_avg_len": 783.9817934380424, "step_rewards": 0.009568869550559023, "step_value_ests": 0.9014740799378939, "step_values": 0.8775863123132893, "step_td_err": 0.030565928823451802}