{"dim0": 0.13333333333333333, "dim1": -0.26666666666666666, "scale": 15, "episode_rewards": 8.396825239816064, "episode_std_rewards": 0.006539529586145917, "episode_value_ests": 0.835201123222034, "episode_values": 0.9677344380443228, "episode_td_err": 0.044985509721554, "episode_avg_len": 778.4941634241245, "episode_std_avg_len": 629.9426329302178, "step_rewards": 0.010785983549168196, "step_value_ests": 0.8682664496578636, "step_values": 0.9901587864989069, "step_td_err": 0.03981711063572803}