{"dim0": 0.13333333333333333, "dim1": -0.3333333333333333, "scale": 15, "episode_rewards": 8.065556939504322, "episode_std_rewards": 0.006085471619693724, "episode_value_ests": 0.8632784346977759, "episode_values": 0.9084984308897441, "episode_td_err": 0.04633201040997989, "episode_avg_len": 773.1042471042471, "episode_std_avg_len": 638.2461193173531, "step_rewards": 0.010432689989370534, "step_value_ests": 0.9234025547759253, "step_values": 0.9581571072058179, "step_td_err": 0.04130624191469131}