{"dim0": 0.13333333333333333, "dim1": 0.6, "scale": 15, "episode_rewards": 8.164612990088445, "episode_std_rewards": 0.006282584544894102, "episode_value_ests": 0.7957802927522084, "episode_values": 0.9067758387343275, "episode_td_err": 0.03604248021251799, "episode_avg_len": 772.6216216216217, "episode_std_avg_len": 616.839506290674, "step_rewards": 0.010567414581217772, "step_value_ests": 0.7994098614951699, "step_values": 0.9688055860474771, "step_td_err": 0.033471431469018854}