{"dim0": 0.13333333333333333, "dim1": 0.2, "scale": 15, "episode_rewards": 7.824767851562642, "episode_std_rewards": 0.006097633484936216, "episode_value_ests": 0.8589958058544637, "episode_values": 0.8915030930448882, "episode_td_err": 0.02319609841315386, "episode_avg_len": 748.3843283582089, "episode_std_avg_len": 597.9200934176812, "step_rewards": 0.010455547444089946, "step_value_ests": 0.8841765451072733, "step_values": 0.9578171829940652, "step_td_err": 0.022666532541679205}