{"dim0": 0.13333333333333333, "dim1": -0.13333333333333333, "scale": 15, "episode_rewards": 8.403671276244673, "episode_std_rewards": 0.006271023320048709, "episode_value_ests": 0.8759815670803369, "episode_values": 0.925208474323956, "episode_td_err": 0.03123790589375083, "episode_avg_len": 779.0661478599221, "episode_std_avg_len": 634.6611518957403, "step_rewards": 0.010786852052716416, "step_value_ests": 0.9472114071824886, "step_values": 0.9938094468765942, "step_td_err": 0.02962891563733056}