{"dim0": 0.13333333333333333, "dim1": 0.8, "scale": 15, "episode_rewards": 7.816694686079726, "episode_std_rewards": 0.006305342266184866, "episode_value_ests": 0.7722952273061429, "episode_values": 0.8802833724446593, "episode_td_err": 0.04927445264205151, "episode_avg_len": 737.5183823529412, "episode_std_avg_len": 592.8289540666314, "step_rewards": 0.010598643875345507, "step_value_ests": 0.7622781215897482, "step_values": 0.9697778897204062, "step_td_err": 0.04568047357944572}