{"dim0": 0.13333333333333333, "dim1": 0.06666666666666667, "scale": 15, "episode_rewards": 8.112914600475566, "episode_std_rewards": 0.0059675319958005174, "episode_value_ests": 0.8451654621335987, "episode_values": 0.8823003307697758, "episode_td_err": 0.025190082016448793, "episode_avg_len": 791.2440944881889, "episode_std_avg_len": 604.601120757339, "step_rewards": 0.010253365120814395, "step_value_ests": 0.8780221710668579, "step_values": 0.9405024373676774, "step_td_err": 0.02416722445569988}