{"dim0": 0.13333333333333333, "dim1": -0.8666666666666667, "scale": 15, "episode_rewards": 8.310440406026576, "episode_std_rewards": 0.005918679854787328, "episode_value_ests": 0.8001071081999029, "episode_values": 0.9658986105766836, "episode_td_err": 0.18187547394496617, "episode_avg_len": 790.9723320158103, "episode_std_avg_len": 634.4078089125214, "step_rewards": 0.010506613277922424, "step_value_ests": 0.8362268232729572, "step_values": 0.9577415349216772, "step_td_err": 0.15145574588972005}