{"dim0": 0.13333333333333333, "dim1": 0.8666666666666667, "scale": 15, "episode_rewards": 8.008018144539424, "episode_std_rewards": 0.006243833586186313, "episode_value_ests": 0.7370566807488338, "episode_values": 0.902845995832715, "episode_td_err": 0.05617064116573698, "episode_avg_len": 753.0827067669173, "episode_std_avg_len": 560.8436454693501, "step_rewards": 0.010633650291770602, "step_value_ests": 0.7301165830786749, "step_values": 0.9768116575582514, "step_td_err": 0.05166170996067216}