{"dim0": 0.13333333333333333, "dim1": 0.0, "scale": 15, "episode_rewards": 7.899261813366275, "episode_std_rewards": 0.006067362793410175, "episode_value_ests": 0.874154988273803, "episode_values": 0.9021535842296282, "episode_td_err": 0.025974211188578348, "episode_avg_len": 773.8687258687258, "episode_std_avg_len": 663.9854557667699, "step_rewards": 0.010207495857257649, "step_value_ests": 0.8957386988315905, "step_values": 0.9343866098315754, "step_td_err": 0.024588045324817117}