{"dim0": 0.13333333333333333, "dim1": 0.6666666666666666, "scale": 15, "episode_rewards": 8.090879604974145, "episode_std_rewards": 0.00651118014226686, "episode_value_ests": 0.7587581743915044, "episode_values": 0.8631550354045511, "episode_td_err": 0.03712940662310087, "episode_avg_len": 779.1089494163424, "episode_std_avg_len": 653.8769233820544, "step_rewards": 0.010384785864718027, "step_value_ests": 0.7692846510677257, "step_values": 0.9569087194347916, "step_td_err": 0.03459974970850608}