{"dim0": 0.13333333333333333, "dim1": 0.26666666666666666, "scale": 15, "episode_rewards": 8.171228091228883, "episode_std_rewards": 0.006229343335738084, "episode_value_ests": 0.8210771297986638, "episode_values": 0.9226905862398443, "episode_td_err": 0.026988214770966593, "episode_avg_len": 774.6833976833976, "episode_std_avg_len": 604.7070130051784, "step_rewards": 0.010547829107560596, "step_value_ests": 0.8576355151657892, "step_values": 0.9677354215320642, "step_td_err": 0.025672302340586834}