{"dim0": 0.13333333333333333, "dim1": -0.9333333333333333, "scale": 15, "episode_rewards": 8.388021924616298, "episode_std_rewards": 0.006161239900813792, "episode_value_ests": 0.7794996156228617, "episode_values": 0.9801290312145811, "episode_td_err": 0.2244346418713817, "episode_avg_len": 780.2529182879377, "episode_std_avg_len": 576.735967077705, "step_rewards": 0.010750388403572566, "step_value_ests": 0.8610480539663454, "step_values": 0.9792887534555083, "step_td_err": 0.19070908997619376}