{"dim0": 0.13333333333333333, "dim1": -0.4, "scale": 15, "episode_rewards": 7.844916100788834, "episode_std_rewards": 0.006361136856726216, "episode_value_ests": 0.8705802801760412, "episode_values": 0.9115085224218877, "episode_td_err": 0.053648468333152746, "episode_avg_len": 752.3571428571429, "episode_std_avg_len": 593.4321704036884, "step_rewards": 0.010427117194630558, "step_value_ests": 0.928495129316964, "step_values": 0.9522425927025816, "step_td_err": 0.04717557351312515}