{"dim0": 0.13333333333333333, "dim1": -0.06666666666666667, "scale": 15, "episode_rewards": 7.836434989349515, "episode_std_rewards": 0.006153112919818752, "episode_value_ests": 0.8559022923177044, "episode_values": 0.8809743892434764, "episode_td_err": 0.03001298360613975, "episode_avg_len": 785.3803921568627, "episode_std_avg_len": 671.7952597243311, "step_rewards": 0.009977884688244619, "step_value_ests": 0.8991958913449122, "step_values": 0.9156500282680153, "step_td_err": 0.028436712425073354}