{"dim0": 0.13333333333333333, "dim1": 0.9333333333333333, "scale": 15, "episode_rewards": 8.179854698590379, "episode_std_rewards": 0.006524828360531379, "episode_value_ests": 0.7471547504837318, "episode_values": 0.9269456522526975, "episode_td_err": 0.06686955957715209, "episode_avg_len": 749.2686567164179, "episode_std_avg_len": 588.3554827587021, "step_rewards": 0.010917118479822222, "step_value_ests": 0.7412809099024478, "step_values": 1.0048286629324183, "step_td_err": 0.05945013925795112}