{"dim0": 0.13333333333333333, "dim1": -1.0, "scale": 15, "episode_rewards": 7.892071228657128, "episode_std_rewards": 0.005911695845226318, "episode_value_ests": 0.7596045017503174, "episode_values": 0.9132724265445065, "episode_td_err": 0.2596873741649795, "episode_avg_len": 757.2, "episode_std_avg_len": 556.0544034738341, "step_rewards": 0.010422703682854105, "step_value_ests": 0.7779086966130935, "step_values": 0.9525590354279354, "step_td_err": 0.22373029756934318}