{"dim0": 0.13333333333333333, "dim1": 0.4, "scale": 15, "episode_rewards": 8.50752525770758, "episode_std_rewards": 0.006486303290879951, "episode_value_ests": 0.8239220693119628, "episode_values": 0.9451733918210687, "episode_td_err": 0.029047178122322374, "episode_avg_len": 788.2952755905512, "episode_std_avg_len": 650.638622844306, "step_rewards": 0.010792307807926631, "step_value_ests": 0.8402299867117959, "step_values": 0.9917869259795535, "step_td_err": 0.02722738816348827}