{"dim0": 0.13333333333333333, "dim1": -0.7333333333333333, "scale": 15, "episode_rewards": 7.968786465663176, "episode_std_rewards": 0.005951967558046545, "episode_value_ests": 0.7561972021313788, "episode_values": 0.8960911745547255, "episode_td_err": 0.11448995342444421, "episode_avg_len": 773.5346153846153, "episode_std_avg_len": 601.946869264356, "step_rewards": 0.010301783924305639, "step_value_ests": 0.8211582823199352, "step_values": 0.9400639024219724, "step_td_err": 0.101226376206524}