{"dim0": 0.2, "dim1": 0.4, "scale": 15, "episode_rewards": 7.773711642811289, "episode_std_rewards": 0.006367042437906522, "episode_value_ests": 0.8123209611371599, "episode_values": 0.9008100274036636, "episode_td_err": 0.02865510276795811, "episode_avg_len": 744.3457249070632, "episode_std_avg_len": 568.3860894192366, "step_rewards": 0.010443684141239465, "step_value_ests": 0.8259370662305, "step_values": 0.9589180974666147, "step_td_err": 0.02715740189798921}