{"dim0": 0.2, "dim1": -0.9333333333333333, "scale": 15, "episode_rewards": 8.209573759995832, "episode_std_rewards": 0.005718872711377912, "episode_value_ests": 0.808832453917287, "episode_values": 0.9451714870461203, "episode_td_err": 0.20897305698764376, "episode_avg_len": 776.2625482625483, "episode_std_avg_len": 582.8353415120896, "step_rewards": 0.010575769471773076, "step_value_ests": 0.8280506210375973, "step_values": 0.9619923200742784, "step_td_err": 0.1808796857885368}