{"dim0": 0.2, "dim1": 0.9333333333333333, "scale": 15, "episode_rewards": 8.221847223238347, "episode_std_rewards": 0.006194819651800886, "episode_value_ests": 0.7416552653722477, "episode_values": 0.9049559575360634, "episode_td_err": 0.06824453389032155, "episode_avg_len": 760.7946768060837, "episode_std_avg_len": 603.8626644678436, "step_rewards": 0.010806920019149905, "step_value_ests": 0.7190228151569565, "step_values": 0.9976642145260607, "step_td_err": 0.06059992132848079}