{"dim0": 0.2, "dim1": 0.06666666666666667, "scale": 15, "episode_rewards": 8.3049139519454, "episode_std_rewards": 0.006363836231703011, "episode_value_ests": 0.8550059979077861, "episode_values": 0.9332718439983612, "episode_td_err": 0.028666730614171076, "episode_avg_len": 791.0237154150198, "episode_std_avg_len": 640.5780364494653, "step_rewards": 0.010498944330118004, "step_value_ests": 0.8899247621976647, "step_values": 0.9623554426185669, "step_td_err": 0.026304978409398085}