{"dim0": 0.2, "dim1": 1.0, "scale": 15, "episode_rewards": 7.766080620593595, "episode_std_rewards": 0.006511236580608903, "episode_value_ests": 0.7171696254582546, "episode_values": 0.8824758141771636, "episode_td_err": 0.07569247627869267, "episode_avg_len": 752.2368421052631, "episode_std_avg_len": 635.855442025888, "step_rewards": 0.01032398333330616, "step_value_ests": 0.6761569474026963, "step_values": 0.9484907419198216, "step_td_err": 0.06495581985268015}