{"dim0": 0.2, "dim1": -0.8, "scale": 15, "episode_rewards": 8.46188133507378, "episode_std_rewards": 0.006188158399432946, "episode_value_ests": 0.8564803759577123, "episode_values": 0.9522717804841394, "episode_td_err": 0.1390301761853747, "episode_avg_len": 791.2252964426877, "episode_std_avg_len": 596.6475915069121, "step_rewards": 0.010694654699638657, "step_value_ests": 0.8914023258210528, "step_values": 0.9792724245444895, "step_td_err": 0.12364377966228811}