{"dim0": 0.2, "dim1": -0.6666666666666666, "scale": 15, "episode_rewards": 8.115020709240484, "episode_std_rewards": 0.005884866417350032, "episode_value_ests": 0.829631053138104, "episode_values": 0.9016854016376188, "episode_td_err": 0.1008568356246328, "episode_avg_len": 814.3967611336033, "episode_std_avg_len": 649.8829826696486, "step_rewards": 0.00996445602011573, "step_value_ests": 0.8843096984754922, "step_values": 0.912382638330985, "step_td_err": 0.08614364792494499}