{"dim0": 0.2, "dim1": 0.13333333333333333, "scale": 15, "episode_rewards": 8.114799832624774, "episode_std_rewards": 0.006072072026319112, "episode_value_ests": 0.8338319099331003, "episode_values": 0.8567341400827378, "episode_td_err": 0.026087566661401284, "episode_avg_len": 807.241935483871, "episode_std_avg_len": 643.0608368220836, "step_rewards": 0.010052500342119443, "step_value_ests": 0.8635190738415929, "step_values": 0.9254740260732887, "step_td_err": 0.02520186645295474}