{"dim0": 0.2, "dim1": -0.3333333333333333, "scale": 15, "episode_rewards": 7.918863487908565, "episode_std_rewards": 0.006331378640677298, "episode_value_ests": 0.8867410811954299, "episode_values": 0.8368513519684608, "episode_td_err": 0.04364952154369466, "episode_avg_len": 797.0916334661355, "episode_std_avg_len": 666.1613556509192, "step_rewards": 0.00993469653353851, "step_value_ests": 0.9373193492686991, "step_values": 0.913742017885297, "step_td_err": 0.04047845641060711}