{"dim0": 0.2, "dim1": -0.5333333333333333, "scale": 15, "episode_rewards": 8.122145620322135, "episode_std_rewards": 0.006161660621433671, "episode_value_ests": 0.854511661878249, "episode_values": 0.9048938067812939, "episode_td_err": 0.07382571300237861, "episode_avg_len": 773.5675675675676, "episode_std_avg_len": 608.3646208022703, "step_rewards": 0.010499594296412515, "step_value_ests": 0.9008715611935119, "step_values": 0.959616766549926, "step_td_err": 0.06577780325638895}