{"dim0": 0.2, "dim1": -0.13333333333333333, "scale": 15, "episode_rewards": 7.913367262740773, "episode_std_rewards": 0.006300772880027244, "episode_value_ests": 0.875263407536793, "episode_values": 0.8926004394236016, "episode_td_err": 0.033450761703642896, "episode_avg_len": 787.9488188976378, "episode_std_avg_len": 668.9945691864525, "step_rewards": 0.010042996541084728, "step_value_ests": 0.9339721915891108, "step_values": 0.9217087970548922, "step_td_err": 0.031182397689254297}