{"dim0": 0.2, "dim1": 0.26666666666666666, "scale": 15, "episode_rewards": 8.188057667881479, "episode_std_rewards": 0.006339057661262546, "episode_value_ests": 0.832224122585976, "episode_values": 0.9149253365554139, "episode_td_err": 0.0287231362407804, "episode_avg_len": 764.6717557251908, "episode_std_avg_len": 628.7235881299215, "step_rewards": 0.010707937891750924, "step_value_ests": 0.8702401113166733, "step_values": 0.9790531503055909, "step_td_err": 0.027104545029195952}