{"dim0": 0.2, "dim1": 0.6666666666666666, "scale": 15, "episode_rewards": 7.883488999161066, "episode_std_rewards": 0.005787009635108733, "episode_value_ests": 0.8320757653461823, "episode_values": 0.8537391643073241, "episode_td_err": 0.040887818579731346, "episode_avg_len": 785.278431372549, "episode_std_avg_len": 608.3534164765707, "step_rewards": 0.01003910038046239, "step_value_ests": 0.8250831038783498, "step_values": 0.9252383756025406, "step_td_err": 0.037503778010725346}