{"dim0": 0.2, "dim1": -0.6, "scale": 15, "episode_rewards": 8.18385168105837, "episode_std_rewards": 0.005628630628983475, "episode_value_ests": 0.8409303787904139, "episode_values": 0.9327830568809872, "episode_td_err": 0.08416478606322918, "episode_avg_len": 793.6547619047619, "episode_std_avg_len": 604.4925622328075, "step_rewards": 0.010311601560125744, "step_value_ests": 0.8728874977531378, "step_values": 0.9415143811318055, "step_td_err": 0.074198526048583}