{"dim0": 0.2, "dim1": -0.2, "scale": 15, "episode_rewards": 7.9319757017434815, "episode_std_rewards": 0.006511065416598344, "episode_value_ests": 0.8499707083301281, "episode_values": 0.8302814225408621, "episode_td_err": 0.0351917865878512, "episode_avg_len": 785.2039215686275, "episode_std_avg_len": 654.1874331043666, "step_rewards": 0.010101803472781331, "step_value_ests": 0.9257157146937206, "step_values": 0.9312033633226803, "step_td_err": 0.03308125900780439}