{"dim0": 0.2, "dim1": 0.8, "scale": 15, "episode_rewards": 7.878315656932433, "episode_std_rewards": 0.00592055252214887, "episode_value_ests": 0.7679470085100147, "episode_values": 0.9047097873831127, "episode_td_err": 0.049559070052884895, "episode_avg_len": 746.6641791044776, "episode_std_avg_len": 594.5963003237192, "step_rewards": 0.010551350764384336, "step_value_ests": 0.7347703111626224, "step_values": 0.9662079032543824, "step_td_err": 0.04513462781196833}