{"dim0": 0.2, "dim1": 0.7333333333333333, "scale": 15, "episode_rewards": 8.291764292893586, "episode_std_rewards": 0.006054860137183279, "episode_value_ests": 0.7534701714037645, "episode_values": 0.9634394589868929, "episode_td_err": 0.046187353984426305, "episode_avg_len": 741.4777777777778, "episode_std_avg_len": 528.4487618971373, "step_rewards": 0.011182754954226886, "step_value_ests": 0.7547503330191928, "step_values": 1.0256183716229395, "step_td_err": 0.042723408965609506}