{"dim0": 0.2, "dim1": 0.2, "scale": 15, "episode_rewards": 8.258692382834852, "episode_std_rewards": 0.0060593047030900815, "episode_value_ests": 0.81820752221801, "episode_values": 0.9155252286327515, "episode_td_err": 0.027629936540669288, "episode_avg_len": 784.05859375, "episode_std_avg_len": 631.3091127059092, "step_rewards": 0.010533259183264773, "step_value_ests": 0.8504223932959751, "step_values": 0.9662488329876422, "step_td_err": 0.02583527292894899}