{"dim0": 0.2, "dim1": 0.8666666666666667, "scale": 15, "episode_rewards": 7.92169442679733, "episode_std_rewards": 0.006212442282777301, "episode_value_ests": 0.7507118481426107, "episode_values": 0.8792037985947692, "episode_td_err": 0.05735008623587046, "episode_avg_len": 784.69921875, "episode_std_avg_len": 655.6841365126883, "step_rewards": 0.010095198564637708, "step_value_ests": 0.732253754387162, "step_values": 0.9276128740236055, "step_td_err": 0.050793206688347796}