{"dim0": 0.2, "dim1": -0.8666666666666667, "scale": 15, "episode_rewards": 8.880209781169892, "episode_std_rewards": 0.006065332634118721, "episode_value_ests": 0.7734872180633032, "episode_values": 1.013383706489809, "episode_td_err": 0.18930936066867024, "episode_avg_len": 804.068, "episode_std_avg_len": 664.5652408725573, "step_rewards": 0.011044102962896037, "step_value_ests": 0.810179281073611, "step_values": 1.0103978764204682, "step_td_err": 0.1612374111149672}