{"dim0": 0.2, "dim1": 0.6, "scale": 15, "episode_rewards": 8.127785903552793, "episode_std_rewards": 0.006258180140249013, "episode_value_ests": 0.7982997206973653, "episode_values": 0.9185303364510047, "episode_td_err": 0.036021817093892766, "episode_avg_len": 762.6490566037736, "episode_std_avg_len": 614.5024935462684, "step_rewards": 0.010657308014970114, "step_value_ests": 0.801468723791702, "step_values": 0.9790381034308666, "step_td_err": 0.0335824949090322}