{"dim0": 0.2, "dim1": 0.4666666666666667, "scale": 15, "episode_rewards": 8.150440580596335, "episode_std_rewards": 0.006124923168937046, "episode_value_ests": 0.8235534413650691, "episode_values": 0.9075986627996477, "episode_td_err": 0.03238320400962593, "episode_avg_len": 776.5945945945946, "episode_std_avg_len": 624.2954528750263, "step_rewards": 0.010495103413449725, "step_value_ests": 0.8421720859382827, "step_values": 0.9613420427019275, "step_td_err": 0.02987647430564142}