{"dim0": 0.2, "dim1": -0.4, "scale": 15, "episode_rewards": 8.464603423144567, "episode_std_rewards": 0.005763873550702152, "episode_value_ests": 0.8134107087982789, "episode_values": 0.9775991651543233, "episode_td_err": 0.06249421651534497, "episode_avg_len": 782.3501945525292, "episode_std_avg_len": 591.6008700348845, "step_rewards": 0.010819455893387944, "step_value_ests": 0.8505676327985758, "step_values": 0.9883486715890613, "step_td_err": 0.055920136167879074}