{"dim0": 0.2, "dim1": 0.0, "scale": 15, "episode_rewards": 7.585946932893533, "episode_std_rewards": 0.006499227562049489, "episode_value_ests": 0.8536460130865517, "episode_values": 0.8299267798350458, "episode_td_err": 0.02780144960891242, "episode_avg_len": 775.126923076923, "episode_std_avg_len": 627.5083352542892, "step_rewards": 0.009786715835879575, "step_value_ests": 0.8986812026842438, "step_values": 0.8989544217786775, "step_td_err": 0.026510307328193487}