{"dim0": 0.26666666666666666, "dim1": 0.26666666666666666, "scale": 15, "episode_rewards": 8.112842616847917, "episode_std_rewards": 0.00641286711644186, "episode_value_ests": 0.8308346859432686, "episode_values": 0.8786845831501141, "episode_td_err": 0.028691830273097987, "episode_avg_len": 790.0509803921568, "episode_std_avg_len": 673.1691753025165, "step_rewards": 0.010268758369011774, "step_value_ests": 0.8609611136225636, "step_values": 0.9446667711864283, "step_td_err": 0.0273332028509005}