{"dim0": 0.26666666666666666, "dim1": 0.2, "scale": 15, "episode_rewards": 8.348449933389745, "episode_std_rewards": 0.006593546282460625, "episode_value_ests": 0.8469388938053876, "episode_values": 0.9616735101342638, "episode_td_err": 0.031957699006739504, "episode_avg_len": 778.715953307393, "episode_std_avg_len": 596.7039175603536, "step_rewards": 0.010720789651132587, "step_value_ests": 0.8752373696662485, "step_values": 0.9849762085113476, "step_td_err": 0.029208168187355374}