{"dim0": 0.26666666666666666, "dim1": -0.26666666666666666, "scale": 15, "episode_rewards": 7.75026949768361, "episode_std_rewards": 0.005927889805980131, "episode_value_ests": 0.9103423374054411, "episode_values": 0.8699080582165127, "episode_td_err": 0.04264793138770817, "episode_avg_len": 773.2123552123552, "episode_std_avg_len": 635.8989360234578, "step_rewards": 0.010023468256084803, "step_value_ests": 0.9568858290671783, "step_values": 0.9189009968606521, "step_td_err": 0.038162887212266204}