{"dim0": 0.26666666666666666, "dim1": -0.2, "scale": 15, "episode_rewards": 8.343199265480042, "episode_std_rewards": 0.006599955438150491, "episode_value_ests": 0.836324917568019, "episode_values": 0.8816278108888322, "episode_td_err": 0.04109646443957271, "episode_avg_len": 801.264, "episode_std_avg_len": 653.1410033859457, "step_rewards": 0.0104125472571837, "step_value_ests": 0.9058879036414689, "step_values": 0.9600647008544557, "step_td_err": 0.03814069780844214}