{"dim0": 0.26666666666666666, "dim1": 0.6666666666666666, "scale": 15, "episode_rewards": 7.889271050691605, "episode_std_rewards": 0.0065518237747874365, "episode_value_ests": 0.789978824028266, "episode_values": 0.8930262541359277, "episode_td_err": 0.04077289563877157, "episode_avg_len": 736.3308823529412, "episode_std_avg_len": 613.559941881455, "step_rewards": 0.010714301463876516, "step_value_ests": 0.7868567169079748, "step_values": 0.9836698365818526, "step_td_err": 0.038144665405151136}