{"dim0": 0.26666666666666666, "dim1": 1.0, "scale": 15, "episode_rewards": 8.11920132956097, "episode_std_rewards": 0.0060352462571104494, "episode_value_ests": 0.7258247515275649, "episode_values": 0.9301221688519787, "episode_td_err": 0.08466765154283469, "episode_avg_len": 743.635687732342, "episode_std_avg_len": 576.6293491576968, "step_rewards": 0.01091825132050861, "step_value_ests": 0.6970182391129937, "step_values": 1.0007372987004415, "step_td_err": 0.0733721800934869}