{"dim0": 0.26666666666666666, "dim1": -0.06666666666666667, "scale": 15, "episode_rewards": 8.122532100713208, "episode_std_rewards": 0.006524176930397142, "episode_value_ests": 0.8660624381549046, "episode_values": 0.9294001171279993, "episode_td_err": 0.0341598040500117, "episode_avg_len": 749.2434456928839, "episode_std_avg_len": 614.5961226022462, "step_rewards": 0.010840978519607428, "step_value_ests": 0.9157975768066864, "step_values": 0.9939693224870779, "step_td_err": 0.032115030880760405}