{"dim0": 0.26666666666666666, "dim1": -0.13333333333333333, "scale": 15, "episode_rewards": 8.100677875123283, "episode_std_rewards": 0.006247549548158788, "episode_value_ests": 0.8486402384487588, "episode_values": 0.8882594713847262, "episode_td_err": 0.04091058527667435, "episode_avg_len": 776.7751937984497, "episode_std_avg_len": 658.2134233685013, "step_rewards": 0.010428600114675097, "step_value_ests": 0.9002278983172292, "step_values": 0.9594716013851952, "step_td_err": 0.03766250824489067}