{"dim0": 0.26666666666666666, "dim1": -0.6666666666666666, "scale": 15, "episode_rewards": 8.398077127998441, "episode_std_rewards": 0.006214025666719053, "episode_value_ests": 0.9168905501246417, "episode_values": 0.9929674337552652, "episode_td_err": 0.10000566133115346, "episode_avg_len": 781.1284046692607, "episode_std_avg_len": 584.1632372825225, "step_rewards": 0.010751212064237108, "step_value_ests": 0.9514255408379684, "step_values": 0.9785089831096935, "step_td_err": 0.08681992053722744}