{"dim0": 0.26666666666666666, "dim1": 0.7333333333333333, "scale": 15, "episode_rewards": 7.903209328194688, "episode_std_rewards": 0.0063477530008872, "episode_value_ests": 0.779306698538826, "episode_values": 0.8777683691996687, "episode_td_err": 0.04715402049328066, "episode_avg_len": 769.1034482758621, "episode_std_avg_len": 652.2591691814021, "step_rewards": 0.01027587296079833, "step_value_ests": 0.7755937835968499, "step_values": 0.9467353187046788, "step_td_err": 0.04200034276663863}