{"dim0": 0.26666666666666666, "dim1": 0.8666666666666667, "scale": 15, "episode_rewards": 8.052124639718734, "episode_std_rewards": 0.006027896895092341, "episode_value_ests": 0.7470708918100253, "episode_values": 0.9104377300900391, "episode_td_err": 0.06065624982799025, "episode_avg_len": 738.9335793357934, "episode_std_avg_len": 586.8088092506158, "step_rewards": 0.010896953210539658, "step_value_ests": 0.736122659386195, "step_values": 0.9972821834021333, "step_td_err": 0.054720812962238845}