{"dim0": 0.26666666666666666, "dim1": -0.8, "scale": 15, "episode_rewards": 8.250887647759718, "episode_std_rewards": 0.005860047631574907, "episode_value_ests": 0.8144649606142245, "episode_values": 0.9443911510659287, "episode_td_err": 0.1473741855926251, "episode_avg_len": 822.9098360655738, "episode_std_avg_len": 683.4172093490179, "step_rewards": 0.010026478340820615, "step_value_ests": 0.8519457548370272, "step_values": 0.9192374745811899, "step_td_err": 0.12304148338344578}