{"dim0": 0.26666666666666666, "dim1": 0.06666666666666667, "scale": 15, "episode_rewards": 8.088598173111677, "episode_std_rewards": 0.005974215136589409, "episode_value_ests": 0.8600126753818721, "episode_values": 0.9476706323882469, "episode_td_err": 0.03125745878562347, "episode_avg_len": 782.3046875, "episode_std_avg_len": 653.62598081053, "step_rewards": 0.01033944740758271, "step_value_ests": 0.874217486739374, "step_values": 0.9421782236589608, "step_td_err": 0.02823023088259986}