{"dim0": 0.26666666666666666, "dim1": -1.0, "scale": 15, "episode_rewards": 8.09192590834573, "episode_std_rewards": 0.006120591917856366, "episode_value_ests": 0.8490155017073364, "episode_values": 0.9634856856923266, "episode_td_err": 0.2617223750460342, "episode_avg_len": 787.44921875, "episode_std_avg_len": 629.4682072859317, "step_rewards": 0.010276124117807728, "step_value_ests": 0.8486190481382867, "step_values": 0.9366599867827048, "step_td_err": 0.21823914358387644}