{"dim0": 0.26666666666666666, "dim1": -0.5333333333333333, "scale": 15, "episode_rewards": 8.442001001554944, "episode_std_rewards": 0.006104837922894223, "episode_value_ests": 0.8975596809256942, "episode_values": 0.9653632746049746, "episode_td_err": 0.07615551246634458, "episode_avg_len": 811.0647773279352, "episode_std_avg_len": 637.2902241616413, "step_rewards": 0.010408541016128503, "step_value_ests": 0.9322672477295721, "step_values": 0.9511121408408099, "step_td_err": 0.06574174934977896}