{"dim0": 0.26666666666666666, "dim1": 0.4, "scale": 15, "episode_rewards": 8.22496223267708, "episode_std_rewards": 0.006332979867327005, "episode_value_ests": 0.8580167268779894, "episode_values": 0.952593473904867, "episode_td_err": 0.0330624065083167, "episode_avg_len": 764.5496183206106, "episode_std_avg_len": 595.8613396484459, "step_rewards": 0.010757918172457942, "step_value_ests": 0.8698253111990031, "step_values": 0.9864134339404924, "step_td_err": 0.03066968098184003}