{"dim0": 0.26666666666666666, "dim1": -0.4666666666666667, "scale": 15, "episode_rewards": 7.982005418970427, "episode_std_rewards": 0.006348459008294055, "episode_value_ests": 0.9176252235444292, "episode_values": 0.8700687349777865, "episode_td_err": 0.06030767750815147, "episode_avg_len": 779.9494163424124, "episode_std_avg_len": 629.5336497109081, "step_rewards": 0.010234003964516306, "step_value_ests": 0.9614570506374707, "step_values": 0.9389899417952794, "step_td_err": 0.055476351188475825}