{"dim0": 0.26666666666666666, "dim1": -0.6, "scale": 15, "episode_rewards": 8.09714189137796, "episode_std_rewards": 0.00564737139724115, "episode_value_ests": 0.7666788839743892, "episode_values": 0.925405797599333, "episode_td_err": 0.09533108811199285, "episode_avg_len": 761.041825095057, "episode_std_avg_len": 565.995608347726, "step_rewards": 0.010639549134328585, "step_value_ests": 0.8092065846956449, "step_values": 0.9705993750067088, "step_td_err": 0.08635389961428654}