{"dim0": 0.26666666666666666, "dim1": 0.4666666666666667, "scale": 15, "episode_rewards": 7.790535660481364, "episode_std_rewards": 0.005709354319916458, "episode_value_ests": 0.8357451056456481, "episode_values": 0.9033449620290224, "episode_td_err": 0.033493916145230264, "episode_avg_len": 745.550185873606, "episode_std_avg_len": 595.6303230042284, "step_rewards": 0.01044937793336169, "step_value_ests": 0.8510132930863907, "step_values": 0.9587491256590306, "step_td_err": 0.03100020226619599}