{"dim0": 0.26666666666666666, "dim1": -0.3333333333333333, "scale": 15, "episode_rewards": 8.058101208254977, "episode_std_rewards": 0.006082796710558076, "episode_value_ests": 0.8527179359881366, "episode_values": 0.9572739905142167, "episode_td_err": 0.05569271861572231, "episode_avg_len": 756.1962264150943, "episode_std_avg_len": 572.8767716162511, "step_rewards": 0.010656098148566653, "step_value_ests": 0.900756839578689, "step_values": 0.9716449064799668, "step_td_err": 0.04916740060329574}