{"dim0": 0.26666666666666666, "dim1": 0.5333333333333333, "scale": 15, "episode_rewards": 8.09040820827851, "episode_std_rewards": 0.0063763695005213785, "episode_value_ests": 0.7825074215758234, "episode_values": 0.8838607761470675, "episode_td_err": 0.03393228248763354, "episode_avg_len": 771.2, "episode_std_avg_len": 610.7084020280811, "step_rewards": 0.010490674543929603, "step_value_ests": 0.8028158219654729, "step_values": 0.9670131987301352, "step_td_err": 0.031925603430411835}