{"dim0": 0.26666666666666666, "dim1": 0.13333333333333333, "scale": 15, "episode_rewards": 7.883960915430811, "episode_std_rewards": 0.006416815352904486, "episode_value_ests": 0.887700616948275, "episode_values": 0.8826460235843838, "episode_td_err": 0.027909168062587735, "episode_avg_len": 764.5419847328244, "episode_std_avg_len": 611.132327339771, "step_rewards": 0.010312005191168053, "step_value_ests": 0.9182209900460345, "step_values": 0.9448340270166968, "step_td_err": 0.02669256741715131}