{"dim0": 0.26666666666666666, "dim1": -0.4, "scale": 15, "episode_rewards": 8.186713404692565, "episode_std_rewards": 0.006150686779545534, "episode_value_ests": 0.8799598808144746, "episode_values": 0.9017888737267493, "episode_td_err": 0.059172658684715225, "episode_avg_len": 780.1556420233463, "episode_std_avg_len": 614.6772009589045, "step_rewards": 0.010493692493795457, "step_value_ests": 0.9343097291771982, "step_values": 0.9595099007238636, "step_td_err": 0.05323747203857802}