{"dim0": 0.3333333333333333, "dim1": 0.9333333333333333, "scale": 15, "episode_rewards": 8.14604450185637, "episode_std_rewards": 0.006260610360980676, "episode_value_ests": 0.7458801426135827, "episode_values": 0.9350128064220641, "episode_td_err": 0.0741550670699982, "episode_avg_len": 766.7969348659004, "episode_std_avg_len": 610.0579654562824, "step_rewards": 0.010623470349788203, "step_value_ests": 0.7124793778218494, "step_values": 0.9733569631276991, "step_td_err": 0.06402231442213012}