{"dim0": 0.3333333333333333, "dim1": -0.5333333333333333, "scale": 15, "episode_rewards": 8.196139702356485, "episode_std_rewards": 0.006115927767569244, "episode_value_ests": 0.9512645684488312, "episode_values": 0.92528186923412, "episode_td_err": 0.07010689874328241, "episode_avg_len": 803.4899598393574, "episode_std_avg_len": 621.7986290108377, "step_rewards": 0.010200674696663473, "step_value_ests": 1.0101912258027337, "step_values": 0.93299820145759, "step_td_err": 0.060941511938095126}