{"dim0": 0.3333333333333333, "dim1": -0.9333333333333333, "scale": 15, "episode_rewards": 8.437414080940158, "episode_std_rewards": 0.005563219526350959, "episode_value_ests": 0.9072371888065532, "episode_values": 0.9192393413724926, "episode_td_err": 0.19404423794319045, "episode_avg_len": 777.3629343629343, "episode_std_avg_len": 596.0761588904284, "step_rewards": 0.010853892960377382, "step_value_ests": 0.9316759384686223, "step_values": 0.9950799403133738, "step_td_err": 0.17243894666489998}