{"dim0": 0.3333333333333333, "dim1": 0.4666666666666667, "scale": 15, "episode_rewards": 8.340804389119148, "episode_std_rewards": 0.006556502016746155, "episode_value_ests": 0.8090123719409772, "episode_values": 0.933614769672477, "episode_td_err": 0.03555456369698701, "episode_avg_len": 771.7692307692307, "episode_std_avg_len": 600.4379047951527, "step_rewards": 0.010807381347408445, "step_value_ests": 0.8121863381321339, "step_values": 0.9943934175035593, "step_td_err": 0.03315019908924466}