{"dim0": 0.3333333333333333, "dim1": 0.4, "scale": 15, "episode_rewards": 8.303697993170541, "episode_std_rewards": 0.0061145939015064665, "episode_value_ests": 0.8764473904694559, "episode_values": 0.964236347041061, "episode_td_err": 0.036853471475762, "episode_avg_len": 755.5283018867924, "episode_std_avg_len": 612.5715361774919, "step_rewards": 0.010990584962116691, "step_value_ests": 0.8666698946992906, "step_values": 1.0054394873111947, "step_td_err": 0.034460562836228746}