{"dim0": 0.3333333333333333, "dim1": 0.6, "scale": 15, "episode_rewards": 8.189226677613473, "episode_std_rewards": 0.00602703830763507, "episode_value_ests": 0.7809068451710454, "episode_values": 0.9065154700772053, "episode_td_err": 0.041970698398759276, "episode_avg_len": 749.429104477612, "episode_std_avg_len": 581.5620937220908, "step_rewards": 0.010927286688874669, "step_value_ests": 0.787634201392751, "step_values": 1.0033466731073761, "step_td_err": 0.039164564913969156}