{"dim0": 0.3333333333333333, "dim1": 0.26666666666666666, "scale": 15, "episode_rewards": 8.325782391015956, "episode_std_rewards": 0.0065833205980667725, "episode_value_ests": 0.8629758073186213, "episode_values": 0.9535333493340852, "episode_td_err": 0.03382330027903588, "episode_avg_len": 750.3520599250936, "episode_std_avg_len": 618.2861866790158, "step_rewards": 0.011095834656397298, "step_value_ests": 0.8928572167325751, "step_values": 1.0182604359990077, "step_td_err": 0.03184940702364841}