{"dim0": 0.3333333333333333, "dim1": 0.2, "scale": 15, "episode_rewards": 8.18100731400773, "episode_std_rewards": 0.0064306788837584, "episode_value_ests": 0.8307614563864748, "episode_values": 0.9054879933363786, "episode_td_err": 0.033164570642510924, "episode_avg_len": 781.67578125, "episode_std_avg_len": 622.5837484133779, "step_rewards": 0.010465985399886956, "step_value_ests": 0.8507462836019488, "step_values": 0.9614244825809577, "step_td_err": 0.03127770275550506}