{"dim0": 0.3333333333333333, "dim1": 0.8, "scale": 15, "episode_rewards": 7.902767268300966, "episode_std_rewards": 0.005763309982240698, "episode_value_ests": 0.7552692952276618, "episode_values": 0.8832820360419926, "episode_td_err": 0.05614128017402281, "episode_avg_len": 768.7557251908397, "episode_std_avg_len": 600.2270637984238, "step_rewards": 0.010279945903933456, "step_value_ests": 0.7267365522519128, "step_values": 0.9451706047907631, "step_td_err": 0.04931743162891917}