{"dim0": 0.3333333333333333, "dim1": 0.0, "scale": 15, "episode_rewards": 8.006965592613927, "episode_std_rewards": 0.006369233894797092, "episode_value_ests": 0.8723916969662943, "episode_values": 0.9459070813724134, "episode_td_err": 0.03452572490843291, "episode_avg_len": 742.4703703703703, "episode_std_avg_len": 596.7029140540571, "step_rewards": 0.010784222390746409, "step_value_ests": 0.9044599867134231, "step_values": 0.9870151921095464, "step_td_err": 0.0317197895280475}