{"dim0": 0.3333333333333333, "dim1": -0.7333333333333333, "scale": 15, "episode_rewards": 7.938705087618064, "episode_std_rewards": 0.0061939334275559746, "episode_value_ests": 0.808499067048043, "episode_values": 0.910850411977367, "episode_td_err": 0.1269717599056598, "episode_avg_len": 764.3587786259542, "episode_std_avg_len": 619.3575539822244, "step_rewards": 0.010386097876561367, "step_value_ests": 0.8726209278924425, "step_values": 0.9492718875012089, "step_td_err": 0.1100812639410463}