{"dim0": 0.3333333333333333, "dim1": -0.6666666666666666, "scale": 15, "episode_rewards": 8.421130922794342, "episode_std_rewards": 0.005863307528661836, "episode_value_ests": 0.9492810020125619, "episode_values": 0.8996150758999931, "episode_td_err": 0.09535011568509157, "episode_avg_len": 801.932, "episode_std_avg_len": 620.6413709832757, "step_rewards": 0.010501053609027127, "step_value_ests": 1.018148246767185, "step_values": 0.9642393502716381, "step_td_err": 0.08420189957385081}