{"dim0": 0.3333333333333333, "dim1": 0.5333333333333333, "scale": 15, "episode_rewards": 7.902329222661145, "episode_std_rewards": 0.006013518366086539, "episode_value_ests": 0.8642431023067044, "episode_values": 0.9126111399796063, "episode_td_err": 0.03817110894884491, "episode_avg_len": 755.6188679245283, "episode_std_avg_len": 557.504657754163, "step_rewards": 0.01045808880390535, "step_value_ests": 0.8530119498135527, "step_values": 0.959562038744048, "step_td_err": 0.03562304261509051}