{"dim0": 0.3333333333333333, "dim1": 0.6666666666666666, "scale": 15, "episode_rewards": 8.119176414277819, "episode_std_rewards": 0.006351113888496162, "episode_value_ests": 0.7878020563599569, "episode_values": 0.895568407789021, "episode_td_err": 0.04388150409405081, "episode_avg_len": 766.6704980842912, "episode_std_avg_len": 605.766155148591, "step_rewards": 0.010590177181156069, "step_value_ests": 0.7887952741948602, "step_values": 0.9730131944269272, "step_td_err": 0.04023489027977274}