{"dim0": 0.3333333333333333, "dim1": -0.2, "scale": 15, "episode_rewards": 7.717483818996698, "episode_std_rewards": 0.005818617136193375, "episode_value_ests": 0.9131846166715849, "episode_values": 0.843268267260288, "episode_td_err": 0.040313753396961347, "episode_avg_len": 781.27734375, "episode_std_avg_len": 615.3059366987242, "step_rewards": 0.009878033557141274, "step_value_ests": 0.9556220177445062, "step_values": 0.9065277703023044, "step_td_err": 0.03757052669964218}