{"dim0": 0.3333333333333333, "dim1": 0.8666666666666667, "scale": 15, "episode_rewards": 8.415263259272779, "episode_std_rewards": 0.006008860428234602, "episode_value_ests": 0.7476838554319776, "episode_values": 0.968428381694377, "episode_td_err": 0.060944850727749585, "episode_avg_len": 773.1505791505791, "episode_std_avg_len": 605.6767143825363, "step_rewards": 0.010884378135651396, "step_value_ests": 0.7262494498026841, "step_values": 0.999599081675287, "step_td_err": 0.053782065451854585}