{"dim0": 0.3333333333333333, "dim1": 0.13333333333333333, "scale": 15, "episode_rewards": 8.021708254156442, "episode_std_rewards": 0.005784602458399292, "episode_value_ests": 0.8907906174851924, "episode_values": 0.9098774186048283, "episode_td_err": 0.0327377581908956, "episode_avg_len": 767.2413793103449, "episode_std_avg_len": 613.8179238599483, "step_rewards": 0.01045526019642862, "step_value_ests": 0.9042600056980638, "step_values": 0.9560625028723593, "step_td_err": 0.02991112774098869}