{"dim0": 0.3333333333333333, "dim1": -0.4666666666666667, "scale": 15, "episode_rewards": 7.913112118476775, "episode_std_rewards": 0.006402732152055853, "episode_value_ests": 0.9013648865512494, "episode_values": 0.8789579155393695, "episode_td_err": 0.065077359751103, "episode_avg_len": 814.7886178861788, "episode_std_avg_len": 785.4925103225914, "step_rewards": 0.009711858934659529, "step_value_ests": 0.9293124814179433, "step_values": 0.8898177974376634, "step_td_err": 0.057196298911327034}