{"dim0": 0.3333333333333333, "dim1": -0.06666666666666667, "scale": 15, "episode_rewards": 8.26173764867745, "episode_std_rewards": 0.006260247769234651, "episode_value_ests": 0.8647317158329587, "episode_values": 0.9254544151731392, "episode_td_err": 0.04000830172525939, "episode_avg_len": 791.9209486166008, "episode_std_avg_len": 621.9757389463316, "step_rewards": 0.010432528225335875, "step_value_ests": 0.888144551225196, "step_values": 0.9543152644194332, "step_td_err": 0.03635169756620376}