{"dim0": 0.3333333333333333, "dim1": -1.0, "scale": 15, "episode_rewards": 8.524122899673024, "episode_std_rewards": 0.005720003179261687, "episode_value_ests": 0.83447854459755, "episode_values": 0.9517979298206478, "episode_td_err": 0.26206872559163685, "episode_avg_len": 825.6639344262295, "episode_std_avg_len": 731.0167196699261, "step_rewards": 0.010323961777011137, "step_value_ests": 0.807607479652508, "step_values": 0.9465826178002521, "step_td_err": 0.22417859200597134}