{"dim0": 0.3333333333333333, "dim1": -0.8666666666666667, "scale": 15, "episode_rewards": 8.401850934085168, "episode_std_rewards": 0.005926869322313723, "episode_value_ests": 0.862597868866166, "episode_values": 0.9582582391159266, "episode_td_err": 0.1723149003081936, "episode_avg_len": 797.2687747035573, "episode_std_avg_len": 620.8181192960824, "step_rewards": 0.010538291728795182, "step_value_ests": 0.9013949755575964, "step_values": 0.9637665894920008, "step_td_err": 0.1475827856514158}