{"dim0": 0.3333333333333333, "dim1": 0.7333333333333333, "scale": 15, "episode_rewards": 7.930430744406922, "episode_std_rewards": 0.006788824346244927, "episode_value_ests": 0.7650356621490829, "episode_values": 0.8798768875572611, "episode_td_err": 0.045657861151405854, "episode_avg_len": 740.4833948339483, "episode_std_avg_len": 603.515077679308, "step_rewards": 0.010709802272048655, "step_value_ests": 0.7624398664989044, "step_values": 0.9862005590383907, "step_td_err": 0.042453692911704845}