{"dim0": 0.3333333333333333, "dim1": -0.6, "scale": 15, "episode_rewards": 8.326578389644622, "episode_std_rewards": 0.0058000562598822265, "episode_value_ests": 0.8650718967092029, "episode_values": 0.948181474438112, "episode_td_err": 0.0913353118445971, "episode_avg_len": 802.268, "episode_std_avg_len": 630.8261219829122, "step_rewards": 0.010378799091631004, "step_value_ests": 0.9206557678802819, "step_values": 0.9512817172008071, "step_td_err": 0.07843109510941351}