{"dim0": 0.3333333333333333, "dim1": -0.13333333333333333, "scale": 15, "episode_rewards": 8.390627193827875, "episode_std_rewards": 0.006309147798877782, "episode_value_ests": 0.9120942935716426, "episode_values": 0.9039413674460135, "episode_td_err": 0.036389152172276534, "episode_avg_len": 796.2608695652174, "episode_std_avg_len": 602.8407087194447, "step_rewards": 0.010537535516983788, "step_value_ests": 0.9554566557198662, "step_values": 0.9711617009238144, "step_td_err": 0.03416769559500081}