{"dim0": 0.3333333333333333, "dim1": 0.06666666666666667, "scale": 15, "episode_rewards": 7.826983199563137, "episode_std_rewards": 0.005879142258165762, "episode_value_ests": 0.8947620642543005, "episode_values": 0.8790970315711885, "episode_td_err": 0.031480644140211636, "episode_avg_len": 779.422480620155, "episode_std_avg_len": 638.845430680085, "step_rewards": 0.010042029058920038, "step_value_ests": 0.9129264115558702, "step_values": 0.9216800108258433, "step_td_err": 0.0288307229547476}