{"dim0": 0.3333333333333333, "dim1": -0.8, "scale": 15, "episode_rewards": 8.515733679292701, "episode_std_rewards": 0.00559656576601176, "episode_value_ests": 0.8390729897534401, "episode_values": 0.9333535414158564, "episode_td_err": 0.13721528884803388, "episode_avg_len": 790.8498023715415, "episode_std_avg_len": 617.7739660206202, "step_rewards": 0.01076782677792465, "step_value_ests": 0.8708861340749156, "step_values": 0.987191822837561, "step_td_err": 0.12208093058757755}