{"dim0": 0.3333333333333333, "dim1": -0.4, "scale": 15, "episode_rewards": 8.586668622155903, "episode_std_rewards": 0.00615228024822405, "episode_value_ests": 0.9367970277856562, "episode_values": 0.9351571810859994, "episode_td_err": 0.056199265452287483, "episode_avg_len": 810.3967611336033, "episode_std_avg_len": 668.8737622205557, "step_rewards": 0.010595635414614266, "step_value_ests": 0.9916407444784675, "step_values": 0.9728592310149584, "step_td_err": 0.05062783574450316}