{"dim0": 0.3333333333333333, "dim1": -0.26666666666666666, "scale": 15, "episode_rewards": 8.331089988114341, "episode_std_rewards": 0.006117311018713355, "episode_value_ests": 0.9376030651050211, "episode_values": 0.9170960732575054, "episode_td_err": 0.04512024608462247, "episode_avg_len": 796.297619047619, "episode_std_avg_len": 621.4556921421819, "step_rewards": 0.010462281675635825, "step_value_ests": 0.9782336574499237, "step_values": 0.9653760990268043, "step_td_err": 0.04158052958951463}