{"dim0": 0.3333333333333333, "dim1": 0.3333333333333333, "scale": 15, "episode_rewards": 8.223044439126516, "episode_std_rewards": 0.006367704520262886, "episode_value_ests": 0.8374036071672942, "episode_values": 0.9410735764829032, "episode_td_err": 0.0359180968922395, "episode_avg_len": 764.4045801526718, "episode_std_avg_len": 596.2290632440562, "step_rewards": 0.010757450508059695, "step_value_ests": 0.8398881335826616, "step_values": 0.98673206998893, "step_td_err": 0.03323631574026655}