{"dim0": 0.4, "dim1": -0.6, "scale": 15, "episode_rewards": 8.301855576344025, "episode_std_rewards": 0.0059786037109515544, "episode_value_ests": 0.8797443714384898, "episode_values": 0.8917096945376777, "episode_td_err": 0.09668808851576596, "episode_avg_len": 856.3888888888889, "episode_std_avg_len": 779.6842271487717, "step_rewards": 0.009694025324307003, "step_value_ests": 0.8800659733448989, "step_values": 0.8880443965238303, "step_td_err": 0.08204394844499834}