{"dim0": 0.4, "dim1": 0.5333333333333333, "scale": 15, "episode_rewards": 8.253867395401, "episode_std_rewards": 0.0061305337962573765, "episode_value_ests": 0.834907053697249, "episode_values": 0.8826453390400943, "episode_td_err": 0.0393669462333527, "episode_avg_len": 801.316, "episode_std_avg_len": 644.5074089131948, "step_rewards": 0.010300390102532584, "step_value_ests": 0.8260337292977293, "step_values": 0.9490925845986528, "step_td_err": 0.03616994418727555}