{"dim0": 0.4, "dim1": 0.6666666666666666, "scale": 15, "episode_rewards": 8.103149638352571, "episode_std_rewards": 0.006295458066662783, "episode_value_ests": 0.7967039196264128, "episode_values": 0.8951945236796891, "episode_td_err": 0.04585479513094844, "episode_avg_len": 740.7518518518518, "episode_std_avg_len": 589.5402489136455, "step_rewards": 0.010939087925457088, "step_value_ests": 0.7945720200887115, "step_values": 1.0052575308684266, "step_td_err": 0.04304835839443286}