{"dim0": 0.4, "dim1": 0.8, "scale": 15, "episode_rewards": 7.88450166639292, "episode_std_rewards": 0.006612344839533314, "episode_value_ests": 0.753078575243536, "episode_values": 0.8778949319376236, "episode_td_err": 0.05771403117835199, "episode_avg_len": 757.4150943396227, "episode_std_avg_len": 649.3269210022011, "step_rewards": 0.01040974985224883, "step_value_ests": 0.7376338337525271, "step_values": 0.9568647431684542, "step_td_err": 0.05102656367275906}