{"dim0": 0.4, "dim1": 0.3333333333333333, "scale": 15, "episode_rewards": 7.814999584462706, "episode_std_rewards": 0.006797535133308753, "episode_value_ests": 0.8575383345458278, "episode_values": 0.8655482742858425, "episode_td_err": 0.0366554987584444, "episode_avg_len": 760.5817490494296, "episode_std_avg_len": 607.7952301525411, "step_rewards": 0.010275029073771286, "step_value_ests": 0.8744505366113786, "step_values": 0.9451054214605478, "step_td_err": 0.03468528626745655}