{"dim0": 0.4, "dim1": -0.6666666666666666, "scale": 15, "episode_rewards": 8.455074069023132, "episode_std_rewards": 0.005318268827150851, "episode_value_ests": 0.8578469243228732, "episode_values": 0.9684903879571912, "episode_td_err": 0.12034436648933701, "episode_avg_len": 800.98, "episode_std_avg_len": 642.1593973461729, "step_rewards": 0.01055591159457556, "step_value_ests": 0.8844102213488442, "step_values": 0.9638428087905508, "step_td_err": 0.10322839043955517}