{"dim0": 0.4, "dim1": 0.9333333333333333, "scale": 15, "episode_rewards": 8.299638866917967, "episode_std_rewards": 0.006333250652397422, "episode_value_ests": 0.702264219273462, "episode_values": 0.9087975958673914, "episode_td_err": 0.07783422242029898, "episode_avg_len": 774.8610038610038, "episode_std_avg_len": 606.5063986209084, "step_rewards": 0.010711132481260825, "step_value_ests": 0.6944504297464378, "step_values": 0.9873358985390611, "step_td_err": 0.0683282827375817}