{"dim0": 0.4, "dim1": -0.2, "scale": 15, "episode_rewards": 8.067259626602059, "episode_std_rewards": 0.006699901878054598, "episode_value_ests": 0.8663937863598878, "episode_values": 0.9241311184283463, "episode_td_err": 0.049061019772502434, "episode_avg_len": 750.1455223880597, "episode_std_avg_len": 590.5436254836335, "step_rewards": 0.010754259521432915, "step_value_ests": 0.9148375371539877, "step_values": 0.9874214892701922, "step_td_err": 0.045775395269010116}