{"dim0": 0.4, "dim1": -0.8, "scale": 15, "episode_rewards": 8.654469957351685, "episode_std_rewards": 0.005639774998481991, "episode_value_ests": 0.9004126831621831, "episode_values": 0.9802527831474455, "episode_td_err": 0.15611741480923103, "episode_avg_len": 800.524, "episode_std_avg_len": 637.5334229858071, "step_rewards": 0.010811006237603974, "step_value_ests": 0.9494175961784131, "step_values": 0.987198955600374, "step_td_err": 0.13194280827979168}