{"dim0": 0.4, "dim1": -0.4666666666666667, "scale": 15, "episode_rewards": 8.006138173930616, "episode_std_rewards": 0.006121357442230226, "episode_value_ests": 0.953754814945131, "episode_values": 0.8757198450589716, "episode_td_err": 0.07151274679340502, "episode_avg_len": 804.2289156626506, "episode_std_avg_len": 731.5896592525964, "step_rewards": 0.00995504888969815, "step_value_ests": 0.9999197740967695, "step_values": 0.9132422929060696, "step_td_err": 0.06302851167927903}