{"dim0": 0.4, "dim1": 0.0, "scale": 15, "episode_rewards": 8.3831180062294, "episode_std_rewards": 0.006091907205118478, "episode_value_ests": 0.8549761851538039, "episode_values": 0.9379640759306603, "episode_td_err": 0.041036830374649585, "episode_avg_len": 800.756, "episode_std_avg_len": 707.1184458518954, "step_rewards": 0.010469004298724455, "step_value_ests": 0.8664195333058305, "step_values": 0.9597596099877157, "step_td_err": 0.03759233964143937}