{"dim0": 0.4, "dim1": -1.0, "scale": 15, "episode_rewards": 8.232168088356653, "episode_std_rewards": 0.0060282775235034535, "episode_value_ests": 0.8194140118716537, "episode_values": 0.976949098720257, "episode_td_err": 0.2788393496797841, "episode_avg_len": 758.4659090909091, "episode_std_avg_len": 555.7219699892376, "step_rewards": 0.010853708768827412, "step_value_ests": 0.8276724045734672, "step_values": 0.9880254316834942, "step_td_err": 0.2413575052784425}