{"dim0": 0.4, "dim1": -0.4, "scale": 15, "episode_rewards": 8.241149358806156, "episode_std_rewards": 0.0060165519575965925, "episode_value_ests": 0.9073172257560641, "episode_values": 0.9081765005122896, "episode_td_err": 0.06353599842276497, "episode_avg_len": 795.2857142857143, "episode_std_avg_len": 608.1297618569872, "step_rewards": 0.010362501439131146, "step_value_ests": 0.9540215552694034, "step_values": 0.9486026487915611, "step_td_err": 0.0575883057524297}