{"dim0": 0.4, "dim1": 0.06666666666666667, "scale": 15, "episode_rewards": 8.212018284189748, "episode_std_rewards": 0.0063219686183968475, "episode_value_ests": 0.8526149475459197, "episode_values": 0.9343365957012433, "episode_td_err": 0.037832066057838266, "episode_avg_len": 802.9960159362549, "episode_std_avg_len": 650.4460896353946, "step_rewards": 0.010226723571741422, "step_value_ests": 0.866263537630319, "step_values": 0.9397775789558158, "step_td_err": 0.03490013974282527}