{"dim0": 0.4, "dim1": -0.8666666666666667, "scale": 15, "episode_rewards": 8.560185843380168, "episode_std_rewards": 0.005489530571601905, "episode_value_ests": 0.8914634975959336, "episode_values": 0.9819109013254309, "episode_td_err": 0.1891312709649906, "episode_avg_len": 782.9296875, "episode_std_avg_len": 577.2027059934425, "step_rewards": 0.010933530788331702, "step_value_ests": 0.8942691388017271, "step_values": 0.9985194287740149, "step_td_err": 0.16679441614145984}