{"dim0": 0.4, "dim1": 1.0, "scale": 15, "episode_rewards": 7.730422440930046, "episode_std_rewards": 0.00643607894191766, "episode_value_ests": 0.7008011155112852, "episode_values": 0.890058276122575, "episode_td_err": 0.08511308460703408, "episode_avg_len": 740.0590405904059, "episode_std_avg_len": 586.0981526030332, "step_rewards": 0.010445683407587121, "step_value_ests": 0.6571677928202762, "step_values": 0.9585371826538769, "step_td_err": 0.0723403047657838}