{"dim0": 0.4, "dim1": -0.26666666666666666, "scale": 15, "episode_rewards": 7.988966185795634, "episode_std_rewards": 0.00608938774558253, "episode_value_ests": 0.9278205146734603, "episode_values": 0.9014000907389473, "episode_td_err": 0.05082590741007039, "episode_avg_len": 756.1203007518797, "episode_std_avg_len": 602.5507626897128, "step_rewards": 0.010565734285736638, "step_value_ests": 0.9843525224240307, "step_values": 0.9688415608451444, "step_td_err": 0.04696289303769816}