{"dim0": 0.4, "dim1": 0.26666666666666666, "scale": 15, "episode_rewards": 8.067939743285871, "episode_std_rewards": 0.0061069725188874985, "episode_value_ests": 0.8509238178104689, "episode_values": 0.9097925978100816, "episode_td_err": 0.03864410822943679, "episode_avg_len": 768.6870229007634, "episode_std_avg_len": 644.3352878075495, "step_rewards": 0.010495740792969563, "step_value_ests": 0.8773290535040292, "step_values": 0.9647878907638923, "step_td_err": 0.03586124449156926}