{"dim0": 0.4, "dim1": -0.5333333333333333, "scale": 15, "episode_rewards": 8.140722700329714, "episode_std_rewards": 0.006015897790859401, "episode_value_ests": 0.9270098778611532, "episode_values": 0.9285870135660961, "episode_td_err": 0.07844019219827447, "episode_avg_len": 775.2751937984497, "episode_std_avg_len": 580.122245407992, "step_rewards": 0.01050042973830281, "step_value_ests": 0.9657082491808968, "step_values": 0.9601243839762105, "step_td_err": 0.06948559184989955}