{"dim0": 0.4, "dim1": 0.6, "scale": 15, "episode_rewards": 8.275148011221656, "episode_std_rewards": 0.00612718507351655, "episode_value_ests": 0.7900812068711114, "episode_values": 0.958818898052931, "episode_td_err": 0.043284498354212185, "episode_avg_len": 741.0959409594096, "episode_std_avg_len": 560.5098216517049, "step_rewards": 0.01116609544576482, "step_value_ests": 0.7919175308298828, "step_values": 1.025825861130937, "step_td_err": 0.04050600464613125}