{"dim0": 0.4, "dim1": 0.7333333333333333, "scale": 15, "episode_rewards": 7.81166302706256, "episode_std_rewards": 0.00661268372195622, "episode_value_ests": 0.7886727669649173, "episode_values": 0.8661096924134167, "episode_td_err": 0.047152336454620095, "episode_avg_len": 760.4734848484849, "episode_std_avg_len": 590.7019252114063, "step_rewards": 0.010272104396406325, "step_value_ests": 0.7996386906094388, "step_values": 0.9463175545161654, "step_td_err": 0.04410142961061995}