{"dim0": 0.4, "dim1": 0.8666666666666667, "scale": 15, "episode_rewards": 8.141283746948815, "episode_std_rewards": 0.00635571226752992, "episode_value_ests": 0.7652427836126392, "episode_values": 0.9308306185726378, "episode_td_err": 0.06963290660629398, "episode_avg_len": 757.484962406015, "episode_std_avg_len": 576.3287114212316, "step_rewards": 0.010747782663684159, "step_value_ests": 0.7371858105847966, "step_values": 0.9885767013046981, "step_td_err": 0.06013224471455977}