{"dim0": 0.4666666666666667, "dim1": 0.4666666666666667, "scale": 15, "episode_rewards": 7.842490677954629, "episode_std_rewards": 0.005842479960756557, "episode_value_ests": 0.8431706620345625, "episode_values": 0.8418421000729921, "episode_td_err": 0.03923503832763444, "episode_avg_len": 783.8828125, "episode_std_avg_len": 635.8286316037442, "step_rewards": 0.010004672322056594, "step_value_ests": 0.8441880327833688, "step_values": 0.9200124502441659, "step_td_err": 0.03676858445270893}