{"dim0": 0.4666666666666667, "dim1": 0.0, "scale": 15, "episode_rewards": 8.098853123188018, "episode_std_rewards": 0.006436329444619558, "episode_value_ests": 0.893053329454084, "episode_values": 0.9014408676759449, "episode_td_err": 0.043617868563754124, "episode_avg_len": 802.284, "episode_std_avg_len": 724.5002328115568, "step_rewards": 0.010094745904427882, "step_value_ests": 0.9030217969931194, "step_values": 0.9263310802104042, "step_td_err": 0.03996414317783452}