{"dim0": 0.4666666666666667, "dim1": -0.7333333333333333, "scale": 15, "episode_rewards": 8.099684010560695, "episode_std_rewards": 0.005759799991211224, "episode_value_ests": 0.8130732370251578, "episode_values": 0.9056834466071257, "episode_td_err": 0.14414502525424366, "episode_avg_len": 770.1730769230769, "episode_std_avg_len": 586.3865330976018, "step_rewards": 0.010516706248574401, "step_value_ests": 0.8379369248616975, "step_values": 0.961103380275324, "step_td_err": 0.1279390349551452}