{"dim0": 0.4666666666666667, "dim1": -0.5333333333333333, "scale": 15, "episode_rewards": 8.342016820330173, "episode_std_rewards": 0.00601573428666468, "episode_value_ests": 0.88750084945319, "episode_values": 0.9419134541223355, "episode_td_err": 0.0965969219843159, "episode_avg_len": 783.04296875, "episode_std_avg_len": 605.6930899782798, "step_rewards": 0.010653332132777896, "step_value_ests": 0.9030066605785326, "step_values": 0.9759269745051415, "step_td_err": 0.08491503420440101}