{"dim0": 0.4666666666666667, "dim1": -0.2, "scale": 15, "episode_rewards": 8.253753068355413, "episode_std_rewards": 0.006255714387739521, "episode_value_ests": 0.8803774500955508, "episode_values": 0.9141898153337886, "episode_td_err": 0.057854240089491915, "episode_avg_len": 775.4807692307693, "episode_std_avg_len": 595.3365593182958, "step_rewards": 0.01064340135286997, "step_value_ests": 0.9036217878818585, "step_values": 0.9749337189659346, "step_td_err": 0.054818246831161696}