{"dim0": 0.4666666666666667, "dim1": -0.6666666666666666, "scale": 15, "episode_rewards": 8.131858966096116, "episode_std_rewards": 0.005543090577260017, "episode_value_ests": 0.9072109507178382, "episode_values": 0.9250842795810011, "episode_td_err": 0.1223450331211522, "episode_avg_len": 796.897233201581, "episode_std_avg_len": 623.7746480688138, "step_rewards": 0.010204401053603738, "step_value_ests": 0.9563864639733952, "step_values": 0.9327973446892455, "step_td_err": 0.10458638495190312}