{"dim0": 0.4666666666666667, "dim1": -0.9333333333333333, "scale": 15, "episode_rewards": 7.99024908051236, "episode_std_rewards": 0.005288888909787467, "episode_value_ests": 0.9122032365003359, "episode_values": 0.9167187537281399, "episode_td_err": 0.2122083647953572, "episode_avg_len": 765.5572519083969, "episode_std_avg_len": 587.1638542693061, "step_rewards": 0.010437167253780305, "step_value_ests": 0.9191573822141713, "step_values": 0.9503243501118724, "step_td_err": 0.1856003626217797}