{"dim0": 0.4666666666666667, "dim1": 0.8666666666666667, "scale": 15, "episode_rewards": 7.9542714550926235, "episode_std_rewards": 0.00617702717387846, "episode_value_ests": 0.7533542020728293, "episode_values": 0.9280789444853497, "episode_td_err": 0.07238763930465351, "episode_avg_len": 740.0442804428044, "episode_std_avg_len": 548.0424925906739, "step_rewards": 0.010748372314063689, "step_value_ests": 0.7286947559734396, "step_values": 0.9885056639805367, "step_td_err": 0.06409034151384198}