{"dim0": 0.4666666666666667, "dim1": -0.8666666666666667, "scale": 15, "episode_rewards": 8.03813203637914, "episode_std_rewards": 0.0056353604565936065, "episode_value_ests": 0.9194875910649668, "episode_values": 0.9358680628152968, "episode_td_err": 0.18020876850639828, "episode_avg_len": 775.6627906976744, "episode_std_avg_len": 609.1199893975611, "step_rewards": 0.010362920759869372, "step_value_ests": 0.9482338584464864, "step_values": 0.9444074248892983, "step_td_err": 0.15337729785509888}