{"dim0": 0.4666666666666667, "dim1": 0.7333333333333333, "scale": 15, "episode_rewards": 7.75463182223377, "episode_std_rewards": 0.005965984367982316, "episode_value_ests": 0.8065873535983561, "episode_values": 0.9032363941860699, "episode_td_err": 0.05557982897417504, "episode_avg_len": 747.723880597015, "episode_std_avg_len": 590.2019562244857, "step_rewards": 0.010370983224505465, "step_value_ests": 0.7705859700748036, "step_values": 0.9495350460072447, "step_td_err": 0.0504328983828522}