{"dim0": 0.4666666666666667, "dim1": -0.3333333333333333, "scale": 15, "episode_rewards": 8.735912192063253, "episode_std_rewards": 0.006222235413024727, "episode_value_ests": 0.8979147815308924, "episode_values": 0.9588381637682004, "episode_td_err": 0.071247948455883, "episode_avg_len": 821.7049180327868, "episode_std_avg_len": 645.5664965371288, "step_rewards": 0.010631446886039791, "step_value_ests": 0.9246054889242243, "step_values": 0.9771148846434173, "step_td_err": 0.06398175536492995}