{"dim0": 0.4666666666666667, "dim1": -0.06666666666666667, "scale": 15, "episode_rewards": 8.225102393079824, "episode_std_rewards": 0.006235270078227494, "episode_value_ests": 0.8918967718732815, "episode_values": 0.8997608456825856, "episode_td_err": 0.04463150574574136, "episode_avg_len": 778.2140077821011, "episode_std_avg_len": 618.3499041854188, "step_rewards": 0.010569203729088929, "step_value_ests": 0.9270879585991443, "step_values": 0.9713444664464177, "step_td_err": 0.041969679203458336}