{"dim0": 0.4666666666666667, "dim1": 0.8, "scale": 15, "episode_rewards": 8.082057579508367, "episode_std_rewards": 0.006048287974064564, "episode_value_ests": 0.7775970436465509, "episode_values": 0.9122396873861185, "episode_td_err": 0.06347205641123933, "episode_avg_len": 754.988679245283, "episode_std_avg_len": 567.9109316494399, "step_rewards": 0.010704872538734643, "step_value_ests": 0.7726544497347206, "step_values": 0.9829613860790007, "step_td_err": 0.05769524265386367}