{"dim0": 0.4666666666666667, "dim1": -1.0, "scale": 15, "episode_rewards": 8.179635925086464, "episode_std_rewards": 0.005993380010988526, "episode_value_ests": 0.9280435188281375, "episode_values": 0.9224126248547524, "episode_td_err": 0.2631240591072369, "episode_avg_len": 787.5551181102362, "episode_std_avg_len": 610.6098562652695, "step_rewards": 0.010386112332954884, "step_value_ests": 0.9478045531591471, "step_values": 0.9501519208981419, "step_td_err": 0.22759132866865397}