{"dim0": 0.4666666666666667, "dim1": -0.4666666666666667, "scale": 15, "episode_rewards": 7.767699404066778, "episode_std_rewards": 0.006075085490431962, "episode_value_ests": 0.901790704053755, "episode_values": 0.8573680062600479, "episode_td_err": 0.08166071083505974, "episode_avg_len": 798.1075697211155, "episode_std_avg_len": 614.6805671111895, "step_rewards": 0.009732647200403151, "step_value_ests": 0.938674027898923, "step_values": 0.8918668970066785, "step_td_err": 0.07174326450587368}