{"dim0": 0.4666666666666667, "dim1": -0.6, "scale": 15, "episode_rewards": 8.177328365994251, "episode_std_rewards": 0.006066689049925035, "episode_value_ests": 0.9616358648762577, "episode_values": 0.9005311934752925, "episode_td_err": 0.10205156223697752, "episode_avg_len": 791.9173228346457, "episode_std_avg_len": 634.781744573067, "step_rewards": 0.010325987486577178, "step_value_ests": 0.9940489389555078, "step_values": 0.9482574685751317, "step_td_err": 0.08892924211347748}