{"dim0": 0.4666666666666667, "dim1": 0.06666666666666667, "scale": 15, "episode_rewards": 8.138527838419764, "episode_std_rewards": 0.006211361876809636, "episode_value_ests": 0.8957829564303446, "episode_values": 0.9355634536717463, "episode_td_err": 0.04104175003639443, "episode_avg_len": 774.1467181467182, "episode_std_avg_len": 606.4030364093253, "step_rewards": 0.01051290104013246, "step_value_ests": 0.9334024257509943, "step_values": 0.9643411737602636, "step_td_err": 0.03787998870706213}