{"dim0": 0.4666666666666667, "dim1": 0.9333333333333333, "scale": 15, "episode_rewards": 7.970609626195727, "episode_std_rewards": 0.006239211338139635, "episode_value_ests": 0.7252256240610082, "episode_values": 0.9042574907254802, "episode_td_err": 0.0828583568163797, "episode_avg_len": 735.6240875912408, "episode_std_avg_len": 580.0639981084327, "step_rewards": 0.0108351667117033, "step_value_ests": 0.7003114717948236, "step_values": 0.9949312280642845, "step_td_err": 0.07206323913812106}