{"dim0": 0.4666666666666667, "dim1": -0.13333333333333333, "scale": 15, "episode_rewards": 8.261558647580475, "episode_std_rewards": 0.005814591734176079, "episode_value_ests": 0.9372672656578688, "episode_values": 0.9211874072545804, "episode_td_err": 0.04994428521235113, "episode_avg_len": 810.4493927125507, "episode_std_avg_len": 639.6648196102391, "step_rewards": 0.010193799541177122, "step_value_ests": 0.9588960933978501, "step_values": 0.9348054513026267, "step_td_err": 0.04498556565786421}