{"dim0": 0.4666666666666667, "dim1": 0.26666666666666666, "scale": 15, "episode_rewards": 7.9897135665765395, "episode_std_rewards": 0.006380317034858534, "episode_value_ests": 0.8529901212612122, "episode_values": 0.884044517627026, "episode_td_err": 0.04088230361258517, "episode_avg_len": 790.5849802371541, "episode_std_avg_len": 665.3498393974891, "step_rewards": 0.010106078114689, "step_value_ests": 0.8548607671766195, "step_values": 0.9280368528260009, "step_td_err": 0.037882523890932294}