{"dim0": 0.4666666666666667, "dim1": 0.13333333333333333, "scale": 15, "episode_rewards": 7.832911802286452, "episode_std_rewards": 0.005981011085547401, "episode_value_ests": 0.9153377872596208, "episode_values": 0.8956365019395759, "episode_td_err": 0.03831754311362366, "episode_avg_len": 764.0568181818181, "episode_std_avg_len": 615.4644653717472, "step_rewards": 0.010251739943798917, "step_value_ests": 0.9302147804347407, "step_values": 0.9411019588960031, "step_td_err": 0.03528899421578555}