{"dim0": 0.4666666666666667, "dim1": 0.6666666666666666, "scale": 15, "episode_rewards": 8.407233953475952, "episode_std_rewards": 0.006617371233673856, "episode_value_ests": 0.7822371600683475, "episode_values": 0.914918516050988, "episode_td_err": 0.0465920598257768, "episode_avg_len": 781.78515625, "episode_std_avg_len": 632.4922466903552, "step_rewards": 0.010753893043714274, "step_value_ests": 0.7762453434069572, "step_values": 0.9903680507226224, "step_td_err": 0.04330283254017273}