{"dim0": 0.4666666666666667, "dim1": 1.0, "scale": 15, "episode_rewards": 8.208175345186918, "episode_std_rewards": 0.006144264229973642, "episode_value_ests": 0.6818271632183153, "episode_values": 0.9271149776797067, "episode_td_err": 0.09332907757221967, "episode_avg_len": 757.5735849056604, "episode_std_avg_len": 598.7899206846785, "step_rewards": 0.010834822529100022, "step_value_ests": 0.6533165631938754, "step_values": 0.9934241440521207, "step_td_err": 0.08024003614144722}