{"dim0": 0.4666666666666667, "dim1": 0.4, "scale": 15, "episode_rewards": 7.877495695347987, "episode_std_rewards": 0.006137760958954416, "episode_value_ests": 0.8500425305410075, "episode_values": 0.91635791575795, "episode_td_err": 0.042079660559494664, "episode_avg_len": 769.0498084291188, "episode_std_avg_len": 607.9639040520675, "step_rewards": 0.01024315409614205, "step_value_ests": 0.84675989890231, "step_values": 0.93635385560431, "step_td_err": 0.038165780876556775}