{"dim0": 0.4666666666666667, "dim1": -0.8, "scale": 15, "episode_rewards": 8.064926176766555, "episode_std_rewards": 0.0054281281263709544, "episode_value_ests": 0.8639146293373037, "episode_values": 0.9208332586499225, "episode_td_err": 0.17338470119661478, "episode_avg_len": 834.1833333333333, "episode_std_avg_len": 849.7899101477311, "step_rewards": 0.009668050001118724, "step_value_ests": 0.8418233692918812, "step_values": 0.8820098810238185, "step_td_err": 0.14229703469712351}