{"dim0": 0.4666666666666667, "dim1": 0.5333333333333333, "scale": 15, "episode_rewards": 8.095847596072783, "episode_std_rewards": 0.006628313359281031, "episode_value_ests": 0.8382031976235277, "episode_values": 0.9114238800962366, "episode_td_err": 0.04241696644655996, "episode_avg_len": 773.4594594594595, "episode_std_avg_len": 593.4717446323185, "step_rewards": 0.010467061326951323, "step_value_ests": 0.8229897694132633, "step_values": 0.9638618311655811, "step_td_err": 0.03895487142383644}