{"dim0": 0.5333333333333333, "dim1": 0.5333333333333333, "scale": 15, "episode_rewards": 7.660219265995915, "episode_std_rewards": 0.00633305968097794, "episode_value_ests": 0.8211761044624338, "episode_values": 0.8896520165771815, "episode_td_err": 0.04517567519308955, "episode_avg_len": 717.652329749104, "episode_std_avg_len": 570.2492923884103, "step_rewards": 0.010673997628731977, "step_value_ests": 0.8385473081271481, "step_values": 0.9778983083498148, "step_td_err": 0.043869619637800165}