{"dim0": 0.5333333333333333, "dim1": -0.6, "scale": 15, "episode_rewards": 7.990287784047014, "episode_std_rewards": 0.00594644773792752, "episode_value_ests": 0.9390545437717024, "episode_values": 0.910777787942497, "episode_td_err": 0.11692456144906152, "episode_avg_len": 798.3267716535433, "episode_std_avg_len": 839.7066929756845, "step_rewards": 0.010008793476256647, "step_value_ests": 0.9679605533414654, "step_values": 0.9145075199819763, "step_td_err": 0.09767425959004682}