{"dim0": 0.5333333333333333, "dim1": 0.4666666666666667, "scale": 15, "episode_rewards": 7.902242995992469, "episode_std_rewards": 0.006172296209899058, "episode_value_ests": 0.8192609204703653, "episode_values": 0.9192631511145473, "episode_td_err": 0.04453736790679858, "episode_avg_len": 744.3866171003717, "episode_std_avg_len": 551.9555023274272, "step_rewards": 0.01061577789613451, "step_value_ests": 0.8143625851355651, "step_values": 0.9741106917071856, "step_td_err": 0.0424564688882677}