{"dim0": 0.5333333333333333, "dim1": 0.13333333333333333, "scale": 15, "episode_rewards": 8.101957618466272, "episode_std_rewards": 0.006241600745468352, "episode_value_ests": 0.8954753601839298, "episode_values": 0.8919908605554139, "episode_td_err": 0.04372426582341351, "episode_avg_len": 812.0323886639676, "episode_std_avg_len": 657.3501206641779, "step_rewards": 0.009977382345298293, "step_value_ests": 0.9025668354847508, "step_values": 0.9161321784025517, "step_td_err": 0.0397422190008205}