{"dim0": 0.5333333333333333, "dim1": 0.6, "scale": 15, "episode_rewards": 8.130465759270226, "episode_std_rewards": 0.006446010542402122, "episode_value_ests": 0.7997744470875928, "episode_values": 0.931413917501263, "episode_td_err": 0.04712078542271921, "episode_avg_len": 751.1044776119403, "episode_std_avg_len": 611.7369419115983, "step_rewards": 0.01082468018979225, "step_value_ests": 0.7779722656380581, "step_values": 0.9934142767241667, "step_td_err": 0.04377345798330845}