{"dim0": 0.5333333333333333, "dim1": -0.2, "scale": 15, "episode_rewards": 8.442227134015411, "episode_std_rewards": 0.006538585130275722, "episode_value_ests": 0.9448575320340953, "episode_values": 0.954921550314757, "episode_td_err": 0.06607976447133898, "episode_avg_len": 783.6015625, "episode_std_avg_len": 641.8399131092259, "step_rewards": 0.010773622128931641, "step_value_ests": 0.961138521918059, "step_values": 0.9883936264529058, "step_td_err": 0.058053227283276124}