{"dim0": 0.5333333333333333, "dim1": -0.13333333333333333, "scale": 15, "episode_rewards": 8.45692525865618, "episode_std_rewards": 0.006369577771133364, "episode_value_ests": 0.9186641399605323, "episode_values": 0.9063126882747716, "episode_td_err": 0.05726581926159667, "episode_avg_len": 826.5619834710744, "episode_std_avg_len": 732.6764745820512, "step_rewards": 0.010231447160371525, "step_value_ests": 0.9270791964188314, "step_values": 0.9420940233546236, "step_td_err": 0.052908901379704075}