{"dim0": 0.5333333333333333, "dim1": -0.7333333333333333, "scale": 15, "episode_rewards": 8.316376734863628, "episode_std_rewards": 0.006062600452390838, "episode_value_ests": 0.8879970163194992, "episode_values": 0.9512243332486165, "episode_td_err": 0.16132168648950326, "episode_avg_len": 837.5123966942149, "episode_std_avg_len": 812.4650188599601, "step_rewards": 0.009929855089536102, "step_value_ests": 0.8692988874494478, "step_values": 0.9084780654296568, "step_td_err": 0.1325494749248355}