{"dim0": 0.5333333333333333, "dim1": -0.9333333333333333, "scale": 15, "episode_rewards": 8.150708602320764, "episode_std_rewards": 0.0059965661396698166, "episode_value_ests": 0.9442954538883797, "episode_values": 0.8972906666470212, "episode_td_err": 0.2304555367860133, "episode_avg_len": 807.5524193548387, "episode_std_avg_len": 764.6441068598103, "step_rewards": 0.010093101583216656, "step_value_ests": 0.8960883586043454, "step_values": 0.9233709271857768, "step_td_err": 0.19448508768716508}