{"dim0": 0.5333333333333333, "dim1": -0.8666666666666667, "scale": 15, "episode_rewards": 8.314391709218814, "episode_std_rewards": 0.0055046576976717325, "episode_value_ests": 0.9514315778295016, "episode_values": 0.9697740369966349, "episode_td_err": 0.2011280048801827, "episode_avg_len": 791.5, "episode_std_avg_len": 602.5282085728304, "step_rewards": 0.010504601022386373, "step_value_ests": 0.9721429840197737, "step_values": 0.9569912813671005, "step_td_err": 0.17284067894799712}