{"dim0": 0.5333333333333333, "dim1": -0.4, "scale": 15, "episode_rewards": 8.19056180975903, "episode_std_rewards": 0.005889613099119568, "episode_value_ests": 0.9885960387979, "episode_values": 0.9395172377667736, "episode_td_err": 0.07913531784793455, "episode_avg_len": 768.0, "episode_std_avg_len": 617.8759128483331, "step_rewards": 0.010664794023123737, "step_value_ests": 1.0246097220966235, "step_values": 0.9728329465166237, "step_td_err": 0.06818792321319347}