{"dim0": 0.5333333333333333, "dim1": 0.9333333333333333, "scale": 15, "episode_rewards": 8.36064316707713, "episode_std_rewards": 0.006258819739524086, "episode_value_ests": 0.7352794058368147, "episode_values": 0.9660383733452464, "episode_td_err": 0.08772644594069179, "episode_avg_len": 765.1297709923664, "episode_std_avg_len": 603.5006010982108, "step_rewards": 0.010927091696136005, "step_value_ests": 0.7170035923295575, "step_values": 1.005642323632138, "step_td_err": 0.0764636683373366}