{"dim0": 0.5333333333333333, "dim1": 0.8, "scale": 15, "episode_rewards": 7.927796902513146, "episode_std_rewards": 0.005973441956770159, "episode_value_ests": 0.7694035920561757, "episode_values": 0.9004962712334201, "episode_td_err": 0.06700324037156843, "episode_avg_len": 755.6842105263158, "episode_std_avg_len": 591.0130383969578, "step_rewards": 0.010490885997196669, "step_value_ests": 0.7343677647203961, "step_values": 0.9626086080159556, "step_td_err": 0.059429426898772925}