{"dim0": 0.5333333333333333, "dim1": -0.8, "scale": 15, "episode_rewards": 8.217825069682288, "episode_std_rewards": 0.006107886523653371, "episode_value_ests": 0.8632936422914886, "episode_values": 0.9565538068913608, "episode_td_err": 0.18021496287163324, "episode_avg_len": 764.2709923664122, "episode_std_avg_len": 566.570349483877, "step_rewards": 0.010752501601869564, "step_value_ests": 0.8881374511430693, "step_values": 0.9827454080257608, "step_td_err": 0.1562450574158638}