{"dim0": 0.5333333333333333, "dim1": 0.3333333333333333, "scale": 15, "episode_rewards": 7.95349711750659, "episode_std_rewards": 0.006661987088866583, "episode_value_ests": 0.8557595932615045, "episode_values": 0.9058694281080777, "episode_td_err": 0.047393545599203966, "episode_avg_len": 767.0306513409962, "episode_std_avg_len": 603.7732179199021, "step_rewards": 0.01036920376467554, "step_value_ests": 0.860169113073452, "step_values": 0.9495653156192285, "step_td_err": 0.04425612873453884}