{"dim0": 0.5333333333333333, "dim1": 0.8666666666666667, "scale": 15, "episode_rewards": 7.885791832513183, "episode_std_rewards": 0.006264584478164979, "episode_value_ests": 0.7551177067097242, "episode_values": 0.8977986101522759, "episode_td_err": 0.0729845753324265, "episode_avg_len": 735.9233576642335, "episode_std_avg_len": 579.5977758042152, "step_rewards": 0.010715506921185522, "step_value_ests": 0.7372725183299778, "step_values": 0.982293454418213, "step_td_err": 0.06594431525646771}