{"dim0": 0.5333333333333333, "dim1": -0.5333333333333333, "scale": 15, "episode_rewards": 8.140847027771116, "episode_std_rewards": 0.0064627367814252025, "episode_value_ests": 0.8919780070703419, "episode_values": 0.9169794563042328, "episode_td_err": 0.10973667138155538, "episode_avg_len": 787.7440944881889, "episode_std_avg_len": 623.8139813528283, "step_rewards": 0.010334380269851931, "step_value_ests": 0.9117236915081327, "step_values": 0.9467453669037813, "step_td_err": 0.0963869406555858}