{"dim0": 0.5333333333333333, "dim1": -0.6666666666666666, "scale": 15, "episode_rewards": 8.574652932433464, "episode_std_rewards": 0.006091223187631365, "episode_value_ests": 0.884351775274322, "episode_values": 0.9821440225044236, "episode_td_err": 0.15404079272874174, "episode_avg_len": 810.9878542510121, "episode_std_avg_len": 729.4217136127274, "step_rewards": 0.01057309660987782, "step_value_ests": 0.928433931293994, "step_values": 0.9675528552953073, "step_td_err": 0.13362004041481731}