{"dim0": 0.5333333333333333, "dim1": -1.0, "scale": 15, "episode_rewards": 8.204375141859055, "episode_std_rewards": 0.005627583893737374, "episode_value_ests": 1.0119905030688694, "episode_values": 0.8861657756419415, "episode_td_err": 0.2887682727541327, "episode_avg_len": 802.052, "episode_std_avg_len": 675.0756707925416, "step_rewards": 0.010229230949937228, "step_value_ests": 1.0088087723302979, "step_values": 0.9364272384902921, "step_td_err": 0.24906079323091432}