{"dim0": 0.5333333333333333, "dim1": 0.7333333333333333, "scale": 15, "episode_rewards": 8.115200808762644, "episode_std_rewards": 0.006485428609430011, "episode_value_ests": 0.7359716774127805, "episode_values": 0.9545529061207763, "episode_td_err": 0.055581948927255785, "episode_avg_len": 722.2382671480144, "episode_std_avg_len": 595.0305888881013, "step_rewards": 0.011236182265456625, "step_value_ests": 0.7215690337635422, "step_values": 1.0303150872727809, "step_td_err": 0.05116327669302877}