{"dim0": 0.5333333333333333, "dim1": 1.0, "scale": 15, "episode_rewards": 8.391059319508026, "episode_std_rewards": 0.006228224663066982, "episode_value_ests": 0.705309826363544, "episode_values": 0.8827621618033903, "episode_td_err": 0.09837301327650178, "episode_avg_len": 830.7385892116182, "episode_std_avg_len": 674.951710370786, "step_rewards": 0.010100721729408587, "step_value_ests": 0.6423403483159107, "step_values": 0.930469140457148, "step_td_err": 0.08065777195106721}