{"dim0": 0.5333333333333333, "dim1": -0.06666666666666667, "scale": 15, "episode_rewards": 8.149682160033736, "episode_std_rewards": 0.006175108535720123, "episode_value_ests": 0.9216368560198036, "episode_values": 0.9304230004128993, "episode_td_err": 0.051568182649962685, "episode_avg_len": 775.4457364341085, "episode_std_avg_len": 605.341110002093, "step_rewards": 0.010509674342282277, "step_value_ests": 0.942370915726638, "step_values": 0.9614259953712843, "step_td_err": 0.047265494174479006}