{"dim0": 0.5333333333333333, "dim1": 0.26666666666666666, "scale": 15, "episode_rewards": 8.0891465781227, "episode_std_rewards": 0.006556645764144576, "episode_value_ests": 0.8854520618960745, "episode_values": 0.8741888833664444, "episode_td_err": 0.043814955487525425, "episode_avg_len": 794.5357142857143, "episode_std_avg_len": 652.9523326587399, "step_rewards": 0.010180972903647034, "step_value_ests": 0.8929860141885796, "step_values": 0.9377767587162468, "step_td_err": 0.04200644558152518}