{"dim0": 0.5333333333333333, "dim1": -0.4666666666666667, "scale": 15, "episode_rewards": 8.349022755622864, "episode_std_rewards": 0.006249696785308575, "episode_value_ests": 0.8405408147234186, "episode_values": 0.9067170263054855, "episode_td_err": 0.10088699381421702, "episode_avg_len": 803.756, "episode_std_avg_len": 670.2584937649057, "step_rewards": 0.010387509089354062, "step_value_ests": 0.8861385617410164, "step_values": 0.9532844069139399, "step_td_err": 0.08793476065580515}