{"dim0": 0.6, "dim1": -0.13333333333333333, "scale": 15, "episode_rewards": 8.712932912649306, "episode_std_rewards": 0.006390526000953157, "episode_value_ests": 0.914103723343672, "episode_values": 0.9094222239829631, "episode_td_err": 0.06596795785400426, "episode_avg_len": 888.8407079646017, "episode_std_avg_len": 827.0669368248736, "step_rewards": 0.009802580861312554, "step_value_ests": 0.9081434935141369, "step_values": 0.9012140162458854, "step_td_err": 0.05844436893265261}