{"dim0": 0.6, "dim1": -0.4666666666666667, "scale": 15, "episode_rewards": 8.012519495561719, "episode_std_rewards": 0.006035192232656361, "episode_value_ests": 0.900753059876683, "episode_values": 0.8926809100847815, "episode_td_err": 0.1059480701388134, "episode_avg_len": 786.4765625, "episode_std_avg_len": 658.8805132197215, "step_rewards": 0.01018786811661882, "step_value_ests": 0.9180496818229384, "step_values": 0.9347799986267642, "step_td_err": 0.09093828033269154}