{"dim0": 0.6, "dim1": -0.9333333333333333, "scale": 15, "episode_rewards": 8.304227603754036, "episode_std_rewards": 0.005670668147236277, "episode_value_ests": 1.0246011621558613, "episode_values": 0.9093509084142222, "episode_td_err": 0.2390951630614771, "episode_avg_len": 795.1106719367589, "episode_std_avg_len": 604.78372608781, "step_rewards": 0.010444115387768979, "step_value_ests": 1.0380636951998874, "step_values": 0.9534559621968864, "step_td_err": 0.20558582595258418}