{"dim0": 0.6, "dim1": -0.8666666666666667, "scale": 15, "episode_rewards": 8.757158388493032, "episode_std_rewards": 0.005852689207001356, "episode_value_ests": 0.944130991578414, "episode_values": 0.9722873545186271, "episode_td_err": 0.22999542036488171, "episode_avg_len": 813.1295546558705, "episode_std_avg_len": 747.6220381720502, "step_rewards": 0.010769696339716988, "step_value_ests": 0.9507664541772687, "step_values": 0.984989587884742, "step_td_err": 0.1933543655418989}