{"dim0": 0.6, "dim1": 0.26666666666666666, "scale": 15, "episode_rewards": 8.128253621350003, "episode_std_rewards": 0.0060563858016169595, "episode_value_ests": 0.8974027919214181, "episode_values": 0.8917286916757259, "episode_td_err": 0.0493564106939567, "episode_avg_len": 779.4202334630351, "episode_std_avg_len": 625.6322828666421, "step_rewards": 0.01042858944684491, "step_value_ests": 0.906530792444916, "step_values": 0.9595731506079702, "step_td_err": 0.04748874135391622}