{"dim0": 0.6, "dim1": -0.06666666666666667, "scale": 15, "episode_rewards": 8.173920177388936, "episode_std_rewards": 0.005728968955189863, "episode_value_ests": 0.9462076813163445, "episode_values": 0.9505296864929527, "episode_td_err": 0.060360889103316356, "episode_avg_len": 784.2890625, "episode_std_avg_len": 659.9958587978952, "step_rewards": 0.01042207595160609, "step_value_ests": 0.9397971091756938, "step_values": 0.9540936477716582, "step_td_err": 0.05379641292308453}