{"dim0": 0.6, "dim1": -0.4, "scale": 15, "episode_rewards": 7.961289474909956, "episode_std_rewards": 0.005878743281190666, "episode_value_ests": 0.9010285046949876, "episode_values": 0.9295356045990767, "episode_td_err": 0.10274164546118812, "episode_avg_len": 758.435606060606, "episode_std_avg_len": 575.2753784101452, "step_rewards": 0.01049698802547223, "step_value_ests": 0.9189826257842905, "step_values": 0.9573782714206025, "step_td_err": 0.08934628448699868}