{"dim0": 0.6, "dim1": 0.13333333333333333, "scale": 15, "episode_rewards": 8.174898571185484, "episode_std_rewards": 0.006624399395268268, "episode_value_ests": 0.8904713269904667, "episode_values": 0.9070128524382945, "episode_td_err": 0.05489278258309524, "episode_avg_len": 766.6564885496183, "episode_std_avg_len": 587.3286174712133, "step_rewards": 0.010663052740414392, "step_value_ests": 0.8981290113456512, "step_values": 0.9799335908824482, "step_td_err": 0.05183976884589993}