{"dim0": 0.6, "dim1": 0.5333333333333333, "scale": 15, "episode_rewards": 8.005385698498907, "episode_std_rewards": 0.006342575959543052, "episode_value_ests": 0.8383839011240489, "episode_values": 0.8756406606525837, "episode_td_err": 0.04702587268971954, "episode_avg_len": 777.6409266409266, "episode_std_avg_len": 627.7902768314299, "step_rewards": 0.010294450078751282, "step_value_ests": 0.8201258784441788, "step_values": 0.9480033165163952, "step_td_err": 0.04490248851465597}