{"dim0": 0.6, "dim1": 0.0, "scale": 15, "episode_rewards": 7.9619236692844195, "episode_std_rewards": 0.005937924104492881, "episode_value_ests": 0.8811672267074657, "episode_values": 0.8774658748069583, "episode_td_err": 0.05292324250936059, "episode_avg_len": 782.4513618677042, "episode_std_avg_len": 596.3870261737907, "step_rewards": 0.010175614814292584, "step_value_ests": 0.9039286251550616, "step_values": 0.9336183796632401, "step_td_err": 0.049350447926880356}