{"dim0": 0.6, "dim1": -1.0, "scale": 15, "episode_rewards": 8.104706254270342, "episode_std_rewards": 0.005737926723147793, "episode_value_ests": 1.0128475386667635, "episode_values": 0.9240721705077689, "episode_td_err": 0.2997324674724836, "episode_avg_len": 835.813492063492, "episode_std_avg_len": 936.8813519308312, "step_rewards": 0.00969678801697864, "step_value_ests": 0.9878500673065553, "step_values": 0.8865413760803833, "step_td_err": 0.2444156434342697}