{"dim0": 0.6, "dim1": 0.4, "scale": 15, "episode_rewards": 8.231173121836036, "episode_std_rewards": 0.0063874564044582565, "episode_value_ests": 0.8230818185265918, "episode_values": 0.8950570360331116, "episode_td_err": 0.046794939739350616, "episode_avg_len": 782.27734375, "episode_std_avg_len": 599.4415412379211, "step_rewards": 0.01052206508036944, "step_value_ests": 0.823198128176076, "step_values": 0.9685980661011785, "step_td_err": 0.04500298939616779}