{"dim0": 0.6, "dim1": 0.06666666666666667, "scale": 15, "episode_rewards": 7.817429278710092, "episode_std_rewards": 0.006029451266225246, "episode_value_ests": 0.8968629836460484, "episode_values": 0.8532189647832802, "episode_td_err": 0.049738120184497615, "episode_avg_len": 775.3914728682171, "episode_std_avg_len": 628.635896950723, "step_rewards": 0.010081912881751172, "step_value_ests": 0.9251197537375165, "step_values": 0.9254687515751424, "step_td_err": 0.046589766320741424}