{"dim0": 0.6, "dim1": -0.6666666666666666, "scale": 15, "episode_rewards": 8.476245616735676, "episode_std_rewards": 0.00606981078524821, "episode_value_ests": 0.9061391501003387, "episode_values": 0.979628378464548, "episode_td_err": 0.15067139360695014, "episode_avg_len": 792.9130434782609, "episode_std_avg_len": 608.6419343885786, "step_rewards": 0.010690006535335887, "step_value_ests": 0.91384274610962, "step_values": 0.9786941397997566, "step_td_err": 0.1295125696455617}