{"dim0": 0.6, "dim1": 0.7333333333333333, "scale": 15, "episode_rewards": 8.085338801373052, "episode_std_rewards": 0.006212135569719769, "episode_value_ests": 0.7701302679632713, "episode_values": 0.933678364731371, "episode_td_err": 0.06063787140652621, "episode_avg_len": 764.6221374045801, "episode_std_avg_len": 621.4286531536158, "step_rewards": 0.010574293374264292, "step_value_ests": 0.7384636071112596, "step_values": 0.9669328365634404, "step_td_err": 0.053911133705716825}