{"dim0": 0.6, "dim1": -0.6, "scale": 15, "episode_rewards": 8.407481375348153, "episode_std_rewards": 0.005832013690715085, "episode_value_ests": 0.9028992381703133, "episode_values": 0.9494385976566919, "episode_td_err": 0.1376641478464166, "episode_avg_len": 774.015444015444, "episode_std_avg_len": 583.5060451964379, "step_rewards": 0.010862162299671631, "step_value_ests": 0.9242214092409194, "step_values": 0.9932395378019354, "step_td_err": 0.11965280689657999}