{"dim0": 0.6, "dim1": -0.26666666666666666, "scale": 15, "episode_rewards": 8.140768129835015, "episode_std_rewards": 0.006498216518669669, "episode_value_ests": 0.9431865996230248, "episode_values": 0.9078597154423879, "episode_td_err": 0.07249542155904634, "episode_avg_len": 793.0830039525691, "episode_std_avg_len": 621.2655808622419, "step_rewards": 0.01026471137228138, "step_value_ests": 0.9482023363985602, "step_values": 0.9420293226525934, "step_td_err": 0.06520202369144819}