{"dim0": 0.6, "dim1": 1.0, "scale": 15, "episode_rewards": 8.052322338742448, "episode_std_rewards": 0.006290796370057481, "episode_value_ests": 0.6809409081104197, "episode_values": 0.9140701110942568, "episode_td_err": 0.10219907099203489, "episode_avg_len": 761.7376425855514, "episode_std_avg_len": 588.5721295651931, "step_rewards": 0.010570991754340257, "step_value_ests": 0.6393480125565483, "step_values": 0.9707701292581596, "step_td_err": 0.08787170685146074}