{"dim0": 0.6, "dim1": -0.7333333333333333, "scale": 15, "episode_rewards": 8.574283504280551, "episode_std_rewards": 0.005657543952314819, "episode_value_ests": 0.9307757879690715, "episode_values": 0.9751418459094822, "episode_td_err": 0.17167033982122012, "episode_avg_len": 863.8663793103449, "episode_std_avg_len": 911.4972829365339, "step_rewards": 0.009925474251151787, "step_value_ests": 0.9032383779933084, "step_values": 0.9054286401858869, "step_td_err": 0.13965162257694383}