{"dim0": 0.6, "dim1": 0.8666666666666667, "scale": 15, "episode_rewards": 8.176078447721954, "episode_std_rewards": 0.0064759844951636876, "episode_value_ests": 0.7302756407879765, "episode_values": 0.9266693753111014, "episode_td_err": 0.08009389949869462, "episode_avg_len": 752.5977443609023, "episode_std_avg_len": 583.1863408167349, "step_rewards": 0.01086380939749559, "step_value_ests": 0.7098786330444069, "step_values": 0.9994210370885573, "step_td_err": 0.07121419242958099}