{"dim0": 0.6, "dim1": 0.8, "scale": 15, "episode_rewards": 8.275295203717059, "episode_std_rewards": 0.006234023469477887, "episode_value_ests": 0.7457341371156413, "episode_values": 0.8954402845101725, "episode_td_err": 0.06855902344365315, "episode_avg_len": 774.1196911196911, "episode_std_avg_len": 657.2332534044511, "step_rewards": 0.0106899427810028, "step_value_ests": 0.7381521315474423, "step_values": 0.9837894876660234, "step_td_err": 0.062434231934930716}