{"dim0": 0.6, "dim1": 0.4666666666666667, "scale": 15, "episode_rewards": 8.046183960455837, "episode_std_rewards": 0.006110478298871133, "episode_value_ests": 0.8620500722928286, "episode_values": 0.9155081044817618, "episode_td_err": 0.04622063498488579, "episode_avg_len": 760.4772727272727, "episode_std_avg_len": 575.7095420055136, "step_rewards": 0.010580439743583778, "step_value_ests": 0.8476838156051846, "step_values": 0.9715046514703771, "step_td_err": 0.04426762503399457}