{"dim0": 0.6, "dim1": -0.3333333333333333, "scale": 15, "episode_rewards": 8.208244624853133, "episode_std_rewards": 0.0059645001867866644, "episode_value_ests": 0.9376653925714559, "episode_values": 0.8863234462308672, "episode_td_err": 0.07906538993037285, "episode_avg_len": 802.004, "episode_std_avg_len": 607.5858819821277, "step_rewards": 0.010234667937882023, "step_value_ests": 0.9598584212022196, "step_values": 0.9393757379503582, "step_td_err": 0.07131492945936811}