{"dim0": 0.6, "dim1": -0.8, "scale": 15, "episode_rewards": 8.284856072599958, "episode_std_rewards": 0.005714898345395379, "episode_value_ests": 0.8889946980743642, "episode_values": 0.922961144615259, "episode_td_err": 0.19818815645820131, "episode_avg_len": 831.3153526970955, "episode_std_avg_len": 934.7208739356008, "step_rewards": 0.00996596062579719, "step_value_ests": 0.8790985089963939, "step_values": 0.9125947196627743, "step_td_err": 0.1658789765170806}