{"dim0": 0.6, "dim1": 0.2, "scale": 15, "episode_rewards": 8.095032617220511, "episode_std_rewards": 0.0061936197310745395, "episode_value_ests": 0.8868742005187442, "episode_values": 0.919715561771991, "episode_td_err": 0.050712874738526, "episode_avg_len": 769.3384615384615, "episode_std_avg_len": 595.8866703537892, "step_rewards": 0.01052206931268289, "step_value_ests": 0.9029940199137847, "step_values": 0.9657791934936123, "step_td_err": 0.04762127747586123}