{"dim0": 0.6, "dim1": -0.2, "scale": 15, "episode_rewards": 8.539646036540095, "episode_std_rewards": 0.006245455208619553, "episode_value_ests": 0.933329179748443, "episode_values": 0.9789075983505172, "episode_td_err": 0.07599253993218982, "episode_avg_len": 791.2371541501976, "episode_std_avg_len": 616.1935484995397, "step_rewards": 0.010792776845409672, "step_value_ests": 0.9625626023590382, "step_values": 0.9894437542434914, "step_td_err": 0.06697792640132692}