{"dim0": 0.6, "dim1": 0.3333333333333333, "scale": 15, "episode_rewards": 8.310213653030099, "episode_std_rewards": 0.006574670091072812, "episode_value_ests": 0.8674162781014819, "episode_values": 0.9062780656600388, "episode_td_err": 0.048379676869325185, "episode_avg_len": 778.8015564202335, "episode_std_avg_len": 628.9481518700633, "step_rewards": 0.010670514952779564, "step_value_ests": 0.8639921002197315, "step_values": 0.9816056067464757, "step_td_err": 0.04614074490429656}