{"dim0": 0.6, "dim1": 0.9333333333333333, "scale": 15, "episode_rewards": 8.1384856682971, "episode_std_rewards": 0.0061780366905821605, "episode_value_ests": 0.6885799461605203, "episode_values": 0.9048563026404164, "episode_td_err": 0.08851664039704152, "episode_avg_len": 752.0037593984962, "episode_std_avg_len": 569.0965568014891, "step_rewards": 0.010822400242795082, "step_value_ests": 0.6814327450394745, "step_values": 0.9959590254941894, "step_td_err": 0.07924857446251093}