{"checkpoint": "1000000", "episode_rewards": 8.02654282841028, "episode_std_rewards": 0.006075055411360438, "episode_value_ests": 0.8347566382041395, "episode_values": 0.8913737537085902, "episode_td_err": 0.02785803796431714, "episode_avg_len": 784.5192156862745, "episode_std_avg_len": 644.1635891842673, "step_rewards": 0.010231161541899129, "step_value_ests": 0.888447535559194, "step_values": 0.9396027356931642, "step_td_err": 0.025456031117715314}