{"checkpoint": "1000000", "episode_rewards": 9.493067928024002, "episode_std_rewards": 0.005668633965561884, "episode_value_ests": 1.0009999633141322, "episode_values": 0.9296019923315108, "episode_td_err": 0.02327762853051496, "episode_avg_len": 1001.2112112112112, "episode_std_avg_len": 614.737653651744, "step_rewards": 0.0094815837275132, "step_value_ests": 0.9848018264969598, "step_values": 0.8847881573600476, "step_td_err": 0.0213046428116989}