{"checkpoint": "9920007", "episode_rewards": 19.15059852979335, "episode_std_rewards": 0.004437772313345876, "episode_value_ests": 1.572754986860177, "episode_values": 1.353605704342605, "episode_td_err": 0.01627713023254851, "episode_avg_len": 1202.139255702281, "episode_std_avg_len": 939.6826696409036, "step_rewards": 0.01593043271730255, "step_value_ests": 1.6565219624673357, "step_values": 1.5247780704534875, "step_td_err": 0.014197363378407796}