{"dim0": -0.06666666666666667, "dim1": 0.7333333333333333, "episode_rewards": 31.398895487226863, "episode_std_rewards": 0.18198763772464277, "episode_value_ests": 15.605316721183037, "episode_values": 17.982223882337536, "episode_td_err": 4.123277608329552, "episode_avg_len": 42.256708218888654, "episode_std_avg_len": 6.887633018222909, "step_rewards": 0.7430511464494914, "step_value_ests": 15.635670823815996, "step_values": 18.23898064129616, "step_td_err": 4.074081512884352}