{"dim0": -0.06666666666666667, "dim1": -0.06666666666666667, "episode_rewards": 14.798627724510254, "episode_std_rewards": 0.5869574646496436, "episode_value_ests": 13.266928332864527, "episode_values": 7.35559672658907, "episode_td_err": 5.259022309383917, "episode_avg_len": 34.13378839590444, "episode_std_avg_len": 16.94364837096917, "step_rewards": 0.4335477665961589, "step_value_ests": 13.619827109161456, "step_values": 6.38301675977672, "step_td_err": 6.181752010411342}