{"dim0": -0.06666666666666667, "dim1": -0.8, "episode_rewards": 8.733393242691829, "episode_std_rewards": 0.7278561160351643, "episode_value_ests": 11.539614620383176, "episode_values": 5.568062592930424, "episode_td_err": 5.518390049008641, "episode_avg_len": 8.692337780868355, "episode_std_avg_len": 3.15652110731487, "step_rewards": 1.0047231783736976, "step_value_ests": 11.317948330532644, "step_values": 5.17666655289421, "step_td_err": 5.388390061630039}