{"dim0": -0.06666666666666667, "dim1": -0.3333333333333333, "episode_rewards": 13.490290429931965, "episode_std_rewards": 0.6640803956880502, "episode_value_ests": 11.899137325548203, "episode_values": 7.893401462715264, "episode_td_err": 3.494587113922275, "episode_avg_len": 17.07555707333732, "episode_std_avg_len": 10.543394297945904, "step_rewards": 0.7900351579742263, "step_value_ests": 11.955248843262215, "step_values": 7.4838091193305125, "step_td_err": 3.8983258023644676}