{"dim0": -0.06666666666666667, "dim1": -0.6666666666666666, "episode_rewards": 10.159257327184203, "episode_std_rewards": 0.7060209381494548, "episode_value_ests": 11.574757897058277, "episode_values": 6.35737690990392, "episode_td_err": 4.61628898418264, "episode_avg_len": 9.776039884647343, "episode_std_avg_len": 3.9416277952766037, "step_rewards": 1.0391996602978961, "step_value_ests": 11.359003111443457, "step_values": 5.9560158032598975, "step_td_err": 4.533006892009142}