{"dim0": -0.06666666666666667, "dim1": -0.4, "episode_rewards": 12.86904542006332, "episode_std_rewards": 0.6703188023149331, "episode_value_ests": 11.776999012612118, "episode_values": 7.655775551340404, "episode_td_err": 3.542967698082814, "episode_avg_len": 14.463624529939255, "episode_std_avg_len": 8.267278621237379, "step_rewards": 0.8897524540563672, "step_value_ests": 11.727230943259045, "step_values": 7.321752608935975, "step_td_err": 3.7152497984122146}