{"dim0": -0.06666666666666667, "dim1": 0.13333333333333333, "episode_rewards": 18.57127666744797, "episode_std_rewards": 0.3590656510852052, "episode_value_ests": 14.683130911941205, "episode_values": 8.864493673562594, "episode_td_err": 6.68877068994804, "episode_avg_len": 43.157928802589, "episode_std_avg_len": 12.897692158834353, "step_rewards": 0.4303097294681551, "step_value_ests": 14.790593608396652, "step_values": 8.796744818863557, "step_td_err": 6.77720073500897}