{"dim0": -0.06666666666666667, "dim1": 0.9333333333333333, "episode_rewards": 32.374512566963794, "episode_std_rewards": 0.15931250328539148, "episode_value_ests": 15.368057398718436, "episode_values": 19.15390506959613, "episode_td_err": 3.038805976826769, "episode_avg_len": 41.39507450331126, "episode_std_avg_len": 6.158717553064337, "step_rewards": 0.7820861045768647, "step_value_ests": 15.401653418590984, "step_values": 19.39495105336839, "step_td_err": 3.0189248571453104}