{"dim0": -0.06666666666666667, "dim1": 0.3333333333333333, "episode_rewards": 24.163620139665635, "episode_std_rewards": 0.2552846531005828, "episode_value_ests": 15.457847063192153, "episode_values": 12.47329216764303, "episode_td_err": 6.27903035737533, "episode_avg_len": 44.17844522968198, "episode_std_avg_len": 9.841206280003828, "step_rewards": 0.5469549689682364, "step_value_ests": 15.468482794619128, "step_values": 12.65196118139453, "step_td_err": 6.137592453900502}