{"dim0": -0.06666666666666667, "dim1": -0.4666666666666667, "episode_rewards": 12.226263982727657, "episode_std_rewards": 0.6843057027407254, "episode_value_ests": 11.708826012119255, "episode_values": 7.377452258558252, "episode_td_err": 3.670147736331528, "episode_avg_len": 12.747403300834767, "episode_std_avg_len": 6.768187882564622, "step_rewards": 0.9591180018543084, "step_value_ests": 11.589177025965018, "step_values": 7.029911678314524, "step_td_err": 3.7533666861667996}