{"dim0": -0.06666666666666667, "dim1": 0.2, "episode_rewards": 20.093719403769295, "episode_std_rewards": 0.306648574773286, "episode_value_ests": 15.05019987294147, "episode_values": 9.699838705088627, "episode_td_err": 6.776461247087624, "episode_avg_len": 44.3367324318333, "episode_std_avg_len": 11.762723844052632, "step_rewards": 0.45320704304637077, "step_value_ests": 15.09474788309288, "step_values": 9.705103158459545, "step_td_err": 6.721601886984642}