{"dim0": -0.06666666666666667, "dim1": -0.6, "episode_rewards": 10.92486470890375, "episode_std_rewards": 0.696995475441824, "episode_value_ests": 11.614566674722251, "episode_values": 6.756191049000847, "episode_td_err": 4.18125021982789, "episode_avg_len": 10.552577428375455, "episode_std_avg_len": 4.718117970794698, "step_rewards": 1.0352792749501396, "step_value_ests": 11.412482551594795, "step_values": 6.361756635138432, "step_td_err": 4.131963150628444}