{"dim0": -0.06666666666666667, "dim1": 0.6666666666666666, "episode_rewards": 30.561874352453966, "episode_std_rewards": 0.1874646420632856, "episode_value_ests": 15.66135809729785, "episode_values": 17.291495650611743, "episode_td_err": 4.54836101292355, "episode_avg_len": 42.46274676289535, "episode_std_avg_len": 6.805500729072047, "step_rewards": 0.7197338062727359, "step_value_ests": 15.686413001467134, "step_values": 17.540737719050075, "step_td_err": 4.489196661252063}