{"dim0": -0.06666666666666667, "dim1": -1.0, "episode_rewards": 6.376135423285696, "episode_std_rewards": 0.7531884990275937, "episode_value_ests": 11.50493157966989, "episode_values": 4.1459835235507585, "episode_td_err": 7.412559031360106, "episode_avg_len": 7.787446949343924, "episode_std_avg_len": 2.4152872746538447, "step_rewards": 0.8187709611072049, "step_value_ests": 11.273432444947302, "step_values": 3.7818811296655688, "step_td_err": 7.1841687684736275}