{"dim0": -0.06666666666666667, "dim1": 0.4, "episode_rewards": 25.942551811136422, "episode_std_rewards": 0.23438856164353808, "episode_value_ests": 15.534508091528753, "episode_values": 13.681724705932282, "episode_td_err": 5.922010205936634, "episode_avg_len": 44.127950584601805, "episode_std_avg_len": 9.626556545543066, "step_rewards": 0.5878938737796023, "step_value_ests": 15.542505883146227, "step_values": 13.848935015839514, "step_td_err": 5.777196938121133}