{"dim0": -0.6666666666666666, "dim1": 0.8666666666666667, "episode_rewards": -2.242966536642161, "episode_std_rewards": 0.2251529931407539, "episode_value_ests": 17.045769725563606, "episode_values": 1.5822487630681346, "episode_td_err": 10.556461868124261, "episode_avg_len": 33.25623545061523, "episode_std_avg_len": 3.1786968916940426, "step_rewards": -0.06744499208194855, "step_value_ests": 17.04507046238224, "step_values": 1.885770617860823, "step_td_err": 10.443153089121747}