{"dim0": -0.6666666666666666, "dim1": -0.8, "episode_rewards": 7.576546685954531, "episode_std_rewards": 0.3233811891510824, "episode_value_ests": 10.210428910068666, "episode_values": 4.417336444762162, "episode_td_err": 3.0083773230695052, "episode_avg_len": 17.231498233824418, "episode_std_avg_len": 5.831594327151042, "step_rewards": 0.43969169616848613, "step_value_ests": 10.557105969507921, "step_values": 4.61529653104055, "step_td_err": 2.87285581961189}