{"dim0": -0.6666666666666666, "dim1": 0.0, "episode_rewards": 0.2004226066433312, "episode_std_rewards": 0.22003863531262108, "episode_value_ests": 16.96270374379903, "episode_values": 1.620953132223621, "episode_td_err": 10.046610184373508, "episode_avg_len": 35.90897666068223, "episode_std_avg_len": 4.489741971908923, "step_rewards": 0.005581406803574542, "step_value_ests": 16.954403449393904, "step_values": 1.8977818367267838, "step_td_err": 9.898269520513923}