{"dim0": -0.6666666666666666, "dim1": -0.6666666666666666, "episode_rewards": 9.733000435815605, "episode_std_rewards": 0.2899798062949542, "episode_value_ests": 10.888087044749584, "episode_values": 5.643077016385118, "episode_td_err": 2.5181184799137206, "episode_avg_len": 21.744618395303327, "episode_std_avg_len": 8.92234813363151, "step_rewards": 0.44760502386732426, "step_value_ests": 11.48910688006575, "step_values": 6.009336959619957, "step_td_err": 2.616212825927533}