{"dim0": -0.6666666666666666, "dim1": -0.2, "episode_rewards": 1.952310125627661, "episode_std_rewards": 0.23089151066470257, "episode_value_ests": 16.533631418808216, "episode_values": 1.84131162060999, "episode_td_err": 9.345258952854236, "episode_avg_len": 38.81758199107316, "episode_std_avg_len": 7.4314844025475395, "step_rewards": 0.05029448063191138, "step_value_ests": 16.501116679453, "step_values": 2.024349118750794, "step_td_err": 9.177017781491408}