{"dim0": -0.6666666666666666, "dim1": -0.26666666666666666, "episode_rewards": 4.032492559231416, "episode_std_rewards": 0.26354201241930314, "episode_value_ests": 15.991383662117622, "episode_values": 2.613548765466285, "episode_td_err": 8.465413762162365, "episode_avg_len": 39.79606048547553, "episode_std_avg_len": 9.139585650620294, "step_rewards": 0.10132893834310977, "step_value_ests": 16.04775368582002, "step_values": 2.6805471161636465, "step_td_err": 8.4209941776939}