{"dim0": -0.6666666666666666, "dim1": 0.06666666666666667, "episode_rewards": 0.22419697586238121, "episode_std_rewards": 0.2192713864489147, "episode_value_ests": 16.990799779088153, "episode_values": 1.7515116483793205, "episode_td_err": 10.09595013003217, "episode_avg_len": 35.43975903614458, "episode_std_avg_len": 4.159099347631317, "step_rewards": 0.006326142783130253, "step_value_ests": 16.986425308654795, "step_values": 2.022259124459225, "step_td_err": 9.9571447401089}