{"dim0": -0.6666666666666666, "dim1": 0.7333333333333333, "episode_rewards": -1.735436457313775, "episode_std_rewards": 0.22819679425977796, "episode_value_ests": 17.044279902132725, "episode_values": 1.6253893633756733, "episode_td_err": 10.525429324531896, "episode_avg_len": 33.34039006501084, "episode_std_avg_len": 3.169515454962244, "step_rewards": -0.05205207419378796, "step_value_ests": 17.04341784889112, "step_values": 1.924308580692883, "step_td_err": 10.412958180503788}