{"dim0": -0.6666666666666666, "dim1": -0.5333333333333333, "episode_rewards": 11.008407052139123, "episode_std_rewards": 0.30793752265987945, "episode_value_ests": 12.188554875889434, "episode_values": 6.379438638376357, "episode_td_err": 3.1659194971640123, "episode_avg_len": 29.226947245360222, "episode_std_avg_len": 11.961557053015202, "step_rewards": 0.37665264728894016, "step_value_ests": 12.974257518366576, "step_values": 6.495886475132822, "step_td_err": 3.7092652864506435}