{"dim0": -0.6666666666666666, "dim1": 0.3333333333333333, "episode_rewards": -0.6235421624901233, "episode_std_rewards": 0.22727439302773927, "episode_value_ests": 17.033022994576047, "episode_values": 1.6262989874214822, "episode_td_err": 10.370374938672452, "episode_avg_len": 33.98216106014271, "episode_std_avg_len": 3.5115248076738834, "step_rewards": -0.018349102677329983, "step_value_ests": 17.03176592169438, "step_values": 1.9210524553004031, "step_td_err": 10.24549348197804}