{"dim0": -0.6666666666666666, "dim1": -1.0, "episode_rewards": 4.387451264928482, "episode_std_rewards": 0.39066543090069256, "episode_value_ests": 9.7529175363777, "episode_values": 2.6213867145834415, "episode_td_err": 4.547379929598662, "episode_avg_len": 13.642111724984654, "episode_std_avg_len": 3.6099767800593483, "step_rewards": 0.3216108585955315, "step_value_ests": 9.90037385158781, "step_values": 2.6924665792069904, "step_td_err": 4.334110591283688}