{"dim0": -0.6666666666666666, "dim1": 1.0, "episode_rewards": -2.8743276528041806, "episode_std_rewards": 0.2266451453741564, "episode_value_ests": 17.04637902577184, "episode_values": 1.4985661756534625, "episode_td_err": 10.576731489732289, "episode_avg_len": 33.23259677687324, "episode_std_avg_len": 3.140037887023831, "step_rewards": -0.08649121439719819, "step_value_ests": 17.045638611145435, "step_values": 1.8035695863040992, "step_td_err": 10.464681588439307}