{"dim0": -0.7333333333333333, "dim1": -0.26666666666666666, "episode_rewards": 1.1080130382137747, "episode_std_rewards": 0.26192337991809456, "episode_value_ests": 16.143583181873733, "episode_values": 1.3733881172582665, "episode_td_err": 8.870399629453964, "episode_avg_len": 39.19063479623824, "episode_std_avg_len": 8.446256339275873, "step_rewards": 0.028272393238195994, "step_value_ests": 16.16439647901538, "step_values": 1.5029556840061766, "step_td_err": 8.76658043930026}