{"dim0": -0.7333333333333333, "dim1": -0.8, "episode_rewards": 7.186219646629249, "episode_std_rewards": 0.3070862165081249, "episode_value_ests": 10.21563290179569, "episode_values": 4.274358043807241, "episode_td_err": 2.883747932179568, "episode_avg_len": 17.531071960732756, "episode_std_avg_len": 6.131318062120645, "step_rewards": 0.4099133049436689, "step_value_ests": 10.596062182361432, "step_values": 4.466256035508385, "step_td_err": 2.746461571001942}