{"dim0": -0.7333333333333333, "dim1": -1.0, "episode_rewards": 4.163969542485206, "episode_std_rewards": 0.3774279428805163, "episode_value_ests": 9.726631483756764, "episode_values": 2.5697963540623654, "episode_td_err": 4.3805161099439855, "episode_avg_len": 13.89757487318463, "episode_std_avg_len": 3.6577489805844507, "step_rewards": 0.29961842842952296, "step_value_ests": 9.89122034554068, "step_values": 2.651084281285957, "step_td_err": 4.166279926154591}