{"dim0": -0.7333333333333333, "dim1": 0.0, "episode_rewards": -2.204202280519874, "episode_std_rewards": 0.22340382497976627, "episode_value_ests": 16.973083486554447, "episode_values": 0.6165646734967598, "episode_td_err": 10.229072767448352, "episode_avg_len": 35.559466666666665, "episode_std_avg_len": 4.382558530255028, "step_rewards": -0.06198637063885118, "step_value_ests": 16.96573628412247, "step_values": 0.8819288241339192, "step_td_err": 10.079237914857178}