{"dim0": -0.7333333333333333, "dim1": -0.3333333333333333, "episode_rewards": 3.595676069051409, "episode_std_rewards": 0.300837442641205, "episode_value_ests": 15.33540192723482, "episode_values": 2.456352454462082, "episode_td_err": 7.641650829932734, "episode_avg_len": 39.18315377081293, "episode_std_avg_len": 10.665456347652485, "step_rewards": 0.09176586678251983, "step_value_ests": 15.49759890371258, "step_values": 2.448651343414146, "step_td_err": 7.743329373196227}