{"dim0": -0.7333333333333333, "dim1": 0.06666666666666667, "episode_rewards": -2.458795942802598, "episode_std_rewards": 0.22388629909976432, "episode_value_ests": 16.998325254507815, "episode_values": 0.5991436554060315, "episode_td_err": 10.339424615279114, "episode_avg_len": 34.931889626266155, "episode_std_avg_len": 3.955247312788009, "step_rewards": -0.07038828901353703, "step_value_ests": 16.99530733908287, "step_values": 0.8774812680469858, "step_td_err": 10.200301359017823}