{"dim0": -0.7333333333333333, "dim1": -0.6, "episode_rewards": 9.632404322906536, "episode_std_rewards": 0.29359154565019197, "episode_value_ests": 11.52609202432719, "episode_values": 5.7364328191099325, "episode_td_err": 2.6762398373264547, "episode_avg_len": 25.715608125482127, "episode_std_avg_len": 10.956346004241801, "step_rewards": 0.3745742381787809, "step_value_ests": 12.286059233081177, "step_values": 5.9717131974875075, "step_td_err": 3.0333148297459136}