{"dim0": -0.7333333333333333, "dim1": 1.0, "episode_rewards": -5.8083255831925635, "episode_std_rewards": 0.22913284879008253, "episode_value_ests": 17.048920180148226, "episode_values": 0.17764170613180172, "episode_td_err": 10.861209997817555, "episode_avg_len": 32.77826941986234, "episode_std_avg_len": 3.0082100736881987, "step_rewards": -0.1772004955109969, "step_value_ests": 17.048112175042455, "step_values": 0.4719963271847934, "step_td_err": 10.748228973880144}