{"dim0": -0.7333333333333333, "dim1": -0.7333333333333333, "episode_rewards": 8.155543796483787, "episode_std_rewards": 0.2920673823868522, "episode_value_ests": 10.53921722458375, "episode_values": 4.869516811637405, "episode_td_err": 2.5829660182868692, "episode_avg_len": 19.702226162332547, "episode_std_avg_len": 7.6046082059621645, "step_rewards": 0.4139402181909708, "step_value_ests": 11.04604398462109, "step_values": 5.166471101055942, "step_td_err": 2.5298610644981654}