{"dim0": -0.7333333333333333, "dim1": -0.8666666666666667, "episode_rewards": 6.136436487161302, "episode_std_rewards": 0.32584092143801124, "episode_value_ests": 10.015843589292324, "episode_values": 3.6600061339516303, "episode_td_err": 3.3321294043374854, "episode_avg_len": 16.01601537475977, "episode_std_avg_len": 5.02884693378392, "step_rewards": 0.3831437685076114, "step_value_ests": 10.29848163062742, "step_values": 3.8054299542378316, "step_td_err": 3.146159700259995}