{"dim0": -0.7333333333333333, "dim1": -0.4666666666666667, "episode_rewards": 8.772727939285115, "episode_std_rewards": 0.32524848619987906, "episode_value_ests": 13.307918884373013, "episode_values": 5.21323536285498, "episode_td_err": 4.5027473474753545, "episode_avg_len": 34.158838599487616, "episode_std_avg_len": 12.67150679913908, "step_rewards": 0.25682161042257173, "step_value_ests": 13.993450567429662, "step_values": 5.067061660064591, "step_td_err": 5.111417707511626}