{"dim0": -0.8, "dim1": -0.4666666666666667, "episode_rewards": 6.5707918718283755, "episode_std_rewards": 0.33408953762601656, "episode_value_ests": 13.451839778186143, "episode_values": 4.263851154204243, "episode_td_err": 4.838645363212295, "episode_avg_len": 34.3435782967033, "episode_std_avg_len": 12.334394057116556, "step_rewards": 0.19132519666592568, "step_value_ests": 14.084299175414126, "step_values": 4.092979071841335, "step_td_err": 5.404183111210411}