{"dim0": -0.8, "dim1": -0.26666666666666666, "episode_rewards": -1.7567932923745186, "episode_std_rewards": 0.2698303892289303, "episode_value_ests": 16.18611563887383, "episode_values": 0.22901817084542475, "episode_td_err": 9.112216124654944, "episode_avg_len": 38.56652526031623, "episode_std_avg_len": 8.382183518455056, "step_rewards": -0.04555228350276618, "step_value_ests": 16.179147043239446, "step_values": 0.2945807297206572, "step_td_err": 8.985806879550603}