{"dim0": -0.8, "dim1": -0.3333333333333333, "episode_rewards": 0.8984990347702064, "episode_std_rewards": 0.306639470820275, "episode_value_ests": 15.494155603081055, "episode_values": 1.3472745869605816, "episode_td_err": 7.98459023542516, "episode_avg_len": 38.91924498929753, "episode_std_avg_len": 10.186674508897184, "step_rewards": 0.02308624011121712, "step_value_ests": 15.611384021606263, "step_values": 1.3722361083014027, "step_td_err": 8.020120639269562}