{"dim0": -0.8, "dim1": 0.6, "episode_rewards": -7.071054951273606, "episode_std_rewards": 0.2402566149638591, "episode_value_ests": 17.049152693269086, "episode_values": -0.9855748546393931, "episode_td_err": 11.072311794647002, "episode_avg_len": 32.63148450244698, "episode_std_avg_len": 3.1369118419107185, "step_rewards": -0.21669424664830553, "step_value_ests": 17.048019091216734, "step_values": -0.6810275225029301, "step_td_err": 10.94144519180562}