{"dim0": -0.8, "dim1": 0.8, "episode_rewards": -7.868286476272824, "episode_std_rewards": 0.23680744862627473, "episode_value_ests": 17.0514047905015, "episode_values": -1.0659664743210044, "episode_td_err": 11.124776039427879, "episode_avg_len": 32.44330900243309, "episode_std_avg_len": 2.9894498593713044, "step_rewards": -0.2425241665602834, "step_value_ests": 17.050569264925347, "step_values": -0.7749337515058603, "step_td_err": 11.003612197500827}