{"dim0": -0.8, "dim1": 0.4, "episode_rewards": -6.366580835777061, "episode_std_rewards": 0.23689322672677326, "episode_value_ests": 17.04352263082913, "episode_values": -0.8913246914368089, "episode_td_err": 10.949383822040874, "episode_avg_len": 33.023113752682846, "episode_std_avg_len": 3.292638265134255, "step_rewards": -0.1927916574874721, "step_value_ests": 17.04254359170926, "step_values": -0.587816881394562, "step_td_err": 10.817170016740798}