{"dim0": -0.8, "dim1": 0.5333333333333333, "episode_rewards": -6.957168288880993, "episode_std_rewards": 0.23660977357260596, "episode_value_ests": 17.04740869887389, "episode_values": -0.9860805486456157, "episode_td_err": 11.045483490074336, "episode_avg_len": 32.659046374918354, "episode_std_avg_len": 3.077013045149124, "step_rewards": -0.2130242325208856, "step_value_ests": 17.04648394044982, "step_values": -0.6964238076995725, "step_td_err": 10.922910046657321}