{"dim0": -0.8, "dim1": -0.6, "episode_rewards": 8.633260881852813, "episode_std_rewards": 0.2954280740137163, "episode_value_ests": 11.642958464912576, "episode_values": 5.381275581006321, "episode_td_err": 2.7570321857578146, "episode_avg_len": 26.272428740312623, "episode_std_avg_len": 11.10361610736515, "step_rewards": 0.3286053591461785, "step_value_ests": 12.433277166363993, "step_values": 5.617563623413293, "step_td_err": 3.1271458543740653}