{"dim0": -0.8, "dim1": 0.4666666666666667, "episode_rewards": -6.7635492414886365, "episode_std_rewards": 0.23658752050335283, "episode_value_ests": 17.046956826138253, "episode_values": -1.0318603880203001, "episode_td_err": 11.036142519809319, "episode_avg_len": 32.738746112293335, "episode_std_avg_len": 3.1225589921656853, "step_rewards": -0.20659157862337726, "step_value_ests": 17.04590975722375, "step_values": -0.7359368161295492, "step_td_err": 10.910132978972001}