{"dim0": -0.8, "dim1": -0.8666666666666667, "episode_rewards": 5.569069973845525, "episode_std_rewards": 0.3248151058846504, "episode_value_ests": 10.031433830677223, "episode_values": 3.4358101572932367, "episode_td_err": 3.282926559787909, "episode_avg_len": 16.236726741354115, "episode_std_avg_len": 5.238520140621427, "step_rewards": 0.34299215984594894, "step_value_ests": 10.3375693428332, "step_values": 3.5508960648125405, "step_td_err": 3.0821027989598004}