{"dim0": -0.8666666666666667, "dim1": 1.0, "episode_rewards": -12.02723799428144, "episode_std_rewards": 0.23927741462333968, "episode_value_ests": 17.05451735390915, "episode_values": -2.6492764657661256, "episode_td_err": 11.5478735686022, "episode_avg_len": 31.933588761174967, "episode_std_avg_len": 2.8418952482937705, "step_rewards": -0.3766328327276583, "step_value_ests": 17.053684424913477, "step_values": -2.3651864130321405, "step_td_err": 11.423186434523865}