{"dim0": -0.8666666666666667, "dim1": 0.2, "episode_rewards": -8.756465114938077, "episode_std_rewards": 0.23704946250486225, "episode_value_ests": 17.031000858119608, "episode_values": -2.105049963838468, "episode_td_err": 11.079937961929563, "episode_avg_len": 33.2152108933909, "episode_std_avg_len": 3.389158841899213, "step_rewards": -0.2636281655125791, "step_value_ests": 17.02941226433335, "step_values": -1.8213599005178405, "step_td_err": 10.940130525527735}