{"dim0": -0.8666666666666667, "dim1": -0.9333333333333333, "episode_rewards": 4.032906902232551, "episode_std_rewards": 0.34180631551723073, "episode_value_ests": 9.832806120706717, "episode_values": 2.6686267875235434, "episode_td_err": 3.78553391868399, "episode_avg_len": 15.217818015824712, "episode_std_avg_len": 4.534672227174118, "step_rewards": 0.26501216521572346, "step_value_ests": 10.087589787341848, "step_values": 2.7635977277695205, "step_td_err": 3.5419945452135173}