{"dim0": -0.8666666666666667, "dim1": -0.4, "episode_rewards": 1.3356926951840393, "episode_std_rewards": 0.3295967938724226, "episode_value_ests": 14.720825771474823, "episode_values": 1.720153940300285, "episode_td_err": 6.809295518768783, "episode_avg_len": 37.3639080889221, "episode_std_avg_len": 11.089493018897395, "step_rewards": 0.03574820631731653, "step_value_ests": 15.077833448269542, "step_values": 1.5413278983500065, "step_td_err": 7.120255852057684}