{"dim0": -0.8666666666666667, "dim1": 0.3333333333333333, "episode_rewards": -9.353358356550334, "episode_std_rewards": 0.24036509460235436, "episode_value_ests": 17.044360210228113, "episode_values": -2.3350432817273794, "episode_td_err": 11.237300166975785, "episode_avg_len": 32.758598100229285, "episode_std_avg_len": 3.17798719637611, "step_rewards": -0.28552376777334887, "step_value_ests": 17.043204362261882, "step_values": -2.0501561437994833, "step_td_err": 11.10133893335581}