{"dim0": -0.8666666666666667, "dim1": 0.5333333333333333, "episode_rewards": -10.092491622101447, "episode_std_rewards": 0.23570257163251748, "episode_value_ests": 17.051009389163898, "episode_values": -2.4709847701382177, "episode_td_err": 11.398136782251111, "episode_avg_len": 32.219555412371136, "episode_std_avg_len": 2.9469030237196168, "step_rewards": -0.3132411820377353, "step_value_ests": 17.050146242981956, "step_values": -2.196526157920012, "step_td_err": 11.271927761637299}