{"dim0": -0.8666666666666667, "dim1": -0.06666666666666667, "episode_rewards": -7.320888702158947, "episode_std_rewards": 0.2302495529135797, "episode_value_ests": 16.93318446335792, "episode_values": -1.6938970397590105, "episode_td_err": 10.567790924928458, "episode_avg_len": 35.30979699911739, "episode_std_avg_len": 4.399135481677239, "step_rewards": -0.20733307252777303, "step_value_ests": 16.921825367840807, "step_values": -1.4328869144800012, "step_td_err": 10.414553300609878}