{"dim0": -0.8666666666666667, "dim1": -0.8666666666666667, "episode_rewards": 4.909045507950598, "episode_std_rewards": 0.3234205432210765, "episode_value_ests": 10.052621302261713, "episode_values": 3.193786298684017, "episode_td_err": 3.2835920815633854, "episode_avg_len": 16.604732254047324, "episode_std_avg_len": 5.479552770877095, "step_rewards": 0.29564135288926696, "step_value_ests": 10.399285613298067, "step_values": 3.29868237629586, "step_td_err": 3.0863242753467977}