{"dim0": -0.8666666666666667, "dim1": -0.5333333333333333, "episode_rewards": 6.162131314495752, "episode_std_rewards": 0.3195202568912668, "episode_value_ests": 12.601572795495139, "episode_values": 4.234994173736554, "episode_td_err": 3.7992619784982784, "episode_avg_len": 30.835800185013877, "episode_std_avg_len": 12.26343918612396, "step_rewards": 0.1998369193445005, "step_value_ests": 13.376178760656842, "step_values": 4.103217630428027, "step_td_err": 4.392442528357432}