{"dim0": -0.8666666666666667, "dim1": -0.26666666666666666, "episode_rewards": -4.4535226730534045, "episode_std_rewards": 0.26552419084769746, "episode_value_ests": 16.283145665066137, "episode_values": -0.9778680476014903, "episode_td_err": 9.435438607029473, "episode_avg_len": 38.01216267578867, "episode_std_avg_len": 7.643511314848095, "step_rewards": -0.11716046548148693, "step_value_ests": 16.280962811434268, "step_values": -0.8758927269312556, "step_td_err": 9.310219580776751}