{"dim0": -0.9333333333333333, "dim1": 0.7333333333333333, "episode_rewards": -13.80188646848483, "episode_std_rewards": 0.2406895589900705, "episode_value_ests": 17.05527017418083, "episode_values": -3.856113458959675, "episode_td_err": 11.790524114877975, "episode_avg_len": 31.76794790343075, "episode_std_avg_len": 2.7985057925131054, "step_rewards": -0.4344594907559109, "step_value_ests": 17.054297008600518, "step_values": -3.583786705966176, "step_td_err": 11.66218197838578}