{"dim0": -0.9333333333333333, "dim1": -0.3333333333333333, "episode_rewards": -5.089025108593843, "episode_std_rewards": 0.2974482368426262, "episode_value_ests": 15.763039172839052, "episode_values": -1.242663071020825, "episode_td_err": 8.733859072110775, "episode_avg_len": 38.38341968911917, "episode_std_avg_len": 9.564173131421382, "step_rewards": -0.13258394248901345, "step_value_ests": 15.839680485917961, "step_values": -1.2718208343229371, "step_td_err": 8.708701074529657}