{"dim0": -0.9333333333333333, "dim1": -0.06666666666666667, "episode_rewards": -10.490907864959835, "episode_std_rewards": 0.23976709521913353, "episode_value_ests": 16.950150159976236, "episode_values": -3.125764846298591, "episode_td_err": 10.928555936211456, "episode_avg_len": 34.717583752820694, "episode_std_avg_len": 4.118187752373346, "step_rewards": -0.30217851390961165, "step_value_ests": 16.9411182185707, "step_values": -2.855181862018639, "step_td_err": 10.765741314059538}