{"dim0": -0.9333333333333333, "dim1": 0.13333333333333333, "episode_rewards": -11.621841672173991, "episode_std_rewards": 0.24231879228089423, "episode_value_ests": 17.027179678773802, "episode_values": -3.481110230538188, "episode_td_err": 11.318440272940848, "episode_avg_len": 33.18231585932316, "episode_std_avg_len": 3.3716054193735188, "step_rewards": -0.35024203016585503, "step_value_ests": 17.025420427337885, "step_values": -3.2010803261599903, "step_td_err": 11.173411760880663}