{"dim0": -0.9333333333333333, "dim1": 0.6, "episode_rewards": -13.45724194042194, "episode_std_rewards": 0.24178347405052403, "episode_value_ests": 17.05518814571995, "episode_values": -3.921218950580392, "episode_td_err": 11.776602411533434, "episode_avg_len": 31.869343530911408, "episode_std_avg_len": 2.910302946460461, "step_rewards": -0.42226291631546153, "step_value_ests": 17.054169313422662, "step_values": -3.643546739838786, "step_td_err": 11.641967598473416}