{"dim0": -0.9333333333333333, "dim1": 0.8, "episode_rewards": -14.137848155757696, "episode_std_rewards": 0.23851907675879455, "episode_value_ests": 17.056398714188365, "episode_values": -3.9179912492008757, "episode_td_err": 11.809486272421456, "episode_avg_len": 31.737543636940654, "episode_std_avg_len": 2.803743959935581, "step_rewards": -0.4454613223218089, "step_value_ests": 17.055546671461745, "step_values": -3.6497145625624317, "step_td_err": 11.682138678941739}