{"dim0": -0.9333333333333333, "dim1": -0.9333333333333333, "episode_rewards": 3.4054091373103073, "episode_std_rewards": 0.3346120045842152, "episode_value_ests": 9.855647825765876, "episode_values": 2.4255079614227024, "episode_td_err": 3.7886339307806587, "episode_avg_len": 15.314088820826953, "episode_std_avg_len": 4.466650351688555, "step_rewards": 0.2223709929564335, "step_value_ests": 10.115168309206345, "step_values": 2.4934369574867734, "step_td_err": 3.5472677384382574}