{"dim0": -0.9333333333333333, "dim1": -0.26666666666666666, "episode_rewards": -7.405225544708617, "episode_std_rewards": 0.2638101182880223, "episode_value_ests": 16.372473818511352, "episode_values": -2.204843274628367, "episode_td_err": 9.751957763335664, "episode_avg_len": 37.84862819299905, "episode_std_avg_len": 7.68176036464245, "step_rewards": -0.19565373695838142, "step_value_ests": 16.341495229234035, "step_values": -2.111872531271343, "step_td_err": 9.58543986429429}