{"dim0": -0.9333333333333333, "dim1": 0.5333333333333333, "episode_rewards": -13.22339578041893, "episode_std_rewards": 0.2342302976525782, "episode_value_ests": 17.05299707989924, "episode_values": -3.888128435893392, "episode_td_err": 11.731745415901022, "episode_avg_len": 31.92323651452282, "episode_std_avg_len": 2.851917021858593, "step_rewards": -0.41422478495885645, "step_value_ests": 17.05213114695284, "step_values": -3.631378289909872, "step_td_err": 11.604985130393617}