{"dim0": -0.9333333333333333, "dim1": -0.4, "episode_rewards": -1.7097152309387709, "episode_std_rewards": 0.33590501763446634, "episode_value_ests": 14.895582448480498, "episode_values": 0.3319195761918556, "episode_td_err": 7.231562771317253, "episode_avg_len": 37.7231755610032, "episode_std_avg_len": 11.154374398016092, "step_rewards": -0.04532267513306091, "step_value_ests": 15.182978279239238, "step_values": 0.11928261957205757, "step_td_err": 7.468449458264553}