{"dim0": -0.9333333333333333, "dim1": 0.8666666666666667, "episode_rewards": -14.611864854011616, "episode_std_rewards": 0.23854302886100745, "episode_value_ests": 17.056918456101105, "episode_values": -4.056316835726797, "episode_td_err": 11.87980337867274, "episode_avg_len": 31.641196013289036, "episode_std_avg_len": 2.8341330536547904, "step_rewards": -0.46179875273598237, "step_value_ests": 17.05615640108577, "step_values": -3.7794975050448305, "step_td_err": 11.748271851851445}