{"dim0": -0.9333333333333333, "dim1": -0.2, "episode_rewards": -8.928502343169908, "episode_std_rewards": 0.2501097438867653, "episode_value_ests": 16.674524768963117, "episode_values": -2.666388129416293, "episode_td_err": 10.344498229723335, "episode_avg_len": 36.63516483516484, "episode_std_avg_len": 6.319242784419171, "step_rewards": -0.24371399400937718, "step_value_ests": 16.64314586408376, "step_values": -2.4831886286799767, "step_td_err": 10.162045081176572}