{"dim0": -0.9333333333333333, "dim1": 0.6666666666666666, "episode_rewards": -13.740880447039158, "episode_std_rewards": 0.24381593209385827, "episode_value_ests": 17.05590731932083, "episode_values": -3.9618537179404254, "episode_td_err": 11.826536160568045, "episode_avg_len": 31.779631394979344, "episode_std_avg_len": 2.894648117748631, "step_rewards": -0.4323801077570078, "step_value_ests": 17.05491225023736, "step_values": -3.6784302271402254, "step_td_err": 11.689040773155945}