{"dim0": -0.9333333333333333, "dim1": 0.2, "episode_rewards": -11.960257583873462, "episode_std_rewards": 0.23824047731729925, "episode_value_ests": 17.035755886429882, "episode_values": -3.6100533653228313, "episode_td_err": 11.432563061153052, "episode_avg_len": 32.81965868066951, "episode_std_avg_len": 3.327511719764234, "step_rewards": -0.364423582226891, "step_value_ests": 17.034384659186433, "step_values": -3.335991450254271, "step_td_err": 11.288020234362271}