{"dim0": -0.9333333333333333, "dim1": -0.8, "episode_rewards": 4.792322382036604, "episode_std_rewards": 0.302146627628789, "episode_value_ests": 10.300415318967028, "episode_values": 3.304034237932906, "episode_td_err": 2.952435829365928, "episode_avg_len": 18.30039344862293, "episode_std_avg_len": 6.622556111980067, "step_rewards": 0.2618699098186447, "step_value_ests": 10.768975336957162, "step_values": 3.4300099764076, "step_td_err": 2.81109799432388}