{"dim0": -0.9333333333333333, "dim1": -0.5333333333333333, "episode_rewards": 4.103340660663983, "episode_std_rewards": 0.32981226102435074, "episode_value_ests": 12.786837048908154, "episode_values": 3.357635256814085, "episode_td_err": 4.049646489395539, "episode_avg_len": 31.315278647463995, "episode_std_avg_len": 11.999237013966605, "step_rewards": 0.1310331837330237, "step_value_ests": 13.559451235938065, "step_values": 3.0885130984740936, "step_td_err": 4.660920787709946}