{"dim0": -0.9333333333333333, "dim1": -0.6, "episode_rewards": 5.433932984109454, "episode_std_rewards": 0.3089370693871469, "episode_value_ests": 11.829257654841706, "episode_values": 3.963408177567371, "episode_td_err": 3.099203300876151, "episode_avg_len": 27.200870393036855, "episode_std_avg_len": 11.313409866899871, "step_rewards": 0.19977055533857052, "step_value_ests": 12.646260314259395, "step_values": 3.8833205153174775, "step_td_err": 3.5621430922917643}