{"dim0": -1.0, "dim1": -1.0, "episode_rewards": 1.8725939044034867, "episode_std_rewards": 0.3592934084914541, "episode_value_ests": 9.70153722393666, "episode_values": 1.658499416808087, "episode_td_err": 4.356546124654925, "episode_avg_len": 14.543920884235021, "episode_std_avg_len": 4.089899018428518, "step_rewards": 0.12875440669051613, "step_value_ests": 9.928312917662431, "step_values": 1.672351398947281, "step_td_err": 4.083454416304288}