{"dim0": -1.0, "dim1": 0.8, "episode_rewards": -17.67905053991984, "episode_std_rewards": 0.2400156725922596, "episode_value_ests": 17.058372093792922, "episode_values": -5.612674068199205, "episode_td_err": 12.275271237939467, "episode_avg_len": 31.28546848115126, "episode_std_avg_len": 2.673891940735512, "step_rewards": -0.5650882469786586, "step_value_ests": 17.057422903527126, "step_values": -5.361999939126287, "step_td_err": 12.144194261325534}