{"dim0": -1.0, "dim1": -0.8666666666666667, "episode_rewards": 3.2569976356213197, "episode_std_rewards": 0.31735540955141334, "episode_value_ests": 10.048361231353487, "episode_values": 2.478639014460988, "episode_td_err": 3.371193214603217, "episode_avg_len": 16.884845926551286, "episode_std_avg_len": 5.66358797718661, "step_rewards": 0.19289472049607018, "step_value_ests": 10.427314716196308, "step_values": 2.5254994531681145, "step_td_err": 3.159022476953897}