{"dim0": -1.0, "dim1": -0.8, "episode_rewards": 3.7895515788859977, "episode_std_rewards": 0.3000071176988148, "episode_value_ests": 10.322610151692368, "episode_values": 2.8839424221445795, "episode_td_err": 2.983044308822984, "episode_avg_len": 18.71601010573594, "episode_std_avg_len": 6.835493557778586, "step_rewards": 0.20247646573585706, "step_value_ests": 10.802743096344134, "step_values": 2.9773195160579893, "step_td_err": 2.8261420956194963}