{"dim0": -1.0, "dim1": -0.2, "episode_rewards": -12.101075533654747, "episode_std_rewards": 0.2501540854497086, "episode_value_ests": 16.73850435803883, "episode_values": -4.072612192120986, "episode_td_err": 10.682758172707365, "episode_avg_len": 36.24773468648061, "episode_std_avg_len": 5.787469853087379, "step_rewards": -0.3338436357008569, "step_value_ests": 16.7094977986995, "step_values": -3.8827727921931237, "step_td_err": 10.493627850400213}