{"dim0": -1.0, "dim1": -0.26666666666666666, "episode_rewards": -10.47032069214874, "episode_std_rewards": 0.2692586736047963, "episode_value_ests": 16.401763649571116, "episode_values": -3.5140611711248515, "episode_td_err": 10.036035866014391, "episode_avg_len": 37.33426651735722, "episode_std_avg_len": 6.886434515847991, "step_rewards": -0.2804480084610994, "step_value_ests": 16.397856189478805, "step_values": -3.3992573288054553, "step_td_err": 9.891520877161142}