{"dim0": -1.0, "dim1": -0.6666666666666666, "episode_rewards": 4.199204849238459, "episode_std_rewards": 0.30053727905790895, "episode_value_ests": 11.19547060751527, "episode_values": 3.3576848356028623, "episode_td_err": 2.8374844632239986, "episode_avg_len": 23.854502087060226, "episode_std_avg_len": 9.792434331193396, "step_rewards": 0.17603405989833257, "step_value_ests": 11.937067970269508, "step_values": 3.369520649763643, "step_td_err": 3.0468866815182256}