{"dim0": -1.0, "dim1": 0.4, "episode_rewards": -15.986249675769507, "episode_std_rewards": 0.23947714271430398, "episode_value_ests": 17.052854500328618, "episode_values": -5.321543789132213, "episode_td_err": 12.026130076611949, "episode_avg_len": 31.818326439707285, "episode_std_avg_len": 2.8780088432851687, "step_rewards": -0.5024227061741269, "step_value_ests": 17.051829841507537, "step_values": -5.068789929905919, "step_td_err": 11.890336846615073}