{"dim0": -1.0, "dim1": 0.2, "episode_rewards": -15.08818900022795, "episode_std_rewards": 0.24009926967638173, "episode_value_ests": 17.03894000950809, "episode_values": -5.017397877745582, "episode_td_err": 11.777112922030843, "episode_avg_len": 32.484976449569594, "episode_std_avg_len": 3.2094817581683084, "step_rewards": -0.46446667503826555, "step_value_ests": 17.03757437351292, "step_values": -4.748384578864525, "step_td_err": 11.630248419424959}