{"dim0": -1.0, "dim1": -0.13333333333333333, "episode_rewards": -12.879321381416005, "episode_std_rewards": 0.24186208890909228, "episode_value_ests": 16.886511722501364, "episode_values": -4.269586554713051, "episode_td_err": 11.009497389454229, "episode_avg_len": 35.162974683544306, "episode_std_avg_len": 4.520112937573213, "step_rewards": -0.3662750804596551, "step_value_ests": 16.87340665648597, "step_values": -4.0197471540610215, "step_td_err": 10.83483301763466}