{"dim0": -1.0, "dim1": 0.0, "episode_rewards": -14.023028796548616, "episode_std_rewards": 0.24136137557900794, "episode_value_ests": 16.9974354315733, "episode_values": -4.603862683869675, "episode_td_err": 11.401745917270937, "episode_avg_len": 33.68373189626137, "episode_std_avg_len": 3.6395355491235777, "step_rewards": -0.416314582948722, "step_value_ests": 16.994450250047432, "step_values": -4.326851945014497, "step_td_err": 11.245342004356829}