{"dim0": -1.0, "dim1": 0.8666666666666667, "episode_rewards": -18.007894546407606, "episode_std_rewards": 0.23510583701189414, "episode_value_ests": 17.059404301307804, "episode_values": -5.641820179527311, "episode_td_err": 12.300682186701673, "episode_avg_len": 31.294946017837585, "episode_std_avg_len": 2.6404833875950167, "step_rewards": -0.5754250074802306, "step_value_ests": 17.058450513234938, "step_values": -5.392237748146619, "step_td_err": 12.172887768985628}