{"dim0": -0.13333333333333333, "dim1": -0.3333333333333333, "episode_rewards": 12.75281643216652, "episode_std_rewards": 0.5877691540489963, "episode_value_ests": 12.058117672427398, "episode_values": 7.060204070115775, "episode_td_err": 4.1326119407588, "episode_avg_len": 24.152740883844483, "episode_std_avg_len": 14.15245322325457, "step_rewards": 0.5280070072998111, "step_value_ests": 12.404601628515731, "step_values": 6.193325258246724, "step_td_err": 4.9290894781292165}