{"dim0": -0.13333333333333333, "dim1": 0.6666666666666666, "episode_rewards": 21.787689802605616, "episode_std_rewards": 0.19216617204121897, "episode_value_ests": 16.602929920539765, "episode_values": 12.460797485386932, "episode_td_err": 7.39003657770335, "episode_avg_len": 40.901635991820044, "episode_std_avg_len": 6.036048608494084, "step_rewards": 0.5326850448466892, "step_value_ests": 16.602487748628896, "step_values": 12.756063345086575, "step_td_err": 7.253528219694719}