{"dim0": -0.13333333333333333, "dim1": 0.06666666666666667, "episode_rewards": 11.926003902447057, "episode_std_rewards": 0.2663241963957066, "episode_value_ests": 15.901204250049576, "episode_values": 5.280597894593522, "episode_td_err": 8.82243673319046, "episode_avg_len": 44.161845882093175, "episode_std_avg_len": 10.854081114087112, "step_rewards": 0.27005220602164265, "step_value_ests": 15.892778345724548, "step_values": 5.329928082818362, "step_td_err": 8.622669320662611}