{"dim0": -0.13333333333333333, "dim1": -0.8666666666666667, "episode_rewards": 7.753394000698439, "episode_std_rewards": 0.707002266108914, "episode_value_ests": 11.218205353692696, "episode_values": 4.868431601556085, "episode_td_err": 5.651081439365242, "episode_avg_len": 9.469438000094692, "episode_std_avg_len": 3.3043503485894536, "step_rewards": 0.8187807978278021, "step_value_ests": 10.97001104038142, "step_values": 4.446018325406939, "step_td_err": 5.5278741051027795}