{"dim0": -0.13333333333333333, "dim1": 0.3333333333333333, "episode_rewards": 16.979309682595375, "episode_std_rewards": 0.20279566721582196, "episode_value_ests": 16.54805177652338, "episode_values": 8.72515248882298, "episode_td_err": 8.46812870640276, "episode_avg_len": 42.06666666666667, "episode_std_avg_len": 7.587801747955801, "step_rewards": 0.4036285978429962, "step_value_ests": 16.538262077419994, "step_values": 9.017126400486587, "step_td_err": 8.254585937355795}