{"dim0": -0.13333333333333333, "dim1": 0.4666666666666667, "episode_rewards": 19.076949069713894, "episode_std_rewards": 0.2004200853069399, "episode_value_ests": 16.606814147194193, "episode_values": 10.260298736067089, "episode_td_err": 8.103611553002173, "episode_avg_len": 41.558902971119885, "episode_std_avg_len": 6.854071678059689, "step_rewards": 0.45903399045376264, "step_value_ests": 16.601747977044244, "step_values": 10.563521347568932, "step_td_err": 7.923925317082791}