{"dim0": -0.13333333333333333, "dim1": 1.0, "episode_rewards": 25.675287294645777, "episode_std_rewards": 0.1660188334655209, "episode_value_ests": 16.3315220848445, "episode_values": 15.776438037483175, "episode_td_err": 5.5354652955164205, "episode_avg_len": 40.51924635332253, "episode_std_avg_len": 4.911992312267683, "step_rewards": 0.633656585583074, "step_value_ests": 16.33811082061684, "step_values": 16.01723916882615, "step_td_err": 5.466650591450527}