{"dim0": -0.13333333333333333, "dim1": 0.4, "episode_rewards": 18.201789343619357, "episode_std_rewards": 0.1997794378704749, "episode_value_ests": 16.59470560553571, "episode_values": 9.609674463569771, "episode_td_err": 8.276442843960954, "episode_avg_len": 41.860820426956884, "episode_std_avg_len": 7.421028993579727, "step_rewards": 0.43481683249327924, "step_value_ests": 16.58706855497696, "step_values": 9.905654802807959, "step_td_err": 8.085216134712619}