{"dim0": -0.13333333333333333, "dim1": -0.26666666666666666, "episode_rewards": 12.374830774033436, "episode_std_rewards": 0.5758642283382477, "episode_value_ests": 12.650359185925579, "episode_values": 6.453267242926468, "episode_td_err": 4.985677939918992, "episode_avg_len": 30.146646571213264, "episode_std_avg_len": 16.189525174583693, "step_rewards": 0.41048780483100367, "step_value_ests": 13.068907452803387, "step_values": 5.409300454623458, "step_td_err": 5.970365408510333}