{"dim0": -0.13333333333333333, "dim1": 0.8, "episode_rewards": 23.580222170103063, "episode_std_rewards": 0.18454276888460472, "episode_value_ests": 16.53347315977218, "episode_values": 13.909022467139492, "episode_td_err": 6.701668465023753, "episode_avg_len": 40.809834727606614, "episode_std_avg_len": 5.504959941320706, "step_rewards": 0.5778073429479429, "step_value_ests": 16.536689774635892, "step_values": 14.188059895462633, "step_td_err": 6.595284056124096}