{"dim0": -0.13333333333333333, "dim1": -0.2, "episode_rewards": 11.606272983684885, "episode_std_rewards": 0.5396137967216806, "episode_value_ests": 13.329694180479095, "episode_values": 5.673230533525461, "episode_td_err": 5.997384494484654, "episode_avg_len": 35.1871921182266, "episode_std_avg_len": 16.542764552531747, "step_rewards": 0.329843681322698, "step_value_ests": 13.764495044752513, "step_values": 4.569676767468231, "step_td_err": 6.934941909223084}