{"dim0": -0.13333333333333333, "dim1": -0.5333333333333333, "episode_rewards": 11.40635258375566, "episode_std_rewards": 0.6238946141212363, "episode_value_ests": 11.391451425055386, "episode_values": 6.784118988886702, "episode_td_err": 3.832581829085762, "episode_avg_len": 14.519419237749545, "episode_std_avg_len": 7.422194388162673, "step_rewards": 0.7855928943838115, "step_value_ests": 11.31465962070335, "step_values": 6.479772536292383, "step_td_err": 3.8780357526083304}