{"dim0": -0.13333333333333333, "dim1": -0.4666666666666667, "episode_rewards": 12.146678058266078, "episode_std_rewards": 0.617893539529288, "episode_value_ests": 11.561133158217494, "episode_values": 7.108679014723447, "episode_td_err": 3.6952090295692144, "episode_avg_len": 16.67567116891779, "episode_std_avg_len": 9.369645592720719, "step_rewards": 0.728407146868342, "step_value_ests": 11.58723712775973, "step_values": 6.7391911213489655, "step_td_err": 3.9260591600118797}