{"dim0": -0.13333333333333333, "dim1": -0.13333333333333333, "episode_rewards": 10.226887479164114, "episode_std_rewards": 0.4605933992316908, "episode_value_ests": 14.170784033642262, "episode_values": 4.492879416255141, "episode_td_err": 7.234538647943277, "episode_avg_len": 40.07271634615385, "episode_std_avg_len": 15.84620725752338, "step_rewards": 0.2552082417079691, "step_value_ests": 14.462258654475393, "step_values": 3.6404991718094806, "step_td_err": 7.7804525165799285}