{"dim0": -0.2, "dim1": 0.4, "episode_rewards": 14.492039059660167, "episode_std_rewards": 0.1933998628286491, "episode_value_ests": 16.850176100741027, "episode_values": 7.821087027363959, "episode_td_err": 8.937917980093506, "episode_avg_len": 40.029017410446265, "episode_std_avg_len": 6.281547038350829, "step_rewards": 0.3620383411129701, "step_value_ests": 16.845521236885013, "step_values": 8.149722959430546, "step_td_err": 8.751509960501776}