{"dim0": -0.2, "dim1": -0.6666666666666666, "episode_rewards": 9.77351643768799, "episode_std_rewards": 0.5778533396596142, "episode_value_ests": 10.991966289901553, "episode_values": 5.791129126327984, "episode_td_err": 4.069050111866787, "episode_avg_len": 13.71675468074892, "episode_std_avg_len": 5.827011523070827, "step_rewards": 0.7125239654103347, "step_value_ests": 10.917450635866128, "step_values": 5.54247440000478, "step_td_err": 4.03328955208345}