{"dim0": -0.2, "dim1": 0.9333333333333333, "episode_rewards": 18.283731206184903, "episode_std_rewards": 0.18391376809917664, "episode_value_ests": 16.817501546785948, "episode_values": 11.3385461780056, "episode_td_err": 7.873817794832415, "episode_avg_len": 39.37802717070289, "episode_std_avg_len": 4.680081999243152, "step_rewards": 0.46431303241590355, "step_value_ests": 16.817023458060316, "step_values": 11.62680461660357, "step_td_err": 7.7606202852365165}