{"dim0": -0.2, "dim1": 0.4666666666666667, "episode_rewards": 15.007631852026229, "episode_std_rewards": 0.18740225120417608, "episode_value_ests": 16.865826426600172, "episode_values": 8.179156058752824, "episode_td_err": 8.90264065570905, "episode_avg_len": 39.7456279809221, "episode_std_avg_len": 5.780641791202736, "step_rewards": 0.37759201739697995, "step_value_ests": 16.8614978573668, "step_values": 8.486024122287025, "step_td_err": 8.737180897072857}