{"dim0": -0.2, "dim1": -0.26666666666666666, "episode_rewards": 11.10400860137052, "episode_std_rewards": 0.44954914045093286, "episode_value_ests": 13.521216515682937, "episode_values": 5.384961420364926, "episode_td_err": 6.287574247697707, "episode_avg_len": 37.110018552875694, "episode_std_avg_len": 15.611028872199148, "step_rewards": 0.299218621665444, "step_value_ests": 13.971691795351951, "step_values": 4.579335976167766, "step_td_err": 7.027355592549311}