{"dim0": -0.2, "dim1": -1.0, "episode_rewards": 5.924403649253471, "episode_std_rewards": 0.7051834521924205, "episode_value_ests": 10.9238689247269, "episode_values": 3.7594461612282895, "episode_td_err": 6.428318675953268, "episode_avg_len": 9.520062830215622, "episode_std_avg_len": 3.0205461523305672, "step_rewards": 0.6223072005838105, "step_value_ests": 10.685612683963623, "step_values": 3.3411587191600276, "step_td_err": 6.303582179935318}