{"dim0": -0.2, "dim1": -0.06666666666666667, "episode_rewards": 8.501234951968794, "episode_std_rewards": 0.25421712653428824, "episode_value_ests": 15.951516361472171, "episode_values": 3.6349142600961155, "episode_td_err": 9.208174232943863, "episode_avg_len": 43.47402738535101, "episode_std_avg_len": 10.807911105438563, "step_rewards": 0.19554744437671692, "step_value_ests": 15.958993024106892, "step_values": 3.5696873774729183, "step_td_err": 9.076474490409055}