{"dim0": -0.2, "dim1": -0.9333333333333333, "episode_rewards": 6.738524518823363, "episode_std_rewards": 0.6896911414592057, "episode_value_ests": 10.919150811188402, "episode_values": 4.229366588203056, "episode_td_err": 5.820324648581209, "episode_avg_len": 9.974266906044285, "episode_std_avg_len": 3.305725902799625, "step_rewards": 0.6755909564381015, "step_value_ests": 10.686488492848454, "step_values": 3.8155796383750666, "step_td_err": 5.70653938835444}