{"dim0": -0.2, "dim1": -0.5333333333333333, "episode_rewards": 11.406918734552107, "episode_std_rewards": 0.5385279287982387, "episode_value_ests": 11.22367697628019, "episode_values": 6.587963562534031, "episode_td_err": 3.686304576838406, "episode_avg_len": 17.910181785618338, "episode_std_avg_len": 9.153609431513646, "step_rewards": 0.6368957541074053, "step_value_ests": 11.34185896684399, "step_values": 6.4378513338053205, "step_td_err": 3.831842909704398}