{"dim0": -0.2, "dim1": 1.0, "episode_rewards": 18.811090497343862, "episode_std_rewards": 0.18279952492299417, "episode_value_ests": 16.792005542475746, "episode_values": 11.879640099788487, "episode_td_err": 7.62348579839104, "episode_avg_len": 39.405831363278175, "episode_std_avg_len": 4.563102511393019, "step_rewards": 0.4773681926394705, "step_value_ests": 16.792220806553903, "step_values": 12.162081824858783, "step_td_err": 7.518528392962558}