{"dim0": -0.2, "dim1": 0.13333333333333333, "episode_rewards": 11.81944068639253, "episode_std_rewards": 0.19377015069447964, "episode_value_ests": 16.689229333027377, "episode_values": 5.882575011604528, "episode_td_err": 9.204839654647706, "episode_avg_len": 41.82768716018402, "episode_std_avg_len": 8.073299889397072, "step_rewards": 0.2825745693547099, "step_value_ests": 16.672198358370792, "step_values": 6.120238351254408, "step_td_err": 8.968486234806457}