{"dim0": -0.2, "dim1": -0.2, "episode_rewards": 9.560696146240895, "episode_std_rewards": 0.38112639775996543, "episode_value_ests": 14.46945258049756, "episode_values": 4.132351381115092, "episode_td_err": 7.6301020060554015, "episode_avg_len": 41.878768844221106, "episode_std_avg_len": 14.685285933200854, "step_rewards": 0.228294584824219, "step_value_ests": 14.725502452460164, "step_values": 3.5771475492245997, "step_td_err": 7.98983481380717}