{"dim0": -0.2, "dim1": -0.7333333333333333, "episode_rewards": 9.091116381344138, "episode_std_rewards": 0.6200702659039483, "episode_value_ests": 10.965300041436748, "episode_values": 5.47585878118636, "episode_td_err": 4.429854245881236, "episode_avg_len": 12.327601084812624, "episode_std_avg_len": 4.8404130134389804, "step_rewards": 0.7374602989501522, "step_value_ests": 10.829961005403122, "step_values": 5.184173219902966, "step_td_err": 4.355138017715664}