{"dim0": -0.2, "dim1": 0.7333333333333333, "episode_rewards": 16.855860212113868, "episode_std_rewards": 0.18713249241863072, "episode_value_ests": 16.864472596597874, "episode_values": 9.877883154997125, "episode_td_err": 8.460539491535654, "episode_avg_len": 39.39846365964152, "episode_std_avg_len": 5.235161421637896, "step_rewards": 0.42783039353335117, "step_value_ests": 16.862871443846394, "step_values": 10.180896872328628, "step_td_err": 8.321617551479795}