{"dim0": -0.2, "dim1": 0.06666666666666667, "episode_rewards": 10.465722998322022, "episode_std_rewards": 0.20065158758127227, "episode_value_ests": 16.550545339306105, "episode_values": 5.0665017406381185, "episode_td_err": 9.365209013685694, "episode_avg_len": 42.246251319957764, "episode_std_avg_len": 9.074685666705479, "step_rewards": 0.2477314003332139, "step_value_ests": 16.52470147951117, "step_values": 5.256017867817321, "step_td_err": 9.104158734278569}