{"dim0": -0.2, "dim1": 0.26666666666666666, "episode_rewards": 13.41115760710809, "episode_std_rewards": 0.18969438690507706, "episode_value_ests": 16.80453321910911, "episode_values": 6.984428192436242, "episode_td_err": 9.113596128845629, "episode_avg_len": 40.5767904240211, "episode_std_avg_len": 7.340253630261343, "step_rewards": 0.3305130215318559, "step_value_ests": 16.795737600333453, "step_values": 7.294515733438965, "step_td_err": 8.89722805784913}