{"dim0": -0.26666666666666666, "dim1": -0.26666666666666666, "episode_rewards": 10.427437948473006, "episode_std_rewards": 0.3547339595814709, "episode_value_ests": 14.281384550599354, "episode_values": 4.924582618718213, "episode_td_err": 7.060889833028918, "episode_avg_len": 41.00430504305043, "episode_std_avg_len": 14.275139378052751, "step_rewards": 0.25430105296322514, "step_value_ests": 14.62548875964407, "step_values": 4.486012419303314, "step_td_err": 7.445819042564562}