{"dim0": -0.26666666666666666, "dim1": -0.6, "episode_rewards": 10.691781803185155, "episode_std_rewards": 0.4688073047293242, "episode_value_ests": 10.948303333828306, "episode_values": 6.078226530043891, "episode_td_err": 3.5903550862116416, "episode_avg_len": 18.038329725829726, "episode_std_avg_len": 8.329602573254382, "step_rewards": 0.5927257105116119, "step_value_ests": 11.12025612164323, "step_values": 6.050300518621253, "step_td_err": 3.646215266918878}