{"dim0": -0.26666666666666666, "dim1": -0.06666666666666667, "episode_rewards": 8.855577157109877, "episode_std_rewards": 0.21151072149366357, "episode_value_ests": 16.410559590908225, "episode_values": 4.19047551940916, "episode_td_err": 9.25931299468394, "episode_avg_len": 42.58100915477964, "episode_std_avg_len": 9.479664889443049, "step_rewards": 0.20797010998307572, "step_value_ests": 16.38844533585499, "step_values": 4.301105570541216, "step_td_err": 9.03605661136564}