{"dim0": -0.26666666666666666, "dim1": 0.26666666666666666, "episode_rewards": 12.476042372455746, "episode_std_rewards": 0.1900056972514552, "episode_value_ests": 16.91465421690669, "episode_values": 6.8372819793949375, "episode_td_err": 9.144283167923287, "episode_avg_len": 39.27429805615551, "episode_std_avg_len": 5.909086169206301, "step_rewards": 0.31766429929866974, "step_value_ests": 16.91017417001261, "step_values": 7.132717844468083, "step_td_err": 8.971266398819226}