{"dim0": -0.26666666666666666, "dim1": 0.4666666666666667, "episode_rewards": 13.219239334426197, "episode_std_rewards": 0.1851410755152164, "episode_value_ests": 16.949901692083444, "episode_values": 7.497607399291571, "episode_td_err": 9.11156548753888, "episode_avg_len": 38.63782113192969, "episode_std_avg_len": 5.530604171683033, "step_rewards": 0.3421321116759875, "step_value_ests": 16.94760336930172, "step_values": 7.824165088041496, "step_td_err": 8.952296544879013}