{"dim0": -0.26666666666666666, "dim1": 0.8, "episode_rewards": 13.309256755675408, "episode_std_rewards": 0.1867955178189121, "episode_value_ests": 16.96154549647513, "episode_values": 8.213906591461056, "episode_td_err": 8.953545336804826, "episode_avg_len": 38.03593839132915, "episode_std_avg_len": 4.565764772374188, "step_rewards": 0.34991266992664627, "step_value_ests": 16.961190726826885, "step_values": 8.517143531147376, "step_td_err": 8.827713568137792}