{"dim0": -0.26666666666666666, "dim1": 0.5333333333333333, "episode_rewards": 13.241393441659833, "episode_std_rewards": 0.18786455248613648, "episode_value_ests": 16.958357350041975, "episode_values": 7.6555313999676144, "episode_td_err": 9.113733492012216, "episode_avg_len": 38.307986975675156, "episode_std_avg_len": 5.042184751874801, "step_rewards": 0.3456562061083467, "step_value_ests": 16.95641208019962, "step_values": 7.978490244747332, "step_td_err": 8.968965345850991}