{"dim0": -0.26666666666666666, "dim1": 0.9333333333333333, "episode_rewards": 13.536118777172373, "episode_std_rewards": 0.1884137935485218, "episode_value_ests": 16.950908091540335, "episode_values": 8.676382681383554, "episode_td_err": 8.805311938082443, "episode_avg_len": 38.066222645099906, "episode_std_avg_len": 4.374977602650409, "step_rewards": 0.35559395801818067, "step_value_ests": 16.951046894192558, "step_values": 8.989211776585567, "step_td_err": 8.685808641313434}