{"dim0": -0.26666666666666666, "dim1": -1.0, "episode_rewards": 5.530676171304636, "episode_std_rewards": 0.6575492916816988, "episode_value_ests": 10.621276533002945, "episode_values": 3.4320874811319424, "episode_td_err": 6.134852389397877, "episode_avg_len": 10.386528874117158, "episode_std_avg_len": 3.1465228134953667, "step_rewards": 0.532485514490493, "step_value_ests": 10.427331254699515, "step_values": 3.088948726665584, "step_td_err": 6.0211532890263975}