{"dim0": -0.26666666666666666, "dim1": 0.7333333333333333, "episode_rewards": 13.400585810140123, "episode_std_rewards": 0.1828364723559676, "episode_value_ests": 16.96194099775377, "episode_values": 8.07784299176135, "episode_td_err": 8.99360499117921, "episode_avg_len": 38.08244478293983, "episode_std_avg_len": 4.615351165017193, "step_rewards": 0.351883548614592, "step_value_ests": 16.96135662253696, "step_values": 8.385349947796675, "step_td_err": 8.86782011130191}