{"dim0": -0.26666666666666666, "dim1": 1.0, "episode_rewards": 13.723403071110571, "episode_std_rewards": 0.18188822511948433, "episode_value_ests": 16.940196041534513, "episode_values": 9.00889907519949, "episode_td_err": 8.659745312674122, "episode_avg_len": 38.03003802281369, "episode_std_avg_len": 4.1445198135907475, "step_rewards": 0.36085693795199714, "step_value_ests": 16.940318491800745, "step_values": 9.294551914529974, "step_td_err": 8.553532783569201}