{"dim0": -0.26666666666666666, "dim1": -0.4, "episode_rewards": 12.790881372346913, "episode_std_rewards": 0.4184987014655137, "episode_value_ests": 12.281700007252828, "episode_values": 6.775358966127327, "episode_td_err": 4.43013886763094, "episode_avg_len": 30.788793103448278, "episode_std_avg_len": 14.544998887317616, "step_rewards": 0.4154395181834641, "step_value_ests": 12.902752068432223, "step_values": 6.415732353763453, "step_td_err": 5.163462105585518}