{"dim0": -0.26666666666666666, "dim1": 0.3333333333333333, "episode_rewards": 12.70786876780917, "episode_std_rewards": 0.18687877936595274, "episode_value_ests": 16.933030366249113, "episode_values": 7.083541438806908, "episode_td_err": 9.167467145288429, "episode_avg_len": 38.80597594101668, "episode_std_avg_len": 5.526350184371772, "step_rewards": 0.3274719539878227, "step_value_ests": 16.929531916054962, "step_values": 7.388450991772749, "step_td_err": 9.008103895957872}