{"dim0": -0.26666666666666666, "dim1": 0.13333333333333333, "episode_rewards": 11.37165749492555, "episode_std_rewards": 0.19358227886396895, "episode_value_ests": 16.850040491398577, "episode_values": 6.048461298262052, "episode_td_err": 9.248902647033486, "episode_avg_len": 40.213711298753516, "episode_std_avg_len": 6.736075525706546, "step_rewards": 0.2827806021295535, "step_value_ests": 16.839477476525346, "step_values": 6.323433008356059, "step_td_err": 9.04286418230975}