{"dim0": -0.26666666666666666, "dim1": -0.3333333333333333, "episode_rewards": 11.798144615253921, "episode_std_rewards": 0.39366900355175194, "episode_value_ests": 13.220160214812076, "episode_values": 5.907107002694352, "episode_td_err": 5.684333399548532, "episode_avg_len": 36.42352512745812, "episode_std_avg_len": 14.979464460616178, "step_rewards": 0.32391550718850687, "step_value_ests": 13.75282922995042, "step_values": 5.409406259526993, "step_td_err": 6.349991036208897}