{"dim0": -0.3333333333333333, "dim1": 0.5333333333333333, "episode_rewards": 11.219007466757274, "episode_std_rewards": 0.1935500580805172, "episode_value_ests": 16.998178056047312, "episode_values": 6.921468197766553, "episode_td_err": 9.278632754439577, "episode_avg_len": 37.19431015247304, "episode_std_avg_len": 4.573313902855037, "step_rewards": 0.3016323577656494, "step_value_ests": 16.9972856977497, "step_values": 7.237762495546957, "step_td_err": 9.146464157356045}