{"dim0": -0.3333333333333333, "dim1": -0.9333333333333333, "episode_rewards": 6.1154881653245585, "episode_std_rewards": 0.5674155593932193, "episode_value_ests": 10.34660694258935, "episode_values": 3.640673024955969, "episode_td_err": 5.278964506924692, "episode_avg_len": 11.957254737848986, "episode_std_avg_len": 3.6494674748156983, "step_rewards": 0.5114458376442255, "step_value_ests": 10.254969732684975, "step_values": 3.411657913177675, "step_td_err": 5.148591175423206}