{"dim0": -0.3333333333333333, "dim1": -0.8, "episode_rewards": 7.902292429015454, "episode_std_rewards": 0.4892789037772885, "episode_value_ests": 10.415282003503007, "episode_values": 4.589287344058524, "episode_td_err": 4.2928949352179, "episode_avg_len": 13.998320268756999, "episode_std_avg_len": 4.8630888575815305, "step_rewards": 0.5645171904412465, "step_value_ests": 10.439939443455545, "step_values": 4.520565327078497, "step_td_err": 4.175954641975048}