{"dim0": -0.3333333333333333, "dim1": -0.13333333333333333, "episode_rewards": 9.072560120987832, "episode_std_rewards": 0.21957640575991472, "episode_value_ests": 16.325750666539918, "episode_values": 4.446816300007545, "episode_td_err": 8.999309929754224, "episode_avg_len": 42.31161413158451, "episode_std_avg_len": 9.568609125544649, "step_rewards": 0.21442245367366883, "step_value_ests": 16.30527217695571, "step_values": 4.520756738405481, "step_td_err": 8.818412222061191}