{"dim0": -0.3333333333333333, "dim1": -0.3333333333333333, "episode_rewards": 11.974961388652908, "episode_std_rewards": 0.3576440856041713, "episode_value_ests": 13.760320332825291, "episode_values": 5.85793924728308, "episode_td_err": 5.97908424893878, "episode_avg_len": 38.73005422153369, "episode_std_avg_len": 14.184777733961624, "step_rewards": 0.30919041115090656, "step_value_ests": 14.257883352374238, "step_values": 5.465221029028599, "step_td_err": 6.520896387413436}