{"dim0": -0.3333333333333333, "dim1": 0.2, "episode_rewards": 10.83644309349687, "episode_std_rewards": 0.19394184303074202, "episode_value_ests": 16.94843319717622, "episode_values": 6.246594596411172, "episode_td_err": 9.243995070457048, "episode_avg_len": 38.45059592464437, "episode_std_avg_len": 5.556943748849754, "step_rewards": 0.2818277020916444, "step_value_ests": 16.94494791336029, "step_values": 6.554544270414866, "step_td_err": 9.07535902789171}