{"dim0": -0.3333333333333333, "dim1": 0.13333333333333333, "episode_rewards": 10.632365246493091, "episode_std_rewards": 0.18900463676262727, "episode_value_ests": 16.923682573679837, "episode_values": 6.0316466282473655, "episode_td_err": 9.202139937176486, "episode_avg_len": 38.95890144137125, "episode_std_avg_len": 5.888165787318002, "step_rewards": 0.2729123474514188, "step_value_ests": 16.91801398317477, "step_values": 6.310061977020881, "step_td_err": 9.027153249794921}