{"dim0": -0.3333333333333333, "dim1": -0.06666666666666667, "episode_rewards": 8.891949699695981, "episode_std_rewards": 0.2047698678194807, "episode_value_ests": 16.64920994440358, "episode_values": 4.663564362383311, "episode_td_err": 9.245002849060533, "episode_avg_len": 41.0741273100616, "episode_std_avg_len": 7.926539519605392, "step_rewards": 0.2164854199475053, "step_value_ests": 16.631362213451606, "step_values": 4.839548101356087, "step_td_err": 9.040346971680433}