{"dim0": -0.3333333333333333, "dim1": 0.3333333333333333, "episode_rewards": 11.388331665028927, "episode_std_rewards": 0.1955947352229079, "episode_value_ests": 16.979322113777357, "episode_values": 6.711297399904743, "episode_td_err": 9.203000036614013, "episode_avg_len": 37.967919514047075, "episode_std_avg_len": 5.191210564198292, "step_rewards": 0.2999461600948548, "step_value_ests": 16.977278596748217, "step_values": 7.032030622751548, "step_td_err": 9.046693465101411}