{"dim0": -0.3333333333333333, "dim1": 0.0, "episode_rewards": 9.63507537452529, "episode_std_rewards": 0.1928627866018547, "episode_value_ests": 16.800519112498556, "episode_values": 5.249924440909111, "episode_td_err": 9.252227876376713, "episode_avg_len": 40.162015659506125, "episode_std_avg_len": 6.83514327356217, "step_rewards": 0.239905174486548, "step_value_ests": 16.787420278746286, "step_values": 5.461091957417453, "step_td_err": 9.059756388356462}