{"dim0": -0.3333333333333333, "dim1": 0.26666666666666666, "episode_rewards": 11.091365854523266, "episode_std_rewards": 0.19443194713281894, "episode_value_ests": 16.965256183553617, "episode_values": 6.502596938296204, "episode_td_err": 9.240686635120367, "episode_avg_len": 38.06013320647003, "episode_std_avg_len": 5.4683067112800945, "step_rewards": 0.2914168953207392, "step_value_ests": 16.962790912439047, "step_values": 6.814194109926178, "step_td_err": 9.076328420633951}