{"dim0": -0.3333333333333333, "dim1": 0.6666666666666666, "episode_rewards": 11.24369257743993, "episode_std_rewards": 0.18752671235870844, "episode_value_ests": 17.0020371251299, "episode_values": 7.138954519866297, "episode_td_err": 9.247723712983825, "episode_avg_len": 37.081015943641084, "episode_std_avg_len": 4.221824663744718, "step_rewards": 0.3032196473400044, "step_value_ests": 17.001573410841882, "step_values": 7.425690941203878, "step_td_err": 9.131450641343303}