{"dim0": -0.4, "dim1": -0.8, "episode_rewards": 7.893354536439953, "episode_std_rewards": 0.43822942794236575, "episode_value_ests": 10.299167368490176, "episode_values": 4.4988399086462705, "episode_td_err": 4.001932518263141, "episode_avg_len": 15.077497173011684, "episode_std_avg_len": 5.299164161887779, "step_rewards": 0.5235188868460772, "step_value_ests": 10.428281817992454, "step_values": 4.4976593621556, "step_td_err": 3.894128435753784}