{"dim0": -0.4, "dim1": -0.9333333333333333, "episode_rewards": 5.885740207874911, "episode_std_rewards": 0.499933869354863, "episode_value_ests": 10.133883609397644, "episode_values": 3.4461678720701903, "episode_td_err": 4.941912589711088, "episode_avg_len": 12.803405671851994, "episode_std_avg_len": 3.7661396175817714, "step_rewards": 0.4597011419246507, "step_value_ests": 10.135576509173696, "step_values": 3.3385554783224203, "step_td_err": 4.804246402372679}