{"dim0": -0.4, "dim1": 0.6, "episode_rewards": 8.954776185140304, "episode_std_rewards": 0.19873862635431025, "episode_value_ests": 17.019472016149095, "episode_values": 6.102519519744094, "episode_td_err": 9.503962958050225, "episode_avg_len": 36.12951589595376, "episode_std_avg_len": 4.036997814619008, "step_rewards": 0.24785209441854641, "step_value_ests": 17.018882819958048, "step_values": 6.394139025122702, "step_td_err": 9.38707316233905}