{"dim0": -0.4, "dim1": -0.7333333333333333, "episode_rewards": 9.01229711261859, "episode_std_rewards": 0.3989992903817475, "episode_value_ests": 10.433812319127297, "episode_values": 5.1109560369859715, "episode_td_err": 3.5544687234585126, "episode_avg_len": 16.6472448809722, "episode_std_avg_len": 6.158138966360927, "step_rewards": 0.5413686875549988, "step_value_ests": 10.644663004972413, "step_values": 5.195224893603756, "step_td_err": 3.4828300014115365}