{"dim0": -0.4, "dim1": -1.0, "episode_rewards": 5.065060575712493, "episode_std_rewards": 0.5413609254390492, "episode_value_ests": 10.147490700171186, "episode_values": 3.009565214961544, "episode_td_err": 5.537046703579535, "episode_avg_len": 11.97515267632619, "episode_std_avg_len": 3.363809306422494, "step_rewards": 0.42296417528986224, "step_value_ests": 10.097576364680537, "step_values": 2.851343528720907, "step_td_err": 5.3884837392744735}