{"dim0": -0.4, "dim1": 0.7333333333333333, "episode_rewards": 8.559617882317593, "episode_std_rewards": 0.19732833691848525, "episode_value_ests": 17.024079397453924, "episode_values": 6.089316201066916, "episode_td_err": 9.512982059296352, "episode_avg_len": 36.01116312567519, "episode_std_avg_len": 3.871060739728538, "step_rewards": 0.23769345778822593, "step_value_ests": 17.02385933675305, "step_values": 6.383786407222624, "step_td_err": 9.402779409879901}