{"dim0": -0.4, "dim1": -0.4, "episode_rewards": 13.072306977549031, "episode_std_rewards": 0.34129819121089733, "episode_value_ests": 13.075438472478512, "episode_values": 6.769612300072026, "episode_td_err": 4.799422800094136, "episode_avg_len": 35.34835630965005, "episode_std_avg_len": 13.942303913206558, "step_rewards": 0.36981371532628543, "step_value_ests": 13.69531482024411, "step_values": 6.634879524416136, "step_td_err": 5.423397654303831}