{"dim0": -0.4, "dim1": 0.06666666666666667, "episode_rewards": 8.950492540055661, "episode_std_rewards": 0.197812246036345, "episode_value_ests": 16.93103484656026, "episode_values": 5.343214580436679, "episode_td_err": 9.309387014573513, "episode_avg_len": 38.40065271645229, "episode_std_avg_len": 5.554401846939273, "step_rewards": 0.23308178134745433, "step_value_ests": 16.926177889956186, "step_values": 5.632019521376948, "step_td_err": 9.14188398418175}