{"dim0": -0.4, "dim1": -0.4666666666666667, "episode_rewards": 13.175273460287194, "episode_std_rewards": 0.3472239254127758, "episode_value_ests": 12.169141103365885, "episode_values": 7.0596569442103, "episode_td_err": 3.73185278864905, "episode_avg_len": 30.701458173445893, "episode_std_avg_len": 13.42645088791106, "step_rewards": 0.42914161880697466, "step_value_ests": 12.884030806806592, "step_values": 7.052394979734434, "step_td_err": 4.34309136447075}