{"dim0": -0.4, "dim1": 0.0, "episode_rewards": 8.721420901887477, "episode_std_rewards": 0.19503017221077681, "episode_value_ests": 16.8656263250561, "episode_values": 5.058083576257115, "episode_td_err": 9.305959639363136, "episode_avg_len": 39.08794215360563, "episode_std_avg_len": 6.082560538690555, "step_rewards": 0.2231230507764906, "step_value_ests": 16.85508816330877, "step_values": 5.3249076550824865, "step_td_err": 9.128439309353721}