{"dim0": -0.4, "dim1": 0.8, "episode_rewards": 8.196364042676176, "episode_std_rewards": 0.1985988507034168, "episode_value_ests": 17.024040917555173, "episode_values": 6.0324871824200095, "episode_td_err": 9.548831521478393, "episode_avg_len": 35.891799748788806, "episode_std_avg_len": 3.869524522964975, "step_rewards": 0.22836313865683958, "step_value_ests": 17.024079651076292, "step_values": 6.329936345329257, "step_td_err": 9.438917098212764}