{"dim0": -0.4, "dim1": 0.2, "episode_rewards": 9.131794531878846, "episode_std_rewards": 0.19774679769999343, "episode_value_ests": 16.97811515405701, "episode_values": 5.658141656670963, "episode_td_err": 9.363360851531155, "episode_avg_len": 37.42207670720299, "episode_std_avg_len": 4.997844155412084, "step_rewards": 0.24402158659786938, "step_value_ests": 16.975457619250204, "step_values": 5.943230011275539, "step_td_err": 9.211598511209916}