{"dim0": -0.4, "dim1": -0.2, "episode_rewards": 8.799844343814817, "episode_std_rewards": 0.23794124779602616, "episode_value_ests": 16.057425445851752, "episode_values": 4.355148204898931, "episode_td_err": 8.609541511519279, "episode_avg_len": 41.888167539267016, "episode_std_avg_len": 10.231214750987837, "step_rewards": 0.2100794773503907, "step_value_ests": 16.07558348206599, "step_values": 4.438053819683393, "step_td_err": 8.489794599692006}