{"dim0": -0.4, "dim1": -0.06666666666666667, "episode_rewards": 8.258638679736997, "episode_std_rewards": 0.19524829979413996, "episode_value_ests": 16.7509534571781, "episode_values": 4.62797993160606, "episode_td_err": 9.277468067279235, "episode_avg_len": 39.99680063987203, "episode_std_avg_len": 6.840806270898219, "step_rewards": 0.20648248228894894, "step_value_ests": 16.728369669733823, "step_values": 4.823727880270453, "step_td_err": 9.095109512359748}