{"dim0": -0.4, "dim1": -0.6, "episode_rewards": 11.318000227130279, "episode_std_rewards": 0.3530056548581671, "episode_value_ests": 10.976374650578217, "episode_values": 6.28790539318289, "episode_td_err": 3.070734556494367, "episode_avg_len": 21.825840244434744, "episode_std_avg_len": 9.605794261528748, "step_rewards": 0.5185596568276997, "step_value_ests": 11.504203063931529, "step_values": 6.510147290509363, "step_td_err": 3.2551770719355106}