{"dim0": -0.4666666666666667, "dim1": -0.9333333333333333, "episode_rewards": 5.84746026079841, "episode_std_rewards": 0.44957799362039846, "episode_value_ests": 10.024485476251328, "episode_values": 3.3678442001889892, "episode_td_err": 4.664996590844833, "episode_avg_len": 13.404195429260774, "episode_std_avg_len": 3.8138026476322384, "step_rewards": 0.4362410479359067, "step_value_ests": 10.095576388969976, "step_values": 3.352910216306015, "step_td_err": 4.50173437121838}