{"dim0": -0.4666666666666667, "dim1": 0.2, "episode_rewards": 7.039860320285879, "episode_std_rewards": 0.20633771894196776, "episode_value_ests": 16.996727578693793, "episode_values": 4.828814825677476, "episode_td_err": 9.580589316263536, "episode_avg_len": 36.5351598173516, "episode_std_avg_len": 4.634316739404535, "step_rewards": 0.19268727317684942, "step_value_ests": 16.99436282686297, "step_values": 5.108473157841018, "step_td_err": 9.437165713269065}