{"dim0": -0.4666666666666667, "dim1": 1.0, "episode_rewards": 5.1571910170859505, "episode_std_rewards": 0.20542159878535302, "episode_value_ests": 17.034389335337075, "episode_values": 5.016815375742619, "episode_td_err": 9.786581676156544, "episode_avg_len": 35.1379128601546, "episode_std_avg_len": 3.5032546458944127, "step_rewards": 0.14676998709658873, "step_value_ests": 17.0342855158098, "step_values": 5.308091632326933, "step_td_err": 9.68274934277449}