{"dim0": -0.4666666666666667, "dim1": 0.4, "episode_rewards": 6.956205486959018, "episode_std_rewards": 0.20768367983762448, "episode_value_ests": 17.022046649666393, "episode_values": 5.042964414585933, "episode_td_err": 9.673443944206113, "episode_avg_len": 35.70224919671546, "episode_std_avg_len": 4.036369636116688, "step_rewards": 0.19483941890134404, "step_value_ests": 17.020923747498713, "step_values": 5.331289079832274, "step_td_err": 9.55218537778568}