{"dim0": -0.4666666666666667, "dim1": 0.4666666666666667, "episode_rewards": 6.675820181921764, "episode_std_rewards": 0.20789162553863616, "episode_value_ests": 17.02451863293647, "episode_values": 4.922454430708075, "episode_td_err": 9.722918272218488, "episode_avg_len": 35.46312056737589, "episode_std_avg_len": 3.784541370183001, "step_rewards": 0.18824683432013453, "step_value_ests": 17.023422177533156, "step_values": 5.198054738668586, "step_td_err": 9.610278628536028}