{"dim0": -0.4666666666666667, "dim1": -0.3333333333333333, "episode_rewards": 11.12614376445329, "episode_std_rewards": 0.31761595371832846, "episode_value_ests": 14.564654841654527, "episode_values": 5.675906175770727, "episode_td_err": 6.472788620362534, "episode_avg_len": 39.85495118549512, "episode_std_avg_len": 12.898954430344457, "step_rewards": 0.27916591122315965, "step_value_ests": 14.902708598862665, "step_values": 5.561101584298836, "step_td_err": 6.786098715560691}