{"dim0": -0.4666666666666667, "dim1": -0.8, "episode_rewards": 8.015357419190968, "episode_std_rewards": 0.38274857925339084, "episode_value_ests": 10.231011879739304, "episode_values": 4.547133748582208, "episode_td_err": 3.6742548807108486, "episode_avg_len": 15.794835347074153, "episode_std_avg_len": 5.390148268092955, "step_rewards": 0.5074669816469938, "step_value_ests": 10.426627542917053, "step_values": 4.6306779266474765, "step_td_err": 3.5519990181755356}