{"dim0": -0.4666666666666667, "dim1": 0.6666666666666666, "episode_rewards": 6.249524034523082, "episode_std_rewards": 0.21035004436091476, "episode_value_ests": 17.03121739578632, "episode_values": 5.008487465988295, "episode_td_err": 9.777029972038024, "episode_avg_len": 35.149182920400634, "episode_std_avg_len": 3.656108752112156, "step_rewards": 0.17779998040568534, "step_value_ests": 17.030393887389998, "step_values": 5.303455171106512, "step_td_err": 9.667664075245561}