{"dim0": -0.4666666666666667, "dim1": -0.8666666666666667, "episode_rewards": 6.919001707646847, "episode_std_rewards": 0.41557623243062713, "episode_value_ests": 10.076366834582524, "episode_values": 3.9377373960386377, "episode_td_err": 4.120905403807127, "episode_avg_len": 14.449895238783325, "episode_std_avg_len": 4.52468366334182, "step_rewards": 0.4788271190421048, "step_value_ests": 10.209537624048037, "step_values": 3.984705956664831, "step_td_err": 3.9664064990040546}