{"dim0": -0.4666666666666667, "dim1": -0.7333333333333333, "episode_rewards": 9.081655046808745, "episode_std_rewards": 0.35616676342095244, "episode_value_ests": 10.413090531107205, "episode_values": 5.109829451845071, "episode_td_err": 3.2281986399707434, "episode_avg_len": 17.61054856035925, "episode_std_avg_len": 6.599383186191356, "step_rewards": 0.5156940464223382, "step_value_ests": 10.722631305312927, "step_values": 5.296661439844751, "step_td_err": 3.155047059990406}