{"dim0": -0.4666666666666667, "dim1": 0.0, "episode_rewards": 6.981638639317988, "episode_std_rewards": 0.20191719628929536, "episode_value_ests": 16.91468075901431, "episode_values": 4.446347364910102, "episode_td_err": 9.45020227000555, "episode_avg_len": 38.14302059496568, "episode_std_avg_len": 5.567742692226131, "step_rewards": 0.18303843089551913, "step_value_ests": 16.906470965123788, "step_values": 4.7244409840441275, "step_td_err": 9.278719732414025}