{"dim0": -0.4666666666666667, "dim1": -0.06666666666666667, "episode_rewards": 6.855689611596236, "episode_std_rewards": 0.20079072355621366, "episode_value_ests": 16.824106600254265, "episode_values": 4.208762803852173, "episode_td_err": 9.352587258146722, "episode_avg_len": 38.96882914474966, "episode_std_avg_len": 6.461548553886551, "step_rewards": 0.1759275236659225, "step_value_ests": 16.807456967188827, "step_values": 4.445385666297339, "step_td_err": 9.169251283075258}