{"dim0": -0.4666666666666667, "dim1": 0.06666666666666667, "episode_rewards": 6.913851768538808, "episode_std_rewards": 0.20056888502689543, "episode_value_ests": 16.958413275325743, "episode_values": 4.581463305942596, "episode_td_err": 9.510265488469248, "episode_avg_len": 37.31641791044776, "episode_std_avg_len": 5.046820988900595, "step_rewards": 0.1852764052844173, "step_value_ests": 16.952652797493904, "step_values": 4.852910441683099, "step_td_err": 9.354146549210983}