{"dim0": -0.4666666666666667, "dim1": 0.7333333333333333, "episode_rewards": 6.155724022660014, "episode_std_rewards": 0.20648378732841277, "episode_value_ests": 17.031729051103817, "episode_values": 5.058284161447959, "episode_td_err": 9.763541091068761, "episode_avg_len": 35.172674520837, "episode_std_avg_len": 3.5379435795928527, "step_rewards": 0.17501438564227578, "step_value_ests": 17.031252157325376, "step_values": 5.3414405528098605, "step_td_err": 9.660490557352134}