{"dim0": -0.4666666666666667, "dim1": -0.13333333333333333, "episode_rewards": 7.169478642182049, "episode_std_rewards": 0.20754160069747424, "episode_value_ests": 16.622581068102537, "episode_values": 4.03327633799826, "episode_td_err": 9.14964231511637, "episode_avg_len": 40.089196231709764, "episode_std_avg_len": 7.476659849752255, "step_rewards": 0.17883817377488684, "step_value_ests": 16.600405188150884, "step_values": 4.20109050186076, "step_td_err": 8.966334719519317}