{"dim0": -0.4666666666666667, "dim1": 0.3333333333333333, "episode_rewards": 7.001753010447064, "episode_std_rewards": 0.20629643597312836, "episode_value_ests": 17.016766990691977, "episode_values": 4.93344750805694, "episode_td_err": 9.630922141374763, "episode_avg_len": 35.96314275440489, "episode_std_avg_len": 4.093377982229747, "step_rewards": 0.19469246773738833, "step_value_ests": 17.01554286502537, "step_values": 5.211832337689163, "step_td_err": 9.507371629862268}