{"dim0": -0.4666666666666667, "dim1": -0.2, "episode_rewards": 7.80985809800249, "episode_std_rewards": 0.23589596790151568, "episode_value_ests": 16.192905505502786, "episode_values": 4.0978943892050665, "episode_td_err": 8.69140113646107, "episode_avg_len": 41.040213377102994, "episode_std_avg_len": 9.552997950144837, "step_rewards": 0.19029769719374162, "step_value_ests": 16.1969263277397, "step_values": 4.195905197326286, "step_td_err": 8.555438146499139}