{"dim0": -0.5333333333333333, "dim1": -0.8666666666666667, "episode_rewards": 6.756771865182495, "episode_std_rewards": 0.37745573838112284, "episode_value_ests": 10.039413894890032, "episode_values": 3.8521269402909573, "episode_td_err": 3.9126850910266704, "episode_avg_len": 15.042418772563177, "episode_std_avg_len": 4.612790220686037, "step_rewards": 0.44918120997313277, "step_value_ests": 10.225880816420693, "step_values": 3.9653380627437307, "step_td_err": 3.7310857311267847}