{"dim0": -0.5333333333333333, "dim1": 0.6, "episode_rewards": 3.8525620176222595, "episode_std_rewards": 0.21483432891475823, "episode_value_ests": 17.035218617252227, "episode_values": 3.873508658712209, "episode_td_err": 10.011878182968475, "episode_avg_len": 34.51578947368421, "episode_std_avg_len": 3.534845773750711, "step_rewards": 0.11161738080942807, "step_value_ests": 17.034327414907622, "step_values": 4.1599771363703075, "step_td_err": 9.901144330336528}