{"dim0": -0.5333333333333333, "dim1": -0.2, "episode_rewards": 6.166051813836689, "episode_std_rewards": 0.23170834946002428, "episode_value_ests": 16.343186262550372, "episode_values": 3.492682026637003, "episode_td_err": 8.881715303669697, "episode_avg_len": 40.21451548049859, "episode_std_avg_len": 8.844887164174901, "step_rewards": 0.15332900919387726, "step_value_ests": 16.32903830390645, "step_values": 3.5887147912275816, "step_td_err": 8.732468395766201}