{"dim0": -0.5333333333333333, "dim1": -0.4, "episode_rewards": 11.913221651722955, "episode_std_rewards": 0.3272994852066718, "episode_value_ests": 13.74759375609615, "episode_values": 6.271896525316163, "episode_td_err": 5.201727656171909, "episode_avg_len": 37.078420467185765, "episode_std_avg_len": 12.936726226315901, "step_rewards": 0.3212979814570608, "step_value_ests": 14.291999668617208, "step_values": 6.173758897933185, "step_td_err": 5.724613822735063}