{"dim0": -0.5333333333333333, "dim1": 0.06666666666666667, "episode_rewards": 4.846715224572493, "episode_std_rewards": 0.20705871027945974, "episode_value_ests": 16.974126961532352, "episode_values": 3.7224407241097395, "episode_td_err": 9.677386108492215, "episode_avg_len": 36.68727072633896, "episode_std_avg_len": 4.795292166329006, "step_rewards": 0.13210890667571196, "step_value_ests": 16.96931635000296, "step_values": 3.99919367645041, "step_td_err": 9.529449747117289}