{"dim0": -0.5333333333333333, "dim1": -1.0, "episode_rewards": 4.632988768831891, "episode_std_rewards": 0.4480914529136443, "episode_value_ests": 9.859927098549841, "episode_values": 2.7048418344175755, "episode_td_err": 5.044072676856532, "episode_avg_len": 13.022071749462855, "episode_std_avg_len": 3.4580020748914047, "step_rewards": 0.35577969911147167, "step_value_ests": 9.935588284113443, "step_values": 2.704099575400822, "step_td_err": 4.861394352189609}