{"dim0": -0.5333333333333333, "dim1": -0.6, "episode_rewards": 11.766459833128941, "episode_std_rewards": 0.30240259216882154, "episode_value_ests": 11.205693332815924, "episode_values": 6.584232176273421, "episode_td_err": 2.669417144361564, "episode_avg_len": 24.059064116444123, "episode_std_avg_len": 10.408647818945605, "step_rewards": 0.48906556698049974, "step_value_ests": 11.881032432800597, "step_values": 6.944663274053964, "step_td_err": 2.931337218108478}