{"dim0": -0.5333333333333333, "dim1": -0.6666666666666666, "episode_rewards": 10.416827211402166, "episode_std_rewards": 0.30717399173194576, "episode_value_ests": 10.732283639305537, "episode_values": 5.890388472060802, "episode_td_err": 2.6987543132842324, "episode_avg_len": 20.579689268443257, "episode_std_avg_len": 8.329773411139902, "step_rewards": 0.506170286418039, "step_value_ests": 11.232732918548702, "step_values": 6.2037562689767105, "step_td_err": 2.758711618204762}