{"dim0": -0.5333333333333333, "dim1": -0.06666666666666667, "episode_rewards": 5.173912195889704, "episode_std_rewards": 0.20348954272771652, "episode_value_ests": 16.86630331593544, "episode_values": 3.587102858981603, "episode_td_err": 9.49018335010004, "episode_avg_len": 38.140160183066364, "episode_std_avg_len": 5.561698562247055, "step_rewards": 0.13565522984318354, "step_value_ests": 16.854884026072927, "step_values": 3.837178604847007, "step_td_err": 9.326289672949905}