{"dim0": -0.5333333333333333, "dim1": -0.7333333333333333, "episode_rewards": 9.11347164692179, "episode_std_rewards": 0.3248240507522937, "episode_value_ests": 10.416305444281504, "episode_values": 5.16581874085236, "episode_td_err": 2.970293518352835, "episode_avg_len": 18.287373137057696, "episode_std_avg_len": 6.749964264804561, "step_rewards": 0.49834777136220676, "step_value_ests": 10.785383019877528, "step_values": 5.402130756528475, "step_td_err": 2.890957913564254}