{"dim0": -0.5333333333333333, "dim1": 0.3333333333333333, "episode_rewards": 4.475537209553004, "episode_std_rewards": 0.21507905338158842, "episode_value_ests": 17.0240700389736, "episode_values": 3.8564333199622607, "episode_td_err": 9.911470379901301, "episode_avg_len": 35.12291483757682, "episode_std_avg_len": 3.946836334641817, "step_rewards": 0.1274249939177821, "step_value_ests": 17.022817601724917, "step_values": 4.146453717351065, "step_td_err": 9.783956064804379}