{"dim0": -0.5333333333333333, "dim1": 0.6666666666666666, "episode_rewards": 3.707312018596619, "episode_std_rewards": 0.21813740140485388, "episode_value_ests": 17.0352154763336, "episode_values": 3.9103853150938193, "episode_td_err": 10.02668075539656, "episode_avg_len": 34.4348424857979, "episode_std_avg_len": 3.4741151836584176, "step_rewards": 0.10766165171586425, "step_value_ests": 17.03441053992213, "step_values": 4.205872245234523, "step_td_err": 9.916737719671394}