{"dim0": -0.5333333333333333, "dim1": 0.26666666666666666, "episode_rewards": 4.458258871175993, "episode_std_rewards": 0.21610852975466713, "episode_value_ests": 17.017534235594557, "episode_values": 3.781197977493447, "episode_td_err": 9.900071227035601, "episode_avg_len": 35.242643171806165, "episode_std_avg_len": 3.885018788527423, "step_rewards": 0.1265018304513143, "step_value_ests": 17.016009874028494, "step_values": 4.067188146436297, "step_td_err": 9.775716839022973}