{"dim0": -0.5333333333333333, "dim1": 0.8, "episode_rewards": 3.2717899601021956, "episode_std_rewards": 0.2145810159480221, "episode_value_ests": 17.03885237948339, "episode_values": 3.884735574595638, "episode_td_err": 10.051154939047326, "episode_avg_len": 34.33716738197425, "episode_std_avg_len": 3.3394971033545975, "step_rewards": 0.09528421269308793, "step_value_ests": 17.03820537540743, "step_values": 4.177309188792128, "step_td_err": 9.9473025287713}