{"dim0": -0.5333333333333333, "dim1": 0.4, "episode_rewards": 4.686535696427863, "episode_std_rewards": 0.21543915923004045, "episode_value_ests": 17.02780397269133, "episode_values": 4.042818129159026, "episode_td_err": 9.884183905343795, "episode_avg_len": 35.06697054698457, "episode_std_avg_len": 3.8117155632204374, "step_rewards": 0.13364529707944392, "step_value_ests": 17.026696204776805, "step_values": 4.339069546940433, "step_td_err": 9.763195720945928}