{"dim0": -0.5333333333333333, "dim1": -0.3333333333333333, "episode_rewards": 10.043068562483695, "episode_std_rewards": 0.30890118018631263, "episode_value_ests": 14.818639998210339, "episode_values": 5.185526029482264, "episode_td_err": 6.732050506921049, "episode_avg_len": 40.02260904361745, "episode_std_avg_len": 12.645950223626441, "step_rewards": 0.2509348791214125, "step_value_ests": 15.087952345798133, "step_values": 5.14746991070069, "step_td_err": 6.944437884581714}