{"dim0": -0.6, "dim1": -0.4666666666666667, "episode_rewards": 11.852607495538527, "episode_std_rewards": 0.3162159983576627, "episode_value_ests": 12.999925002582838, "episode_values": 6.562274191497804, "episode_td_err": 4.096821435312816, "episode_avg_len": 33.51801575330987, "episode_std_avg_len": 12.877188739335791, "step_rewards": 0.35361900843930755, "step_value_ests": 13.694948324848209, "step_values": 6.584767299710845, "step_td_err": 4.708937848846825}