{"dim0": -0.6, "dim1": -0.6666666666666666, "episode_rewards": 10.114883257569245, "episode_std_rewards": 0.2957695421369098, "episode_value_ests": 10.828779320572313, "episode_values": 5.801955557480891, "episode_td_err": 2.5751851801405103, "episode_avg_len": 21.476108665306562, "episode_std_avg_len": 8.88934162474505, "step_rewards": 0.47098305448180505, "step_value_ests": 11.4122972699751, "step_values": 6.204478886188817, "step_td_err": 2.6419439663964623}