{"dim0": -0.6, "dim1": 0.6, "episode_rewards": 1.3393696740587189, "episode_std_rewards": 0.22376832687952333, "episode_value_ests": 17.039863294447482, "episode_values": 2.7804645827763648, "episode_td_err": 10.246656939766504, "episode_avg_len": 33.97146739130435, "episode_std_avg_len": 3.3354467334946527, "step_rewards": 0.03942631204684306, "step_value_ests": 17.0389674656659, "step_values": 3.0751659197731924, "step_td_err": 10.134887211209627}