{"dim0": -0.6, "dim1": -0.06666666666666667, "episode_rewards": 2.893731617452374, "episode_std_rewards": 0.2105190191686607, "episode_value_ests": 16.890844655785845, "episode_values": 2.617483800212831, "episode_td_err": 9.718989952198976, "episode_avg_len": 37.313619402985076, "episode_std_avg_len": 5.3393045165843045, "step_rewards": 0.07755161958962567, "step_value_ests": 16.873925166009805, "step_values": 2.870372758636383, "step_td_err": 9.554298470138445}