{"dim0": -0.6, "dim1": -1.0, "episode_rewards": 4.568122735901141, "episode_std_rewards": 0.4123125877178801, "episode_value_ests": 9.780352547966087, "episode_values": 2.69714100544534, "episode_td_err": 4.738099609733292, "episode_avg_len": 13.406193444600845, "episode_std_avg_len": 3.524682130723781, "step_rewards": 0.340747189332919, "step_value_ests": 9.904385714773607, "step_values": 2.752237541556087, "step_td_err": 4.53377162661316}