{"dim0": -0.6, "dim1": 0.06666666666666667, "episode_rewards": 2.5933603224424155, "episode_std_rewards": 0.20667479595173682, "episode_value_ests": 16.98259607419026, "episode_values": 2.7743053038204577, "episode_td_err": 9.876243292407048, "episode_avg_len": 35.960086299892126, "episode_std_avg_len": 4.421782959133112, "step_rewards": 0.07211774467988957, "step_value_ests": 16.97841065150369, "step_values": 3.0374691946764565, "step_td_err": 9.737953950209908}