{"dim0": -0.6, "dim1": -0.6, "episode_rewards": 11.232691985936071, "episode_std_rewards": 0.29515921301244435, "episode_value_ests": 11.326116939465843, "episode_values": 6.371215695509042, "episode_td_err": 2.6151819962112106, "episode_avg_len": 24.61903003446578, "episode_std_avg_len": 10.41907395890283, "step_rewards": 0.45626054195517435, "step_value_ests": 12.019886176030791, "step_values": 6.688221450667375, "step_td_err": 2.9073931359481207}