{"dim0": -0.6, "dim1": -0.3333333333333333, "episode_rewards": 8.06898277917672, "episode_std_rewards": 0.30991289104696434, "episode_value_ests": 15.046208950937498, "episode_values": 4.312942200478965, "episode_td_err": 7.0123465263797335, "episode_avg_len": 39.664088836010315, "episode_std_avg_len": 11.316187995311465, "step_rewards": 0.20343295449285692, "step_value_ests": 15.283743435110111, "step_values": 4.271526834089915, "step_td_err": 7.199905621171396}