{"dim0": -0.6, "dim1": 0.5333333333333333, "episode_rewards": 1.4200915940859429, "episode_std_rewards": 0.22188888823832859, "episode_value_ests": 17.037906646561602, "episode_values": 2.714913017132411, "episode_td_err": 10.240320588952612, "episode_avg_len": 34.001699813020565, "episode_std_avg_len": 3.384529074515638, "step_rewards": 0.04176531179015159, "step_value_ests": 17.036909680951215, "step_values": 3.0074280813908874, "step_td_err": 10.127054321811421}