{"dim0": -0.6, "dim1": 0.4, "episode_rewards": 1.9181660105086629, "episode_std_rewards": 0.22267767689405119, "episode_value_ests": 17.03344638376518, "episode_values": 2.8181233350997417, "episode_td_err": 10.164367151955704, "episode_avg_len": 34.34655675768504, "episode_std_avg_len": 3.593376672412571, "step_rewards": 0.05584740339595972, "step_value_ests": 17.032346002521514, "step_values": 3.1143302194433438, "step_td_err": 10.043483416762566}