{"dim0": 0.0, "dim1": -0.06666666666666667, "episode_rewards": 17.263902771367007, "episode_std_rewards": 0.6624421653649333, "episode_value_ests": 12.10357498238102, "episode_values": 9.58027314575929, "episode_td_err": 2.9330089368887617, "episode_avg_len": 20.794906444906445, "episode_std_avg_len": 13.444218901548142, "step_rewards": 0.830198626625496, "step_value_ests": 12.237092163697396, "step_values": 9.52685936794907, "step_td_err": 3.5071668616044374}