{"dim0": 0.0, "dim1": -1.0, "episode_rewards": 6.229884207685156, "episode_std_rewards": 0.7718215523712603, "episode_value_ests": 11.712152672051308, "episode_values": 4.022597371812062, "episode_td_err": 8.339707782195317, "episode_avg_len": 7.090113084476585, "episode_std_avg_len": 2.0892128319019965, "step_rewards": 0.8786720512716711, "step_value_ests": 11.533289659002163, "step_values": 3.751205174385134, "step_td_err": 8.018486889274058}