{"dim0": 0.0, "dim1": 0.9333333333333333, "episode_rewards": 38.53236493351305, "episode_std_rewards": 0.15289557267234619, "episode_value_ests": 13.456969258167195, "episode_values": 21.836433052233293, "episode_td_err": 1.2925142621728405, "episode_avg_len": 41.80564263322884, "episode_std_avg_len": 7.7315898250192525, "step_rewards": 0.9217024905361926, "step_value_ests": 13.556832993410675, "step_values": 22.114073193939547, "step_td_err": 1.2913438223968627}