{"dim0": 0.0, "dim1": 0.4, "episode_rewards": 34.432818687080655, "episode_std_rewards": 0.27039580217695336, "episode_value_ests": 12.949527732839607, "episode_values": 17.875530526133943, "episode_td_err": 2.60994269361689, "episode_avg_len": 42.966487647690656, "episode_std_avg_len": 13.336661729802366, "step_rewards": 0.8013877924911402, "step_value_ests": 13.077070581242635, "step_values": 18.185377755008076, "step_td_err": 2.6489817444032817}