{"dim0": 0.0, "dim1": -0.5333333333333333, "episode_rewards": 11.637575345650127, "episode_std_rewards": 0.711114481301384, "episode_value_ests": 11.855815848541694, "episode_values": 7.2788535193517765, "episode_td_err": 4.147059431555478, "episode_avg_len": 9.256873090808108, "episode_std_avg_len": 3.972065015594011, "step_rewards": 1.2571821209481642, "step_value_ests": 11.6970320004223, "step_values": 6.9624790703281425, "step_td_err": 4.092171363003023}