{"dim0": 0.0, "dim1": 0.2, "episode_rewards": 26.35948457969648, "episode_std_rewards": 0.43762325082938675, "episode_value_ests": 12.5133463846328, "episode_values": 13.514339270256121, "episode_td_err": 3.0274683069349324, "episode_avg_len": 36.26563916591115, "episode_std_avg_len": 15.875649135417635, "step_rewards": 0.7268446161697262, "step_value_ests": 12.707531738404032, "step_values": 13.919170108804819, "step_td_err": 3.349327190863993}