{"dim0": 0.0, "dim1": 0.13333333333333333, "episode_rewards": 23.35248189208018, "episode_std_rewards": 0.5098860181636619, "episode_value_ests": 12.407245713052617, "episode_values": 12.16010466990325, "episode_td_err": 3.017353319917234, "episode_avg_len": 32.09579589216945, "episode_std_avg_len": 16.12997696552217, "step_rewards": 0.7275869391286099, "step_value_ests": 12.612806003937624, "step_values": 12.594602170437335, "step_td_err": 3.456044348350026}