{"dim0": 0.0, "dim1": -0.8666666666666667, "episode_rewards": 7.945479286512451, "episode_std_rewards": 0.7386467024360459, "episode_value_ests": 11.744490497823424, "episode_values": 5.1206734460316845, "episode_td_err": 6.735580215827864, "episode_avg_len": 7.43972026931518, "episode_std_avg_len": 2.3799296778686743, "step_rewards": 1.067980918487386, "step_value_ests": 11.56330330003447, "step_values": 4.83915360726614, "step_td_err": 6.4942425315730254}