{"dim0": 0.0, "dim1": -0.9333333333333333, "episode_rewards": 7.122393060133343, "episode_std_rewards": 0.7477045950499953, "episode_value_ests": 11.737599845740837, "episode_values": 4.5999303830383, "episode_td_err": 7.494451478649866, "episode_avg_len": 7.2307302964569775, "episode_std_avg_len": 2.2104520600460456, "step_rewards": 0.9850171100453409, "step_value_ests": 11.558024489395125, "step_values": 4.334257695748781, "step_td_err": 7.207155605258638}