{"dim0": 0.0, "dim1": -0.13333333333333333, "episode_rewards": 15.95756073996639, "episode_std_rewards": 0.6874558127096898, "episode_value_ests": 12.067219238862448, "episode_values": 9.105994754033286, "episode_td_err": 2.9723314587364924, "episode_avg_len": 17.713513992206874, "episode_std_avg_len": 11.782929444696187, "step_rewards": 0.9008692881032515, "step_value_ests": 12.122083778429042, "step_values": 8.920805685757706, "step_td_err": 3.4546912898601683}