{"dim0": 0.0, "dim1": -0.4, "episode_rewards": 12.94758536768606, "episode_std_rewards": 0.7088288012993212, "episode_value_ests": 11.916580189578685, "episode_values": 7.945033229593049, "episode_td_err": 3.5104888563412886, "episode_avg_len": 10.624329349269589, "episode_std_avg_len": 5.420482805652679, "step_rewards": 1.2186731926355607, "step_value_ests": 11.792531196650312, "step_values": 7.622171886181283, "step_td_err": 3.544821775596953}