{"dim0": 0.0, "dim1": 0.26666666666666666, "episode_rewards": 29.361849093049294, "episode_std_rewards": 0.3742941912051832, "episode_value_ests": 12.656667681069692, "episode_values": 15.131347783729218, "episode_td_err": 2.9059587549724863, "episode_avg_len": 38.83148903125607, "episode_std_avg_len": 15.46618315205093, "step_rewards": 0.7561350292134172, "step_value_ests": 12.83445547297963, "step_values": 15.590635976843144, "step_td_err": 3.1217092942537423}