{"dim0": 0.0, "dim1": 0.5333333333333333, "episode_rewards": 37.5871293480903, "episode_std_rewards": 0.21400025131619124, "episode_value_ests": 13.213671305814833, "episode_values": 20.036859405417044, "episode_td_err": 2.1846701374966893, "episode_avg_len": 43.322720381199915, "episode_std_avg_len": 10.516498446635346, "step_rewards": 0.8676077821835353, "step_value_ests": 13.305819201612145, "step_values": 20.31458384304561, "step_td_err": 2.1898107309253447}