{"dim0": 0.0, "dim1": 0.6, "episode_rewards": 38.514368681368474, "episode_std_rewards": 0.19617095189664938, "episode_value_ests": 13.300345581288646, "episode_values": 20.689854602075606, "episode_td_err": 1.994391041469994, "episode_avg_len": 43.66928618205632, "episode_std_avg_len": 10.488025714139162, "step_rewards": 0.8819555355405374, "step_value_ests": 13.397248569742828, "step_values": 20.932782440605784, "step_td_err": 1.9919578611849589}