{"dim0": 0.06666666666666667, "dim1": 0.26666666666666666, "episode_rewards": 23.9673331483175, "episode_std_rewards": 0.46764128862415916, "episode_value_ests": 11.429557660571886, "episode_values": 12.623910034123627, "episode_td_err": 1.6594002776670342, "episode_avg_len": 22.344877667299745, "episode_std_avg_len": 12.070105622654888, "step_rewards": 1.0726097276152071, "step_value_ests": 11.330609004427684, "step_values": 13.98402186008177, "step_td_err": 1.6780649471831142}