{"dim0": 0.06666666666666667, "dim1": 0.4, "episode_rewards": 29.013265571264714, "episode_std_rewards": 0.35995766775892385, "episode_value_ests": 11.042840124755706, "episode_values": 14.818056219841964, "episode_td_err": 1.428342391771855, "episode_avg_len": 28.433323855558715, "episode_std_avg_len": 13.733351794274284, "step_rewards": 1.02039655014138, "step_value_ests": 10.959753638721704, "step_values": 16.31373172918472, "step_td_err": 1.441296726112534}