{"dim0": 0.06666666666666667, "dim1": -0.6, "episode_rewards": 10.73964400757712, "episode_std_rewards": 0.694931725189246, "episode_value_ests": 12.018034624621047, "episode_values": 6.8962968805811125, "episode_td_err": 5.073394117579696, "episode_avg_len": 7.417572228609576, "episode_std_avg_len": 2.5558738191505816, "step_rewards": 1.4478651068815094, "step_value_ests": 11.924476087879613, "step_values": 6.701963343337284, "step_td_err": 4.922198256822888}