{"dim0": 0.06666666666666667, "dim1": 0.3333333333333333, "episode_rewards": 26.359931915343353, "episode_std_rewards": 0.4142613541360333, "episode_value_ests": 11.25200670297769, "episode_values": 13.637779162387842, "episode_td_err": 1.531654616786804, "episode_avg_len": 25.37130534060637, "episode_std_avg_len": 13.072986641818375, "step_rewards": 1.0389663267799905, "step_value_ests": 11.161543502087234, "step_values": 15.077043043900167, "step_td_err": 1.5435472861500357}