{"dim0": 0.06666666666666667, "dim1": -0.26666666666666666, "episode_rewards": 14.110742408577194, "episode_std_rewards": 0.6877252031044969, "episode_value_ests": 12.045214807909975, "episode_values": 8.65410361929309, "episode_td_err": 3.155185052295811, "episode_avg_len": 9.545458884169332, "episode_std_avg_len": 4.575853064795401, "step_rewards": 1.4782675804071774, "step_value_ests": 11.999606199327863, "step_values": 8.482515703809954, "step_td_err": 3.1403216461028305}