{"dim0": 0.06666666666666667, "dim1": 0.06666666666666667, "episode_rewards": 18.533402963659146, "episode_std_rewards": 0.6036778825371666, "episode_value_ests": 11.81304055809095, "episode_values": 10.407912140736018, "episode_td_err": 2.125872656141264, "episode_avg_len": 15.346735210619197, "episode_std_avg_len": 9.23520673688302, "step_rewards": 1.2076446690000184, "step_value_ests": 11.753353409066973, "step_values": 11.058450691752888, "step_td_err": 2.175719276795555}