{"dim0": 0.06666666666666667, "dim1": -0.5333333333333333, "episode_rewards": 11.482689505767215, "episode_std_rewards": 0.6924159525242167, "episode_value_ests": 12.023497130611169, "episode_values": 7.318140176543797, "episode_td_err": 4.569086537528641, "episode_avg_len": 7.69031414619141, "episode_std_avg_len": 2.775537819415272, "step_rewards": 1.4931365985164549, "step_value_ests": 11.935020634967069, "step_values": 7.119565948801544, "step_td_err": 4.462325207158174}