{"dim0": 0.06666666666666667, "dim1": -0.4, "episode_rewards": 12.834424747501338, "episode_std_rewards": 0.6911047105226493, "episode_value_ests": 12.049043358331016, "episode_values": 8.065854539633483, "episode_td_err": 3.7529246746853424, "episode_avg_len": 8.396658130064234, "episode_std_avg_len": 3.4135972161886046, "step_rewards": 1.5285158153036718, "step_value_ests": 11.988168117610291, "step_values": 7.864612554270979, "step_td_err": 3.694320415456184}