{"dim0": 0.06666666666666667, "dim1": -1.0, "episode_rewards": 5.86953232099646, "episode_std_rewards": 0.7803039243564105, "episode_value_ests": 11.855476293349675, "episode_values": 3.7393062126547996, "episode_td_err": 9.491586171178696, "episode_avg_len": 6.49649191190801, "episode_std_avg_len": 1.7093424254748648, "step_rewards": 0.9034925927080215, "step_value_ests": 11.739254556521923, "step_values": 3.5746368745040495, "step_td_err": 9.127049498805235}