{"dim0": 0.06666666666666667, "dim1": -0.9333333333333333, "episode_rewards": 6.768166802443827, "episode_std_rewards": 0.7600661403211927, "episode_value_ests": 11.891607766250488, "episode_values": 4.336736991967325, "episode_td_err": 8.527266151490908, "episode_avg_len": 6.604312508255184, "episode_std_avg_len": 1.8126439638891392, "step_rewards": 1.02481019697112, "step_value_ests": 11.784091889044216, "step_values": 4.1794226836412705, "step_td_err": 8.182551795108454}