{"dim0": 0.06666666666666667, "dim1": -0.13333333333333333, "episode_rewards": 15.514078407176134, "episode_std_rewards": 0.6739298837781249, "episode_value_ests": 12.011239466148691, "episode_values": 9.231505573929585, "episode_td_err": 2.6871057337884308, "episode_avg_len": 11.150072471847475, "episode_std_avg_len": 6.032561166739097, "step_rewards": 1.3913881229334808, "step_value_ests": 11.974062166221783, "step_values": 9.230583851338924, "step_td_err": 2.7167153314073293}