{"dim0": 0.06666666666666667, "dim1": 0.8666666666666667, "episode_rewards": 40.73914329947259, "episode_std_rewards": 0.16819788560041754, "episode_value_ests": 10.950105766636506, "episode_values": 21.377955411038247, "episode_td_err": 1.1470183167674441, "episode_avg_len": 40.02601560936562, "episode_std_avg_len": 10.834230564526107, "step_rewards": 1.0178166045070973, "step_value_ests": 11.04321226480402, "step_values": 21.996538076873975, "step_td_err": 1.1424913120135707}