{"dim0": 0.06666666666666667, "dim1": -0.4666666666666667, "episode_rewards": 12.179835492151886, "episode_std_rewards": 0.6897449854322383, "episode_value_ests": 12.02655352091033, "episode_values": 7.696009213121153, "episode_td_err": 4.110637934762417, "episode_avg_len": 8.04416200780276, "episode_std_avg_len": 3.0805558984807573, "step_rewards": 1.514121107995782, "step_value_ests": 11.947934088587973, "step_values": 7.476724603620529, "step_td_err": 4.045091807376594}