{"dim0": 0.06666666666666667, "dim1": 0.13333333333333333, "episode_rewards": 20.083271216053294, "episode_std_rewards": 0.5715459371441564, "episode_value_ests": 11.671983760098698, "episode_values": 11.006033239633052, "episode_td_err": 1.9452015677323307, "episode_avg_len": 17.424078752504574, "episode_std_avg_len": 10.341505508482204, "step_rewards": 1.1526159575677126, "step_value_ests": 11.576586294024878, "step_values": 11.923186002239676, "step_td_err": 1.981407384883037}