{"dim0": 0.06666666666666667, "dim1": 0.6, "episode_rewards": 36.606156025195894, "episode_std_rewards": 0.23612102887351627, "episode_value_ests": 10.809671039005849, "episode_values": 18.581721653546015, "episode_td_err": 1.248437422413665, "episode_avg_len": 36.53205479452055, "episode_std_avg_len": 13.643652240611786, "step_rewards": 1.0020283893444302, "step_value_ests": 10.819839393264317, "step_values": 19.5257903934421, "step_td_err": 1.25788874577719}