{"dim0": 0.06666666666666667, "dim1": -0.8666666666666667, "episode_rewards": 7.559192374475668, "episode_std_rewards": 0.7458254820872416, "episode_value_ests": 11.916407762454687, "episode_values": 4.866401472804255, "episode_td_err": 7.757448244299335, "episode_avg_len": 6.71727959697733, "episode_std_avg_len": 1.9124766860378437, "step_rewards": 1.1253353780118347, "step_value_ests": 11.802223854395464, "step_values": 4.708134168471569, "step_td_err": 7.443627828052383}