{"dim0": 0.06666666666666667, "dim1": 0.0, "episode_rewards": 17.355010045311197, "episode_std_rewards": 0.6424747190555816, "episode_value_ests": 11.889720091843504, "episode_values": 9.94183152834365, "episode_td_err": 2.2909348071045, "episode_avg_len": 13.660815518065705, "episode_std_avg_len": 8.01334012518729, "step_rewards": 1.2704226934592677, "step_value_ests": 11.822152304800623, "step_values": 10.314187658457548, "step_td_err": 2.325769943779166}