{"dim0": 0.06666666666666667, "dim1": 1.0, "episode_rewards": 40.55954701749294, "episode_std_rewards": 0.15368714334709863, "episode_value_ests": 11.008967312261964, "episode_values": 21.61798681987509, "episode_td_err": 1.1024456092646095, "episode_avg_len": 40.051862234681614, "episode_std_avg_len": 9.800100198105884, "step_rewards": 1.0126756848367393, "step_value_ests": 11.128222234584872, "step_values": 22.16728756678244, "step_td_err": 1.091921534997493}