{"dim0": 0.06666666666666667, "dim1": 0.7333333333333333, "episode_rewards": 39.43990751954244, "episode_std_rewards": 0.19288705484170734, "episode_value_ests": 10.766023353362117, "episode_values": 20.247492895613476, "episode_td_err": 1.1828008948738675, "episode_avg_len": 38.919634170072, "episode_std_avg_len": 12.731833846481935, "step_rewards": 1.013367888999083, "step_value_ests": 10.843661819161454, "step_values": 21.016864007375517, "step_td_err": 1.1830076911564429}