{"dim0": 0.06666666666666667, "dim1": -0.6666666666666666, "episode_rewards": 10.006951117931317, "episode_std_rewards": 0.7049647366116156, "episode_value_ests": 11.976535128650259, "episode_values": 6.434024791590908, "episode_td_err": 5.586397256025156, "episode_avg_len": 7.238843244417098, "episode_std_avg_len": 2.374893666210324, "step_rewards": 1.3823964382222396, "step_value_ests": 11.870291607607285, "step_values": 6.243689717894236, "step_td_err": 5.397725155556364}