{"dim0": 0.06666666666666667, "dim1": 0.9333333333333333, "episode_rewards": 40.81016428555518, "episode_std_rewards": 0.16236137337388648, "episode_value_ests": 10.954087090599282, "episode_values": 21.566862583055805, "episode_td_err": 1.119447538764473, "episode_avg_len": 40.10304731355252, "episode_std_avg_len": 10.724244932238669, "step_rewards": 1.0176324997567876, "step_value_ests": 11.073898739616508, "step_values": 22.183653950979902, "step_td_err": 1.1108068476140835}