{"dim0": 0.06666666666666667, "dim1": 0.5333333333333333, "episode_rewards": 34.08626229795746, "episode_std_rewards": 0.27497681318257894, "episode_value_ests": 10.860314279264148, "episode_values": 17.214748133404598, "episode_td_err": 1.295570727180769, "episode_avg_len": 34.26897378790475, "episode_std_avg_len": 14.320409646977758, "step_rewards": 0.9946683116022642, "step_value_ests": 10.857357158817413, "step_values": 18.316899384539575, "step_td_err": 1.3099183391224645}