{"dim0": 0.06666666666666667, "dim1": -0.2, "episode_rewards": 14.751284920149743, "episode_std_rewards": 0.6882516518427608, "episode_value_ests": 12.013693380994226, "episode_values": 8.91455552165479, "episode_td_err": 2.908465374812978, "episode_avg_len": 10.179305781758957, "episode_std_avg_len": 5.12704687083909, "step_rewards": 1.4491444933881101, "step_value_ests": 11.972700359266335, "step_values": 8.778596324085134, "step_td_err": 2.9245018702081884}