{"dim0": 0.06666666666666667, "dim1": -0.3333333333333333, "episode_rewards": 13.491391582512804, "episode_std_rewards": 0.687864677190731, "episode_value_ests": 12.042264229306411, "episode_values": 8.385987911471963, "episode_td_err": 3.415021271196379, "episode_avg_len": 8.883978145960112, "episode_std_avg_len": 3.9199387407953608, "step_rewards": 1.5186205279723544, "step_value_ests": 11.980931117707055, "step_values": 8.197400004168331, "step_td_err": 3.3764615991450126}