{"dim0": 0.06666666666666667, "dim1": -0.06666666666666667, "episode_rewards": 16.366432602154347, "episode_std_rewards": 0.6602370953883048, "episode_value_ests": 11.94393402717744, "episode_values": 9.565062989868775, "episode_td_err": 2.454361147893516, "episode_avg_len": 12.232218212953336, "episode_std_avg_len": 6.896578527896193, "step_rewards": 1.3379774884021507, "step_value_ests": 11.8903777499342, "step_values": 9.732533308501447, "step_td_err": 2.481971467846494}