{"dim0": 0.06666666666666667, "dim1": 0.4666666666666667, "episode_rewards": 31.560726827406125, "episode_std_rewards": 0.31426103000608313, "episode_value_ests": 10.985709842320627, "episode_values": 16.052023092403093, "episode_td_err": 1.3513193890908015, "episode_avg_len": 31.323570869224746, "episode_std_avg_len": 13.83737916906486, "step_rewards": 1.00757116610911, "step_value_ests": 10.935118092007423, "step_values": 17.355851354871408, "step_td_err": 1.36227664558137}