{"dim0": 0.6666666666666666, "dim1": 0.3333333333333333, "episode_rewards": 8.739922277970182, "episode_std_rewards": 0.5669788890021443, "episode_value_ests": 11.37381000770293, "episode_values": 5.87468660125112, "episode_td_err": 6.577668815168926, "episode_avg_len": 4.966674116566093, "episode_std_avg_len": 0.2229298086418895, "step_rewards": 1.759713255359076, "step_value_ests": 11.356912379503994, "step_values": 5.879647258207827, "step_td_err": 6.5391332149701755}