{"dim0": 0.6666666666666666, "dim1": -0.4666666666666667, "episode_rewards": -0.3899147942859294, "episode_std_rewards": 0.8973246883228025, "episode_value_ests": 11.446902407536273, "episode_values": -0.9470063317036101, "episode_td_err": 20.982401702737043, "episode_avg_len": 4.971686387590733, "episode_std_avg_len": 0.27147502162932935, "step_rewards": -0.0784270695873239, "step_value_ests": 11.4299906870288, "step_values": -0.9561815871306113, "step_td_err": 20.88528209280912}