{"dim0": 0.6666666666666666, "dim1": 0.26666666666666666, "episode_rewards": 8.036460471476627, "episode_std_rewards": 0.5993866809579529, "episode_value_ests": 11.367657913598205, "episode_values": 5.347961901533915, "episode_td_err": 7.331951088798918, "episode_avg_len": 4.966649283568005, "episode_std_avg_len": 0.22541856337752258, "step_rewards": 1.6180849527799337, "step_value_ests": 11.350711366733028, "step_values": 5.351987578893132, "step_td_err": 7.290864547519601}