{"dim0": 0.6666666666666666, "dim1": 0.13333333333333333, "episode_rewards": 6.635982972107662, "episode_std_rewards": 0.6465253896645722, "episode_value_ests": 11.375045707838336, "episode_values": 4.297617483402544, "episode_td_err": 9.03015755679062, "episode_avg_len": 4.9618686116899875, "episode_std_avg_len": 0.2369126816780617, "step_rewards": 1.3373959472593693, "step_value_ests": 11.356444418667179, "step_values": 4.299887412826355, "step_td_err": 8.978454908562577}