{"dim0": 0.6666666666666666, "dim1": -0.4, "episode_rewards": 0.43162148143806783, "episode_std_rewards": 0.8704004625009221, "episode_value_ests": 11.448214580498876, "episode_values": -0.32688310410769417, "episode_td_err": 19.34752026965424, "episode_avg_len": 4.964578265402373, "episode_std_avg_len": 0.2768811799766805, "step_rewards": 0.08694021090290646, "step_value_ests": 11.428800089901854, "step_values": -0.33498624906728075, "step_td_err": 19.245008744210416}