{"dim0": 0.6666666666666666, "dim1": -0.26666666666666666, "episode_rewards": 2.014899739087479, "episode_std_rewards": 0.8146681170106548, "episode_value_ests": 11.423982282943252, "episode_values": 0.8571858678619031, "episode_td_err": 16.268230689415134, "episode_avg_len": 4.9597024178549285, "episode_std_avg_len": 0.2647047474514846, "step_rewards": 0.40625415989351293, "step_value_ests": 11.403687021553292, "step_values": 0.8521454670294081, "step_td_err": 16.17762609347296}