{"dim0": 0.6666666666666666, "dim1": 0.9333333333333333, "episode_rewards": 12.996812095068881, "episode_std_rewards": 0.3428318489775536, "episode_value_ests": 11.516932007935518, "episode_values": 8.901922556075077, "episode_td_err": 2.6327189741687294, "episode_avg_len": 5.053720783322805, "episode_std_avg_len": 0.2493093233620483, "step_rewards": 2.5717313346550816, "step_value_ests": 11.508361021974334, "step_values": 8.897324581982105, "step_td_err": 2.6334915820683675}