{"dim0": 0.6666666666666666, "dim1": 0.8, "episode_rewards": 12.451441980180842, "episode_std_rewards": 0.3770858160187971, "episode_value_ests": 11.456201156741443, "episode_values": 8.565597861142416, "episode_td_err": 3.120782962463034, "episode_avg_len": 5.017586552935273, "episode_std_avg_len": 0.1980000244791334, "step_rewards": 2.481559978850148, "step_value_ests": 11.449490434977823, "step_values": 8.565212052169345, "step_td_err": 3.115829540544596}