{"dim0": 0.6666666666666666, "dim1": -0.2, "episode_rewards": 2.8148367418552596, "episode_std_rewards": 0.7890228472670867, "episode_value_ests": 11.420124579943572, "episode_values": 1.4482078036550963, "episode_td_err": 14.846493231068514, "episode_avg_len": 4.959038952666683, "episode_std_avg_len": 0.26472327042250204, "step_rewards": 0.5676173889179886, "step_value_ests": 11.39959556269051, "step_values": 1.4418533196540435, "step_td_err": 14.76700427758191}