{"dim0": 0.6666666666666666, "dim1": 0.06666666666666667, "episode_rewards": 5.891887787192431, "episode_std_rewards": 0.6796411194806586, "episode_value_ests": 11.388876540249807, "episode_values": 3.7356576938932355, "episode_td_err": 10.047405686284511, "episode_avg_len": 4.96007142502852, "episode_std_avg_len": 0.24567661874780258, "step_rewards": 1.1878634967758661, "step_value_ests": 11.36926458160013, "step_values": 3.736193741433052, "step_td_err": 9.987356404463776}