{"dim0": 0.6666666666666666, "dim1": -0.13333333333333333, "episode_rewards": 3.6308819605611005, "episode_std_rewards": 0.7599181798288072, "episode_value_ests": 11.412243151354449, "episode_values": 2.0571109724881906, "episode_td_err": 13.47419176331386, "episode_avg_len": 4.957391433670434, "episode_std_avg_len": 0.25916455576733216, "step_rewards": 0.7324178469951502, "step_value_ests": 11.391584446689905, "step_values": 2.0534952683364156, "step_td_err": 13.398107581980817}