{"dim0": 0.6666666666666666, "dim1": -0.8666666666666667, "episode_rewards": -5.318930701304261, "episode_std_rewards": 1.0659800244997857, "episode_value_ests": 11.510914446088591, "episode_values": -4.556769804343839, "episode_td_err": 32.57686307313016, "episode_avg_len": 5.003327162655726, "episode_std_avg_len": 0.2875198622189961, "step_rewards": -1.0630787330886864, "step_value_ests": 11.502233236958833, "step_values": -4.568228649718697, "step_td_err": 32.44854946142339}