{"dim0": 0.6666666666666666, "dim1": -0.6, "episode_rewards": -2.0552589569537374, "episode_std_rewards": 0.9553840998339815, "episode_value_ests": 11.46906841135085, "episode_values": -2.1608260182101398, "episode_td_err": 24.676370268006995, "episode_avg_len": 4.978022251536949, "episode_std_avg_len": 0.27775611473090306, "step_rewards": -0.41286656690198253, "step_value_ests": 11.4538192370534, "step_values": -2.1710046965922634, "step_td_err": 24.561811393318212}