{"dim0": 0.6666666666666666, "dim1": -0.8, "episode_rewards": -4.443249559071937, "episode_std_rewards": 1.0452606931578388, "episode_value_ests": 11.50142603459564, "episode_values": -3.9082910686791044, "episode_td_err": 30.422605630926963, "episode_avg_len": 4.994306547470409, "episode_std_avg_len": 0.2858733377224565, "step_rewards": -0.8896629625833481, "step_value_ests": 11.490022822790523, "step_values": -3.9187974875447837, "step_td_err": 30.290059932110818}