{"dim0": 0.6666666666666666, "dim1": 0.5333333333333333, "episode_rewards": 10.60489277740146, "episode_std_rewards": 0.4799541424909733, "episode_value_ests": 11.376580470239553, "episode_values": 7.244076464934398, "episode_td_err": 4.71990325248489, "episode_avg_len": 4.984200164477783, "episode_std_avg_len": 0.1986812570147858, "step_rewards": 2.1277020238838227, "step_value_ests": 11.365005602728326, "step_values": 7.248811516506448, "step_td_err": 4.698277364290277}