{"dim0": 0.6666666666666666, "dim1": 0.4666666666666667, "episode_rewards": 10.020996234449179, "episode_std_rewards": 0.5083667397790728, "episode_value_ests": 11.370284342965862, "episode_values": 6.819788990046172, "episode_td_err": 5.241047503435343, "episode_avg_len": 4.978047141399308, "episode_std_avg_len": 0.2052547596475432, "step_rewards": 2.0130376329928286, "step_value_ests": 11.357056233995278, "step_values": 6.824706199808915, "step_td_err": 5.214532657770331}