{"dim0": 0.6666666666666666, "dim1": 1.0, "episode_rewards": 13.183642132280177, "episode_std_rewards": 0.3328384374195342, "episode_value_ests": 11.551130786654372, "episode_values": 8.984471354420695, "episode_td_err": 2.439230690592124, "episode_avg_len": 5.083314271190749, "episode_std_avg_len": 0.29069947410151187, "step_rewards": 2.593513095776381, "step_value_ests": 11.539533835632698, "step_values": 8.977287496719752, "step_td_err": 2.4410624794871887}