{"dim0": 0.6666666666666666, "dim1": 0.6, "episode_rewards": 11.142873189829643, "episode_std_rewards": 0.45196818253217363, "episode_value_ests": 11.389141895268597, "episode_values": 7.640518009308402, "episode_td_err": 4.23891493177403, "episode_avg_len": 4.989895461690078, "episode_std_avg_len": 0.19492498597036514, "step_rewards": 2.2330875016078098, "step_value_ests": 11.37897076450333, "step_values": 7.6442080669312125, "step_td_err": 4.222702477762466}