{"dim0": 0.6666666666666666, "dim1": 0.6666666666666666, "episode_rewards": 11.65749440082241, "episode_std_rewards": 0.42499254075233467, "episode_value_ests": 11.405446101008867, "episode_values": 8.01297868711359, "episode_td_err": 3.8073968561101608, "episode_avg_len": 4.997226594708043, "episode_std_avg_len": 0.18827352926066945, "step_rewards": 2.3327928361638532, "step_value_ests": 11.396689231837255, "step_values": 8.015922294365016, "step_td_err": 3.794441761157918}