{"dim0": 0.6666666666666666, "dim1": 0.0, "episode_rewards": 5.121512036705225, "episode_std_rewards": 0.710346542444539, "episode_value_ests": 11.390779472659496, "episode_values": 3.1646480971174626, "episode_td_err": 11.118479485543034, "episode_avg_len": 4.960145826099896, "episode_std_avg_len": 0.24864866376421546, "step_rewards": 1.0325325537318344, "step_value_ests": 11.371177514313983, "step_values": 3.16424096636542, "step_td_err": 11.05339202934779}