{"dim0": 0.6666666666666666, "dim1": -1.0, "episode_rewards": -6.9109144346476485, "episode_std_rewards": 1.1233214374263178, "episode_value_ests": 11.533906756413598, "episode_values": -5.712602388656626, "episode_td_err": 36.882569484419655, "episode_avg_len": 5.015195967802603, "episode_std_avg_len": 0.2866502055070783, "step_rewards": -1.3779948937220992, "step_value_ests": 11.527499400601794, "step_values": -5.719934022880368, "step_td_err": 36.72691045482019}