{"dim0": 0.6666666666666666, "dim1": -0.7333333333333333, "episode_rewards": -3.637357103627433, "episode_std_rewards": 1.0056013346541701, "episode_value_ests": 11.482959150017889, "episode_values": -3.3272813604749443, "episode_td_err": 28.372324542239646, "episode_avg_len": 4.990244267571546, "episode_std_avg_len": 0.28288088494145014, "step_rewards": -0.7288935989094413, "step_value_ests": 11.470892626809478, "step_values": -3.336792301926279, "step_td_err": 28.245162109273497}