{"dim0": 0.6666666666666666, "dim1": -0.3333333333333333, "episode_rewards": 1.23051427508643, "episode_std_rewards": 0.8426145517711155, "episode_value_ests": 11.429267189187746, "episode_values": 0.2678264803817272, "episode_td_err": 17.7459104215124, "episode_avg_len": 4.9642821683876095, "episode_std_avg_len": 0.2653920380941769, "step_rewards": 0.24787355620562943, "step_value_ests": 11.410488183543036, "step_values": 0.26017974325108095, "step_td_err": 17.65694505404961}