{"dim0": 0.6666666666666666, "dim1": -0.9333333333333333, "episode_rewards": -6.079718503360004, "episode_std_rewards": 1.1003302122255774, "episode_value_ests": 11.518502845866763, "episode_values": -5.099479474680531, "episode_td_err": 34.61892059413298, "episode_avg_len": 5.0103965728887445, "episode_std_avg_len": 0.2905034414149645, "step_rewards": -1.2134206174931064, "step_value_ests": 11.511242583651095, "step_values": -5.109639766005224, "step_td_err": 34.47526819258429}