{"dim0": 0.7333333333333333, "dim1": -1.0, "episode_rewards": -8.890698756866929, "episode_std_rewards": 1.1429836992883688, "episode_value_ests": 11.48555968041644, "episode_values": -7.108155409186283, "episode_td_err": 41.86293465924719, "episode_avg_len": 5.002225946027061, "episode_std_avg_len": 0.249993216565229, "step_rewards": -1.777348495009152, "step_value_ests": 11.478342787309867, "step_values": -7.117455167817347, "step_td_err": 41.728453989553095}