{"dim0": 0.7333333333333333, "dim1": 0.13333333333333333, "episode_rewards": 4.494636115800206, "episode_std_rewards": 0.6852230108728194, "episode_value_ests": 11.327764891828032, "episode_values": 2.8297425356982155, "episode_td_err": 11.431341733978842, "episode_avg_len": 4.9559173357121615, "episode_std_avg_len": 0.22097474504580983, "step_rewards": 0.9069231408304613, "step_value_ests": 11.30820428386611, "step_values": 2.8269915751147994, "step_td_err": 11.374830986063934}