{"dim0": 0.7333333333333333, "dim1": -0.4, "episode_rewards": -1.7370277213072423, "episode_std_rewards": 0.8869218951913114, "episode_value_ests": 11.379873360475473, "episode_values": -1.841716353834882, "episode_td_err": 23.12109440509586, "episode_avg_len": 4.961401071641198, "episode_std_avg_len": 0.24082386064995207, "step_rewards": -0.35010830534058096, "step_value_ests": 11.361541842881705, "step_values": -1.8541203569246865, "step_td_err": 23.030584145553284}