{"dim0": 0.7333333333333333, "dim1": 0.6666666666666666, "episode_rewards": 9.912615886846462, "episode_std_rewards": 0.4730044580023847, "episode_value_ests": 11.314887254360222, "episode_values": 6.907094782722104, "episode_td_err": 4.997521368111585, "episode_avg_len": 4.9779724718122305, "episode_std_avg_len": 0.16841062459384476, "step_rewards": 1.9912958424291516, "step_value_ests": 11.303946356709003, "step_values": 6.911237649813776, "step_td_err": 4.976796102092296}