{"dim0": 0.7333333333333333, "dim1": -0.2, "episode_rewards": 0.6444510650343322, "episode_std_rewards": 0.8096414703491994, "episode_value_ests": 11.366278435828686, "episode_values": -0.06352682459376063, "episode_td_err": 18.090038084380478, "episode_avg_len": 4.954296613738265, "episode_std_avg_len": 0.23800081268785142, "step_rewards": 0.1300792252218548, "step_value_ests": 11.34575579215601, "step_values": -0.07455033606067983, "step_td_err": 18.014586373719123}