{"dim0": 0.7333333333333333, "dim1": 0.9333333333333333, "episode_rewards": 11.831550975504078, "episode_std_rewards": 0.3727056074532913, "episode_value_ests": 11.37911496291782, "episode_values": 8.310038593300396, "episode_td_err": 3.3150839997847488, "episode_avg_len": 4.999150148723973, "episode_std_avg_len": 0.14998446900179555, "step_rewards": 2.366712465822629, "step_value_ests": 11.37338979957951, "step_values": 8.31111924550518, "step_td_err": 3.308514173769268}