{"dim0": 0.7333333333333333, "dim1": -0.8, "episode_rewards": -6.4801829216701385, "episode_std_rewards": 1.0552369899591278, "episode_value_ests": 11.449567746661758, "episode_values": -5.356791075241646, "episode_td_err": 34.93905972738917, "episode_avg_len": 4.9865117554663545, "episode_std_avg_len": 0.2472367350013786, "step_rewards": -1.2995422931804743, "step_value_ests": 11.438195074865018, "step_values": -5.37012267932812, "step_td_err": 34.82806381941921}