{"dim0": 0.7333333333333333, "dim1": 1.0, "episode_rewards": 12.15255317018565, "episode_std_rewards": 0.35157768451166854, "episode_value_ests": 11.414534929732856, "episode_values": 8.525557167035078, "episode_td_err": 3.0212726781736507, "episode_avg_len": 5.00914168357252, "episode_std_avg_len": 0.15933585623589622, "step_rewards": 2.426074952130012, "step_value_ests": 11.409196939400061, "step_values": 8.524603175091395, "step_td_err": 3.0181910887840004}