{"dim0": 0.7333333333333333, "dim1": 0.4666666666666667, "episode_rewards": 8.041516055218818, "episode_std_rewards": 0.5562960625612527, "episode_value_ests": 11.305614505320461, "episode_values": 5.50855858500225, "episode_td_err": 6.850129969401865, "episode_avg_len": 4.967068991208464, "episode_std_avg_len": 0.19056975137240936, "step_rewards": 1.618966048076243, "step_value_ests": 11.290673241016567, "step_values": 5.511080090449856, "step_td_err": 6.818844362164002}