{"dim0": 0.7333333333333333, "dim1": -0.4666666666666667, "episode_rewards": -2.4847557848157504, "episode_std_rewards": 0.9145507247209249, "episode_value_ests": 11.39778396781471, "episode_values": -2.3951114878383373, "episode_td_err": 24.841795926786645, "episode_avg_len": 4.964158951574872, "episode_std_avg_len": 0.24193642868568474, "step_rewards": -0.500539126376577, "step_value_ests": 11.380116235621216, "step_values": -2.407105994427268, "step_td_err": 24.741265769312097}