{"dim0": 0.7333333333333333, "dim1": 0.2, "episode_rewards": 5.229382510071023, "episode_std_rewards": 0.6571502794881224, "episode_value_ests": 11.317701409676953, "episode_values": 3.386196143235677, "episode_td_err": 10.37971427584959, "episode_avg_len": 4.958522375108466, "episode_std_avg_len": 0.2120462872931055, "step_rewards": 1.0546251714668589, "step_value_ests": 11.299262977993044, "step_values": 3.3839501166941477, "step_td_err": 10.332920123055247}