{"dim0": 0.7333333333333333, "dim1": -0.3333333333333333, "episode_rewards": -0.918137222246399, "episode_std_rewards": 0.8586125257651738, "episode_value_ests": 11.379304283500115, "episode_values": -1.229420283282055, "episode_td_err": 21.298780441394, "episode_avg_len": 4.959604225561672, "episode_std_avg_len": 0.2377377761250711, "step_rewards": -0.1851230825061289, "step_value_ests": 11.360608734266794, "step_values": -1.2406611019573317, "step_td_err": 21.215604962059896}