{"dim0": 0.7333333333333333, "dim1": -0.6, "episode_rewards": -4.077683686566981, "episode_std_rewards": 0.9734440897775299, "episode_value_ests": 11.420816605063768, "episode_values": -3.5762110428487253, "episode_td_err": 28.652227279972436, "episode_avg_len": 4.969981611251926, "episode_std_avg_len": 0.25102235104553017, "step_rewards": -0.820462529948843, "step_value_ests": 11.404545273276161, "step_values": -3.5904310120878566, "step_td_err": 28.54532917432426}