{"dim0": 0.7333333333333333, "dim1": 0.3333333333333333, "episode_rewards": 6.6677804300104455, "episode_std_rewards": 0.6043616400485452, "episode_value_ests": 11.315830304950481, "episode_values": 4.475656140722482, "episode_td_err": 8.463026506377302, "episode_avg_len": 4.959530835420438, "episode_std_avg_len": 0.20855047435753715, "step_rewards": 1.3444377404390495, "step_value_ests": 11.29787981315407, "step_values": 4.476277415410384, "step_td_err": 8.420819157537833}