{"dim0": 0.7333333333333333, "dim1": -0.13333333333333333, "episode_rewards": 1.4357785963393472, "episode_std_rewards": 0.7794839133339926, "episode_value_ests": 11.358627174665402, "episode_values": 0.536806574279539, "episode_td_err": 16.565754345138362, "episode_avg_len": 4.954689590249219, "episode_std_avg_len": 0.23588988651764956, "step_rewards": 0.28978174519044453, "step_value_ests": 11.338255824501356, "step_values": 0.52824693236947, "step_td_err": 16.492084976092507}