{"dim0": 0.7333333333333333, "dim1": 0.4, "episode_rewards": 7.348350482933083, "episode_std_rewards": 0.5818027187646527, "episode_value_ests": 11.313902198535537, "episode_values": 4.997822246550934, "episode_td_err": 7.630341578447323, "episode_avg_len": 4.963617412021641, "episode_std_avg_len": 0.20079896538706157, "step_rewards": 1.4804425629452693, "step_value_ests": 11.297426249394872, "step_values": 4.99988531806661, "step_td_err": 7.592508304567742}