{"dim0": 0.7333333333333333, "dim1": 0.06666666666666667, "episode_rewards": 3.714777317748345, "episode_std_rewards": 0.7073749343509568, "episode_value_ests": 11.338800233326031, "episode_values": 2.241361980751074, "episode_td_err": 12.6400856914233, "episode_avg_len": 4.953462452942342, "episode_std_avg_len": 0.2271647481294468, "step_rewards": 0.7499354952295597, "step_value_ests": 11.318352147373709, "step_values": 2.2362147812448283, "step_td_err": 12.5797057847342}