{"dim0": 0.7333333333333333, "dim1": 0.6, "episode_rewards": 9.320594080004964, "episode_std_rewards": 0.5054390509768277, "episode_value_ests": 11.31467389792207, "episode_values": 6.466217463105497, "episode_td_err": 5.54833523977739, "episode_avg_len": 4.972774062010493, "episode_std_avg_len": 0.1813823718835226, "step_rewards": 1.8743248665185983, "step_value_ests": 11.301765442750751, "step_values": 6.470368907500902, "step_td_err": 5.522956306748564}