{"dim0": 0.7333333333333333, "dim1": 0.8, "episode_rewards": 10.979465283992775, "episode_std_rewards": 0.4219159037875541, "episode_value_ests": 11.33621491898034, "episode_values": 7.699255503278878, "episode_td_err": 4.04719804675335, "episode_avg_len": 4.987033712347896, "episode_std_avg_len": 0.1564219355573939, "step_rewards": 2.201602378746231, "step_value_ests": 11.327852991696671, "step_values": 7.701757440002684, "step_td_err": 4.035949989008691}