{"dim0": 0.7333333333333333, "dim1": -0.26666666666666666, "episode_rewards": -0.12289428945496925, "episode_std_rewards": 0.832075004835795, "episode_value_ests": 11.376996758947536, "episode_values": -0.6400564450810805, "episode_td_err": 19.625919259754095, "episode_avg_len": 4.956138177132378, "episode_std_avg_len": 0.2431784588260241, "step_rewards": -0.024796380783329144, "step_value_ests": 11.356611963732913, "step_values": -0.6515174153821748, "step_td_err": 19.542303292187395}