{"dim0": 0.7333333333333333, "dim1": 0.26666666666666666, "episode_rewards": 5.952236808355945, "episode_std_rewards": 0.6306625546459719, "episode_value_ests": 11.323237024660369, "episode_values": 3.9388930917004976, "episode_td_err": 9.38493706244797, "episode_avg_len": 4.957932573128408, "episode_std_avg_len": 0.21412743789127248, "step_rewards": 1.2005481560230538, "step_value_ests": 11.304637343641282, "step_values": 3.9386548016086222, "step_td_err": 9.337951323767035}