{"dim0": 0.7333333333333333, "dim1": 0.0, "episode_rewards": 2.983726878825643, "episode_std_rewards": 0.7310420925672279, "episode_value_ests": 11.346337580516309, "episode_values": 1.6953756541877605, "episode_td_err": 13.842126104697122, "episode_avg_len": 4.954346156704402, "episode_std_avg_len": 0.23200207731478892, "step_rewards": 0.6022443294132677, "step_value_ests": 11.325958350473105, "step_values": 1.6897943004067482, "step_td_err": 13.77506053871483}