{"dim0": 0.7333333333333333, "dim1": 0.7333333333333333, "episode_rewards": 10.475947732645016, "episode_std_rewards": 0.4490994652797866, "episode_value_ests": 11.32164186788705, "episode_values": 7.334471783652772, "episode_td_err": 4.500814891780226, "episode_avg_len": 4.981717189329215, "episode_std_avg_len": 0.16114922921614697, "step_rewards": 2.1028788537182286, "step_value_ests": 11.312023069120295, "step_values": 7.338256854757967, "step_td_err": 4.484225647436568}