{"dim0": 0.7333333333333333, "dim1": -0.9333333333333333, "episode_rewards": -8.122362597757197, "episode_std_rewards": 1.1111349596706044, "episode_value_ests": 11.467607548608658, "episode_values": -6.562114367257324, "episode_td_err": 39.5885900763763, "episode_avg_len": 4.999450068741408, "episode_std_avg_len": 0.24857991379255712, "step_rewards": -1.6246512088482508, "step_value_ests": 11.459915329495452, "step_values": -6.572479987788527, "step_td_err": 39.465717530965875}