{"dim0": 0.7333333333333333, "dim1": 0.5333333333333333, "episode_rewards": 8.6962548484401, "episode_std_rewards": 0.5295132310104972, "episode_value_ests": 11.306544077338936, "episode_values": 6.006785633985996, "episode_td_err": 6.172961269247, "episode_avg_len": 4.968944099378882, "episode_std_avg_len": 0.1859125637152321, "step_rewards": 1.7501212882485702, "step_value_ests": 11.292373629369958, "step_values": 6.010300234866047, "step_td_err": 6.144008537909879}