{"dim0": 0.8, "dim1": -1.0, "episode_rewards": -10.931809740108417, "episode_std_rewards": 1.1530207589219543, "episode_value_ests": 11.441268854528357, "episode_values": -8.531343468533304, "episode_td_err": 47.28607869525481, "episode_avg_len": 4.995354413307358, "episode_std_avg_len": 0.21893574811612246, "step_rewards": -2.1883952239678246, "step_value_ests": 11.434081609404924, "step_values": -8.54158808946551, "step_td_err": 47.17080709137656}