{"dim0": 0.8, "dim1": 0.6, "episode_rewards": 7.249717820071782, "episode_std_rewards": 0.5365816662676509, "episode_value_ests": 11.2675667130262, "episode_values": 5.101406373784169, "episode_td_err": 7.286871546427388, "episode_avg_len": 4.969586284010436, "episode_std_avg_len": 0.17445038991687206, "step_rewards": 1.458817174258073, "step_value_ests": 11.25416721443176, "step_values": 5.102742185595445, "step_td_err": 7.258382818377538}