{"dim0": 0.8, "dim1": 0.6666666666666666, "episode_rewards": 7.895644440982461, "episode_std_rewards": 0.5150320600502004, "episode_value_ests": 11.2654546787192, "episode_values": 5.598718025146436, "episode_td_err": 6.601885666824955, "episode_avg_len": 4.972526789488079, "episode_std_avg_len": 0.16706836817772064, "step_rewards": 1.5878535753037777, "step_value_ests": 11.253110390472411, "step_values": 5.6010551571560105, "step_td_err": 6.576738358291435}