{"dim0": 0.8, "dim1": 0.06666666666666667, "episode_rewards": 1.5066407842482394, "episode_std_rewards": 0.7235913766116562, "episode_value_ests": 11.303028689519317, "episode_values": 0.7298026561467267, "episode_td_err": 15.660779232469459, "episode_avg_len": 4.9569980419857735, "episode_std_avg_len": 0.20852476759584837, "step_rewards": 0.3039421786103186, "step_value_ests": 11.284445090723857, "step_values": 0.7221256756695038, "step_td_err": 15.60086330660327}