{"dim0": 0.8, "dim1": -0.06666666666666667, "episode_rewards": -0.054001987061552924, "episode_std_rewards": 0.7766607498037694, "episode_value_ests": 11.313741046582376, "episode_values": -0.4519410944661337, "episode_td_err": 18.59071692833528, "episode_avg_len": 4.959998016020633, "episode_std_avg_len": 0.2070405246128495, "step_rewards": -0.010887501746397528, "step_value_ests": 11.29642654577259, "step_values": -0.4611373598783962, "step_td_err": 18.527334621396243}