{"dim0": 0.8, "dim1": -0.8, "episode_rewards": -8.615288519250472, "episode_std_rewards": 1.068827140146299, "episode_value_ests": 11.40731637786839, "episode_values": -6.825982596700039, "episode_td_err": 40.11117560095987, "episode_avg_len": 4.981444120650576, "episode_std_avg_len": 0.21668985040178249, "step_rewards": -1.7294760937969358, "step_value_ests": 11.396038007484377, "step_values": -6.840641001226474, "step_td_err": 40.01441974780189}