{"dim0": 0.8, "dim1": -0.7333333333333333, "episode_rewards": -7.772040193343777, "episode_std_rewards": 1.0384649148778315, "episode_value_ests": 11.40758860436865, "episode_values": -6.217666400955335, "episode_td_err": 37.69239737589655, "episode_avg_len": 4.975644342720669, "episode_std_avg_len": 0.22267897129998196, "step_rewards": -1.5620168279740925, "step_value_ests": 11.394432562902926, "step_values": -6.2340943724783315, "step_td_err": 37.594636915751956}