{"dim0": 0.8, "dim1": -0.4, "episode_rewards": -3.8962387113036216, "episode_std_rewards": 0.8985796991241564, "episode_value_ests": 11.358288733821313, "episode_values": -3.337862548224172, "episode_td_err": 27.21904404639454, "episode_avg_len": 4.959481240856002, "episode_std_avg_len": 0.22379758904846422, "step_rewards": -0.7856141644828833, "step_value_ests": 11.340210152977788, "step_values": -3.353136059840098, "step_td_err": 27.129551457694507}