{"dim0": 0.8, "dim1": 0.26666666666666666, "episode_rewards": 3.7332552125298295, "episode_std_rewards": 0.6517790164671555, "episode_value_ests": 11.287677312170269, "episode_values": 2.4249218401494805, "episode_td_err": 11.940419256864919, "episode_avg_len": 4.96007142502852, "episode_std_avg_len": 0.20017569500562876, "step_rewards": 0.7526615833981389, "step_value_ests": 11.270238097460345, "step_values": 2.420803199180904, "step_td_err": 11.893699883578934}