{"dim0": 0.8, "dim1": 1.0, "episode_rewards": 10.695063716401846, "episode_std_rewards": 0.3892032142204086, "episode_value_ests": 11.302961134156066, "episode_values": 7.6956865692547165, "episode_td_err": 3.992180080860764, "episode_avg_len": 4.98894958716855, "episode_std_avg_len": 0.12316195009478527, "step_rewards": 2.1437506091280767, "step_value_ests": 11.297143338220362, "step_values": 7.697962941690152, "step_td_err": 3.9835317828631878}