{"dim0": 0.8, "dim1": -0.6, "episode_rewards": -6.24831586144271, "episode_std_rewards": 0.980312455263379, "episode_value_ests": 11.386399057797048, "episode_values": -5.094370632354784, "episode_td_err": 33.393762665485404, "episode_avg_len": 4.96746392469513, "episode_std_avg_len": 0.22003660519587126, "step_rewards": -1.257848261439803, "step_value_ests": 11.370912860902422, "step_values": -5.10997301015703, "step_td_err": 33.299187087046604}