{"dim0": 0.8, "dim1": -0.3333333333333333, "episode_rewards": -3.1396016903675914, "episode_std_rewards": 0.8732532697127293, "episode_value_ests": 11.347602329303768, "episode_values": -2.776811160823009, "episode_td_err": 25.33097897899977, "episode_avg_len": 4.959899811526634, "episode_std_avg_len": 0.21878353089412633, "step_rewards": -0.632996997856946, "step_value_ests": 11.329743811045384, "step_values": -2.7915303316484996, "step_td_err": 25.252619011711182}