{"dim0": 0.8, "dim1": -0.4666666666666667, "episode_rewards": -4.684670611975729, "episode_std_rewards": 0.9276286884973372, "episode_value_ests": 11.363850777161906, "episode_values": -3.9209659684830753, "episode_td_err": 29.23361070761914, "episode_avg_len": 4.962213124922466, "episode_std_avg_len": 0.21902166501764442, "step_rewards": -0.9440688043903649, "step_value_ests": 11.34688816233605, "step_values": -3.935400475005352, "step_td_err": 29.142062366283632}