{"dim0": 0.8, "dim1": 0.8, "episode_rewards": 9.124915786557496, "episode_std_rewards": 0.46586580531010585, "episode_value_ests": 11.269843133115872, "episode_values": 6.522733824484765, "episode_td_err": 5.390597416033302, "episode_avg_len": 4.9772789488091975, "episode_std_avg_len": 0.15586930832503346, "step_rewards": 1.8333141221149782, "step_value_ests": 11.259440055762319, "step_values": 6.526022597051947, "step_td_err": 5.371402024373132}