{"dim0": 0.8, "dim1": 0.2, "episode_rewards": 3.0037888630381024, "episode_std_rewards": 0.6788802519921455, "episode_value_ests": 11.28899681276837, "episode_values": 1.8618299554764413, "episode_td_err": 13.068688580780663, "episode_avg_len": 4.961770324245205, "episode_std_avg_len": 0.1963526654750934, "step_rewards": 0.605386518670641, "step_value_ests": 11.272373383331646, "step_values": 1.8575515585210067, "step_td_err": 13.019543770506635}