{"dim0": 0.8, "dim1": -0.2, "episode_rewards": -1.58723368959506, "episode_std_rewards": 0.8275273681641501, "episode_value_ests": 11.331527651617376, "episode_values": -1.6067796770181972, "episode_td_err": 21.84197081016594, "episode_avg_len": 4.958424236414121, "episode_std_avg_len": 0.2155036537590043, "step_rewards": -0.3201084888901984, "step_value_ests": 11.313358195146135, "step_values": -1.6180989870740476, "step_td_err": 21.765608340968424}