{"dim0": 0.8, "dim1": 0.8666666666666667, "episode_rewards": 9.678963504497814, "episode_std_rewards": 0.44451446253138205, "episode_value_ests": 11.275957499928955, "episode_values": 6.947313106512652, "episode_td_err": 4.888307456069403, "episode_avg_len": 4.981171548117155, "episode_std_avg_len": 0.146501141424044, "step_rewards": 1.943109850965962, "step_value_ests": 11.266980310622497, "step_values": 6.950471510399106, "step_td_err": 4.87346168154335}