{"dim0": 0.8, "dim1": 0.7333333333333333, "episode_rewards": 8.521185348608102, "episode_std_rewards": 0.49311478125226643, "episode_value_ests": 11.262670464835306, "episode_values": 6.068672867489797, "episode_td_err": 5.9649856986634715, "episode_avg_len": 4.975075246884406, "episode_std_avg_len": 0.16122968091873885, "step_rewards": 1.7127751693694309, "step_value_ests": 11.251422538440242, "step_values": 6.071354389370205, "step_td_err": 5.9438634900955325}