{"dim0": 0.8, "dim1": -0.5333333333333333, "episode_rewards": -5.439624530671378, "episode_std_rewards": 0.9519323201150105, "episode_value_ests": 11.374391559906103, "episode_values": -4.4906574319441255, "episode_td_err": 31.235142406324208, "episode_avg_len": 4.9655146730224935, "episode_std_avg_len": 0.22009278322961717, "step_rewards": -1.0954805068293747, "step_value_ests": 11.358561860802386, "step_values": -4.506159716698863, "step_td_err": 31.144091136656964}