{"dim0": 0.8, "dim1": 0.5333333333333333, "episode_rewards": 6.583747954563339, "episode_std_rewards": 0.5636900548460538, "episode_value_ests": 11.267169492311838, "episode_values": 4.589612601682239, "episode_td_err": 8.068796821835159, "episode_avg_len": 4.9680800854509775, "episode_std_avg_len": 0.179561730965363, "step_rewards": 1.3252097070342816, "step_value_ests": 11.2530734702795, "step_values": 4.590166554797888, "step_td_err": 8.036999458980434}