{"dim0": 0.8, "dim1": -0.26666666666666666, "episode_rewards": -2.355052905920864, "episode_std_rewards": 0.8540321084829094, "episode_value_ests": 11.339154603659686, "episode_values": -2.1903182054453745, "episode_td_err": 23.587535147397748, "episode_avg_len": 4.958472790380563, "episode_std_avg_len": 0.21882644065327403, "step_rewards": -0.4749552948015902, "step_value_ests": 11.320735647688135, "step_values": -2.204393543168942, "step_td_err": 23.51294479491173}