{"dim0": 0.8, "dim1": 0.3333333333333333, "episode_rewards": 4.496724034446376, "episode_std_rewards": 0.6336669627122477, "episode_value_ests": 11.282748685462634, "episode_values": 2.996322532889241, "episode_td_err": 10.814466509733549, "episode_avg_len": 4.962090011412693, "episode_std_avg_len": 0.1945820974861249, "step_rewards": 0.906215732504653, "step_value_ests": 11.266237281836787, "step_values": 2.9943124706073845, "step_td_err": 10.76956697154275}