{"dim0": 0.8, "dim1": 0.4666666666666667, "episode_rewards": 5.867025921180834, "episode_std_rewards": 0.583171131996469, "episode_value_ests": 11.273831786901034, "episode_values": 4.0433106865879385, "episode_td_err": 8.939327552084162, "episode_avg_len": 4.966155985399648, "episode_std_avg_len": 0.1821955210989484, "step_rewards": 1.1814018605999728, "step_value_ests": 11.25912646697464, "step_values": 4.043364721649845, "step_td_err": 8.903348577100394}