{"dim0": 0.8, "dim1": -0.6666666666666666, "episode_rewards": -7.01084023261894, "episode_std_rewards": 1.0133226894370122, "episode_value_ests": 11.39108117682674, "episode_values": -5.649477050005658, "episode_td_err": 35.52207299589293, "episode_avg_len": 4.972922571982695, "episode_std_avg_len": 0.21812499655076986, "step_rewards": -1.4098028133632758, "step_value_ests": 11.377260912659445, "step_values": -5.662913946511205, "step_td_err": 35.419082018994196}