{"dim0": 0.8, "dim1": -0.8666666666666667, "episode_rewards": -9.36935934143243, "episode_std_rewards": 1.1001849337244571, "episode_value_ests": 11.425358230489666, "episode_values": -7.3954357026761715, "episode_td_err": 42.47012076445875, "episode_avg_len": 4.98467213319044, "episode_std_avg_len": 0.2152831103076436, "step_rewards": -1.8796340242814669, "step_value_ests": 11.415226382802949, "step_values": -7.4090278232327735, "step_td_err": 42.36843656089081}