{"dim0": 0.8, "dim1": 0.4, "episode_rewards": 5.1603537832440525, "episode_std_rewards": 0.6085628625029047, "episode_value_ests": 11.277476911265559, "episode_values": 3.509762874589115, "episode_td_err": 9.85397291060092, "episode_avg_len": 4.962853598014888, "episode_std_avg_len": 0.19172663517606953, "step_rewards": 1.0397956903883208, "step_value_ests": 11.26133123698478, "step_values": 3.5079656524327905, "step_td_err": 9.815122689365763}