{"dim0": 0.8, "dim1": -0.9333333333333333, "episode_rewards": -10.15229514832831, "episode_std_rewards": 1.1318328750056093, "episode_value_ests": 11.428427088568064, "episode_values": -7.9628076297281005, "episode_td_err": 44.88217519948044, "episode_avg_len": 4.989795918367347, "episode_std_avg_len": 0.21604392969304606, "step_rewards": -2.0346112976199886, "step_value_ests": 11.419501095978468, "step_values": -7.9755713694216475, "step_td_err": 44.77619103283351}