{"dim0": 0.8666666666666667, "dim1": 0.4, "episode_rewards": 2.908235284188943, "episode_std_rewards": 0.6228984572655999, "episode_value_ests": 11.260267256340464, "episode_values": 1.9709279999852505, "episode_td_err": 12.547652837823204, "episode_avg_len": 4.969512498136461, "episode_std_avg_len": 0.1726455501641681, "step_rewards": 0.5852154080062208, "step_value_ests": 11.247017641242975, "step_values": 1.9665233047451596, "step_td_err": 12.513172691824735}