{"dim0": 0.8666666666666667, "dim1": -0.4666666666666667, "episode_rewards": -6.859815354385555, "episode_std_rewards": 0.9405916263291285, "episode_value_ests": 11.347452899728788, "episode_values": -5.423999150935183, "episode_td_err": 33.94098338467141, "episode_avg_len": 4.963863794301599, "episode_std_avg_len": 0.20354897972333189, "step_rewards": -1.3819507622792684, "step_value_ests": 11.331734617222306, "step_values": -5.441693681845751, "step_td_err": 33.86334745434735}