{"dim0": 0.8666666666666667, "dim1": -0.8, "episode_rewards": -10.659453446749588, "episode_std_rewards": 1.0851921669945352, "episode_value_ests": 11.388770187344086, "episode_values": -8.240444722632516, "episode_td_err": 45.44083566083277, "episode_avg_len": 4.977105315548477, "episode_std_avg_len": 0.1993504838886838, "step_rewards": -2.1416973865209274, "step_value_ests": 11.377212894766405, "step_values": -8.256868381799675, "step_td_err": 45.3507475002853}