{"dim0": 0.8666666666666667, "dim1": -0.6, "episode_rewards": -8.4251528431313, "episode_std_rewards": 0.9965604052210262, "episode_value_ests": 11.35679301148734, "episode_values": -6.593497422308944, "episode_td_err": 38.47171121465496, "episode_avg_len": 4.969314483067061, "episode_std_avg_len": 0.19883024295901144, "step_rewards": -1.6954356323875275, "step_value_ests": 11.342860271227062, "step_values": -6.609456970557705, "step_td_err": 38.38360920730339}