{"dim0": 0.8666666666666667, "dim1": -0.8666666666666667, "episode_rewards": -11.450463842963035, "episode_std_rewards": 1.1184993344067602, "episode_value_ests": 11.395395189351415, "episode_values": -8.830409410691969, "episode_td_err": 47.97680892376723, "episode_avg_len": 4.982486734261728, "episode_std_avg_len": 0.1925784892762554, "step_rewards": -2.298142364178254, "step_value_ests": 11.385609481556452, "step_values": -8.843619233607015, "step_td_err": 47.88141661341661}