{"dim0": 0.8666666666666667, "dim1": -0.13333333333333333, "episode_rewards": -3.0613639668902106, "episode_std_rewards": 0.8051785978358622, "episode_value_ests": 11.302344286551666, "episode_values": -2.567808852783092, "episode_td_err": 24.187144628055098, "episode_avg_len": 4.962656013498425, "episode_std_avg_len": 0.19578428961544647, "step_rewards": -0.616880146148212, "step_value_ests": 11.286368447812647, "step_values": -2.5787380419355044, "step_td_err": 24.116965926498974}