{"dim0": 0.8666666666666667, "dim1": 0.06666666666666667, "episode_rewards": -0.7746070527939071, "episode_std_rewards": 0.7367805435145465, "episode_value_ests": 11.287101550590119, "episode_values": -0.8321739509424935, "episode_td_err": 19.211158156068734, "episode_avg_len": 4.963962175175597, "episode_std_avg_len": 0.18916002861828055, "step_rewards": -0.15604612312874963, "step_value_ests": 11.271673314921884, "step_values": -0.8413710656120666, "step_td_err": 19.158487575148254}