{"dim0": 0.8666666666666667, "dim1": 0.3333333333333333, "episode_rewards": 2.165568933916072, "episode_std_rewards": 0.6449757223961953, "episode_value_ests": 11.262673799023117, "episode_values": 1.4052427165502042, "episode_td_err": 13.750197788412885, "episode_avg_len": 4.967167515211722, "episode_std_avg_len": 0.1790322270191436, "step_rewards": 0.4359766259712636, "step_value_ests": 11.248531510032496, "step_values": 1.4004732862300289, "step_td_err": 13.70899625604077}