{"dim0": 0.8666666666666667, "dim1": 0.0, "episode_rewards": -1.560215420566034, "episode_std_rewards": 0.7604340883967735, "episode_value_ests": 11.293999202769394, "episode_values": -1.4342714340107543, "episode_td_err": 20.818392130596802, "episode_avg_len": 4.962459370270203, "episode_std_avg_len": 0.19267540787168883, "step_rewards": -0.31440366643869994, "step_value_ests": 11.278008392760617, "step_values": -1.445474652128358, "step_td_err": 20.763857681000538}