{"dim0": 0.8666666666666667, "dim1": -0.7333333333333333, "episode_rewards": -9.914288417313179, "episode_std_rewards": 1.0564838351379422, "episode_value_ests": 11.375239479526757, "episode_values": -7.7021558534353565, "episode_td_err": 43.05616264956157, "episode_avg_len": 4.975891924167787, "episode_std_avg_len": 0.1954627440054448, "step_rewards": -1.9924645809045252, "step_value_ests": 11.363579090252092, "step_values": -7.71672003775617, "step_td_err": 42.96450526780778}