{"dim0": 0.8666666666666667, "dim1": 0.13333333333333333, "episode_rewards": -0.05584471612508647, "episode_std_rewards": 0.7161382254000452, "episode_value_ests": 11.280469752657217, "episode_values": -0.29380880196028747, "episode_td_err": 17.733532877015996, "episode_avg_len": 4.965810904757175, "episode_std_avg_len": 0.18294020139648245, "step_rewards": -0.011245840245666229, "step_value_ests": 11.265824823473931, "step_values": -0.3018788564341415, "step_td_err": 17.686532328492248}