{"dim0": 0.8666666666666667, "dim1": -0.26666666666666666, "episode_rewards": -4.572702614370456, "episode_std_rewards": 0.857839386144183, "episode_value_ests": 11.319339870125468, "episode_values": -3.7160252235497264, "episode_td_err": 27.87467291309384, "episode_avg_len": 4.962114821614648, "episode_std_avg_len": 0.19806219796575775, "step_rewards": -0.9215229350300526, "step_value_ests": 11.30314244990026, "step_values": -3.7299572640883176, "step_td_err": 27.803556533839224}