{"dim0": 0.8666666666666667, "dim1": 0.2, "episode_rewards": 0.7024025645303822, "episode_std_rewards": 0.6910511577719115, "episode_value_ests": 11.278953799311939, "episode_values": 0.2909724328108162, "episode_td_err": 16.312430224712468, "episode_avg_len": 4.965465875518261, "episode_std_avg_len": 0.18462481879001966, "step_rewards": 0.14145753533288968, "step_value_ests": 11.264056659837522, "step_values": 0.2838171579946774, "step_td_err": 16.265513373432032}