{"dim0": 0.8666666666666667, "dim1": -0.3333333333333333, "episode_rewards": -5.347375545495066, "episode_std_rewards": 0.884391842875475, "episode_value_ests": 11.325666689487987, "episode_values": -4.292096121481373, "episode_td_err": 29.832605882508854, "episode_avg_len": 4.963198252971686, "episode_std_avg_len": 0.20077665226075078, "step_rewards": -1.0774051877321962, "step_value_ests": 11.309703770524976, "step_values": -4.307215893847396, "step_td_err": 29.759448913424457}