{"dim0": 0.8666666666666667, "dim1": 0.6, "episode_rewards": 4.984387748155871, "episode_std_rewards": 0.5633320063416728, "episode_value_ests": 11.246864766784933, "episode_values": 3.5663685472301205, "episode_td_err": 9.59256705086066, "episode_avg_len": 4.9728237897511125, "episode_std_avg_len": 0.16335942748582383, "step_rewards": 1.0023254309610954, "step_value_ests": 11.23488248497125, "step_values": 3.5652033832476016, "step_td_err": 9.564644073795138}