{"dim0": 0.8666666666666667, "dim1": -0.9333333333333333, "episode_rewards": -12.299888681148522, "episode_std_rewards": 1.1461938639499079, "episode_value_ests": 11.402178505441254, "episode_values": -9.467964744685627, "episode_td_err": 50.817357813625634, "episode_avg_len": 4.9858902128932545, "episode_std_avg_len": 0.19285834862905765, "step_rewards": -2.4669393339912795, "step_value_ests": 11.393400316960255, "step_values": -9.479914602928558, "step_td_err": 50.715008783233706}