{"dim0": 0.8666666666666667, "dim1": -0.4, "episode_rewards": -6.141718030071654, "episode_std_rewards": 0.9208617532395172, "episode_value_ests": 11.333187591078824, "episode_values": -4.879104536781039, "episode_td_err": 31.98850183835212, "episode_avg_len": 4.964183772245526, "episode_std_avg_len": 0.2004807683872555, "step_rewards": -1.2372060165076193, "step_value_ests": 11.31768715059008, "step_values": -4.893028574181858, "step_td_err": 31.904705920734607}