{"dim0": 0.8666666666666667, "dim1": -1.0, "episode_rewards": -12.99118634592987, "episode_std_rewards": 1.1729597394859497, "episode_value_ests": 11.418664496535555, "episode_values": -9.981631623446717, "episode_td_err": 53.25327683036227, "episode_avg_len": 4.988327430538235, "episode_std_avg_len": 0.19601820468101014, "step_rewards": -2.604317083597725, "step_value_ests": 11.41042948337132, "step_values": -9.99482105210191, "step_td_err": 53.147233620220916}