{"dim0": 0.8666666666666667, "dim1": 1.0, "episode_rewards": 8.781634910550856, "episode_std_rewards": 0.4330532662441811, "episode_value_ests": 11.242890740077593, "episode_values": 6.490829710102123, "episode_td_err": 5.397939855875379, "episode_avg_len": 4.983206677463561, "episode_std_avg_len": 0.1311828963746581, "step_rewards": 1.7622457744459208, "step_value_ests": 11.235296712116819, "step_values": 6.493160010069841, "step_td_err": 5.384125727349766}