{"dim0": 0.8666666666666667, "dim1": 0.26666666666666666, "episode_rewards": 1.4208625797900352, "episode_std_rewards": 0.666053669315086, "episode_value_ests": 11.270964158390825, "episode_values": 0.8318943429038187, "episode_td_err": 15.015077542058254, "episode_avg_len": 4.966822290652628, "episode_std_avg_len": 0.18020623403847422, "step_rewards": 0.2860707503999177, "step_value_ests": 11.256707442979327, "step_values": 0.8262794004867775, "step_td_err": 14.970798921266287}