{"dim0": 0.8666666666666667, "dim1": 0.8, "episode_rewards": 6.9838498153512845, "episode_std_rewards": 0.4985036122870505, "episode_value_ests": 11.241160367262196, "episode_values": 5.117098427671192, "episode_td_err": 7.1817572399343, "episode_avg_len": 4.97695714925596, "episode_std_avg_len": 0.15037092446969316, "step_rewards": 1.4032368786609604, "step_value_ests": 11.23094015559383, "step_values": 5.118357956049355, "step_td_err": 7.160506661180153}