{"dim0": 0.8666666666666667, "dim1": -0.5333333333333333, "episode_rewards": -7.647670331592442, "episode_std_rewards": 0.9698706648902582, "episode_value_ests": 11.34477862629639, "episode_values": -6.017449257729578, "episode_td_err": 36.18129377092203, "episode_avg_len": 4.968302861685214, "episode_std_avg_len": 0.19745715884326964, "step_rewards": -1.5392922984969568, "step_value_ests": 11.330629503110764, "step_values": -6.032793003402496, "step_td_err": 36.09809110855728}