{"dim0": 0.8666666666666667, "dim1": 0.8666666666666667, "episode_rewards": 7.6134575201358015, "episode_std_rewards": 0.47929424850360886, "episode_value_ests": 11.241565706068947, "episode_values": 5.59584540720856, "episode_td_err": 6.518557528288044, "episode_avg_len": 4.977774459294657, "episode_std_avg_len": 0.14892804056685569, "step_rewards": 1.5294902536051458, "step_value_ests": 11.231665814277436, "step_values": 5.597942357215206, "step_td_err": 6.498118814177698}