{"dim0": 0.8666666666666667, "dim1": 0.6666666666666666, "episode_rewards": 5.632984388335445, "episode_std_rewards": 0.5435828775683266, "episode_value_ests": 11.247510374924873, "episode_values": 4.077663740324968, "episode_td_err": 8.75058659695015, "episode_avg_len": 4.973466951807828, "episode_std_avg_len": 0.1613318977754885, "step_rewards": 1.13260718185488, "step_value_ests": 11.23575682412066, "step_values": 4.077572824782429, "step_td_err": 8.7230814704847}