{"dim0": 0.8666666666666667, "dim1": -0.6666666666666666, "episode_rewards": -9.177952965557939, "episode_std_rewards": 1.0288151860655204, "episode_value_ests": 11.366445744181673, "episode_values": -7.158458488823843, "episode_td_err": 40.759067602943375, "episode_avg_len": 4.971859696223929, "episode_std_avg_len": 0.19781698059709374, "step_rewards": -1.8459798800292955, "step_value_ests": 11.3534451170192, "step_values": -7.174377499896403, "step_td_err": 40.669271590123486}