{"dim0": 0.8666666666666667, "dim1": 0.7333333333333333, "episode_rewards": 6.314729887053858, "episode_std_rewards": 0.5237436169630417, "episode_value_ests": 11.246400274212279, "episode_values": 4.607183073443964, "episode_td_err": 7.947939282688432, "episode_avg_len": 4.973887092762994, "episode_std_avg_len": 0.16009365632762526, "step_rewards": 1.269576443792178, "step_value_ests": 11.234843519231454, "step_values": 4.607703696542627, "step_td_err": 7.923766486726108}