{"dim0": 0.9333333333333333, "dim1": 0.8666666666666667, "episode_rewards": 5.343759354354262, "episode_std_rewards": 0.5041738999234231, "episode_value_ests": 11.22787802454039, "episode_values": 4.087766985260861, "episode_td_err": 8.705705549006861, "episode_avg_len": 4.979906379164384, "episode_std_avg_len": 0.14085191581153925, "step_rewards": 1.0730642199845795, "step_value_ests": 11.21892463771744, "step_values": 4.087885378193522, "step_td_err": 8.685193808909066}