{"dim0": 0.9333333333333333, "dim1": -0.13333333333333333, "episode_rewards": -5.324839859362766, "episode_std_rewards": 0.8144930039625529, "episode_value_ests": 11.299737245511379, "episode_values": -4.115774133491011, "episode_td_err": 28.618022848448106, "episode_avg_len": 4.968302861685214, "episode_std_avg_len": 0.17772649314890981, "step_rewards": -1.0717623316459046, "step_value_ests": 11.286333148824768, "step_values": -4.12695385732144, "step_td_err": 28.55462246163396}