{"dim0": 0.9333333333333333, "dim1": 0.13333333333333333, "episode_rewards": -2.376440132304266, "episode_std_rewards": 0.7196899954209939, "episode_value_ests": 11.271634731980754, "episode_values": -1.881929687694762, "episode_td_err": 21.6399666418958, "episode_avg_len": 4.970821424133217, "episode_std_avg_len": 0.16919052683698954, "step_rewards": -0.47807795322654456, "step_value_ests": 11.259159873753584, "step_values": -1.8907488844458327, "step_td_err": 21.594389230802758}