{"dim0": 0.9333333333333333, "dim1": -0.5333333333333333, "episode_rewards": -9.854319955589729, "episode_std_rewards": 0.9760748536627041, "episode_value_ests": 11.329545805581127, "episode_values": -7.541504519717289, "episode_td_err": 41.54544569626336, "episode_avg_len": 4.972008153930294, "episode_std_avg_len": 0.17924980404986346, "step_rewards": -1.9819597334730925, "step_value_ests": 11.317291715975294, "step_values": -7.556140600616697, "step_td_err": 41.46982034020696}