{"dim0": 0.9333333333333333, "dim1": -0.8666666666666667, "episode_rewards": -13.55995118380566, "episode_std_rewards": 1.1219588194223535, "episode_value_ests": 11.373939838802745, "episode_values": -10.29879707092938, "episode_td_err": 53.94848772849785, "episode_avg_len": 4.9831572652979865, "episode_std_avg_len": 0.17538748861189207, "step_rewards": -2.7211565804345113, "step_value_ests": 11.36536010919515, "step_values": -10.311298675498676, "step_td_err": 53.86094138962116}