{"dim0": 0.9333333333333333, "dim1": 0.5333333333333333, "episode_rewards": 1.939848051942121, "episode_std_rewards": 0.5927709492525927, "episode_value_ests": 11.248653282522607, "episode_values": 1.4465721659275828, "episode_td_err": 13.465499369037596, "episode_avg_len": 4.975248140501008, "episode_std_avg_len": 0.15536796629400365, "step_rewards": 0.3898997592001066, "step_value_ests": 11.237804218827188, "step_values": 1.4430942428952727, "step_td_err": 13.434995234465012}