{"dim0": 0.9333333333333333, "dim1": 0.3333333333333333, "episode_rewards": -0.18277839841967283, "episode_std_rewards": 0.6540575662070507, "episode_value_ests": 11.261481017268618, "episode_values": -0.19290894417447566, "episode_td_err": 17.171412675509256, "episode_avg_len": 4.973244479809031, "episode_std_avg_len": 0.16182971507355098, "step_rewards": -0.03675234530732167, "step_value_ests": 11.249984599292956, "step_values": -0.19894594276312585, "step_td_err": 17.13482776446904}