{"dim0": 0.9333333333333333, "dim1": 0.0, "episode_rewards": -3.8340052077304985, "episode_std_rewards": 0.7687091695235386, "episode_value_ests": 11.281118013362777, "episode_values": -2.98173793032373, "episode_td_err": 24.97585299146623, "episode_avg_len": 4.969166935824492, "episode_std_avg_len": 0.1745814263763282, "step_rewards": -0.7715589468507872, "step_value_ests": 11.267971993317065, "step_values": -2.9920106236976016, "step_td_err": 24.922394379969415}