{"dim0": 0.9333333333333333, "dim1": 0.2, "episode_rewards": -1.6177185759889823, "episode_std_rewards": 0.699797167522614, "episode_value_ests": 11.27033825440513, "episode_values": -1.2917874217094654, "episode_td_err": 20.055358003209776, "episode_avg_len": 4.972155926809865, "episode_std_avg_len": 0.16543007626766734, "step_rewards": -0.3253555600029041, "step_value_ests": 11.258326021303162, "step_values": -1.299617805142268, "step_td_err": 20.01515163789767}