{"dim0": 0.9333333333333333, "dim1": -0.06666666666666667, "episode_rewards": -4.613778897129041, "episode_std_rewards": 0.7885087004583735, "episode_value_ests": 11.290274534690742, "episode_values": -3.580809034610562, "episode_td_err": 26.842658323672744, "episode_avg_len": 4.969290399522958, "episode_std_avg_len": 0.17481873892147604, "step_rewards": -0.9284582960923264, "step_value_ests": 11.277181383375448, "step_values": -3.5918603269816587, "step_td_err": 26.787329639698456}