{"dim0": 0.9333333333333333, "dim1": 0.6, "episode_rewards": 2.6315965851107643, "episode_std_rewards": 0.5753283897889011, "episode_value_ests": 11.24306064556817, "episode_values": 1.974945093537206, "episode_td_err": 12.394610505914203, "episode_avg_len": 4.976337986116294, "episode_std_avg_len": 0.1521574361222156, "step_rewards": 0.5288219153226271, "step_value_ests": 11.232624839133786, "step_values": 1.9722078791810729, "step_td_err": 12.366581829438104}