{"dim0": 0.9333333333333333, "dim1": 0.4666666666666667, "episode_rewards": 1.2499315681070282, "episode_std_rewards": 0.6205619989660686, "episode_value_ests": 11.25229224609746, "episode_values": 0.9058852316992239, "episode_td_err": 14.643817111559077, "episode_avg_len": 4.974184241941902, "episode_std_avg_len": 0.15874207394068407, "step_rewards": 0.2512837296149408, "step_value_ests": 11.241138496264435, "step_values": 0.9012695947940175, "step_td_err": 14.611125985911013}