{"dim0": 0.9333333333333333, "dim1": -0.7333333333333333, "episode_rewards": -12.105144843678346, "episode_std_rewards": 1.0574005885972029, "episode_value_ests": 11.361740968777758, "episode_values": -9.216027341977064, "episode_td_err": 49.001213046678224, "episode_avg_len": 4.974802875407308, "episode_std_avg_len": 0.18239530552822758, "step_rewards": -2.4332913578384243, "step_value_ests": 11.35020081548804, "step_values": -9.23131268536175, "step_td_err": 48.90888090944402}