{"dim0": 0.9333333333333333, "dim1": 0.6666666666666666, "episode_rewards": 3.282000765901548, "episode_std_rewards": 0.5647518612228692, "episode_value_ests": 11.236610463615094, "episode_values": 2.4896789244984303, "episode_td_err": 11.398439128519286, "episode_avg_len": 4.978542802379708, "episode_std_avg_len": 0.14490267868668255, "step_rewards": 0.6592291954048833, "step_value_ests": 11.227187160207725, "step_values": 2.4878948862713828, "step_td_err": 11.37408665935175}