{"dim0": 0.9333333333333333, "dim1": 0.4, "episode_rewards": 0.5345742324129049, "episode_std_rewards": 0.6342955392492357, "episode_value_ests": 11.256461659202845, "episode_values": 0.3593400125583658, "episode_td_err": 15.876993644370838, "episode_avg_len": 4.974060533711358, "episode_std_avg_len": 0.15911112621447407, "step_rewards": 0.10747240183143415, "step_value_ests": 11.245182541837341, "step_values": 0.3542000168700574, "step_td_err": 15.842920427087622}