{"dim0": 0.9333333333333333, "dim1": -0.8, "episode_rewards": -12.860917681362661, "episode_std_rewards": 1.0916071591864767, "episode_value_ests": 11.367139938635315, "episode_values": -9.79042989223702, "episode_td_err": 51.54983353745312, "episode_avg_len": 4.980799402316025, "episode_std_avg_len": 0.17545829767931004, "step_rewards": -2.5820991054934783, "step_value_ests": 11.357750705084305, "step_values": -9.804635226831873, "step_td_err": 51.47036386044444}