{"dim0": 0.9333333333333333, "dim1": -0.4666666666666667, "episode_rewards": -9.105718856974997, "episode_std_rewards": 0.9482709864998583, "episode_value_ests": 11.330332203060857, "episode_values": -6.965602609750652, "episode_td_err": 39.30133002106065, "episode_avg_len": 4.96775956284153, "episode_std_avg_len": 0.18635467632763603, "step_rewards": -1.832962876280304, "step_value_ests": 11.31642522959058, "step_values": -6.981553628606293, "step_td_err": 39.222856441266615}