{"dim0": 0.9333333333333333, "dim1": -0.3333333333333333, "episode_rewards": -7.609693545177355, "episode_std_rewards": 0.8879894683563446, "episode_value_ests": 11.310048850248283, "episode_values": -5.8505947451120885, "episode_td_err": 34.82695839337007, "episode_avg_len": 4.969981611251926, "episode_std_avg_len": 0.17735036815200603, "step_rewards": -1.5311311269138663, "step_value_ests": 11.29709963647744, "step_values": -5.8630387748163155, "step_td_err": 34.75630551681909}