{"dim0": 0.9333333333333333, "dim1": -1.0, "episode_rewards": -15.086310902690302, "episode_std_rewards": 1.1836323931954493, "episode_value_ests": 11.396167416007776, "episode_values": -11.429558260697565, "episode_td_err": 59.56070035191014, "episode_avg_len": 4.9873073662161485, "episode_std_avg_len": 0.17331154652847644, "step_rewards": -3.0249410743930607, "step_value_ests": 11.388723972393334, "step_values": -11.442283104066592, "step_td_err": 59.47445766148251}