{"dim0": 0.9333333333333333, "dim1": -0.2, "episode_rewards": -6.089634461780709, "episode_std_rewards": 0.8440455781138806, "episode_value_ests": 11.301153787288488, "episode_values": -4.704995874588773, "episode_td_err": 30.651186590979698, "episode_avg_len": 4.96793263618073, "episode_std_avg_len": 0.17925392971549078, "step_rewards": -1.2257884532150836, "step_value_ests": 11.287611275865808, "step_values": -4.718108936709114, "step_td_err": 30.589793972920194}