{"dim0": 0.9333333333333333, "dim1": -0.6, "episode_rewards": -10.64824969457663, "episode_std_rewards": 1.0032996207376383, "episode_value_ests": 11.339753633683454, "episode_values": -8.139338034102776, "episode_td_err": 44.09605371403834, "episode_avg_len": 4.973689445936536, "episode_std_avg_len": 0.17939763996477004, "step_rewards": -2.140915674434833, "step_value_ests": 11.32788326329435, "step_values": -8.153414351164937, "step_td_err": 44.01169448848103}