{"dim0": 0.9333333333333333, "dim1": 0.7333333333333333, "episode_rewards": 4.008915203331518, "episode_std_rewards": 0.5418351583159533, "episode_value_ests": 11.236433365658863, "episode_values": 3.0459780599684447, "episode_td_err": 10.401310968771407, "episode_avg_len": 4.9782949595519606, "episode_std_avg_len": 0.1457186730216439, "step_rewards": 0.8052787622877844, "step_value_ests": 11.226829100398515, "step_values": 3.044154056931647, "step_td_err": 10.379264477071448}