{"dim0": 0.9333333333333333, "dim1": -0.4, "episode_rewards": -8.332826439015903, "episode_std_rewards": 0.9190548022049818, "episode_value_ests": 11.318279996953859, "episode_values": -6.386631082834367, "episode_td_err": 36.997496084335495, "episode_avg_len": 4.9671426797466784, "episode_std_avg_len": 0.18523210897031014, "step_rewards": -1.6775895069398075, "step_value_ests": 11.304251954802043, "step_values": -6.401736522121677, "step_td_err": 36.92216430517328}