{"dim0": 0.9333333333333333, "dim1": 0.8, "episode_rewards": 4.6859319550178435, "episode_std_rewards": 0.5226922978698216, "episode_value_ests": 11.232425949162186, "episode_values": 3.5752935038594167, "episode_td_err": 9.508248133365429, "episode_avg_len": 4.97844376960223, "episode_std_avg_len": 0.1452293335686974, "step_rewards": 0.941244326917896, "step_value_ests": 11.222865946518333, "step_values": 3.5745983598544115, "step_td_err": 9.486267037830338}