{"dim0": 1.0, "dim1": 0.7333333333333333, "episode_rewards": 1.577581122530679, "episode_std_rewards": 0.5533225234511568, "episode_value_ests": 11.23422457229448, "episode_values": 1.395460723337448, "episode_td_err": 13.465429303415862, "episode_avg_len": 4.981866188412295, "episode_std_avg_len": 0.1334352894290206, "step_rewards": 0.31666469207866244, "step_value_ests": 11.226250421575491, "step_values": 1.392783775092472, "step_td_err": 13.443099411932241}