{"dim0": 1.0, "dim1": 0.6, "episode_rewards": 0.2642569725699309, "episode_std_rewards": 0.588619080570958, "episode_value_ests": 11.238291310684504, "episode_values": 0.36364711343420775, "episode_td_err": 15.66843772644619, "episode_avg_len": 4.982387524288775, "episode_std_avg_len": 0.1315381177094558, "step_rewards": 0.05303822139118997, "step_value_ests": 11.230569103556139, "step_values": 0.3603829423114546, "step_td_err": 15.644743017270518}