{"dim0": 1.0, "dim1": -0.9333333333333333, "episode_rewards": -16.491274170768147, "episode_std_rewards": 1.1568847437276568, "episode_value_ests": 11.376276513610998, "episode_values": -12.373690528736423, "episode_td_err": 63.48593339282145, "episode_avg_len": 4.984473520249221, "episode_std_avg_len": 0.15844469956130441, "step_rewards": -3.3085287952224074, "step_value_ests": 11.368592227277807, "step_values": -12.387276776820045, "step_td_err": 63.409332698596444}