{"dim0": 1.0, "dim1": 0.2, "episode_rewards": -4.041666648833269, "episode_std_rewards": 0.7037172739784787, "episode_value_ests": 11.264552349531744, "episode_values": -2.9637894995539256, "episode_td_err": 24.443082719588205, "episode_avg_len": 4.9772789488091975, "episode_std_avg_len": 0.14901276798847482, "step_rewards": -0.812023334516991, "step_value_ests": 11.254876831363422, "step_values": -2.9709100034983016, "step_td_err": 24.403786843227657}