{"dim0": 1.0, "dim1": 0.5333333333333333, "episode_rewards": -0.44950297899707775, "episode_std_rewards": 0.608012420006171, "episode_value_ests": 11.246399842726461, "episode_values": -0.1899463036315305, "episode_td_err": 16.953203149647845, "episode_avg_len": 4.981171548117155, "episode_std_avg_len": 0.13591887757975551, "step_rewards": -0.09024041325518822, "step_value_ests": 11.238184317044112, "step_values": -0.1940980795369343, "step_td_err": 16.926763893837432}