{"dim0": 1.0, "dim1": -0.5333333333333333, "episode_rewards": -12.090769920235541, "episode_std_rewards": 0.9825817681763049, "episode_value_ests": 11.327976293739402, "episode_values": -9.079372601167192, "episode_td_err": 47.525581034757245, "episode_avg_len": 4.974802875407308, "episode_std_avg_len": 0.16597313451784315, "step_rewards": -2.430401811498032, "step_value_ests": 11.31706252331566, "step_values": -9.093276815475097, "step_td_err": 47.451318727599684}