{"dim0": 1.0, "dim1": -0.06666666666666667, "episode_rewards": -6.898349723793603, "episode_std_rewards": 0.7949359299037192, "episode_value_ests": 11.282468769407783, "episode_values": -5.152338269394829, "episode_td_err": 31.671013045331858, "episode_avg_len": 4.974060533711358, "episode_std_avg_len": 0.15989074715229293, "step_rewards": -1.3868648515715691, "step_value_ests": 11.271478255651468, "step_values": -5.1635877279445594, "step_td_err": 31.6233477237999}