{"dim0": 1.0, "dim1": 0.8, "episode_rewards": 2.2433197422965696, "episode_std_rewards": 0.5355725038538754, "episode_value_ests": 11.228267649033716, "episode_values": 1.9160797897966273, "episode_td_err": 12.4223214107431, "episode_avg_len": 4.98415071770335, "episode_std_avg_len": 0.12489228377818937, "step_rewards": 0.45009067128095814, "step_value_ests": 11.221283297173919, "step_values": 1.9141958791271663, "step_td_err": 12.404231890269685}