{"dim0": 1.0, "dim1": -0.8666666666666667, "episode_rewards": -15.759351915545833, "episode_std_rewards": 1.136544646332772, "episode_value_ests": 11.36274354958501, "episode_values": -11.820642812044767, "episode_td_err": 60.607402074550365, "episode_avg_len": 4.9832814251899835, "episode_std_avg_len": 0.15624389551219497, "step_rewards": -3.1624446967582247, "step_value_ests": 11.354742074331382, "step_values": -11.8341792387013, "step_td_err": 60.537996716299936}