{"dim0": 1.0, "dim1": -0.3333333333333333, "episode_rewards": -9.904711353565277, "episode_std_rewards": 0.8980761104480653, "episode_value_ests": 11.30488597335334, "episode_values": -7.431310353283191, "episode_td_err": 40.388399146104604, "episode_avg_len": 4.972774062010493, "episode_std_avg_len": 0.16636752106400296, "step_rewards": -1.9917879296452095, "step_value_ests": 11.293359823591858, "step_values": -7.444622603603978, "step_td_err": 40.32408418492377}