{"dim0": 1.0, "dim1": -0.8, "episode_rewards": -14.978985228268149, "episode_std_rewards": 1.105788973599334, "episode_value_ests": 11.356144569099534, "episode_values": -11.236795589752406, "episode_td_err": 57.766692399273516, "episode_avg_len": 4.980476629230271, "episode_std_avg_len": 0.1603633531799553, "step_rewards": -3.0075405113552636, "step_value_ests": 11.347178803985779, "step_values": -11.251524443261353, "step_td_err": 57.69591663119892}