{"dim0": 1.0, "dim1": 0.13333333333333333, "episode_rewards": -4.698084376364309, "episode_std_rewards": 0.7249469630467595, "episode_value_ests": 11.271371439457386, "episode_values": -3.4648713379203415, "episode_td_err": 26.03257717347141, "episode_avg_len": 4.976560750454104, "episode_std_avg_len": 0.15162249453390525, "step_rewards": -0.9440424043724605, "step_value_ests": 11.261331342525514, "step_values": -3.473070221555106, "step_td_err": 25.99124429260582}