{"dim0": 1.0, "dim1": 0.6666666666666666, "episode_rewards": 0.9162599710948708, "episode_std_rewards": 0.5702020811220802, "episode_value_ests": 11.239938304680816, "episode_values": 0.877704115039504, "episode_td_err": 14.545075647176088, "episode_avg_len": 4.982263408315273, "episode_std_avg_len": 0.13199244296601367, "step_rewards": 0.183904361532884, "step_value_ests": 11.232129820025223, "step_values": 0.8745147724049225, "step_td_err": 14.523317974352203}