{"dim0": 1.0, "dim1": 0.06666666666666667, "episode_rewards": -5.458522637360553, "episode_std_rewards": 0.7475664327968901, "episode_value_ests": 11.274305262671934, "episode_values": -4.057593052575088, "episode_td_err": 27.925481979691565, "episode_avg_len": 4.975297892982413, "episode_std_avg_len": 0.15585545499628556, "step_rewards": -1.097124786248422, "step_value_ests": 11.263772509862335, "step_values": -4.065762705258708, "step_td_err": 27.87490658800243}