{"dim0": 1.0, "dim1": -1.0, "episode_rewards": -17.152566601512802, "episode_std_rewards": 1.2031844626635508, "episode_value_ests": 11.380005141394209, "episode_values": -12.860807647293086, "episode_td_err": 66.07207107470346, "episode_avg_len": 4.98907403711834, "episode_std_avg_len": 0.15076589112861252, "step_rewards": -3.4380260693465328, "step_value_ests": 11.373935619119763, "step_values": -12.870674952686956, "step_td_err": 65.99543734217487}