{"dim0": 1.0, "dim1": 0.0, "episode_rewards": -6.174780508349243, "episode_std_rewards": 0.7720168812993209, "episode_value_ests": 11.280879331000106, "episode_values": -4.597490503489487, "episode_td_err": 29.741043647692102, "episode_avg_len": 4.975396785909747, "episode_std_avg_len": 0.15507304622587675, "step_rewards": -1.2410629290584692, "step_value_ests": 11.270391951320791, "step_values": -4.606882867024913, "step_td_err": 29.693858241679248}