{"dim0": 1.0, "dim1": 0.26666666666666666, "episode_rewards": -3.2644099121545467, "episode_std_rewards": 0.6837118026833064, "episode_value_ests": 11.262201495756655, "episode_values": -2.369340340385204, "episode_td_err": 22.68980962811876, "episode_avg_len": 4.978790669886236, "episode_std_avg_len": 0.14408155478717274, "step_rewards": -0.6556632179575321, "step_value_ests": 11.253083846304843, "step_values": -2.3761804174206134, "step_td_err": 22.6571562720839}