{"dim0": 1.0, "dim1": -0.7333333333333333, "episode_rewards": -14.27388394915901, "episode_std_rewards": 1.0752582217565636, "episode_value_ests": 11.352109009441394, "episode_values": -10.714480959407245, "episode_td_err": 55.23021830725663, "episode_avg_len": 4.97844376960223, "episode_std_avg_len": 0.16223076385711208, "step_rewards": -2.867137726113048, "step_value_ests": 11.3425688436299, "step_values": -10.72833811512227, "step_td_err": 55.152768925772385}