{"dim0": 1.0, "dim1": 0.8666666666666667, "episode_rewards": 2.9292975120662446, "episode_std_rewards": 0.518967786211002, "episode_value_ests": 11.228213328024768, "episode_values": 2.456461687873048, "episode_td_err": 11.433885037486498, "episode_avg_len": 4.9838026414154, "episode_std_avg_len": 0.12623392634106703, "step_rewards": 0.5877635457960919, "step_value_ests": 11.221032679737807, "step_values": 2.455235020955567, "step_td_err": 11.41522341208305}