{"dim0": 1.0, "dim1": -0.6, "episode_rewards": -12.806622843411631, "episode_std_rewards": 1.0154968405144331, "episode_value_ests": 11.333640576967412, "episode_values": -9.619089766287852, "episode_td_err": 49.95465708647371, "episode_avg_len": 4.975619464623346, "episode_std_avg_len": 0.16255215528455008, "step_rewards": -2.57387505906887, "step_value_ests": 11.32323694038391, "step_values": -9.632935606838709, "step_td_err": 49.88343989230227}