{"dim0": 1.0, "dim1": 0.4666666666666667, "episode_rewards": -1.1502569943058227, "episode_std_rewards": 0.6242411242108666, "episode_value_ests": 11.242738112492178, "episode_values": -0.734399028337488, "episode_td_err": 18.28879147932104, "episode_avg_len": 4.981320049813201, "episode_std_avg_len": 0.13539205902791415, "step_rewards": -0.23091409160689394, "step_value_ests": 11.234662714934721, "step_values": -0.7393578237692551, "step_td_err": 18.263258208483276}