{"dim0": 1.0, "dim1": -0.4, "episode_rewards": -10.617245459137692, "episode_std_rewards": 0.9299341784932682, "episode_value_ests": 11.312655528254055, "episode_values": -7.967513677805204, "episode_td_err": 42.67238142118768, "episode_avg_len": 4.972329264351242, "episode_std_avg_len": 0.16807016842270014, "step_rewards": -2.1352659678547985, "step_value_ests": 11.300923880410155, "step_values": -7.981452318854637, "step_td_err": 42.600315381457875}