{"dim0": 1.0, "dim1": -0.26666666666666666, "episode_rewards": -9.131072418566474, "episode_std_rewards": 0.8759687824498275, "episode_value_ests": 11.296464842249508, "episode_values": -6.854236957774525, "episode_td_err": 38.0433856831109, "episode_avg_len": 4.9733184135272905, "episode_std_avg_len": 0.1631447343450526, "step_rewards": -1.8360120264429893, "step_value_ests": 11.285222912355417, "step_values": -6.867213676698036, "step_td_err": 37.98648790977114}