{"dim0": 1.0, "dim1": -0.2, "episode_rewards": -8.390981639198468, "episode_std_rewards": 0.8471638556581498, "episode_value_ests": 11.291839471733232, "episode_values": -6.2830610366885, "episode_td_err": 35.82549625620533, "episode_avg_len": 4.973813135709134, "episode_std_avg_len": 0.16262265363445447, "step_rewards": -1.6870319431496164, "step_value_ests": 11.280670129475586, "step_values": -6.295998046690716, "step_td_err": 35.77394132494048}