{"dim0": 1.0, "dim1": 0.3333333333333333, "episode_rewards": -2.5764634427101307, "episode_std_rewards": 0.6615070260140168, "episode_value_ests": 11.25943133772292, "episode_values": -1.832659601162736, "episode_td_err": 21.21162244311205, "episode_avg_len": 4.978517910039081, "episode_std_avg_len": 0.14498486049181133, "step_rewards": -0.5175161542584279, "step_value_ests": 11.250191875406646, "step_values": -1.8383045453237083, "step_td_err": 21.176564071546938}