{"dim0": 0.13333333333333333, "dim1": -0.6, "episode_rewards": 10.196636498662839, "episode_std_rewards": 0.6877694861270219, "episode_value_ests": 12.073933248324865, "episode_values": 6.558842451594535, "episode_td_err": 5.884079821966673, "episode_avg_len": 6.564695069914002, "episode_std_avg_len": 1.8685287770045997, "step_rewards": 1.5532536378413102, "step_value_ests": 12.040789905871526, "step_values": 6.484488076424086, "step_td_err": 5.680295117695434}