{"dim0": 0.13333333333333333, "dim1": -0.5333333333333333, "episode_rewards": 11.002607268121327, "episode_std_rewards": 0.6638080741227941, "episode_value_ests": 12.094665553919699, "episode_values": 7.0766469210494725, "episode_td_err": 5.230593955776473, "episode_avg_len": 6.694851710517507, "episode_std_avg_len": 1.9526965045939106, "step_rewards": 1.6434430132091506, "step_value_ests": 12.075697586416522, "step_values": 7.0052978140087525, "step_td_err": 5.07375029452441}