{"dim0": 0.13333333333333333, "dim1": -0.7333333333333333, "episode_rewards": 8.6474033103695, "episode_std_rewards": 0.7130280318866631, "episode_value_ests": 12.037961911692255, "episode_values": 5.549612772063053, "episode_td_err": 7.25111277937945, "episode_avg_len": 6.340381689069237, "episode_std_avg_len": 1.667047991122798, "step_rewards": 1.3638616308033236, "step_value_ests": 11.99438249221657, "step_values": 5.478488441582189, "step_td_err": 6.980317093635717}