{"dim0": 0.13333333333333333, "dim1": 0.06666666666666667, "episode_rewards": 16.710502267955967, "episode_std_rewards": 0.5952978286441827, "episode_value_ests": 11.859826482215023, "episode_values": 9.83326611331309, "episode_td_err": 2.1892915962866133, "episode_avg_len": 9.77660458522755, "episode_std_avg_len": 4.175262188181032, "step_rewards": 1.7092337244778761, "step_value_ests": 11.841632355954461, "step_values": 9.93340745758974, "step_td_err": 2.1344668961840756}