{"dim0": 0.13333333333333333, "dim1": -0.9333333333333333, "episode_rewards": 6.058250399365026, "episode_std_rewards": 0.7816706729662649, "episode_value_ests": 11.957824653190476, "episode_values": 3.8042288993329865, "episode_td_err": 9.980022010860806, "episode_avg_len": 6.1356873331901705, "episode_std_avg_len": 1.4851150171849252, "step_rewards": 0.9873792568590872, "step_value_ests": 11.898065532444983, "step_values": 3.728288890053972, "step_td_err": 9.607232554455164}