{"dim0": 0.13333333333333333, "dim1": 0.26666666666666666, "episode_rewards": 18.830260650723687, "episode_std_rewards": 0.5260262250730011, "episode_value_ests": 11.542500749973092, "episode_values": 10.395873160689215, "episode_td_err": 1.7387272953502118, "episode_avg_len": 12.450572709163346, "episode_std_avg_len": 5.7019730955139005, "step_rewards": 1.5124011634312235, "step_value_ests": 11.456299556670908, "step_values": 10.734008616998235, "step_td_err": 1.670656002272756}