{"dim0": 0.13333333333333333, "dim1": 0.6, "episode_rewards": 23.99763364290293, "episode_std_rewards": 0.3500448262375614, "episode_value_ests": 10.747572440074926, "episode_values": 11.97980232983268, "episode_td_err": 1.259568994680002, "episode_avg_len": 20.277372262773724, "episode_std_avg_len": 8.888257774509265, "step_rewards": 1.1834686137788701, "step_value_ests": 10.581228104950371, "step_values": 12.634057964982402, "step_td_err": 1.2232210879211498}