{"dim0": 0.13333333333333333, "dim1": 0.2, "episode_rewards": 18.052078017961406, "episode_std_rewards": 0.5508317171533511, "episode_value_ests": 11.645037364012447, "episode_values": 10.163767830693814, "episode_td_err": 1.8667902480514693, "episode_avg_len": 11.362324603760722, "episode_std_avg_len": 5.057197660561943, "step_rewards": 1.5887662646063199, "step_value_ests": 11.581197398311065, "step_values": 10.409738488480967, "step_td_err": 1.8074580905958928}