{"dim0": 0.13333333333333333, "dim1": -0.8666666666666667, "episode_rewards": 6.989221961398419, "episode_std_rewards": 0.7580084273402088, "episode_value_ests": 11.997270996052869, "episode_values": 4.4421344801025135, "episode_td_err": 8.955436969248838, "episode_avg_len": 6.1940598965591995, "episode_std_avg_len": 1.530249974550798, "step_rewards": 1.1283749395579676, "step_value_ests": 11.94223773231849, "step_values": 4.367979558268267, "step_td_err": 8.616873644320503}