{"dim0": 0.13333333333333333, "dim1": 0.8, "episode_rewards": 28.083188639566924, "episode_std_rewards": 0.262365959185265, "episode_value_ests": 10.372818459951384, "episode_values": 13.72612424777808, "episode_td_err": 1.0594266465330398, "episode_avg_len": 26.60364313256216, "episode_std_avg_len": 11.221154188113248, "step_rewards": 1.0556143946012357, "step_value_ests": 10.27093527319688, "step_values": 14.32595109920856, "step_td_err": 1.053719893836658}