{"dim0": 0.13333333333333333, "dim1": -0.26666666666666666, "episode_rewards": 13.708721246810208, "episode_std_rewards": 0.6370645993643131, "episode_value_ests": 12.10220881346417, "episode_values": 8.638802431546633, "episode_td_err": 3.4495040501368144, "episode_avg_len": 7.521076975143835, "episode_std_avg_len": 2.652206314793881, "step_rewards": 1.8227072122936274, "step_value_ests": 12.106696418152577, "step_values": 8.57428660174973, "step_td_err": 3.3736208939764585}