{"dim0": 0.13333333333333333, "dim1": 0.7333333333333333, "episode_rewards": 26.829572251713028, "episode_std_rewards": 0.28118252569150065, "episode_value_ests": 10.44439353130428, "episode_values": 13.136310711972211, "episode_td_err": 1.1191858327459125, "episode_avg_len": 24.4870853225609, "episode_std_avg_len": 10.379132474793334, "step_rewards": 1.095662137747113, "step_value_ests": 10.295616858173341, "step_values": 13.764896415844314, "step_td_err": 1.1073151028352943}