{"dim0": 0.13333333333333333, "dim1": -0.6666666666666666, "episode_rewards": 9.423582569332556, "episode_std_rewards": 0.7023986860621608, "episode_value_ests": 12.043086908447101, "episode_values": 6.041211393454764, "episode_td_err": 6.577341781569342, "episode_avg_len": 6.430790006752194, "episode_std_avg_len": 1.7796374895495672, "step_rewards": 1.4653848997460641, "step_value_ests": 12.003412194586916, "step_values": 5.962568566914462, "step_td_err": 6.339243481730919}