{"dim0": 0.13333333333333333, "dim1": 0.3333333333333333, "episode_rewards": 19.628442856509164, "episode_std_rewards": 0.4901619264202554, "episode_value_ests": 11.387251637800858, "episode_values": 10.591479631552469, "episode_td_err": 1.6254152168587463, "episode_avg_len": 13.587364130434782, "episode_std_avg_len": 6.205557476622861, "step_rewards": 1.4446100559373964, "step_value_ests": 11.277040998385354, "step_values": 11.031976167480693, "step_td_err": 1.5587593819045995}