{"dim0": 0.13333333333333333, "dim1": 0.4, "episode_rewards": 20.64456817690337, "episode_std_rewards": 0.45187877680423144, "episode_value_ests": 11.241945556167012, "episode_values": 10.896263114996044, "episode_td_err": 1.5098557057444182, "episode_avg_len": 15.081058663851605, "episode_std_avg_len": 6.920579803600511, "step_rewards": 1.368907093133134, "step_value_ests": 11.107316006225249, "step_values": 11.471246643129728, "step_td_err": 1.4435978506131175}