{"dim0": 0.13333333333333333, "dim1": 0.9333333333333333, "episode_rewards": 30.64657791852009, "episode_std_rewards": 0.22276227192811715, "episode_value_ests": 10.239962285659603, "episode_values": 15.113774219860044, "episode_td_err": 0.9889090178438316, "episode_avg_len": 30.16468104358317, "episode_std_avg_len": 11.901408238805944, "step_rewards": 1.0159755335798397, "step_value_ests": 10.178295950007994, "step_values": 15.701282933636934, "step_td_err": 0.9896588555497985}