{"dim0": 0.13333333333333333, "dim1": 1.0, "episode_rewards": 31.871602709114168, "episode_std_rewards": 0.20663474661412012, "episode_value_ests": 10.162330870698717, "episode_values": 15.808732141026718, "episode_td_err": 0.9676750608861723, "episode_avg_len": 31.762426552326506, "episode_std_avg_len": 11.922401357965972, "step_rewards": 1.0034372738055073, "step_value_ests": 10.12726339255671, "step_values": 16.396685967458765, "step_td_err": 0.9705616271920369}