{"dim0": 0.13333333333333333, "dim1": -0.13333333333333333, "episode_rewards": 14.8815169264049, "episode_std_rewards": 0.6291910150574225, "episode_value_ests": 12.045206971504609, "episode_values": 9.180743042862801, "episode_td_err": 2.8507121038033443, "episode_avg_len": 8.228873529169752, "episode_std_avg_len": 3.1599074481598235, "step_rewards": 1.8084512872451892, "step_value_ests": 12.047920590784363, "step_values": 9.147401464624455, "step_td_err": 2.7921545506751073}