{"dim0": 0.13333333333333333, "dim1": 0.13333333333333333, "episode_rewards": 17.367151302700233, "episode_std_rewards": 0.577594854064154, "episode_value_ests": 11.769259991818085, "episode_values": 10.018719603119113, "episode_td_err": 2.0157029877690555, "episode_avg_len": 10.506881697835679, "episode_std_avg_len": 4.725997731104123, "step_rewards": 1.652931079092449, "step_value_ests": 11.72731000822277, "step_values": 10.216997558847762, "step_td_err": 1.955766914036206}