{"dim0": 0.13333333333333333, "dim1": -0.8, "episode_rewards": 7.788579233488352, "episode_std_rewards": 0.7368789972665426, "episode_value_ests": 12.013619768781815, "episode_values": 4.973814956875986, "episode_td_err": 8.068030749170859, "episode_avg_len": 6.2774952919020715, "episode_std_avg_len": 1.6173655868233634, "step_rewards": 1.2407144683223528, "step_value_ests": 11.960444166235332, "step_values": 4.88781799719111, "step_td_err": 7.78261741133301}