{"dim0": 0.13333333333333333, "dim1": 0.6666666666666666, "episode_rewards": 25.34944840850237, "episode_std_rewards": 0.3108408056374005, "episode_value_ests": 10.565153664996469, "episode_values": 12.491884695146979, "episode_td_err": 1.178117282880477, "episode_avg_len": 22.341226404557133, "episode_std_avg_len": 9.58306844720694, "step_rewards": 1.134648919870022, "step_value_ests": 10.403351716910988, "step_values": 13.121946245088187, "step_td_err": 1.1546417755160256}