{"dim0": 0.13333333333333333, "dim1": 0.0, "episode_rewards": 16.08543161313416, "episode_std_rewards": 0.6073577138396166, "episode_value_ests": 11.94734840257227, "episode_values": 9.63808291059433, "episode_td_err": 2.4001954100706393, "episode_avg_len": 9.145130315500685, "episode_std_avg_len": 3.7938375438983276, "step_rewards": 1.758906768760845, "step_value_ests": 11.935933057856994, "step_values": 9.695333324991338, "step_td_err": 2.3425472800262095}