{"dim0": 0.13333333333333333, "dim1": 0.8666666666666667, "episode_rewards": 29.457043144085393, "episode_std_rewards": 0.248618990186541, "episode_value_ests": 10.298085529771447, "episode_values": 14.41351296088545, "episode_td_err": 1.0303808939042869, "episode_avg_len": 28.771720368239354, "episode_std_avg_len": 12.231046257471842, "step_rewards": 1.023819318659949, "step_value_ests": 10.211988955230245, "step_values": 14.907689604271155, "step_td_err": 1.0340011760261434}