{"dim0": 0.13333333333333333, "dim1": -0.4666666666666667, "episode_rewards": 11.702088388386972, "episode_std_rewards": 0.6615729796871684, "episode_value_ests": 12.09759949327683, "episode_values": 7.506174199257478, "episode_td_err": 4.719237957583057, "episode_avg_len": 6.849383561643836, "episode_std_avg_len": 2.091892281795095, "step_rewards": 1.7084878198262996, "step_value_ests": 12.081094009396606, "step_values": 7.429788806898186, "step_td_err": 4.578526980304495}