{"dim0": 0.13333333333333333, "dim1": -0.4, "episode_rewards": 12.4066223890134, "episode_std_rewards": 0.6473892343140066, "episode_value_ests": 12.108835506865866, "episode_values": 7.944617132702317, "episode_td_err": 4.2241746202824775, "episode_avg_len": 7.03895966776941, "episode_std_avg_len": 2.260922680657049, "step_rewards": 1.7625647786876664, "step_value_ests": 12.098746443088046, "step_values": 7.870403621756515, "step_td_err": 4.11379492546904}