{"dim0": 0.13333333333333333, "dim1": -1.0, "episode_rewards": 5.176147318075911, "episode_std_rewards": 0.8047689567073457, "episode_value_ests": 11.9453267928653, "episode_values": 3.199624671109386, "episode_td_err": 11.080864761154933, "episode_avg_len": 6.062380649267983, "episode_std_avg_len": 1.4124937851517267, "step_rewards": 0.8538143045671206, "step_value_ests": 11.88403409304046, "step_values": 3.124677197525233, "step_td_err": 10.658191222165874}