{"dim0": 0.13333333333333333, "dim1": 0.5333333333333333, "episode_rewards": 22.72482910513342, "episode_std_rewards": 0.3745561149562371, "episode_value_ests": 10.889416451501132, "episode_values": 11.489793688262914, "episode_td_err": 1.33100077907379, "episode_avg_len": 18.327499312746266, "episode_std_avg_len": 8.132997822100512, "step_rewards": 1.2399307028934894, "step_value_ests": 10.72539789397382, "step_values": 12.117635160546174, "step_td_err": 1.2818084966003678}