{"dim0": 0.13333333333333333, "dim1": -0.06666666666666667, "episode_rewards": 15.488675362481064, "episode_std_rewards": 0.6207711051630698, "episode_value_ests": 12.000622778253252, "episode_values": 9.41374342144122, "episode_td_err": 2.6149202786946, "episode_avg_len": 8.635621761658031, "episode_std_avg_len": 3.4186828714310273, "step_rewards": 1.793579639077112, "step_value_ests": 12.006727219610134, "step_values": 9.411665707030725, "step_td_err": 2.5639964419815247}