{"dim0": 0.2, "dim1": 0.0, "episode_rewards": 15.298149629368394, "episode_std_rewards": 0.5553682900355666, "episode_value_ests": 11.984869060049578, "episode_values": 9.48729053427005, "episode_td_err": 2.6745733062554216, "episode_avg_len": 7.255450357311278, "episode_std_avg_len": 2.1690709563254744, "step_rewards": 2.1085044864172398, "step_value_ests": 12.003188402369345, "step_values": 9.530862201507002, "step_td_err": 2.6046902165438763}