{"dim0": 0.2, "dim1": -0.8666666666666667, "episode_rewards": 6.066858806706826, "episode_std_rewards": 0.7933324055012265, "episode_value_ests": 11.984580218257829, "episode_values": 3.739010987811025, "episode_td_err": 10.591742344809502, "episode_avg_len": 5.799286687737409, "episode_std_avg_len": 1.2028645993976048, "step_rewards": 1.0461387983344914, "step_value_ests": 11.965444919977188, "step_values": 3.7218960534633814, "step_td_err": 10.24611690691675}