{"dim0": 0.2, "dim1": 0.6666666666666666, "episode_rewards": 19.604550938429973, "episode_std_rewards": 0.37438293491334207, "episode_value_ests": 10.930122315549617, "episode_values": 10.043346488568512, "episode_td_err": 1.4127670781395785, "episode_avg_len": 13.083338784588213, "episode_std_avg_len": 4.377579149971219, "step_rewards": 1.498436390069143, "step_value_ests": 10.828444894220107, "step_values": 10.201626211475896, "step_td_err": 1.3548586487932575}