{"dim0": 0.2, "dim1": 0.4666666666666667, "episode_rewards": 18.252513369308794, "episode_std_rewards": 0.4497278941568628, "episode_value_ests": 11.351795701520805, "episode_values": 9.992116260777795, "episode_td_err": 1.6572882723765974, "episode_avg_len": 10.451376913831844, "episode_std_avg_len": 3.490691914540529, "step_rewards": 1.746421884866917, "step_value_ests": 11.28494567518767, "step_values": 10.113917561483511, "step_td_err": 1.5909346126360076}