{"dim0": 0.2, "dim1": 0.6, "episode_rewards": 19.121747250288724, "episode_std_rewards": 0.3998905991975396, "episode_value_ests": 11.088908777154217, "episode_values": 10.023331038038592, "episode_td_err": 1.4911896827886388, "episode_avg_len": 12.122189223589308, "episode_std_avg_len": 4.0634227841843265, "step_rewards": 1.5774169910727467, "step_value_ests": 10.993076924709296, "step_values": 10.164179479702671, "step_td_err": 1.4331203106556238}