{"dim0": 0.2, "dim1": -0.2, "episode_rewards": 13.626900146131684, "episode_std_rewards": 0.5836598622313517, "episode_value_ests": 12.063789958312368, "episode_values": 8.673551114288628, "episode_td_err": 3.5863614230104544, "episode_avg_len": 6.603374273639726, "episode_std_avg_len": 1.7913879420776497, "step_rewards": 2.063626803728126, "step_value_ests": 12.084291237044745, "step_values": 8.683917232447328, "step_td_err": 3.502548463115323}