{"dim0": 0.2, "dim1": -0.9333333333333333, "episode_rewards": 5.193480017547142, "episode_std_rewards": 0.8092007741346, "episode_value_ests": 11.978964561789848, "episode_values": 3.138129269250564, "episode_td_err": 11.702528598624458, "episode_avg_len": 5.769674590353104, "episode_std_avg_len": 1.1694023202310775, "step_rewards": 0.9001339566412706, "step_value_ests": 11.958503386463448, "step_values": 3.123057892052109, "step_td_err": 11.327058404124042}