{"dim0": 0.2, "dim1": -0.4, "episode_rewards": 11.634273645508399, "episode_std_rewards": 0.6285341512898015, "episode_value_ests": 12.096787156267157, "episode_values": 7.493779696685692, "episode_td_err": 4.9936777355788715, "episode_avg_len": 6.234049184926596, "episode_std_avg_len": 1.5636554542250247, "step_rewards": 1.8662466882101425, "step_value_ests": 12.115855557345904, "step_values": 7.494383488299557, "step_td_err": 4.855835267919714}