{"dim0": 0.2, "dim1": -0.4666666666666667, "episode_rewards": 10.931627756734272, "episode_std_rewards": 0.6423509833878314, "episode_value_ests": 12.078637937130807, "episode_values": 7.0381811598933535, "episode_td_err": 5.580723342515955, "episode_avg_len": 6.11371278351776, "episode_std_avg_len": 1.4736895779720123, "step_rewards": 1.788050591157202, "step_value_ests": 12.091770141338502, "step_values": 7.031323209860862, "step_td_err": 5.427979746117681}