{"dim0": 0.2, "dim1": 0.3333333333333333, "episode_rewards": 17.456300468903567, "episode_std_rewards": 0.4926469282049809, "episode_value_ests": 11.575313296451062, "episode_values": 9.959777520392379, "episode_td_err": 1.868698528575175, "episode_avg_len": 9.213801999355047, "episode_std_avg_len": 3.0707985143871426, "step_rewards": 1.8945816797588533, "step_value_ests": 11.539410919545356, "step_values": 10.07298834359898, "step_td_err": 1.7981034674602605}