{"dim0": 0.2, "dim1": -0.06666666666666667, "episode_rewards": 14.742690788681635, "episode_std_rewards": 0.5699976788107095, "episode_value_ests": 12.029020404707582, "episode_values": 9.253084832992817, "episode_td_err": 2.961776291019929, "episode_avg_len": 6.992552968323894, "episode_std_avg_len": 2.042049856646168, "step_rewards": 2.108341667981021, "step_value_ests": 12.050801653725932, "step_values": 9.27818764807002, "step_td_err": 2.8950589992719937}