{"dim0": 0.2, "dim1": -0.3333333333333333, "episode_rewards": 12.344871006181645, "episode_std_rewards": 0.6074645555245114, "episode_value_ests": 12.074309972539078, "episode_values": 7.918383054657573, "episode_td_err": 4.454135497334185, "episode_avg_len": 6.321501943803534, "episode_std_avg_len": 1.6077823848271293, "step_rewards": 1.952838283674395, "step_value_ests": 12.093135957743083, "step_values": 7.916697535310839, "step_td_err": 4.340502958468883}