{"dim0": 0.2, "dim1": -0.6666666666666666, "episode_rewards": 8.583803045592918, "episode_std_rewards": 0.7071405210187889, "episode_value_ests": 12.037980399588053, "episode_values": 5.4623199372524445, "episode_td_err": 7.776342739492866, "episode_avg_len": 5.920312592504884, "episode_std_avg_len": 1.3175727353967577, "step_rewards": 1.4498901724310997, "step_value_ests": 12.030915420357212, "step_values": 5.449911106121319, "step_td_err": 7.533726604322053}