{"dim0": 0.2, "dim1": 0.26666666666666666, "episode_rewards": 17.046636095366548, "episode_std_rewards": 0.5072884632019117, "episode_value_ests": 11.691177141541553, "episode_values": 9.93686415339553, "episode_td_err": 1.9714473622778936, "episode_avg_len": 8.65932115334661, "episode_std_avg_len": 2.802147462033703, "step_rewards": 1.9685880444309947, "step_value_ests": 11.671489798706581, "step_values": 10.022540645210475, "step_td_err": 1.9070553226914537}