{"dim0": 0.2, "dim1": 1.0, "episode_rewards": 22.355820376671097, "episode_std_rewards": 0.26501595785336907, "episode_value_ests": 10.287701600224315, "episode_values": 10.663646165323671, "episode_td_err": 1.0463801795251149, "episode_avg_len": 19.60950980392157, "episode_std_avg_len": 7.12819366023027, "step_rewards": 1.140049934965754, "step_value_ests": 10.143494022803036, "step_values": 10.69972814550193, "step_td_err": 1.0253598605754326}