{"dim0": 0.2, "dim1": -0.5333333333333333, "episode_rewards": 10.183238316543674, "episode_std_rewards": 0.6622937658568315, "episode_value_ests": 12.067941755022398, "episode_values": 6.542989854966116, "episode_td_err": 6.2118060721497965, "episode_avg_len": 6.0575158251809675, "episode_std_avg_len": 1.4307973552571747, "step_rewards": 1.6810914920291522, "step_value_ests": 12.07535565175126, "step_values": 6.535901592676759, "step_td_err": 6.024458483162763}