{"dim0": 0.2, "dim1": 0.06666666666666667, "episode_rewards": 15.764239582851074, "episode_std_rewards": 0.5462934665497532, "episode_value_ests": 11.927612625981569, "episode_values": 9.655976588021879, "episode_td_err": 2.466450946682204, "episode_avg_len": 7.518514341566107, "episode_std_avg_len": 2.2736308140417507, "step_rewards": 2.0967226857171073, "step_value_ests": 11.937073260643036, "step_values": 9.696311758329541, "step_td_err": 2.3999108429990197}