{"dim0": 0.2, "dim1": -0.26666666666666666, "episode_rewards": 13.000672678255015, "episode_std_rewards": 0.5975967277520531, "episode_value_ests": 12.078518849559686, "episode_values": 8.322210648702331, "episode_td_err": 4.003549509568615, "episode_avg_len": 6.459739672491199, "episode_std_avg_len": 1.7296161872938736, "step_rewards": 2.0125691339572676, "step_value_ests": 12.100203823488355, "step_values": 8.322789225330968, "step_td_err": 3.9062455498504023}