{"dim0": 0.2, "dim1": 0.9333333333333333, "episode_rewards": 21.808306848711613, "episode_std_rewards": 0.2784363247201513, "episode_value_ests": 10.377363598835215, "episode_values": 10.4986815040518, "episode_td_err": 1.109473451336188, "episode_avg_len": 18.13619876677548, "episode_std_avg_len": 6.30109458923731, "step_rewards": 1.2024739654189958, "step_value_ests": 10.238632247764516, "step_values": 10.593636883246718, "step_td_err": 1.0833202559192026}