{"dim0": 0.2, "dim1": -0.8, "episode_rewards": 6.915832678655832, "episode_std_rewards": 0.7584314410854363, "episode_value_ests": 12.01617443885074, "episode_values": 4.328318704035318, "episode_td_err": 9.56850163343307, "episode_avg_len": 5.836436325434808, "episode_std_avg_len": 1.2432169832709612, "step_rewards": 1.1849409970459346, "step_value_ests": 12.00267888744531, "step_values": 4.319234258562094, "step_td_err": 9.25641257461693}