{"dim0": 0.2, "dim1": 0.5333333333333333, "episode_rewards": 18.727487881178504, "episode_std_rewards": 0.4279878876448271, "episode_value_ests": 11.21554825751144, "episode_values": 10.02353537873923, "episode_td_err": 1.5668930051139291, "episode_avg_len": 11.281983303249097, "episode_std_avg_len": 3.8046214940145635, "step_rewards": 1.6599464276626945, "step_value_ests": 11.137452476768942, "step_values": 10.174995973007597, "step_td_err": 1.500229905292648}