{"dim0": 0.2, "dim1": -0.13333333333333333, "episode_rewards": 14.186693947607663, "episode_std_rewards": 0.5786577964153116, "episode_value_ests": 12.052575127361061, "episode_values": 8.977081706159025, "episode_td_err": 3.2611654544011905, "episode_avg_len": 6.780188487355075, "episode_std_avg_len": 1.9004367515122456, "step_rewards": 2.0923745665869884, "step_value_ests": 12.075402604363617, "step_values": 8.993323381432647, "step_td_err": 3.188833992165408}