{"dim0": 0.2, "dim1": 0.2, "episode_rewards": 16.610023881690303, "episode_std_rewards": 0.5243095709793945, "episode_value_ests": 11.773368086901396, "episode_values": 9.851650441151854, "episode_td_err": 2.115706199905838, "episode_avg_len": 8.238497343164312, "episode_std_avg_len": 2.635769210999395, "step_rewards": 2.0161472644610434, "step_value_ests": 11.764959541757023, "step_values": 9.923884329142787, "step_td_err": 2.0516367985728756}