{"dim0": 0.2, "dim1": 0.7333333333333333, "episode_rewards": 20.1155433876135, "episode_std_rewards": 0.3442438621372115, "episode_value_ests": 10.80345875506165, "episode_values": 10.117628536651232, "episode_td_err": 1.3272713123853954, "episode_avg_len": 14.210601108426886, "episode_std_avg_len": 4.796185441874999, "step_rewards": 1.415530788186362, "step_value_ests": 10.684264433598443, "step_values": 10.281432796434192, "step_td_err": 1.2776589341352418}