{"dim0": 0.2, "dim1": 0.4, "episode_rewards": 17.855949513672268, "episode_std_rewards": 0.47358464189045, "episode_value_ests": 11.478102783514853, "episode_values": 9.994666468017622, "episode_td_err": 1.7422426535797304, "episode_avg_len": 9.800127401019209, "episode_std_avg_len": 3.272194664415992, "step_rewards": 1.8220119783152267, "step_value_ests": 11.42782302517487, "step_values": 10.106168950287298, "step_td_err": 1.6792230908008459}