{"dim0": 0.2, "dim1": 0.8, "episode_rewards": 20.748335303969984, "episode_std_rewards": 0.319136292970785, "episode_value_ests": 10.637141613221944, "episode_values": 10.234742646845373, "episode_td_err": 1.249501139444286, "episode_avg_len": 15.498566447113522, "episode_std_avg_len": 5.20682816587561, "step_rewards": 1.3387260928144866, "step_value_ests": 10.51324230243155, "step_values": 10.41502390127021, "step_td_err": 1.2053200282272996}