{"dim0": 0.2, "dim1": 0.13333333333333333, "episode_rewards": 16.22400040654844, "episode_std_rewards": 0.5401395109841907, "episode_value_ests": 11.859975021486456, "episode_values": 9.780672363041159, "episode_td_err": 2.2762684921404577, "episode_avg_len": 7.846102545996626, "episode_std_avg_len": 2.461274826317043, "step_rewards": 2.0677782773596975, "step_value_ests": 11.862200523048772, "step_values": 9.833023549795744, "step_td_err": 2.2163901723945196}