{"dim0": 0.26666666666666666, "dim1": 0.7333333333333333, "episode_rewards": 17.74391940151087, "episode_std_rewards": 0.3781196378768484, "episode_value_ests": 11.080541525077665, "episode_values": 9.444958233791926, "episode_td_err": 1.614432446817212, "episode_avg_len": 9.800225401803214, "episode_std_avg_len": 2.4839993541095704, "step_rewards": 1.8105623772945096, "step_value_ests": 11.023968960988878, "step_values": 9.483626624098553, "step_td_err": 1.5635116232901025}