{"dim0": 0.26666666666666666, "dim1": -0.6666666666666666, "episode_rewards": 7.454778620314736, "episode_std_rewards": 0.7450192875502492, "episode_value_ests": 12.001672226981006, "episode_values": 4.667214830476485, "episode_td_err": 9.32569219768295, "episode_avg_len": 5.568139424816949, "episode_std_avg_len": 1.0036956510748918, "step_rewards": 1.3388275780396446, "step_value_ests": 12.01110347391173, "step_values": 4.683337898488281, "step_td_err": 9.090392736405825}