{"dim0": 0.26666666666666666, "dim1": -0.6, "episode_rewards": 8.310109764752829, "episode_std_rewards": 0.718233372663888, "episode_value_ests": 12.007168581542906, "episode_values": 5.248304683099446, "episode_td_err": 8.3516074045276, "episode_avg_len": 5.607480303922393, "episode_std_avg_len": 1.0356951708481883, "step_rewards": 1.4819686052111436, "step_value_ests": 12.021027846836759, "step_values": 5.262330584236637, "step_td_err": 8.146152850074097}