{"dim0": 0.26666666666666666, "dim1": 0.26666666666666666, "episode_rewards": 16.01323946314627, "episode_std_rewards": 0.47200154482717416, "episode_value_ests": 11.770525043400864, "episode_values": 9.735367690202338, "episode_td_err": 2.249389136280307, "episode_avg_len": 6.960430152432658, "episode_std_avg_len": 1.6732244732644896, "step_rewards": 2.3006106106171718, "step_value_ests": 11.763836294516027, "step_values": 9.77671732185292, "step_td_err": 2.204052030621227}