{"dim0": 0.26666666666666666, "dim1": -0.8666666666666667, "episode_rewards": 4.844333877897696, "episode_std_rewards": 0.832685377951748, "episode_value_ests": 11.956433642581128, "episode_values": 2.8254816831395733, "episode_td_err": 12.667809650478638, "episode_avg_len": 5.532072027217659, "episode_std_avg_len": 0.9690971263483081, "step_rewards": 0.8756816350300018, "step_value_ests": 11.954914432955697, "step_values": 2.8344230071517695, "step_td_err": 12.333452904686334}