{"dim0": 0.26666666666666666, "dim1": 0.5333333333333333, "episode_rewards": 17.092817102996083, "episode_std_rewards": 0.43466215198855795, "episode_value_ests": 11.420625887063105, "episode_values": 9.692936127959175, "episode_td_err": 1.8165504126216727, "episode_avg_len": 8.29393713195654, "episode_std_avg_len": 2.1090429751999937, "step_rewards": 2.0608809581082377, "step_value_ests": 11.383124429831282, "step_values": 9.729965716596597, "step_td_err": 1.7673955339914387}