{"dim0": 0.26666666666666666, "dim1": 0.0, "episode_rewards": 14.407962242394479, "episode_std_rewards": 0.5099947479584368, "episode_value_ests": 11.965255237083543, "episode_values": 9.149465049577545, "episode_td_err": 3.1105696313785423, "episode_avg_len": 6.2273562287884925, "episode_std_avg_len": 1.3855193537024169, "step_rewards": 2.313656343568046, "step_value_ests": 11.981458661859897, "step_values": 9.191135625121957, "step_td_err": 3.048358052181255}