{"dim0": 0.26666666666666666, "dim1": 0.6666666666666666, "episode_rewards": 17.557721412508638, "episode_std_rewards": 0.392585954911385, "episode_value_ests": 11.188901282251207, "episode_values": 9.5446748870061, "episode_td_err": 1.672372935512173, "episode_avg_len": 9.256062569418734, "episode_std_avg_len": 2.3277796738694763, "step_rewards": 1.8968887991874537, "step_value_ests": 11.137673034650401, "step_values": 9.587944219371463, "step_td_err": 1.6223463134783644}