{"dim0": 0.26666666666666666, "dim1": 0.2, "episode_rewards": 15.688285025774652, "episode_std_rewards": 0.47745820456472005, "episode_value_ests": 11.83584828219928, "episode_values": 9.670353466394696, "episode_td_err": 2.402183725262954, "episode_avg_len": 6.734141414141414, "episode_std_avg_len": 1.5873530113669245, "step_rewards": 2.329663733052875, "step_value_ests": 11.831806435891767, "step_values": 9.711459972437476, "step_td_err": 2.352313393161036}