{"dim0": 0.26666666666666666, "dim1": 0.4666666666666667, "episode_rewards": 16.870242628607382, "episode_std_rewards": 0.4476772991016666, "episode_value_ests": 11.522345108029363, "episode_values": 9.756092725740611, "episode_td_err": 1.8843497026055764, "episode_avg_len": 7.896245410399147, "episode_std_avg_len": 1.9978603278591776, "step_rewards": 2.1364891479170236, "step_value_ests": 11.490995203900303, "step_values": 9.792289494213355, "step_td_err": 1.836738769963228}