{"dim0": 0.26666666666666666, "dim1": 0.6, "episode_rewards": 17.321322865533496, "episode_std_rewards": 0.41558794223951234, "episode_value_ests": 11.316923196425217, "episode_values": 9.629174793435952, "episode_td_err": 1.7439156570302712, "episode_avg_len": 8.735543326345214, "episode_std_avg_len": 2.211653143674921, "step_rewards": 1.9828558131346836, "step_value_ests": 11.276990284684144, "step_values": 9.66935806960356, "step_td_err": 1.6950570625054984}