{"dim0": 0.26666666666666666, "dim1": 0.4, "episode_rewards": 16.614199025827602, "episode_std_rewards": 0.4563186059781692, "episode_value_ests": 11.629938553912503, "episode_values": 9.793855866963058, "episode_td_err": 1.9999515580729659, "episode_avg_len": 7.523981491930933, "episode_std_avg_len": 1.8893164573542383, "step_rewards": 2.208165855225115, "step_value_ests": 11.605900173625239, "step_values": 9.831041614101853, "step_td_err": 1.951124271612387}