{"dim0": 0.26666666666666666, "dim1": -0.8, "episode_rewards": 5.776427540303964, "episode_std_rewards": 0.8029975947446735, "episode_value_ests": 11.969211802563457, "episode_values": 3.478088659778123, "episode_td_err": 11.443719977190163, "episode_avg_len": 5.52959716884625, "episode_std_avg_len": 0.9597582776544161, "step_rewards": 1.0446380385262704, "step_value_ests": 11.973312362017408, "step_values": 3.4892393265641317, "step_td_err": 11.154198684585856}