{"dim0": 0.26666666666666666, "dim1": 0.3333333333333333, "episode_rewards": 16.34882301392574, "episode_std_rewards": 0.4673999224360135, "episode_value_ests": 11.688966585252942, "episode_values": 9.7748850407547, "episode_td_err": 2.1009540935800834, "episode_avg_len": 7.251250815749402, "episode_std_avg_len": 1.7943832298739422, "step_rewards": 2.2546210894287104, "step_value_ests": 11.670042735007547, "step_values": 9.810815032055814, "step_td_err": 2.053818253572013}