{"dim0": 0.26666666666666666, "dim1": -0.2, "episode_rewards": 12.70506254107005, "episode_std_rewards": 0.5635631278501416, "episode_value_ests": 12.02018736262294, "episode_values": 8.184942614941107, "episode_td_err": 4.264772260059216, "episode_avg_len": 5.918794945399663, "episode_std_avg_len": 1.2458587353088306, "step_rewards": 2.1465623760027306, "step_value_ests": 12.043954199625416, "step_values": 8.216159573529616, "step_td_err": 4.173314373247106}