{"dim0": 0.26666666666666666, "dim1": -0.5333333333333333, "episode_rewards": 9.155622893035114, "episode_std_rewards": 0.6830580401462512, "episode_value_ests": 12.021675198054252, "episode_values": 5.835480389124078, "episode_td_err": 7.4359484374274105, "episode_avg_len": 5.6329634427984, "episode_std_avg_len": 1.0619409982608319, "step_rewards": 1.6253652248960258, "step_value_ests": 12.039317333311342, "step_values": 5.857855230357909, "step_td_err": 7.254674124207635}