{"dim0": 0.26666666666666666, "dim1": -0.4666666666666667, "episode_rewards": 9.914436490150985, "episode_std_rewards": 0.6588500037972396, "episode_value_ests": 12.025006503319888, "episode_values": 6.359529053485973, "episode_td_err": 6.675147489748254, "episode_avg_len": 5.665108769544528, "episode_std_avg_len": 1.0765455347631374, "step_rewards": 1.7500875788035577, "step_value_ests": 12.043492174073204, "step_values": 6.376754727869853, "step_td_err": 6.522018080879808}