{"dim0": 0.26666666666666666, "dim1": 0.13333333333333333, "episode_rewards": 15.299546881087817, "episode_std_rewards": 0.48491277045311254, "episode_value_ests": 11.893733780234973, "episode_values": 9.55351569249665, "episode_td_err": 2.606739802207082, "episode_avg_len": 6.534337428123367, "episode_std_avg_len": 1.5032843395846416, "step_rewards": 2.341407533568676, "step_value_ests": 11.900303134310931, "step_values": 9.59453080661064, "step_td_err": 2.55662133203849}