{"dim0": 0.26666666666666666, "dim1": -0.06666666666666667, "episode_rewards": 13.887036455527117, "episode_std_rewards": 0.5216531940337974, "episode_value_ests": 11.983528387054625, "episode_values": 8.866243378761016, "episode_td_err": 3.439499605806637, "episode_avg_len": 6.104724986264575, "episode_std_avg_len": 1.3031179423889567, "step_rewards": 2.2748013197601007, "step_value_ests": 11.999503260094372, "step_values": 8.90328725562604, "step_td_err": 3.3685367526609076}