{"dim0": 0.26666666666666666, "dim1": 1.0, "episode_rewards": 18.618341862052407, "episode_std_rewards": 0.28972736729017995, "episode_value_ests": 10.625751337353487, "episode_values": 9.203898182275264, "episode_td_err": 1.3205066009736735, "episode_avg_len": 12.704865963664083, "episode_std_avg_len": 3.168426765913269, "step_rewards": 1.465449687962145, "step_value_ests": 10.540879173107445, "step_values": 9.244428349260115, "step_td_err": 1.2786783449127332}