{"dim0": 0.26666666666666666, "dim1": -1.0, "episode_rewards": 3.1351540860741336, "episode_std_rewards": 0.892324905464326, "episode_value_ests": 11.927256267164237, "episode_values": 1.617893006737414, "episode_td_err": 15.169808110953477, "episode_avg_len": 5.50038501732578, "episode_std_avg_len": 0.922592491151452, "step_rewards": 0.5699881146862711, "step_value_ests": 11.922908544322778, "step_values": 1.6209691831338282, "step_td_err": 14.789539561854495}