{"dim0": 0.26666666666666666, "dim1": -0.4, "episode_rewards": 10.619206530062899, "episode_std_rewards": 0.6344897152655028, "episode_value_ests": 12.027401859439644, "episode_values": 6.835630410849633, "episode_td_err": 5.997659176347867, "episode_avg_len": 5.7121151539384245, "episode_std_avg_len": 1.1064612982610775, "step_rewards": 1.8590673058719944, "step_value_ests": 12.047902929101763, "step_values": 6.8565268194342455, "step_td_err": 5.867219398871951}