{"dim0": 0.26666666666666666, "dim1": -0.13333333333333333, "episode_rewards": 13.297872217103185, "episode_std_rewards": 0.5427843774207392, "episode_value_ests": 12.013056429672524, "episode_values": 8.547182058392538, "episode_td_err": 3.8490184837733956, "episode_avg_len": 5.997001499250374, "episode_std_avg_len": 1.276986944596309, "step_rewards": 2.2174201922019563, "step_value_ests": 12.036380345639959, "step_values": 8.580259220628157, "step_td_err": 3.7713454288677055}