{"dim0": 0.26666666666666666, "dim1": -0.26666666666666666, "episode_rewards": 12.04374359008292, "episode_std_rewards": 0.5854395835102516, "episode_value_ests": 12.031286276655806, "episode_values": 7.772077905716094, "episode_td_err": 4.799220850667996, "episode_avg_len": 5.843998363721365, "episode_std_avg_len": 1.1892078804340824, "step_rewards": 2.0608738812879572, "step_value_ests": 12.05861413771026, "step_values": 7.8073207704119785, "step_td_err": 4.6924071330809305}