{"dim0": 0.26666666666666666, "dim1": -0.9333333333333333, "episode_rewards": 4.030023492460091, "episode_std_rewards": 0.8651220898740912, "episode_value_ests": 11.939421529304436, "episode_values": 2.255768539973753, "episode_td_err": 13.851179940938595, "episode_avg_len": 5.507393638992152, "episode_std_avg_len": 0.9278941766911181, "step_rewards": 0.7317478569041566, "step_value_ests": 11.937431760440951, "step_values": 2.264544547139166, "step_td_err": 13.497297781814167}