{"dim0": 0.26666666666666666, "dim1": 0.8, "episode_rewards": 17.96053529385404, "episode_std_rewards": 0.35405256872396956, "episode_value_ests": 10.9800442670812, "episode_values": 9.38185943536051, "episode_td_err": 1.5349082863002206, "episode_avg_len": 10.472614933500891, "episode_std_avg_len": 2.6692786611866004, "step_rewards": 1.7150000652081658, "step_value_ests": 10.91515904336939, "step_values": 9.421277475734303, "step_td_err": 1.4841362356245988}