{"dim0": 0.26666666666666666, "dim1": -0.3333333333333333, "episode_rewards": 11.325669770099255, "episode_std_rewards": 0.606881774915874, "episode_value_ests": 12.026285406184472, "episode_values": 7.3079064986568065, "episode_td_err": 5.386031602556438, "episode_avg_len": 5.7579674679717865, "episode_std_avg_len": 1.1421776632387703, "step_rewards": 1.9669561929790935, "step_value_ests": 12.047990314185217, "step_values": 7.330901940590357, "step_td_err": 5.2705632843039005}