{"dim0": 0.3333333333333333, "dim1": 0.3333333333333333, "episode_rewards": 15.407093117264072, "episode_std_rewards": 0.4314743843646227, "episode_value_ests": 11.771440131364349, "episode_values": 9.596259096397718, "episode_td_err": 2.4052478085667035, "episode_avg_len": 6.173282301376628, "episode_std_avg_len": 1.1800290080263613, "step_rewards": 2.4957700563650436, "step_value_ests": 11.757716668158197, "step_values": 9.617057992836363, "step_td_err": 2.374756972215291}