{"dim0": 0.3333333333333333, "dim1": 0.9333333333333333, "episode_rewards": 16.903995937838754, "episode_std_rewards": 0.33545816292323527, "episode_value_ests": 10.992214701679773, "episode_values": 8.989999492194391, "episode_td_err": 1.6661339969849942, "episode_avg_len": 8.93132088952398, "episode_std_avg_len": 1.7496777734204259, "step_rewards": 1.8926647185710626, "step_value_ests": 10.947938267460378, "step_values": 8.989299625110782, "step_td_err": 1.6278792883072928}