{"dim0": 0.3333333333333333, "dim1": -0.6, "episode_rewards": 6.980541388961147, "episode_std_rewards": 0.7658009501437524, "episode_value_ests": 11.914896607470753, "episode_values": 4.299412620481201, "episode_td_err": 10.11341688502432, "episode_avg_len": 5.3509109880407735, "episode_std_avg_len": 0.7842295317699229, "step_rewards": 1.3045519547162305, "step_value_ests": 11.928112660359494, "step_values": 4.323621079908576, "step_td_err": 9.925931264181875}