{"dim0": 0.3333333333333333, "dim1": -0.9333333333333333, "episode_rewards": 2.68732309541974, "episode_std_rewards": 0.9179761790908159, "episode_value_ests": 11.870503756617747, "episode_values": 1.2372174256093347, "episode_td_err": 16.34043426564162, "episode_avg_len": 5.330028781579789, "episode_std_avg_len": 0.7431405318962198, "step_rewards": 0.5041854754531425, "step_value_ests": 11.876812194079374, "step_values": 1.252209309864541, "step_td_err": 16.030520160193905}