{"dim0": 0.3333333333333333, "dim1": -0.06666666666666667, "episode_rewards": 12.814495863131102, "episode_std_rewards": 0.5166687071584115, "episode_value_ests": 11.9202117973107, "episode_values": 8.298780782313534, "episode_td_err": 4.1437107930900785, "episode_avg_len": 5.577823019215216, "episode_std_avg_len": 0.9151936455738092, "step_rewards": 2.2974009428026037, "step_value_ests": 11.93614804059318, "step_values": 8.335180145912716, "step_td_err": 4.079916902375033}