{"dim0": 0.3333333333333333, "dim1": 0.5333333333333333, "episode_rewards": 16.148816126779067, "episode_std_rewards": 0.4151017525869165, "episode_value_ests": 11.552237178958496, "episode_values": 9.623774111739799, "episode_td_err": 2.0334402857751086, "episode_avg_len": 6.79153791300214, "episode_std_avg_len": 1.3537232040648277, "step_rewards": 2.377784874890086, "step_value_ests": 11.523086933659497, "step_values": 9.637397388476929, "step_td_err": 2.005156369211344}