{"dim0": 0.3333333333333333, "dim1": 0.6, "episode_rewards": 16.320851375109218, "episode_std_rewards": 0.41134404387192625, "episode_value_ests": 11.461189756809539, "episode_values": 9.549073807905142, "episode_td_err": 1.9452699333522923, "episode_avg_len": 7.055241992380415, "episode_std_avg_len": 1.4261052966727663, "step_rewards": 2.3132943409645708, "step_value_ests": 11.429951568720885, "step_values": 9.554211536550334, "step_td_err": 1.9180252606554384}