{"dim0": 0.3333333333333333, "dim1": 0.4, "episode_rewards": 15.70649393085948, "episode_std_rewards": 0.426806876129652, "episode_value_ests": 11.699034804672026, "episode_values": 9.645049948872321, "episode_td_err": 2.252837534092892, "episode_avg_len": 6.357406230133503, "episode_std_avg_len": 1.225592275419646, "step_rewards": 2.4705820836825225, "step_value_ests": 11.678544853725118, "step_values": 9.659855093736214, "step_td_err": 2.2260662442079417}