{"dim0": 0.3333333333333333, "dim1": 0.8666666666666667, "episode_rewards": 16.786375415694188, "episode_std_rewards": 0.35262270342583035, "episode_value_ests": 11.076196985420735, "episode_values": 9.090646801052552, "episode_td_err": 1.7278576270233206, "episode_avg_len": 8.467654530059272, "episode_std_avg_len": 1.6884361399490604, "step_rewards": 1.9824114642495563, "step_value_ests": 11.034479123109005, "step_values": 9.095674071074235, "step_td_err": 1.690429021653613}