{"dim0": 0.3333333333333333, "dim1": 1.0, "episode_rewards": 16.949762315083685, "episode_std_rewards": 0.3188672036214382, "episode_value_ests": 10.898936469603814, "episode_values": 8.85127200506791, "episode_td_err": 1.61000678829466, "episode_avg_len": 9.390881772936426, "episode_std_avg_len": 1.8383457080381764, "step_rewards": 1.8049170168376723, "step_value_ests": 10.853078819429404, "step_values": 8.850949753591975, "step_td_err": 1.5720416819515992}