{"dim0": 0.3333333333333333, "dim1": 0.6666666666666666, "episode_rewards": 16.46627416192844, "episode_std_rewards": 0.39808766033126297, "episode_value_ests": 11.368258154281365, "episode_values": 9.45184985088393, "episode_td_err": 1.8811155091454463, "episode_avg_len": 7.353592175895287, "episode_std_avg_len": 1.4613497881544424, "step_rewards": 2.239215035055123, "step_value_ests": 11.333857985697652, "step_values": 9.454530436868243, "step_td_err": 1.8518596444798623}