{"dim0": 0.3333333333333333, "dim1": 0.8, "episode_rewards": 16.714419789477585, "episode_std_rewards": 0.3709880010352586, "episode_value_ests": 11.17863845788053, "episode_values": 9.233151901322097, "episode_td_err": 1.7677911799993935, "episode_avg_len": 8.0810101010101, "episode_std_avg_len": 1.6176373186989303, "step_rewards": 2.068357740004351, "step_value_ests": 11.140928624366415, "step_values": 9.237645978452067, "step_td_err": 1.7341971490114996}