{"dim0": 0.3333333333333333, "dim1": -0.26666666666666666, "episode_rewards": 10.8532530287818, "episode_std_rewards": 0.603632949433117, "episode_value_ests": 11.926948807153243, "episode_values": 6.990481363809885, "episode_td_err": 5.842104404374693, "episode_avg_len": 5.455713467361357, "episode_std_avg_len": 0.8476013014598471, "step_rewards": 1.989337067225224, "step_value_ests": 11.945114911747718, "step_values": 7.024109683192992, "step_td_err": 5.740706746963696}