{"dim0": 0.3333333333333333, "dim1": 0.4666666666666667, "episode_rewards": 15.94827837107404, "episode_std_rewards": 0.4211726368504231, "episode_value_ests": 11.630871528133277, "episode_values": 9.654129851518096, "episode_td_err": 2.124637139149208, "episode_avg_len": 6.570949830798042, "episode_std_avg_len": 1.300271703638095, "step_rewards": 2.4270887439019027, "step_value_ests": 11.607157675494626, "step_values": 9.668861983140422, "step_td_err": 2.0986588684994647}