{"dim0": 0.3333333333333333, "dim1": -0.5333333333333333, "episode_rewards": 7.803144126894707, "episode_std_rewards": 0.7271924688812891, "episode_value_ests": 11.920552701765107, "episode_values": 4.867128453321215, "episode_td_err": 9.123895912107418, "episode_avg_len": 5.3562131762185325, "episode_std_avg_len": 0.7822859486058207, "step_rewards": 1.4568397242926203, "step_value_ests": 11.933653874462106, "step_values": 4.890397534340442, "step_td_err": 8.963441269914682}