{"dim0": 0.3333333333333333, "dim1": -0.8, "episode_rewards": 4.452352597039748, "episode_std_rewards": 0.8468141537291239, "episode_value_ests": 11.895502972243108, "episode_values": 2.5010435653856344, "episode_td_err": 13.593279954473212, "episode_avg_len": 5.326089851135789, "episode_std_avg_len": 0.7512344996673898, "step_rewards": 0.8359514618571978, "step_value_ests": 11.902824511301965, "step_values": 2.5181866838972526, "step_td_err": 13.332596479331842}