{"dim0": 0.3333333333333333, "dim1": -0.3333333333333333, "episode_rewards": 10.113109141685223, "episode_std_rewards": 0.6344529285995193, "episode_value_ests": 11.925962344316378, "episode_values": 6.490349086784635, "episode_td_err": 6.535249105953723, "episode_avg_len": 5.422486715106821, "episode_std_avg_len": 0.8217931847895784, "step_rewards": 1.8650316124354023, "step_value_ests": 11.943342127216491, "step_values": 6.523726974785703, "step_td_err": 6.417979437297878}