{"dim0": 0.3333333333333333, "dim1": 0.2, "episode_rewards": 14.722980116375668, "episode_std_rewards": 0.44395475396766676, "episode_value_ests": 11.851720712197084, "episode_values": 9.349962520504707, "episode_td_err": 2.823458891188311, "episode_avg_len": 5.905397425298217, "episode_std_avg_len": 1.0617368538228034, "step_rewards": 2.4931395901152533, "step_value_ests": 11.851344170126206, "step_values": 9.382790926058169, "step_td_err": 2.7810444008474855}