{"dim0": 0.3333333333333333, "dim1": -1.0, "episode_rewards": 1.733311703331569, "episode_std_rewards": 0.9496503139056383, "episode_value_ests": 11.873091370855837, "episode_values": 0.5599469967559715, "episode_td_err": 17.96730226801617, "episode_avg_len": 5.3313696220077835, "episode_std_avg_len": 0.747081974763912, "step_rewards": 0.32511565061564934, "step_value_ests": 11.876463084095873, "step_values": 0.5711502255815414, "step_td_err": 17.615566420391396}