{"dim0": 0.3333333333333333, "dim1": -0.6666666666666666, "episode_rewards": 6.132028498763996, "episode_std_rewards": 0.7904428400208983, "episode_value_ests": 11.912700272304038, "episode_values": 3.6936641014505347, "episode_td_err": 11.22824894504055, "episode_avg_len": 5.338369144534899, "episode_std_avg_len": 0.7734327170151227, "step_rewards": 1.1486707518234474, "step_value_ests": 11.92262332419579, "step_values": 3.7155839591152304, "step_td_err": 11.011704781204827}