{"dim0": 0.3333333333333333, "dim1": -0.4, "episode_rewards": 9.403076437110958, "episode_std_rewards": 0.6688225962102788, "episode_value_ests": 11.932568865104294, "episode_values": 6.0002125399642425, "episode_td_err": 7.257685923229483, "episode_avg_len": 5.399476256040604, "episode_std_avg_len": 0.815039610497109, "step_rewards": 1.7414793567415676, "step_value_ests": 11.948326094185727, "step_values": 6.028732233610723, "step_td_err": 7.129865476271849}