{"dim0": 0.3333333333333333, "dim1": 0.7333333333333333, "episode_rewards": 16.57784635590747, "episode_std_rewards": 0.38329329239688775, "episode_value_ests": 11.274128404761129, "episode_values": 9.336953487573542, "episode_td_err": 1.8350402499406142, "episode_avg_len": 7.692976382798677, "episode_std_avg_len": 1.5371059579731583, "step_rewards": 2.1549326984774275, "step_value_ests": 11.234483727987318, "step_values": 9.338493818326173, "step_td_err": 1.801996859549513}