{"dim0": 0.3333333333333333, "dim1": 0.13333333333333333, "episode_rewards": 14.321431360932959, "episode_std_rewards": 0.45804377435898114, "episode_value_ests": 11.876930242378126, "episode_values": 9.16103259512752, "episode_td_err": 3.086099021474986, "episode_avg_len": 5.798028699811567, "episode_std_avg_len": 1.0113698601911774, "step_rewards": 2.470051823199564, "step_value_ests": 11.878916601379439, "step_values": 9.194097376878597, "step_td_err": 3.040905993272171}