{"dim0": 0.3333333333333333, "dim1": 0.26666666666666666, "episode_rewards": 15.111190725834607, "episode_std_rewards": 0.4357693725115072, "episode_value_ests": 11.810746468175699, "episode_values": 9.5079269624179, "episode_td_err": 2.585191806569112, "episode_avg_len": 6.036186394639947, "episode_std_avg_len": 1.1114294047798179, "step_rewards": 2.5034334160477787, "step_value_ests": 11.802304573110384, "step_values": 9.533787158883156, "step_td_err": 2.551345102305732}