{"dim0": 0.4, "dim1": 0.7333333333333333, "episode_rewards": 15.783259442604646, "episode_std_rewards": 0.3826594227449004, "episode_value_ests": 11.431762566792607, "episode_values": 9.374679032220339, "episode_td_err": 2.001925145231505, "episode_avg_len": 6.49540450131532, "episode_std_avg_len": 1.079977105515392, "step_rewards": 2.4299117074861982, "step_value_ests": 11.393404003123045, "step_values": 9.364680634566383, "step_td_err": 1.9877454117655404}