{"dim0": 0.4, "dim1": -0.6, "episode_rewards": 5.4450739006630275, "episode_std_rewards": 0.8115448198250842, "episode_value_ests": 11.81731748508334, "episode_values": 3.184464714296392, "episode_td_err": 12.250368915628869, "episode_avg_len": 5.189087512648211, "episode_std_avg_len": 0.6022971490823669, "step_rewards": 1.0493316767911236, "step_value_ests": 11.823093109128806, "step_values": 3.2029643044779106, "step_td_err": 12.078231171977325}