{"dim0": 0.4, "dim1": -0.3333333333333333, "episode_rewards": 8.66050474435251, "episode_std_rewards": 0.686117474576027, "episode_value_ests": 11.819269135285088, "episode_values": 5.4871811207718295, "episode_td_err": 8.06168757175527, "episode_avg_len": 5.207785444603568, "episode_std_avg_len": 0.6083623343917789, "step_rewards": 1.6629918487380722, "step_value_ests": 11.82575587929435, "step_values": 5.510741952834963, "step_td_err": 7.9548969393541435}