{"dim0": 0.4, "dim1": 0.8666666666666667, "episode_rewards": 15.952659769743182, "episode_std_rewards": 0.3623788070085295, "episode_value_ests": 11.265666025558641, "episode_values": 9.148578321890803, "episode_td_err": 1.9056673531947772, "episode_avg_len": 6.986690421295326, "episode_std_avg_len": 1.150152542753878, "step_rewards": 2.2832927763794597, "step_value_ests": 11.229213985097248, "step_values": 9.137234516989423, "step_td_err": 1.8865228848861397}