{"dim0": 0.4, "dim1": -0.06666666666666667, "episode_rewards": 11.522226040124215, "episode_std_rewards": 0.547800418030711, "episode_value_ests": 11.819186848638779, "episode_values": 7.489702215944215, "episode_td_err": 5.127621297890245, "episode_avg_len": 5.2817831299846825, "episode_std_avg_len": 0.6457400763558011, "step_rewards": 2.1815030561767177, "step_value_ests": 11.824897160260901, "step_values": 7.519549466060057, "step_td_err": 5.06370105310822}