{"dim0": 0.4, "dim1": 0.8, "episode_rewards": 15.860664473202506, "episode_std_rewards": 0.37386421283316185, "episode_value_ests": 11.35302866017812, "episode_values": 9.261079550048644, "episode_td_err": 1.9539159550663456, "episode_avg_len": 6.71988710815442, "episode_std_avg_len": 1.107070719552138, "step_rewards": 2.360257578428062, "step_value_ests": 11.314267578339003, "step_values": 9.247306971796283, "step_td_err": 1.9385935229827704}