{"dim0": 0.4, "dim1": 0.3333333333333333, "episode_rewards": 14.475272967941908, "episode_std_rewards": 0.41115490996238196, "episode_value_ests": 11.76684277394596, "episode_values": 9.286363996771366, "episode_td_err": 2.799070715710548, "episode_avg_len": 5.58228201406721, "episode_std_avg_len": 0.7966876382826261, "step_rewards": 2.593074468732426, "step_value_ests": 11.755306985832483, "step_values": 9.300692220164224, "step_td_err": 2.7786012698379787}