{"dim0": 0.4, "dim1": -0.8666666666666667, "episode_rewards": 2.0374943345110785, "episode_std_rewards": 0.9328221456674207, "episode_value_ests": 11.802970960914285, "episode_values": 0.7303363436768195, "episode_td_err": 17.7014273061062, "episode_avg_len": 5.200041599500806, "episode_std_avg_len": 0.5987107622337675, "step_rewards": 0.39182269901584516, "step_value_ests": 11.808145902467233, "step_values": 0.7475907182969237, "step_td_err": 17.45076737776214}