{"dim0": 0.4, "dim1": -0.4666666666666667, "episode_rewards": 7.084709664800443, "episode_std_rewards": 0.7417287426230038, "episode_value_ests": 11.81584989921842, "episode_values": 4.3650349779643935, "episode_td_err": 9.971252286219455, "episode_avg_len": 5.191164637786487, "episode_std_avg_len": 0.599856197082391, "step_rewards": 1.3647630462788334, "step_value_ests": 11.821093454495072, "step_values": 4.38613243465088, "step_td_err": 9.834289204671993}