{"dim0": 0.4, "dim1": -0.8, "episode_rewards": 2.9086519782655733, "episode_std_rewards": 0.9029580805807447, "episode_value_ests": 11.816467666883803, "episode_values": 1.364322141352076, "episode_td_err": 16.190665163301468, "episode_avg_len": 5.1993656900720095, "episode_std_avg_len": 0.6059484622896988, "step_rewards": 0.559424389751914, "step_value_ests": 11.821297183542999, "step_values": 1.3784525727334722, "step_td_err": 15.961032577128282}