{"dim0": 0.4, "dim1": 1.0, "episode_rewards": 16.049165536186354, "episode_std_rewards": 0.3354360752411848, "episode_value_ests": 11.098602307328171, "episode_values": 8.873515116324493, "episode_td_err": 1.8231138767228077, "episode_avg_len": 7.596050132928219, "episode_std_avg_len": 1.2289023076100238, "step_rewards": 2.1128303862312086, "step_value_ests": 11.06210015992986, "step_values": 8.860812678425232, "step_td_err": 1.7984303769265562}