{"dim0": 0.4, "dim1": 0.0, "episode_rewards": 12.144652177053505, "episode_std_rewards": 0.520502329472366, "episode_value_ests": 11.812629182202077, "episode_values": 7.908503988566941, "episode_td_err": 4.554244349497631, "episode_avg_len": 5.302587623946127, "episode_std_avg_len": 0.6547895355037843, "step_rewards": 2.2903255991865326, "step_value_ests": 11.816381856541339, "step_values": 7.936590215731332, "step_td_err": 4.501467349737498}