{"dim0": 0.4, "dim1": -0.4, "episode_rewards": 7.894234081211558, "episode_std_rewards": 0.7094390735672599, "episode_value_ests": 11.818929395227958, "episode_values": 4.9363776493153, "episode_td_err": 8.957386086662208, "episode_avg_len": 5.197879307656323, "episode_std_avg_len": 0.6058464519760106, "step_rewards": 1.5187413200578905, "step_value_ests": 11.824860830674602, "step_values": 4.96079411892951, "step_td_err": 8.836523028819274}