{"dim0": 0.4, "dim1": -1.0, "episode_rewards": 0.29532012359783044, "episode_std_rewards": 0.9876716270855688, "episode_value_ests": 11.805316720014812, "episode_values": -0.504789913428307, "episode_td_err": 20.85333633653185, "episode_avg_len": 5.2098778295866, "episode_std_avg_len": 0.606476767764648, "step_rewards": 0.05668465427744279, "step_value_ests": 11.809817025446725, "step_values": -0.4894736853117222, "step_td_err": 20.54872772598929}