{"dim0": 0.4, "dim1": -0.26666666666666666, "episode_rewards": 9.483801666765762, "episode_std_rewards": 0.6451087363606172, "episode_value_ests": 11.814741936682687, "episode_values": 6.06816791353119, "episode_td_err": 7.130590946836721, "episode_avg_len": 5.221984334203655, "episode_std_avg_len": 0.6182323236623117, "step_rewards": 1.8161298578870648, "step_value_ests": 11.820762970279299, "step_values": 6.095986561263284, "step_td_err": 7.034810855201186}