{"dim0": 0.4, "dim1": -0.6666666666666666, "episode_rewards": 4.636677316562982, "episode_std_rewards": 0.8401702556904409, "episode_value_ests": 11.814012932644934, "episode_values": 2.609175740163295, "episode_td_err": 13.4551469628501, "episode_avg_len": 5.191973209418239, "episode_std_avg_len": 0.6040490161769962, "step_rewards": 0.8930472345566131, "step_value_ests": 11.82067424409248, "step_values": 2.6254031530540414, "step_td_err": 13.270807418107237}