{"dim0": 0.4, "dim1": 0.9333333333333333, "episode_rewards": 16.008214379776543, "episode_std_rewards": 0.3497325583429035, "episode_value_ests": 11.167182911477283, "episode_values": 9.0021097201526, "episode_td_err": 1.8546836701993537, "episode_avg_len": 7.289270354982142, "episode_std_avg_len": 1.1889905650433825, "step_rewards": 2.196133988751713, "step_value_ests": 11.129614002949634, "step_values": 8.990221306271325, "step_td_err": 1.8318655162090565}