{"dim0": 0.4, "dim1": 0.13333333333333333, "episode_rewards": 13.22903056709356, "episode_std_rewards": 0.46390365414584617, "episode_value_ests": 11.81088773774816, "episode_values": 8.611373169132701, "episode_td_err": 3.67698480155023, "episode_avg_len": 5.377066810055115, "episode_std_avg_len": 0.6988677492230367, "step_rewards": 2.4602689597152247, "step_value_ests": 11.812363744958043, "step_values": 8.63457069684419, "step_td_err": 3.6424472184689716}