{"dim0": 0.4, "dim1": 0.6666666666666666, "episode_rewards": 15.649247041614831, "episode_std_rewards": 0.3838662130956127, "episode_value_ests": 11.508111773426327, "episode_values": 9.457322490988965, "episode_td_err": 2.0659669560888, "episode_avg_len": 6.264447019763836, "episode_std_avg_len": 1.0221384109752283, "step_rewards": 2.4981050988607123, "step_value_ests": 11.47194230254546, "step_values": 9.449751389444813, "step_td_err": 2.054666834032476}