{"dim0": 0.4, "dim1": -0.5333333333333333, "episode_rewards": 6.280879325440612, "episode_std_rewards": 0.7820568614820492, "episode_value_ests": 11.817960951417009, "episode_values": 3.7909366571018563, "episode_td_err": 11.059241592249998, "episode_avg_len": 5.189921374263695, "episode_std_avg_len": 0.6016335518700406, "step_rewards": 1.2102070286819506, "step_value_ests": 11.823596268036233, "step_values": 3.8134432982401756, "step_td_err": 10.903323095935084}