{"dim0": 0.4, "dim1": -0.13333333333333333, "episode_rewards": 10.853140666083235, "episode_std_rewards": 0.5826792883356392, "episode_value_ests": 11.812734474824234, "episode_values": 7.033412649223747, "episode_td_err": 5.734048564322895, "episode_avg_len": 5.251135558064432, "episode_std_avg_len": 0.6291692328560795, "step_rewards": 2.066817842745561, "step_value_ests": 11.820035362962782, "step_values": 7.062860069419434, "step_td_err": 5.661943800149848}