{"dim0": 0.4, "dim1": 0.06666666666666667, "episode_rewards": 12.717618473299291, "episode_std_rewards": 0.48750065373851403, "episode_value_ests": 11.815703132396731, "episode_values": 8.287164909293843, "episode_td_err": 4.085137970233877, "episode_avg_len": 5.343593031954686, "episode_std_avg_len": 0.6825625794930411, "step_rewards": 2.379975121093229, "step_value_ests": 11.81923129335627, "step_values": 8.315088270544466, "step_td_err": 4.04016338054621}