{"dim0": 0.4, "dim1": 0.26666666666666666, "episode_rewards": 14.111581206099446, "episode_std_rewards": 0.4265384539309286, "episode_value_ests": 11.787480255156636, "episode_values": 9.114154951557051, "episode_td_err": 3.035110805376892, "episode_avg_len": 5.504334663547544, "episode_std_avg_len": 0.7628909998139429, "step_rewards": 2.563721515618117, "step_value_ests": 11.780313038022891, "step_values": 9.132121317010819, "step_td_err": 3.0106876298957324}