{"dim0": 0.4, "dim1": -0.7333333333333333, "episode_rewards": 3.7767042271594566, "episode_std_rewards": 0.8763105515699215, "episode_value_ests": 11.81999686752333, "episode_values": 1.9865365970144364, "episode_td_err": 14.81859417280981, "episode_avg_len": 5.195075068834744, "episode_std_avg_len": 0.6116134585911105, "step_rewards": 0.7269777966859238, "step_value_ests": 11.824836094263643, "step_values": 2.0064315960094015, "step_td_err": 14.595436943129146}