{"dim0": 0.4666666666666667, "dim1": 0.9333333333333333, "episode_rewards": 15.318621566954672, "episode_std_rewards": 0.352021234545233, "episode_value_ests": 11.3304974465128, "episode_values": 9.116870692794338, "episode_td_err": 1.968027442106367, "episode_avg_len": 6.276935630668801, "episode_std_avg_len": 0.8748064826958757, "step_rewards": 2.4404617903214803, "step_value_ests": 11.287124774033739, "step_values": 9.096779181634753, "step_td_err": 1.9599297030869838}