{"dim0": 0.4666666666666667, "dim1": 0.6666666666666666, "episode_rewards": 14.859186810885335, "episode_std_rewards": 0.3698146203821075, "episode_value_ests": 11.623550911669994, "episode_values": 9.40395971244711, "episode_td_err": 2.2593350960246448, "episode_avg_len": 5.620531699640288, "episode_std_avg_len": 0.7331945019755312, "step_rewards": 2.643733298726225, "step_value_ests": 11.590028245476091, "step_values": 9.393172669741322, "step_td_err": 2.2556984471379313}