{"dim0": 0.4666666666666667, "dim1": 0.26666666666666666, "episode_rewards": 12.984326389610324, "episode_std_rewards": 0.4455227811548688, "episode_value_ests": 11.704385121295328, "episode_values": 8.529515407429544, "episode_td_err": 3.6591516439524887, "episode_avg_len": 5.204507012932941, "episode_std_avg_len": 0.5139238344346271, "step_rewards": 2.4948234976617223, "step_value_ests": 11.69833059034493, "step_values": 8.543286413700375, "step_td_err": 3.633847363074666}