{"dim0": 0.4666666666666667, "dim1": 1.0, "episode_rewards": 15.356343294044924, "episode_std_rewards": 0.34343088490237045, "episode_value_ests": 11.259270391665062, "episode_values": 8.975959265886255, "episode_td_err": 1.9478108190642751, "episode_avg_len": 6.491188212002207, "episode_std_avg_len": 0.9077103756042657, "step_rewards": 2.3657214661640906, "step_value_ests": 11.21735667979613, "step_values": 8.956094229601577, "step_td_err": 1.9367091711561875}