{"dim0": 0.4666666666666667, "dim1": -0.2, "episode_rewards": 8.588196632127735, "episode_std_rewards": 0.6665985482983356, "episode_value_ests": 11.689204789985105, "episode_values": 5.461459057563588, "episode_td_err": 7.909290922592053, "episode_avg_len": 5.090922975105635, "episode_std_avg_len": 0.46298687676969286, "step_rewards": 1.6869625948229028, "step_value_ests": 11.684737706006752, "step_values": 5.480471279061008, "step_td_err": 7.827724334112472}