{"dim0": 0.4666666666666667, "dim1": 0.8, "episode_rewards": 15.143931221667597, "episode_std_rewards": 0.3606813466492948, "episode_value_ests": 11.50102981311797, "episode_values": 9.322867395752438, "episode_td_err": 2.0789363167471615, "episode_avg_len": 5.900171101539914, "episode_std_avg_len": 0.8145343773720013, "step_rewards": 2.5666935688890633, "step_value_ests": 11.458394479854686, "step_values": 9.30657028860962, "step_td_err": 2.074362727937376}