{"dim0": 0.4666666666666667, "dim1": 0.5333333333333333, "episode_rewards": 14.415126728130916, "episode_std_rewards": 0.37787593298583133, "episode_value_ests": 11.686170729844772, "episode_values": 9.308169188552238, "episode_td_err": 2.5702460867392576, "episode_avg_len": 5.418319245773732, "episode_std_avg_len": 0.6404776754437793, "step_rewards": 2.6604424867314083, "step_value_ests": 11.664433108481756, "step_values": 9.305614791957344, "step_td_err": 2.5617304757034045}