{"dim0": 0.4666666666666667, "dim1": -1.0, "episode_rewards": -1.422729574331906, "episode_std_rewards": 1.035395693075576, "episode_value_ests": 11.729097655355583, "episode_values": -1.7704383102405796, "episode_td_err": 24.384690061723227, "episode_avg_len": 5.129571685047448, "episode_std_avg_len": 0.49649719036932555, "step_rewards": -0.27735835693243577, "step_value_ests": 11.730893562109223, "step_values": -1.765072274446688, "step_td_err": 24.123248249180104}