{"dim0": 0.4666666666666667, "dim1": 0.3333333333333333, "episode_rewards": 13.422287952827359, "episode_std_rewards": 0.42113843125251005, "episode_value_ests": 11.704403655206521, "episode_values": 8.80521299947597, "episode_td_err": 3.3012379140095462, "episode_avg_len": 5.239880531321229, "episode_std_avg_len": 0.5383375097135724, "step_rewards": 2.5615637365386545, "step_value_ests": 11.69673605359472, "step_values": 8.816107828243515, "step_td_err": 3.2829977958143433}