{"dim0": 0.4666666666666667, "dim1": 0.0, "episode_rewards": 10.7063066825038, "episode_std_rewards": 0.5654401096860857, "episode_value_ests": 11.694604754055046, "episode_values": 6.98519847414266, "episode_td_err": 5.643687549602942, "episode_avg_len": 5.117129333503902, "episode_std_avg_len": 0.4651823015257415, "step_rewards": 2.0922485996993094, "step_value_ests": 11.691062872892315, "step_values": 7.004108392292662, "step_td_err": 5.593079740824204}