{"dim0": 0.4666666666666667, "dim1": -0.06666666666666667, "episode_rewards": 10.014530944671007, "episode_std_rewards": 0.601873347995439, "episode_value_ests": 11.687020316780128, "episode_values": 6.486538703517626, "episode_td_err": 6.35993537721533, "episode_avg_len": 5.109652036175975, "episode_std_avg_len": 0.4691541342397295, "step_rewards": 1.9599242519390432, "step_value_ests": 11.683529216700755, "step_values": 6.508017506116569, "step_td_err": 6.296616641120265}