{"dim0": 0.4666666666666667, "dim1": 0.6, "episode_rewards": 14.65448428977694, "episode_std_rewards": 0.3710885412520399, "episode_value_ests": 11.652492588482314, "episode_values": 9.375902872950663, "episode_td_err": 2.3923407671360444, "episode_avg_len": 5.500275012375557, "episode_std_avg_len": 0.6809842455233571, "step_rewards": 2.6643184671320097, "step_value_ests": 11.624448915201848, "step_values": 9.369239688717743, "step_td_err": 2.387355472919078}