{"dim0": 0.4666666666666667, "dim1": -0.8666666666666667, "episode_rewards": 0.37750817719965624, "episode_std_rewards": 0.9733864920175533, "episode_value_ests": 11.717155056595399, "episode_values": -0.4782671606344534, "episode_td_err": 20.77410380820187, "episode_avg_len": 5.116031002992863, "episode_std_avg_len": 0.4926410436335621, "step_rewards": 0.07378926690999625, "step_value_ests": 11.718111616568356, "step_values": -0.4694352992719246, "step_td_err": 20.557538852252573}