{"dim0": 0.4666666666666667, "dim1": 0.13333333333333333, "episode_rewards": 11.931701317812033, "episode_std_rewards": 0.5033693167034001, "episode_value_ests": 11.69822266166498, "episode_values": 7.832589021851688, "episode_td_err": 4.519088797191382, "episode_avg_len": 5.152617477328937, "episode_std_avg_len": 0.4802330856764268, "step_rewards": 2.315658278595387, "step_value_ests": 11.694494677494136, "step_values": 7.849242538424429, "step_td_err": 4.482370209018372}