{"dim0": 0.4666666666666667, "dim1": -0.9333333333333333, "episode_rewards": -0.4713093668748083, "episode_std_rewards": 1.0023915856569912, "episode_value_ests": 11.724656598016946, "episode_values": -1.0847137374497757, "episode_td_err": 22.414115828235907, "episode_avg_len": 5.120772204726426, "episode_std_avg_len": 0.48690030600572054, "step_rewards": -0.0920387293228537, "step_value_ests": 11.72566975695617, "step_values": -1.0788078602653517, "step_td_err": 22.184056760785147}