{"dim0": 0.4666666666666667, "dim1": 0.7333333333333333, "episode_rewards": 15.023186433589972, "episode_std_rewards": 0.36422198239511766, "episode_value_ests": 11.570608966987454, "episode_values": 9.388345425384935, "episode_td_err": 2.1464697958993164, "episode_avg_len": 5.74281448301605, "episode_std_avg_len": 0.7706795172581578, "step_rewards": 2.615997169683948, "step_value_ests": 11.531738757405522, "step_values": 9.375059893601103, "step_td_err": 2.14288932789025}