{"dim0": 0.4666666666666667, "dim1": -0.13333333333333333, "episode_rewards": 9.31344969399457, "episode_std_rewards": 0.6321337747540973, "episode_value_ests": 11.685416737765722, "episode_values": 5.989911175166197, "episode_td_err": 7.076712482413548, "episode_avg_len": 5.095437058928435, "episode_std_avg_len": 0.45836271012720964, "step_rewards": 1.827801930685251, "step_value_ests": 11.681709167535766, "step_values": 6.009462571882465, "step_td_err": 7.007653902020857}