{"dim0": 0.4666666666666667, "dim1": -0.6666666666666666, "episode_rewards": 2.904812358008012, "episode_std_rewards": 0.8865506227892955, "episode_value_ests": 11.715716479496399, "episode_values": 1.3471854457354668, "episode_td_err": 16.153977730100774, "episode_avg_len": 5.097020821121843, "episode_std_avg_len": 0.4796009998315831, "step_rewards": 0.5699039615397665, "step_value_ests": 11.71527317300296, "step_values": 1.35876766722643, "step_td_err": 15.984308736482811}