{"dim0": 0.4666666666666667, "dim1": -0.7333333333333333, "episode_rewards": 2.1025168299455173, "episode_std_rewards": 0.9234998786307343, "episode_value_ests": 11.722341823816878, "episode_values": 0.7659653247962906, "episode_td_err": 17.59947047559076, "episode_avg_len": 5.100451380919593, "episode_std_avg_len": 0.4831414916251094, "step_rewards": 0.4122217178289112, "step_value_ests": 11.721728074521513, "step_values": 0.7718240327933851, "step_td_err": 17.422566317652805}