{"dim0": 0.4666666666666667, "dim1": 0.4, "episode_rewards": 13.782377222878221, "episode_std_rewards": 0.4023520109910552, "episode_value_ests": 11.715032599351627, "episode_values": 9.011801944179151, "episode_td_err": 3.044712818900391, "episode_avg_len": 5.283344340245674, "episode_std_avg_len": 0.5607900677671851, "step_rewards": 2.6086464056282472, "step_value_ests": 11.703844830376207, "step_values": 9.016336762045757, "step_td_err": 3.0316956937385466}