{"dim0": 0.4666666666666667, "dim1": -0.6, "episode_rewards": 3.8044224305954653, "episode_std_rewards": 0.8583354030040132, "episode_value_ests": 11.71445943811284, "episode_values": 2.0031225933407426, "episode_td_err": 14.66055673073569, "episode_avg_len": 5.0899119458441495, "episode_std_avg_len": 0.48052999127335744, "step_rewards": 0.7474436632841418, "step_value_ests": 11.712142323419974, "step_values": 2.013374678274695, "step_td_err": 14.505957298696233}