{"dim0": 0.4666666666666667, "dim1": 0.4666666666666667, "episode_rewards": 14.138944116922092, "episode_std_rewards": 0.3848351805494019, "episode_value_ests": 11.705931279485583, "episode_values": 9.198489521723646, "episode_td_err": 2.778492270459906, "episode_avg_len": 5.34159500026708, "episode_std_avg_len": 0.5989726427528277, "step_rewards": 2.6469517281289847, "step_value_ests": 11.69048141791284, "step_values": 9.202116741028961, "step_td_err": 2.7666102428895316}