{"dim0": 0.4666666666666667, "dim1": 0.06666666666666667, "episode_rewards": 11.361572517548439, "episode_std_rewards": 0.5341558508141051, "episode_value_ests": 11.695992527069984, "episode_values": 7.446925463095638, "episode_td_err": 5.029083074771805, "episode_avg_len": 5.13347022587269, "episode_std_avg_len": 0.4757991986650009, "step_rewards": 2.2132343264184358, "step_value_ests": 11.692368796593547, "step_values": 7.467271964174176, "step_td_err": 4.9843631736646765}