{"dim0": 0.4666666666666667, "dim1": -0.5333333333333333, "episode_rewards": 4.611469193881247, "episode_std_rewards": 0.820992469038507, "episode_value_ests": 11.711502591208564, "episode_values": 2.5890801850468352, "episode_td_err": 13.359386922032607, "episode_avg_len": 5.085382287879173, "episode_std_avg_len": 0.47557992362700524, "step_rewards": 0.9068087574994153, "step_value_ests": 11.707950481570455, "step_values": 2.601628459085134, "step_td_err": 13.216346116779887}