{"dim0": 0.4666666666666667, "dim1": -0.26666666666666666, "episode_rewards": 7.807475049832488, "episode_std_rewards": 0.6973407788180322, "episode_value_ests": 11.69774658565584, "episode_values": 4.899669969596893, "episode_td_err": 8.85924644619693, "episode_avg_len": 5.088462027731841, "episode_std_avg_len": 0.4646358419007751, "step_rewards": 1.5343486906814228, "step_value_ests": 11.69456758386455, "step_values": 4.919823427342008, "step_td_err": 8.764671138715796}