{"dim0": 0.4666666666666667, "dim1": -0.4, "episode_rewards": 6.244025037253843, "episode_std_rewards": 0.7651383072190272, "episode_value_ests": 11.698107618854882, "episode_values": 3.7753499723786046, "episode_td_err": 10.918696683461054, "episode_avg_len": 5.078796343321483, "episode_std_avg_len": 0.4655336269411013, "step_rewards": 1.229430088383956, "step_value_ests": 11.693461417878348, "step_values": 3.7903126327050254, "step_td_err": 10.803443166937988}