{"dim0": 0.4666666666666667, "dim1": 0.2, "episode_rewards": 12.466714519108137, "episode_std_rewards": 0.4717447501353982, "episode_value_ests": 11.703152153927086, "episode_values": 8.198643436945034, "episode_td_err": 4.065686512558251, "episode_avg_len": 5.17501552473608, "episode_std_avg_len": 0.4953780108105601, "step_rewards": 2.4090197332777907, "step_value_ests": 11.699186517105062, "step_values": 8.212561584746691, "step_td_err": 4.039064108322943}