{"dim0": 0.4666666666666667, "dim1": 0.8666666666666667, "episode_rewards": 15.258587208009777, "episode_std_rewards": 0.36171124728209675, "episode_value_ests": 11.421316657636938, "episode_values": 9.24704042013149, "episode_td_err": 1.9995583861039605, "episode_avg_len": 6.0771474582966185, "episode_std_avg_len": 0.8515522399272138, "step_rewards": 2.5108140476628575, "step_value_ests": 11.378467674758914, "step_values": 9.228167021903264, "step_td_err": 1.9949870263434388}