{"dim0": 0.5333333333333333, "dim1": -0.26666666666666666, "episode_rewards": 6.041356474341033, "episode_std_rewards": 0.742431320599831, "episode_value_ests": 11.583629554015957, "episode_values": 3.664460746828666, "episode_td_err": 10.822277307965368, "episode_avg_len": 5.013360405073445, "episode_std_avg_len": 0.3618618163523903, "step_rewards": 1.2050513001673033, "step_value_ests": 11.570709541405737, "step_values": 3.670695035471048, "step_td_err": 10.735922133379058}