{"dim0": 0.5333333333333333, "dim1": -0.8666666666666667, "episode_rewards": -1.4542639597862759, "episode_std_rewards": 1.0118408475407528, "episode_value_ests": 11.640908038201086, "episode_values": -1.802851883331161, "episode_td_err": 24.37017373428901, "episode_avg_len": 5.057963684183906, "episode_std_avg_len": 0.3993807873427694, "step_rewards": -0.28751965229282167, "step_value_ests": 11.63734016089787, "step_values": -1.8030492241047644, "step_td_err": 24.184703449004168}