{"dim0": 0.5333333333333333, "dim1": 0.26666666666666666, "episode_rewards": 11.591767893256247, "episode_std_rewards": 0.49296012946025214, "episode_value_ests": 11.583110193529546, "episode_values": 7.693880815991674, "episode_td_err": 4.533052349300099, "episode_avg_len": 5.054487098486189, "episode_std_avg_len": 0.34765711676865513, "step_rewards": 2.293361852032022, "step_value_ests": 11.574068729374835, "step_values": 7.705624259077637, "step_td_err": 4.50424703825283}