{"dim0": 0.5333333333333333, "dim1": -0.9333333333333333, "episode_rewards": -2.2749015608439507, "episode_std_rewards": 1.0424685413495989, "episode_value_ests": 11.654314545073483, "episode_values": -2.391480814280676, "episode_td_err": 26.180770628969224, "episode_avg_len": 5.067781578613962, "episode_std_avg_len": 0.4086262386883336, "step_rewards": -0.4488949504935325, "step_value_ests": 11.652157515461893, "step_values": -2.3948530055714485, "step_td_err": 25.988889149856217}