{"dim0": 0.5333333333333333, "dim1": -0.5333333333333333, "episode_rewards": 2.773503705297719, "episode_std_rewards": 0.8698823763726362, "episode_value_ests": 11.616588374534999, "episode_values": 1.2815209328847186, "episode_td_err": 16.11325104968782, "episode_avg_len": 5.024797125844786, "episode_std_avg_len": 0.38658655961186383, "step_rewards": 0.5519633202766228, "step_value_ests": 11.606290716275316, "step_values": 1.2853043042419288, "step_td_err": 15.981573462424706}