{"dim0": 0.5333333333333333, "dim1": -0.13333333333333333, "episode_rewards": 7.589544501127831, "episode_std_rewards": 0.6845099573905746, "episode_value_ests": 11.573604902275672, "episode_values": 4.798433242014867, "episode_td_err": 8.784958825394966, "episode_avg_len": 5.012556390977443, "episode_std_avg_len": 0.35416282904435253, "step_rewards": 1.5141065574422152, "step_value_ests": 11.56056137188659, "step_values": 4.809237662857834, "step_td_err": 8.709926761431403}