{"dim0": 0.5333333333333333, "dim1": 0.9333333333333333, "episode_rewards": 14.600619807848261, "episode_std_rewards": 0.3450396938758702, "episode_value_ests": 11.50621435465718, "episode_values": 9.190875382569757, "episode_td_err": 2.076426732206164, "episode_avg_len": 5.62111801242236, "episode_std_avg_len": 0.6587257105331268, "step_rewards": 2.5974583304569836, "step_value_ests": 11.462379333745455, "step_values": 9.17249579119945, "step_td_err": 2.0748040470338305}