{"dim0": 0.5333333333333333, "dim1": -0.6, "episode_rewards": 1.949395146943128, "episode_std_rewards": 0.8956001290154588, "episode_value_ests": 11.615286571006575, "episode_values": 0.6806359280120207, "episode_td_err": 17.522045371881855, "episode_avg_len": 5.030661267198229, "episode_std_avg_len": 0.38730073480001564, "step_rewards": 0.3875027642298051, "step_value_ests": 11.606491445674763, "step_values": 0.6844015347236561, "step_td_err": 17.380238708542272}