{"dim0": 0.5333333333333333, "dim1": -0.4, "episode_rewards": 4.409404874054795, "episode_std_rewards": 0.8098614250639616, "episode_value_ests": 11.600554897454979, "episode_values": 2.467094501087922, "episode_td_err": 13.328452893290502, "episode_avg_len": 5.017636728549925, "episode_std_avg_len": 0.37664512464713606, "step_rewards": 0.8787812096809754, "step_value_ests": 11.588861791336342, "step_values": 2.470554577276577, "step_td_err": 13.225216442229616}