{"dim0": 0.5333333333333333, "dim1": 1.0, "episode_rewards": 14.68471430684148, "episode_std_rewards": 0.3413775545141414, "episode_value_ests": 11.43903447692552, "episode_values": 9.101412482983516, "episode_td_err": 2.024702743983875, "episode_avg_len": 5.771563789570888, "episode_std_avg_len": 0.6976406094414221, "step_rewards": 2.5443215811590774, "step_value_ests": 11.39254477239404, "step_values": 9.082057941316958, "step_td_err": 2.021034638753548}