{"dim0": 0.5333333333333333, "dim1": 0.13333333333333333, "episode_rewards": 10.375870647427229, "episode_std_rewards": 0.5569528575171638, "episode_value_ests": 11.57530898746768, "episode_values": 6.8277410026977465, "episode_td_err": 5.668784264913203, "episode_avg_len": 5.03299109165031, "episode_std_avg_len": 0.3400013277695519, "step_rewards": 2.0615714310801607, "step_value_ests": 11.565320967927057, "step_values": 6.840651414773637, "step_td_err": 5.6262428154065045}