{"dim0": 0.5333333333333333, "dim1": 0.4, "episode_rewards": 12.623898841438002, "episode_std_rewards": 0.43496967631260797, "episode_value_ests": 11.599943303351212, "episode_values": 8.399199072576875, "episode_td_err": 3.6496182004972972, "episode_avg_len": 5.089523373285492, "episode_std_avg_len": 0.3683214022251358, "step_rewards": 2.4803695583165712, "step_value_ests": 11.591025831344618, "step_values": 8.405037058401746, "step_td_err": 3.6329483561366644}