{"dim0": 0.5333333333333333, "dim1": -0.2, "episode_rewards": 6.7835304990096335, "episode_std_rewards": 0.7134052425778837, "episode_value_ests": 11.586128526269398, "episode_values": 4.212008320835066, "episode_td_err": 9.854260844573904, "episode_avg_len": 5.013888192529456, "episode_std_avg_len": 0.36313949363297854, "step_rewards": 1.35294809906549, "step_value_ests": 11.57346864065073, "step_values": 4.220127941757905, "step_td_err": 9.774848319210141}