{"dim0": 0.5333333333333333, "dim1": 0.8666666666666667, "episode_rewards": 14.52324294186222, "episode_std_rewards": 0.3458587347499846, "episode_value_ests": 11.567965547220206, "episode_values": 9.270385020620921, "episode_td_err": 2.153229926417903, "episode_avg_len": 5.498487930939683, "episode_std_avg_len": 0.6238734133262351, "step_rewards": 2.641315780678675, "step_value_ests": 11.529929924467394, "step_values": 9.254755488508216, "step_td_err": 2.1528749122461512}