{"dim0": 0.5333333333333333, "dim1": 0.6666666666666666, "episode_rewards": 14.00219412090178, "episode_std_rewards": 0.35963202477562584, "episode_value_ests": 11.63128308574593, "episode_values": 9.203497157173189, "episode_td_err": 2.5509284704908155, "episode_avg_len": 5.234832225304926, "episode_std_avg_len": 0.48273021266029137, "step_rewards": 2.6748123947919193, "step_value_ests": 11.612650224399031, "step_values": 9.19782188117043, "step_td_err": 2.547132779140608}