{"dim0": 0.5333333333333333, "dim1": 0.8, "episode_rewards": 14.385270786461891, "episode_std_rewards": 0.34745153825810066, "episode_value_ests": 11.605846439745699, "episode_values": 9.295819048094534, "episode_td_err": 2.2434004657225017, "episode_avg_len": 5.389872530789339, "episode_std_avg_len": 0.5743015291616959, "step_rewards": 2.668944525920948, "step_value_ests": 11.573669195256903, "step_values": 9.282937416090588, "step_td_err": 2.2431925456049098}