{"dim0": 0.5333333333333333, "dim1": 0.3333333333333333, "episode_rewards": 12.125735689769721, "episode_std_rewards": 0.4633541247355643, "episode_value_ests": 11.58924695352194, "episode_values": 8.067814447417344, "episode_td_err": 4.073146892233844, "episode_avg_len": 5.070452528837622, "episode_std_avg_len": 0.35593272968120726, "step_rewards": 2.3914503924069854, "step_value_ests": 11.580572194797929, "step_values": 8.077842501248764, "step_td_err": 4.049405395310717}