{"dim0": 0.5333333333333333, "dim1": 0.0, "episode_rewards": 9.035633449615178, "episode_std_rewards": 0.6205533486897812, "episode_value_ests": 11.567444232113862, "episode_values": 5.8580956081504825, "episode_td_err": 7.042227457926801, "episode_avg_len": 5.02381251412926, "episode_std_avg_len": 0.3463414768591662, "step_rewards": 1.7985610378975807, "step_value_ests": 11.557002201210864, "step_values": 5.870525806726246, "step_td_err": 6.9876088158853165}