{"dim0": 0.5333333333333333, "dim1": 0.7333333333333333, "episode_rewards": 14.207164783585048, "episode_std_rewards": 0.35603317114122335, "episode_value_ests": 11.622729272103102, "episode_values": 9.267886701972213, "episode_td_err": 2.3821983558358086, "episode_avg_len": 5.305066312997347, "episode_std_avg_len": 0.5241750455346068, "step_rewards": 2.6780371715199243, "step_value_ests": 11.598258228737704, "step_values": 9.25711039956376, "step_td_err": 2.3824279207717582}