{"dim0": 0.5333333333333333, "dim1": 0.06666666666666667, "episode_rewards": 9.731779572133302, "episode_std_rewards": 0.5870605925970578, "episode_value_ests": 11.570371159566943, "episode_values": 6.360874622190366, "episode_td_err": 6.304134973550361, "episode_avg_len": 5.02563071665494, "episode_std_avg_len": 0.3445312698207654, "step_rewards": 1.9364294992630844, "step_value_ests": 11.559446212825627, "step_values": 6.373446604474783, "step_td_err": 6.255933642946427}