{"dim0": 0.5333333333333333, "dim1": -0.8, "episode_rewards": -0.6066879334962398, "episode_std_rewards": 0.9867195744366462, "episode_value_ests": 11.631479079669917, "episode_values": -1.1818199288093856, "episode_td_err": 22.583134357682223, "episode_avg_len": 5.051091019294878, "episode_std_avg_len": 0.40202421411324035, "step_rewards": -0.12011027541945428, "step_value_ests": 11.626233160775374, "step_values": -1.1832426943878853, "step_td_err": 22.413119707645134}