{"dim0": 0.5333333333333333, "dim1": -1.0, "episode_rewards": -3.169106773418459, "episode_std_rewards": 1.0667168601797177, "episode_value_ests": 11.654193476336442, "episode_values": -3.0382013934596745, "episode_td_err": 28.103596868905793, "episode_avg_len": 5.080526342529086, "episode_std_avg_len": 0.4149670102859217, "step_rewards": -0.6237752862119552, "step_value_ests": 11.653462709990515, "step_values": -3.0356125899658304, "step_td_err": 27.87872021113148}