{"dim0": 0.5333333333333333, "dim1": -0.6666666666666666, "episode_rewards": 1.0792840457607535, "episode_std_rewards": 0.9286015202761584, "episode_value_ests": 11.627360708123776, "episode_values": 0.032848722954119294, "episode_td_err": 19.195470846167677, "episode_avg_len": 5.037148973680897, "episode_std_avg_len": 0.3908088108067973, "step_rewards": 0.2142648651846536, "step_value_ests": 11.6201298616264, "step_values": 0.030263781294367305, "step_td_err": 19.0559716121533}