{"dim0": 0.5333333333333333, "dim1": 0.5333333333333333, "episode_rewards": 13.417231032050491, "episode_std_rewards": 0.3877432405976167, "episode_value_ests": 11.621660250305341, "episode_values": 8.908032996455438, "episode_td_err": 3.019695383346116, "episode_avg_len": 5.1416488855754645, "episode_std_avg_len": 0.40592271396197394, "step_rewards": 2.6095191116008705, "step_value_ests": 11.610452025615437, "step_values": 8.908617969417774, "step_td_err": 3.0119471431649596}