{"dim0": 0.6, "dim1": -0.13333333333333333, "episode_rewards": 5.604263714912582, "episode_std_rewards": 0.7259324705481834, "episode_value_ests": 11.475487552332943, "episode_values": 3.422024555512359, "episode_td_err": 10.982441603435461, "episode_avg_len": 4.975421662769292, "episode_std_avg_len": 0.29438737850613456, "step_rewards": 1.1263897001632783, "step_value_ests": 11.457661598412326, "step_values": 3.4234859811027754, "step_td_err": 10.909657677414357}