{"dim0": 0.6, "dim1": 0.26666666666666666, "episode_rewards": 9.937400763282572, "episode_std_rewards": 0.5510744563799878, "episode_value_ests": 11.467945467997705, "episode_values": 6.6203732973173235, "episode_td_err": 5.729416953858056, "episode_avg_len": 4.992536195706441, "episode_std_avg_len": 0.2602261163209458, "step_rewards": 1.990451420628396, "step_value_ests": 11.45502802675538, "step_values": 6.628434360910484, "step_td_err": 5.694031214291832}