{"dim0": 0.6, "dim1": 0.4, "episode_rewards": 11.16566432280018, "episode_std_rewards": 0.4824979187504, "episode_value_ests": 11.469309469327326, "episode_values": 7.507619723087246, "episode_td_err": 4.5682650281191775, "episode_avg_len": 5.006558526083909, "episode_std_avg_len": 0.25454129391033514, "step_rewards": 2.2302074897612107, "step_value_ests": 11.458394408342167, "step_values": 7.514540548918648, "step_td_err": 4.54511484628332}