{"dim0": 0.6, "dim1": 0.5333333333333333, "episode_rewards": 12.169867107290505, "episode_std_rewards": 0.4314564191734863, "episode_value_ests": 11.496738761659081, "episode_values": 8.224246698485885, "episode_td_err": 3.704353037667076, "episode_avg_len": 5.025226130653266, "episode_std_avg_len": 0.25797203720656536, "step_rewards": 2.4217551192484255, "step_value_ests": 11.487455746007676, "step_values": 8.227809816611058, "step_td_err": 3.690871365772275}