{"dim0": 0.6, "dim1": -0.8666666666666667, "episode_rewards": -3.338464948317659, "episode_std_rewards": 1.0441438826464124, "episode_value_ests": 11.576637045210854, "episode_values": -3.147640412106628, "episode_td_err": 28.249234533261085, "episode_avg_len": 5.024064909944987, "episode_std_avg_len": 0.34121781420554387, "step_rewards": -0.6644947882160652, "step_value_ests": 11.569091870365977, "step_values": -3.1541606854788733, "step_td_err": 28.08243008371158}