{"dim0": 0.6, "dim1": -0.4, "episode_rewards": 2.4941528816277385, "episode_std_rewards": 0.8375108409366587, "episode_value_ests": 11.519550358472562, "episode_values": 1.1219165222727912, "episode_td_err": 16.08799437941542, "episode_avg_len": 4.982585949177877, "episode_std_avg_len": 0.31562954934292664, "step_rewards": 0.5005739804727848, "step_value_ests": 11.503128767527116, "step_values": 1.119591215567673, "step_td_err": 15.983437506350265}