{"dim0": 0.6, "dim1": 0.3333333333333333, "episode_rewards": 10.57380971642879, "episode_std_rewards": 0.5140312321724162, "episode_value_ests": 11.463239428829597, "episode_values": 7.084623360928415, "episode_td_err": 5.087065729989345, "episode_avg_len": 4.997451338047525, "episode_std_avg_len": 0.2564351330236568, "step_rewards": 2.1158404556991477, "step_value_ests": 11.450643400003617, "step_values": 7.091914770411862, "step_td_err": 5.057936044871438}