{"dim0": 0.6, "dim1": 0.6, "episode_rewards": 12.634093759421807, "episode_std_rewards": 0.4013127320582752, "episode_value_ests": 11.514176398200629, "episode_values": 8.535758135935367, "episode_td_err": 3.3101386746632757, "episode_avg_len": 5.043805008448289, "episode_std_avg_len": 0.2714999466400123, "step_rewards": 2.5048735504762596, "step_value_ests": 11.505777286680468, "step_values": 8.537256915080253, "step_td_err": 3.3009793457809242}