{"dim0": 0.6, "dim1": 0.8666666666666667, "episode_rewards": 13.730599665108423, "episode_std_rewards": 0.33957682268208145, "episode_value_ests": 11.59436520275081, "episode_values": 9.151695234044531, "episode_td_err": 2.388210071148087, "episode_avg_len": 5.168092198764826, "episode_std_avg_len": 0.3969430283063245, "step_rewards": 2.656802382200154, "step_value_ests": 11.575773293994665, "step_values": 9.141748717520963, "step_td_err": 2.389581687921532}