{"dim0": 0.6, "dim1": 1.0, "episode_rewards": 13.95611857230398, "episode_std_rewards": 0.3347668586546878, "episode_value_ests": 11.586078230471381, "episode_values": 9.13807796342165, "episode_td_err": 2.1515307412367717, "episode_avg_len": 5.308419152776303, "episode_std_avg_len": 0.500031038550871, "step_rewards": 2.6290536166506238, "step_value_ests": 11.552724824489205, "step_values": 9.122446683284272, "step_td_err": 2.1522878259157627}