{"dim0": 0.6, "dim1": 0.8, "episode_rewards": 13.53126690266696, "episode_std_rewards": 0.3470969817094935, "episode_value_ests": 11.578752992941277, "episode_values": 9.073312649711138, "episode_td_err": 2.5601570253988375, "episode_avg_len": 5.12027341849927, "episode_std_avg_len": 0.35065707174369426, "step_rewards": 2.642684442158738, "step_value_ests": 11.565370120788169, "step_values": 9.06669118870724, "step_td_err": 2.5591151503581666}