{"dim0": 0.6, "dim1": -0.5333333333333333, "episode_rewards": 0.8341575662986462, "episode_std_rewards": 0.8999728725125294, "episode_value_ests": 11.529500830023968, "episode_values": -0.09608988306692229, "episode_td_err": 19.22467020654582, "episode_avg_len": 4.98894958716855, "episode_std_avg_len": 0.3244509123120613, "step_rewards": 0.16720104136631847, "step_value_ests": 11.51438952203356, "step_values": -0.09978848935165721, "step_td_err": 19.099180926835675}