{"dim0": 0.6, "dim1": -1.0, "episode_rewards": -5.00617098363668, "episode_std_rewards": 1.1009805703920714, "episode_value_ests": 11.589001956883811, "episode_values": -4.362055543859792, "episode_td_err": 32.319281496693335, "episode_avg_len": 5.040347782258064, "episode_std_avg_len": 0.3473112158574845, "step_rewards": -0.993219357056732, "step_value_ests": 11.584849839583311, "step_values": -4.365618078300574, "step_td_err": 32.1323837944177}