{"dim0": 0.6, "dim1": 0.06666666666666667, "episode_rewards": 7.916616907338504, "episode_std_rewards": 0.6414856078393465, "episode_value_ests": 11.46593506118944, "episode_values": 5.127902364698801, "episode_td_err": 7.936572685502093, "episode_avg_len": 4.975644342720669, "episode_std_avg_len": 0.27695315550001487, "step_rewards": 1.5910737106683392, "step_value_ests": 11.448338654718414, "step_values": 5.135412202869633, "step_td_err": 7.879371574183646}