{"dim0": 0.6, "dim1": 0.13333333333333333, "episode_rewards": 8.621414861546473, "episode_std_rewards": 0.6103972812492698, "episode_value_ests": 11.464170671920783, "episode_values": 5.650098729497016, "episode_td_err": 7.127672288145081, "episode_avg_len": 4.980997683859238, "episode_std_avg_len": 0.2707988843823881, "step_rewards": 1.7308610460679168, "step_value_ests": 11.448234622550633, "step_values": 5.657769605983413, "step_td_err": 7.078068323777834}