{"dim0": 0.6, "dim1": -0.06666666666666667, "episode_rewards": 6.428172725032914, "episode_std_rewards": 0.6931468482068844, "episode_value_ests": 11.46827803985072, "episode_values": 4.026230402077472, "episode_td_err": 9.838901416681152, "episode_avg_len": 4.975075246884406, "episode_std_avg_len": 0.2925671161617822, "step_rewards": 1.292075477463079, "step_value_ests": 11.450100605157473, "step_values": 4.0286475316590815, "step_td_err": 9.775414821185706}