{"dim0": 0.6, "dim1": -0.7333333333333333, "episode_rewards": -1.6440657670368284, "episode_std_rewards": 0.9810721880472234, "episode_value_ests": 11.555396978799628, "episode_values": -1.919431594046179, "episode_td_err": 24.331202899519052, "episode_avg_len": 5.009994739610732, "episode_std_avg_len": 0.33300798601823045, "step_rewards": -0.3281571842857004, "step_value_ests": 11.545530965681333, "step_values": -1.9246453628407216, "step_td_err": 24.186898907114337}