{"dim0": 0.6, "dim1": -0.3333333333333333, "episode_rewards": 3.3164263968138155, "episode_std_rewards": 0.8125475245260729, "episode_value_ests": 11.498370985603467, "episode_values": 1.7305429518559694, "episode_td_err": 14.621495473987947, "episode_avg_len": 4.981121737397888, "episode_std_avg_len": 0.3115660091970232, "step_rewards": 0.6657991054332872, "step_value_ests": 11.481724439405667, "step_values": 1.7298382402544072, "step_td_err": 14.523894026379349}