{"dim0": 0.6, "dim1": 0.0, "episode_rewards": 7.177879799565211, "episode_std_rewards": 0.6693146653619549, "episode_value_ests": 11.466798072402998, "episode_values": 4.58107812498792, "episode_td_err": 8.845232000084982, "episode_avg_len": 4.975199004975124, "episode_std_avg_len": 0.28162081560158947, "step_rewards": 1.4427321987296264, "step_value_ests": 11.44903981508496, "step_values": 4.585526009100984, "step_td_err": 8.787495241619451}