{"dim0": 0.6, "dim1": 0.7333333333333333, "episode_rewards": 13.280991796108076, "episode_std_rewards": 0.36361431663784755, "episode_value_ests": 11.552688910731607, "episode_values": 8.940511764355055, "episode_td_err": 2.782780780582298, "episode_avg_len": 5.088048234456091, "episode_std_avg_len": 0.3176511218024285, "step_rewards": 2.6102330764416988, "step_value_ests": 11.541614323988332, "step_values": 8.93696866040321, "step_td_err": 2.7808577813519446}