{"dim0": 0.6, "dim1": 0.9333333333333333, "episode_rewards": 13.852896081941434, "episode_std_rewards": 0.33530950635777657, "episode_value_ests": 11.591159063767483, "episode_values": 9.157773842180694, "episode_td_err": 2.2478392770121105, "episode_avg_len": 5.230151673640167, "episode_std_avg_len": 0.44970454969460494, "step_rewards": 2.6486604875647646, "step_value_ests": 11.565612914604458, "step_values": 9.145019973803848, "step_td_err": 2.2494104650607794}