{"dim0": 0.6, "dim1": -0.4666666666666667, "episode_rewards": 1.6596758554556574, "episode_std_rewards": 0.8732569261227415, "episode_value_ests": 11.519454211681676, "episode_values": 0.505170862158373, "episode_td_err": 17.609154268239866, "episode_avg_len": 4.98271008246344, "episode_std_avg_len": 0.31866462559673514, "step_rewards": 0.33308698037577134, "step_value_ests": 11.502917690224656, "step_values": 0.5021636397973291, "step_td_err": 17.492393943484238}