{"dim0": 0.6, "dim1": -0.6, "episode_rewards": 0.004030227609472527, "episode_std_rewards": 0.9266413774245363, "episode_value_ests": 11.537453198032592, "episode_values": -0.7153872750722666, "episode_td_err": 20.89256717793784, "episode_avg_len": 4.997900892120849, "episode_std_avg_len": 0.32649699348016115, "step_rewards": 0.000806384059321014, "step_value_ests": 11.524509271347124, "step_values": -0.7208009625922633, "step_td_err": 20.766302394308234}