{"dim0": -0.06666666666666667, "dim1": -0.4666666666666667, "scale": 15, "episode_rewards": -8.186755532339737, "episode_std_rewards": 0.20120271103312892, "episode_value_ests": 27.404968387418425, "episode_values": -4.055092323519863, "episode_td_err": 271.993964660734, "episode_avg_len": 15.165213435438623, "episode_std_avg_len": 1.5965169820247256, "step_rewards": -0.5398378049337985, "step_value_ests": 27.580923553750313, "step_values": -3.997540445594817, "step_td_err": 270.0808490778066}