{"dim0": -0.06666666666666667, "dim1": 0.13333333333333333, "scale": 15, "episode_rewards": 47.5074239169405, "episode_std_rewards": 0.1090777725692981, "episode_value_ests": 47.25652276924307, "episode_values": 18.99768877337413, "episode_td_err": 6.925622671742449, "episode_avg_len": 89.05829995549622, "episode_std_avg_len": 49.92021833687221, "step_rewards": 0.5334418458546893, "step_value_ests": 49.12935210067386, "step_values": 20.633610281366618, "step_td_err": 5.638462343510102}