{"dim0": -0.06666666666666667, "dim1": -0.4666666666666667, "scale": 15, "episode_rewards": 17.60902885971827, "episode_std_rewards": 0.08266060846055374, "episode_value_ests": 39.471753822639485, "episode_values": 9.550363583174272, "episode_td_err": 10.294548256468248, "episode_avg_len": 111.76171875, "episode_std_avg_len": 154.64737981502643, "step_rewards": 0.1575586798115367, "step_value_ests": 44.99392092140319, "step_values": 8.770132745277978, "step_td_err": 6.101912889795093}