{"dim0": -0.06666666666666667, "dim1": -0.26666666666666666, "scale": 15, "episode_rewards": 71.24324162711719, "episode_std_rewards": 0.07520178211627647, "episode_value_ests": 44.12091335934169, "episode_values": 15.436559129734968, "episode_td_err": 5.290058964338768, "episode_avg_len": 285.39800285306706, "episode_std_avg_len": 341.4008106185727, "step_rewards": 0.2496276810451113, "step_value_ests": 55.34652379496763, "step_values": 18.389058131455013, "step_td_err": 4.177560382050269}