{"dim0": -0.06666666666666667, "dim1": 0.6, "scale": 15, "episode_rewards": 5.774716783166426, "episode_std_rewards": 0.192672062418159, "episode_value_ests": 42.200787518681786, "episode_values": 4.522425366204032, "episode_td_err": 37.15527434166303, "episode_avg_len": 23.71286307053942, "episode_std_avg_len": 3.9238234616269128, "step_rewards": 0.2435267629213811, "step_value_ests": 42.062180789854594, "step_values": 4.8409729771693835, "step_td_err": 36.158841081198794}