{"dim0": -0.06666666666666667, "dim1": -0.2, "scale": 15, "episode_rewards": 0.41376768277431974, "episode_std_rewards": 0.1732144911749377, "episode_value_ests": 52.32261909527188, "episode_values": 0.6927609280328261, "episode_td_err": 91.39909892860841, "episode_avg_len": 31.38092249764669, "episode_std_avg_len": 16.20010924056666, "step_rewards": 0.013185325664194508, "step_value_ests": 54.106305935364496, "step_values": 0.9859658987329887, "step_td_err": 76.24874779682452}