{"dim0": -0.06666666666666667, "dim1": -0.6666666666666666, "scale": 15, "episode_rewards": 0.9268088147323154, "episode_std_rewards": 0.08609676948871957, "episode_value_ests": 39.07855002693722, "episode_values": 5.446769800790819, "episode_td_err": 14.989059328108622, "episode_avg_len": 68.99517074853398, "episode_std_avg_len": 62.914441517804434, "step_rewards": 0.013432951968627578, "step_value_ests": 41.49806676290563, "step_values": 3.4867220654031583, "step_td_err": 11.1490139840367}