{"dim0": -0.06666666666666667, "dim1": 0.8666666666666667, "scale": 15, "episode_rewards": 0.3076644693047283, "episode_std_rewards": 0.1980325772787868, "episode_value_ests": 39.33302476542937, "episode_values": 1.354351155236073, "episode_td_err": 46.28282532449903, "episode_avg_len": 21.692841648590022, "episode_std_avg_len": 2.126940291896694, "step_rewards": 0.014182764724359, "step_value_ests": 39.09060386258048, "step_values": 1.537927913660633, "step_td_err": 45.020724121419036}