{"dim0": -0.06666666666666667, "dim1": 0.9333333333333333, "scale": 15, "episode_rewards": -0.7705996736703402, "episode_std_rewards": 0.1975775576267607, "episode_value_ests": 38.57103559008892, "episode_values": 0.7787446705837556, "episode_td_err": 48.19065860653475, "episode_avg_len": 21.484584810398538, "episode_std_avg_len": 2.1506540666539835, "step_rewards": -0.035867561810985986, "step_value_ests": 38.273970551226434, "step_values": 0.9528212722950793, "step_td_err": 47.06515035602618}