{"dim0": -0.06666666666666667, "dim1": 0.06666666666666667, "scale": 15, "episode_rewards": 259.4028717270327, "episode_std_rewards": 0.07707233268842596, "episode_value_ests": 59.097003532363956, "episode_values": 31.463702176816657, "episode_td_err": 5.015525779741574, "episode_avg_len": 552.0274725274726, "episode_std_avg_len": 427.22726575898406, "step_rewards": 0.46990935168380243, "step_value_ests": 66.88875797669327, "step_values": 39.963010545899635, "step_td_err": 5.065935072781556}