{"dim0": -0.06666666666666667, "dim1": -0.6, "scale": 15, "episode_rewards": 5.183361018407456, "episode_std_rewards": 0.0842141840017448, "episode_value_ests": 39.046491274883735, "episode_values": 6.774957027950898, "episode_td_err": 13.994494581712289, "episode_avg_len": 75.96809722749715, "episode_std_avg_len": 75.91793328366302, "step_rewards": 0.06823076011612021, "step_value_ests": 42.143085189157425, "step_values": 5.0081698024919, "step_td_err": 9.73828166830972}