{"dim0": -0.06666666666666667, "dim1": 0.4, "scale": 15, "episode_rewards": 0.03017123351985306, "episode_std_rewards": 0.16780473664823822, "episode_value_ests": 29.348363911354937, "episode_values": 1.22065918773673, "episode_td_err": 161.02819660175422, "episode_avg_len": 19.616908591604552, "episode_std_avg_len": 4.479013056451984, "step_rewards": 0.001538021823314477, "step_value_ests": 29.924037855654433, "step_values": 1.3157901488230572, "step_td_err": 153.6832671219624}