{"dim0": -0.06666666666666667, "dim1": -0.6, "scale": 15, "episode_rewards": -10.798437751479199, "episode_std_rewards": 0.23281782537743748, "episode_value_ests": 19.485090041889517, "episode_values": -5.3124225223189905, "episode_td_err": 308.9999708930758, "episode_avg_len": 14.264959703302189, "episode_std_avg_len": 2.0706561201379627, "step_rewards": -0.7569904139988193, "step_value_ests": 19.375534897122158, "step_values": -5.203496847274951, "step_td_err": 306.44298528763727}