{"dim0": -0.06666666666666667, "dim1": -0.9333333333333333, "scale": 15, "episode_rewards": -14.591305557245281, "episode_std_rewards": 0.10480288752572936, "episode_value_ests": 38.6470354067522, "episode_values": 0.14480826631952398, "episode_td_err": 21.333349538530086, "episode_avg_len": 51.60061919504644, "episode_std_avg_len": 36.14754393506057, "step_rewards": -0.28277384622248913, "step_value_ests": 40.12188198317068, "step_values": -2.26282090486206, "step_td_err": 17.948059852471737}