{"dim0": -0.06666666666666667, "dim1": -0.4, "scale": 15, "episode_rewards": 26.85781713888033, "episode_std_rewards": 0.08057393843813186, "episode_value_ests": 39.71815568120986, "episode_values": 11.101534962343274, "episode_td_err": 8.835939512118378, "episode_avg_len": 139.12378303198886, "episode_std_avg_len": 202.98212060218202, "step_rewards": 0.19304979029146213, "step_value_ests": 47.3608181366137, "step_values": 11.291360224832202, "step_td_err": 5.252788362655354}