{"dim0": -0.06666666666666667, "dim1": -0.06666666666666667, "scale": 15, "episode_rewards": 337.9382606037539, "episode_std_rewards": 0.0767124715618612, "episode_value_ests": 64.33279898409461, "episode_values": 32.064916592886455, "episode_td_err": 5.769469121723216, "episode_avg_len": 899.3408071748879, "episode_std_avg_len": 274.29304236188295, "step_rewards": 0.3757621781505992, "step_value_ests": 66.70558325251689, "step_values": 33.83120860696923, "step_td_err": 5.166180773273019}