{"dim0": -0.06666666666666667, "dim1": 0.9333333333333333, "scale": 15, "episode_rewards": -7.880993481349481, "episode_std_rewards": 0.22847124276322706, "episode_value_ests": 3.7812465202334047, "episode_values": -3.9516002678028177, "episode_td_err": 267.2266086842045, "episode_avg_len": 15.706298099575939, "episode_std_avg_len": 1.9361074975885986, "step_rewards": -0.5017728195011315, "step_value_ests": 3.698360479911575, "step_values": -3.921234401636334, "step_td_err": 264.86023982581565}