{"dim0": -0.06666666666666667, "dim1": -0.4, "scale": 15, "episode_rewards": -6.837494769695242, "episode_std_rewards": 0.20051536692912228, "episode_value_ests": 32.974198571930984, "episode_values": -3.3369265706729627, "episode_td_err": 240.5913068312986, "episode_avg_len": 15.964479565772669, "episode_std_avg_len": 1.9967884777006872, "step_rewards": -0.42829424795999055, "step_value_ests": 33.39687744742766, "step_values": -3.3026656498096414, "step_td_err": 237.37413766346694}