{"dim0": -0.06666666666666667, "dim1": 1.0, "scale": 15, "episode_rewards": -8.828605149051775, "episode_std_rewards": 0.23669543919985908, "episode_value_ests": 2.408962344900691, "episode_values": -4.532369562814058, "episode_td_err": 270.56595938100196, "episode_avg_len": 15.567092154420921, "episode_std_avg_len": 2.129745572120843, "step_rewards": -0.567132580797662, "step_value_ests": 2.3231047905235984, "step_values": -4.497972296942717, "step_td_err": 267.77434930318435}