{"dim0": -0.06666666666666667, "dim1": 0.3333333333333333, "scale": 15, "episode_rewards": 18.689757910224998, "episode_std_rewards": 0.13993302504526847, "episode_value_ests": 42.85250761868599, "episode_values": 11.325148884343504, "episode_td_err": 23.54619708508448, "episode_avg_len": 33.67121212121212, "episode_std_avg_len": 9.582205706805183, "step_rewards": 0.5550663826102911, "step_value_ests": 43.1732902024388, "step_values": 11.88765453340372, "step_td_err": 22.268180532461983}