{"dim0": -0.06666666666666667, "dim1": 0.6666666666666666, "scale": 15, "episode_rewards": 4.187843841099936, "episode_std_rewards": 0.19537110461296134, "episode_value_ests": 41.52597255232984, "episode_values": 3.5954110760923816, "episode_td_err": 39.382318602568574, "episode_avg_len": 23.003565267395054, "episode_std_avg_len": 3.134384966385838, "step_rewards": 0.18205194683607284, "step_value_ests": 41.38169622953283, "step_values": 3.873958504169916, "step_td_err": 38.41361813306833}