{"dim0": -0.06666666666666667, "dim1": -0.9333333333333333, "scale": 15, "episode_rewards": -17.798705954776185, "episode_std_rewards": 0.2396731561379758, "episode_value_ests": 10.790368583498664, "episode_values": -8.749809837130018, "episode_td_err": 342.30236521501655, "episode_avg_len": 13.018941612966218, "episode_std_avg_len": 1.146199184195917, "step_rewards": -1.367139240954085, "step_value_ests": 10.696721382847333, "step_values": -8.736426271158718, "step_td_err": 341.00490359595665}