{"dim0": -0.06666666666666667, "dim1": 0.8666666666666667, "scale": 15, "episode_rewards": -6.920228192551275, "episode_std_rewards": 0.21515387657752935, "episode_value_ests": 5.213376891629741, "episode_values": -3.3613738643126734, "episode_td_err": 263.35071539667814, "episode_avg_len": 15.94976076555024, "episode_std_avg_len": 2.09397154915438, "step_rewards": -0.43387661384227283, "step_value_ests": 5.1007990161044425, "step_values": -3.317966242200504, "step_td_err": 260.9249932369397}