{"dim0": -0.06666666666666667, "dim1": -0.8, "scale": 15, "episode_rewards": -7.832567074128264, "episode_std_rewards": 0.09657205986103273, "episode_value_ests": 38.95193621620982, "episode_values": 2.6893511889586192, "episode_td_err": 18.167608434340472, "episode_avg_len": 60.491381917145446, "episode_std_avg_len": 53.932666709226446, "step_rewards": -0.12948236303902705, "step_value_ests": 41.31227536687205, "step_values": -0.21111088129852865, "step_td_err": 14.205205097013328}