{"dim0": -0.06666666666666667, "dim1": -0.5333333333333333, "scale": 15, "episode_rewards": 10.389318501666917, "episode_std_rewards": 0.08119068612395026, "episode_value_ests": 39.00873821981311, "episode_values": 8.13857017100819, "episode_td_err": 12.351460281722392, "episode_avg_len": 84.22652631578947, "episode_std_avg_len": 91.8832763635578, "step_rewards": 0.12334972076035018, "step_value_ests": 42.48903551621064, "step_values": 6.884162247968785, "step_td_err": 8.18168200764785}