{"dim0": -0.06666666666666667, "dim1": 1.0, "scale": 15, "episode_rewards": -1.7733219142423695, "episode_std_rewards": 0.1980865214346031, "episode_value_ests": 38.018574726787755, "episode_values": 0.27024094646015284, "episode_td_err": 51.10550628561401, "episode_avg_len": 21.223790322580644, "episode_std_avg_len": 2.262510639547567, "step_rewards": -0.08355349762175504, "step_value_ests": 37.62132359470665, "step_values": 0.43610114589005744, "step_td_err": 49.83709529269797}