{"dim0": -0.06666666666666667, "dim1": 0.5333333333333333, "scale": 15, "episode_rewards": 7.849780227539544, "episode_std_rewards": 0.18588146053986582, "episode_value_ests": 42.63737539145709, "episode_values": 5.734298860227248, "episode_td_err": 33.813021790290556, "episode_avg_len": 24.8015873015873, "episode_std_avg_len": 4.768792967760558, "step_rewards": 0.3165031387743944, "step_value_ests": 42.528432324464916, "step_values": 6.128515542265871, "step_td_err": 32.9725585627106}