{"dim0": -0.06666666666666667, "dim1": 0.0, "scale": 15, "episode_rewards": 192.3148078422653, "episode_std_rewards": 0.1205947782245652, "episode_value_ests": 69.03924515473632, "episode_values": 23.205208086966156, "episode_td_err": 10.309974882215252, "episode_avg_len": 569.8689458689458, "episode_std_avg_len": 339.6654042045182, "step_rewards": 0.3374719911242407, "step_value_ests": 70.17860628796652, "step_values": 28.00629682232311, "step_td_err": 6.283593833021095}