{"dim0": -0.06666666666666667, "dim1": 0.8, "scale": 15, "episode_rewards": -6.0923121870441905, "episode_std_rewards": 0.20713520229524057, "episode_value_ests": 6.553317136127669, "episode_values": -2.875012218556552, "episode_td_err": 255.04872490176663, "episode_avg_len": 16.09827752736639, "episode_std_avg_len": 1.7580420298563968, "step_rewards": -0.37844497193488674, "step_value_ests": 6.490329826917622, "step_values": -2.847798756326666, "step_td_err": 253.27078399819683}