{"dim0": -0.06666666666666667, "dim1": 0.4666666666666667, "scale": 15, "episode_rewards": 10.48052892122343, "episode_std_rewards": 0.17510301411013218, "episode_value_ests": 42.8523943137839, "episode_values": 7.243409068361467, "episode_td_err": 31.003455559935066, "episode_avg_len": 26.507023588656242, "episode_std_avg_len": 5.966024129238401, "step_rewards": 0.39538686364275927, "step_value_ests": 42.82445009589717, "step_values": 7.714101716801923, "step_td_err": 30.094520026687313}