{"dim0": -0.06666666666666667, "dim1": 0.8, "scale": 15, "episode_rewards": 1.508956674989564, "episode_std_rewards": 0.1973823983357023, "episode_value_ests": 40.042798211490464, "episode_values": 2.0350236358660125, "episode_td_err": 43.99474196567008, "episode_avg_len": 22.0301795351911, "episode_std_avg_len": 2.2863066325874137, "step_rewards": 0.06849497856243751, "step_value_ests": 39.835456771175714, "step_values": 2.2416264308066776, "step_td_err": 42.77307978890255}