{"dim0": -0.06666666666666667, "dim1": 0.2, "scale": 15, "episode_rewards": 6.425760062070026, "episode_std_rewards": 0.1492245796699742, "episode_value_ests": 46.74524646017304, "episode_values": 3.004105275237337, "episode_td_err": 46.55124046025463, "episode_avg_len": 51.283260702384005, "episode_std_avg_len": 31.329409731194534, "step_rewards": 0.1252993661881432, "step_value_ests": 49.12839932310433, "step_values": 3.6389546848263223, "step_td_err": 34.617371196222834}