{"dim0": -0.06666666666666667, "dim1": 0.6666666666666666, "scale": 15, "episode_rewards": -4.249160536313596, "episode_std_rewards": 0.19208180627010474, "episode_value_ests": 10.881182633748567, "episode_values": -1.6845678309809367, "episode_td_err": 245.84967231571386, "episode_avg_len": 16.630633627141194, "episode_std_avg_len": 1.7500867045533146, "step_rewards": -0.2555020230485365, "step_value_ests": 10.842399031279385, "step_values": -1.6511008125994067, "step_td_err": 244.4992222611873}