{"dim0": -0.06666666666666667, "dim1": -0.3333333333333333, "scale": 15, "episode_rewards": 39.32805837719268, "episode_std_rewards": 0.08098937344661782, "episode_value_ests": 40.60688172755384, "episode_values": 12.849587545147326, "episode_td_err": 7.0252331935123635, "episode_avg_len": 173.9513043478261, "episode_std_avg_len": 242.34727736478652, "step_rewards": 0.22608659661760205, "step_value_ests": 49.80969909948461, "step_values": 14.218294211200387, "step_td_err": 4.603514053475099}