{"dim0": -0.06666666666666667, "dim1": 0.5333333333333333, "scale": 15, "episode_rewards": -2.268501173524904, "episode_std_rewards": 0.1813051225711984, "episode_value_ests": 18.163185262268193, "episode_values": -0.35042611678570834, "episode_td_err": 223.22611741662553, "episode_avg_len": 17.327731092436974, "episode_std_avg_len": 1.7353037143300782, "step_rewards": -0.1309173810133189, "step_value_ests": 18.328171072405716, "step_values": -0.31302437122764765, "step_td_err": 221.56430904167453}