{"dim0": -0.06666666666666667, "dim1": -0.2, "scale": 15, "episode_rewards": 121.60137907769224, "episode_std_rewards": 0.07184265603122392, "episode_value_ests": 48.574867777894276, "episode_values": 19.1581312812768, "episode_td_err": 4.550169387159871, "episode_avg_len": 425.46709129511675, "episode_std_avg_len": 396.91840369656035, "step_rewards": 0.2858067793387712, "step_value_ests": 59.171883548221864, "step_values": 23.107761357307513, "step_td_err": 4.243444760526212}