{"dim0": -0.06666666666666667, "dim1": 0.06666666666666667, "scale": 15, "episode_rewards": 146.53110907721745, "episode_std_rewards": 0.16752683376519872, "episode_value_ests": 63.07629085174067, "episode_values": 17.39149199904059, "episode_td_err": 15.814028438432949, "episode_avg_len": 522.7232375979112, "episode_std_avg_len": 352.3081544246645, "step_rewards": 0.2803225464981758, "step_value_ests": 65.65385871646741, "step_values": 23.293888564499827, "step_td_err": 7.871726896455909}