{"dim0": -0.06666666666666667, "dim1": 0.3333333333333333, "scale": 15, "episode_rewards": 1.3930245515934632, "episode_std_rewards": 0.16487120778287595, "episode_value_ests": 34.86689543170858, "episode_values": 1.9624959294993207, "episode_td_err": 117.18689840752803, "episode_avg_len": 22.822455499771795, "episode_std_avg_len": 8.071647873998888, "step_rewards": 0.06103745285459719, "step_value_ests": 35.79056263867813, "step_values": 2.158009570433478, "step_td_err": 105.25236176286295}