{"dim0": -0.06666666666666667, "dim1": -0.7333333333333333, "scale": 15, "episode_rewards": -13.648402582998605, "episode_std_rewards": 0.2525406679281152, "episode_value_ests": 14.716400208371292, "episode_values": -6.7527739407821095, "episode_td_err": 325.15072445434214, "episode_avg_len": 13.678498153467379, "episode_std_avg_len": 2.2101285699436524, "step_rewards": -0.9977997898503832, "step_value_ests": 14.501308809006453, "step_values": -6.648782215054837, "step_td_err": 321.51661104443946}