{"dim0": -0.06666666666666667, "dim1": -0.26666666666666666, "scale": 15, "episode_rewards": -2.830631902738021, "episode_std_rewards": 0.1864431563902208, "episode_value_ests": 46.18130133279952, "episode_values": -0.9254806547331785, "episode_td_err": 139.7600005813556, "episode_avg_len": 21.454623471358076, "episode_std_avg_len": 8.709508361977573, "step_rewards": -0.13193575298661916, "step_value_ests": 47.30095032885045, "step_values": -0.9226371420957931, "step_td_err": 127.64638188434813}