{"dim0": -0.06666666666666667, "dim1": -0.6666666666666666, "scale": 15, "episode_rewards": -12.181392634636426, "episode_std_rewards": 0.24110804010653197, "episode_value_ests": 16.686141703777093, "episode_values": -6.00037379991369, "episode_td_err": 316.8964525200137, "episode_avg_len": 13.990486849468383, "episode_std_avg_len": 2.365147312769956, "step_rewards": -0.8706911178790965, "step_value_ests": 16.442916907945698, "step_values": -5.871363624948533, "step_td_err": 313.09227243497065}