{"dim0": -0.06666666666666667, "dim1": -0.06666666666666667, "scale": 15, "episode_rewards": 24.704731746286622, "episode_std_rewards": 0.1424648027035448, "episode_value_ests": 65.24719657724212, "episode_values": 6.385918177592206, "episode_td_err": 25.687570530188186, "episode_avg_len": 138.67151767151768, "episode_std_avg_len": 97.1182998792295, "step_rewards": 0.17815289081069047, "step_value_ests": 66.98932923275352, "step_values": 8.171659874342678, "step_td_err": 17.079132538778463}