{"dim0": -0.06666666666666667, "dim1": -0.13333333333333333, "scale": 15, "episode_rewards": 228.8408293093564, "episode_std_rewards": 0.04870902956928713, "episode_value_ests": 57.00537565834413, "episode_values": 25.535936719890643, "episode_td_err": 4.598068270548034, "episode_avg_len": 694.2145328719723, "episode_std_avg_len": 398.6630368512052, "step_rewards": 0.32963992897503835, "step_value_ests": 63.696386644903676, "step_values": 28.7683078132619, "step_td_err": 4.722119542719142}