{"dim0": -0.06666666666666667, "dim1": -0.8666666666666667, "scale": 15, "episode_rewards": -16.5034722519839, "episode_std_rewards": 0.24481594377903304, "episode_value_ests": 11.878151849943375, "episode_values": -8.173891038699834, "episode_td_err": 340.25103647044875, "episode_avg_len": 13.167423793534795, "episode_std_avg_len": 1.3991250638540136, "step_rewards": -1.2533562001769174, "step_value_ests": 11.760460191802233, "step_values": -8.139657378697066, "step_td_err": 338.4088224150096}