{"dim0": -0.06666666666666667, "dim1": 0.2, "scale": 15, "episode_rewards": 32.46471370189745, "episode_std_rewards": 0.12189526727488181, "episode_value_ests": 44.912644745231454, "episode_values": 16.04174820011567, "episode_td_err": 12.425909055589946, "episode_avg_len": 54.58199181446112, "episode_std_avg_len": 21.461610203807602, "step_rewards": 0.5947879991674497, "step_value_ests": 45.94666449441248, "step_values": 16.81934396014351, "step_td_err": 10.631837975465043}