{"dim0": -0.06666666666666667, "dim1": 0.13333333333333333, "scale": 15, "episode_rewards": 17.462639284575467, "episode_std_rewards": 0.15757772821052002, "episode_value_ests": 53.936689450860534, "episode_values": 4.419789031729993, "episode_td_err": 31.97039929466134, "episode_avg_len": 116.74212368728121, "episode_std_avg_len": 94.51988862552508, "step_rewards": 0.14958301881977826, "step_value_ests": 57.54494599093603, "step_values": 6.932738079788668, "step_td_err": 20.80883313108623}