{"dim0": -0.06666666666666667, "dim1": 0.26666666666666666, "scale": 15, "episode_rewards": 24.28309997009377, "episode_std_rewards": 0.12716782964002518, "episode_value_ests": 43.42434146639147, "episode_values": 13.532045541868197, "episode_td_err": 18.746910805221237, "episode_avg_len": 40.74073319755601, "episode_std_avg_len": 12.865360693585973, "step_rewards": 0.5960398368959763, "step_value_ests": 43.99674732144027, "step_values": 14.132189743897692, "step_td_err": 16.9804597964293}