{"dim0": -0.06666666666666667, "dim1": -0.8666666666666667, "scale": 15, "episode_rewards": -11.855966376674333, "episode_std_rewards": 0.09751902662913275, "episode_value_ests": 38.815561893015, "episode_values": 1.2676483915956314, "episode_td_err": 19.557078952189975, "episode_avg_len": 57.013964092334, "episode_std_avg_len": 45.61698346991713, "step_rewards": -0.20794846605427433, "step_value_ests": 41.02627205700384, "step_values": -1.8945349387198358, "step_td_err": 15.663514762553389}