{"dim0": -0.06666666666666667, "dim1": -1.0, "scale": 15, "episode_rewards": -18.143671799700535, "episode_std_rewards": 0.10727271997247659, "episode_value_ests": 38.45377271796426, "episode_values": -1.187958577044143, "episode_td_err": 22.360978198182796, "episode_avg_len": 49.29201577131592, "episode_std_avg_len": 36.622900030330605, "step_rewards": -0.3680854092856703, "step_value_ests": 39.785723456637264, "step_values": -3.727417912823415, "step_td_err": 19.109905098159885}