{"dim0": -0.06666666666666667, "dim1": -1.0, "scale": 15, "episode_rewards": -19.16169952718102, "episode_std_rewards": 0.24051794252095543, "episode_value_ests": 9.89451226757785, "episode_values": -9.353648903946448, "episode_td_err": 342.9493361244736, "episode_avg_len": 12.91694652544562, "episode_std_avg_len": 1.0667224320674473, "step_rewards": -1.4834542737661418, "step_value_ests": 9.808453853029755, "step_values": -9.343513979760115, "step_td_err": 341.8736183832841}