{"dim0": -0.06666666666666667, "dim1": -0.13333333333333333, "scale": 15, "episode_rewards": 6.0872326107479084, "episode_std_rewards": 0.1486489759770121, "episode_value_ests": 58.9370860665243, "episode_values": 2.4853601858760785, "episode_td_err": 51.34658515201753, "episode_avg_len": 55.900837988826815, "episode_std_avg_len": 31.40441646646934, "step_rewards": 0.1088934053540413, "step_value_ests": 61.0843977744761, "step_values": 2.8884754708588685, "step_td_err": 38.50099104363186}