{"dim0": -0.06666666666666667, "dim1": 0.6, "scale": 15, "episode_rewards": -3.302209791900722, "episode_std_rewards": 0.18579953435434599, "episode_value_ests": 13.965016814677405, "episode_values": -1.0569731993414078, "episode_td_err": 237.92153897735082, "episode_avg_len": 16.913742071881607, "episode_std_avg_len": 1.5392268154131927, "step_rewards": -0.19523827298930546, "step_value_ests": 14.025229258134495, "step_values": -1.0247656835936567, "step_td_err": 236.71747777616977}