{"dim0": -0.06666666666666667, "dim1": -0.5333333333333333, "scale": 15, "episode_rewards": -9.569906849300647, "episode_std_rewards": 0.21836300092794664, "episode_value_ests": 22.899214513311772, "episode_values": -4.7664762013439885, "episode_td_err": 297.47037711787254, "episode_avg_len": 14.610782380013148, "episode_std_avg_len": 1.5756254017318527, "step_rewards": -0.6549893496731443, "step_value_ests": 22.953937833756473, "step_values": -4.698325898680365, "step_td_err": 295.50974825954427}