{"dim0": -0.06666666666666667, "dim1": 0.7333333333333333, "scale": 15, "episode_rewards": -5.263900300874441, "episode_std_rewards": 0.19849388368139392, "episode_value_ests": 8.38860586272682, "episode_values": -2.3483008591582815, "episode_td_err": 249.75810627852164, "episode_avg_len": 16.321527664436104, "episode_std_avg_len": 1.6347874075767215, "step_rewards": -0.3225127211801534, "step_value_ests": 8.350944015153294, "step_values": -2.3229069148799115, "step_td_err": 248.2705848563368}