{"dim0": -0.06666666666666667, "dim1": 0.0, "scale": 15, "episode_rewards": 350.382881217257, "episode_std_rewards": 0.11110613052745262, "episode_value_ests": 67.11178782368998, "episode_values": 32.348775329125814, "episode_td_err": 7.709245831183584, "episode_avg_len": 932.8139534883721, "episode_std_avg_len": 220.5775353648366, "step_rewards": 0.37561925387903694, "step_value_ests": 67.86322126313298, "step_values": 33.90765995199409, "step_td_err": 5.797566354299935}