{"dim0": -0.06666666666666667, "dim1": -0.7333333333333333, "scale": 15, "episode_rewards": -3.453619481211704, "episode_std_rewards": 0.09127335040320922, "episode_value_ests": 38.94735577420029, "episode_values": 4.070883131439352, "episode_td_err": 16.837628430899766, "episode_avg_len": 62.977329974811084, "episode_std_avg_len": 49.41198433980782, "step_rewards": -0.054839090234423106, "step_value_ests": 41.30588870040632, "step_values": 1.792933060239047, "step_td_err": 12.975160585760447}