{"dim0": -0.6666666666666666, "dim1": 0.13333333333333333, "scale": 15, "episode_rewards": -15.2966271252142, "episode_std_rewards": 0.1734820390205078, "episode_value_ests": 27.978441540653275, "episode_values": -5.29912593726511, "episode_td_err": 135.72582878262548, "episode_avg_len": 15.860824742268042, "episode_std_avg_len": 1.059781201614668, "step_rewards": -0.9644282295390169, "step_value_ests": 28.082672952774487, "step_values": -5.248102159458992, "step_td_err": 134.96439128523653}