{"dim0": -0.6666666666666666, "dim1": 0.26666666666666666, "scale": 15, "episode_rewards": -14.080814438513707, "episode_std_rewards": 0.16738051537905776, "episode_value_ests": 22.16396989860505, "episode_values": -5.412913430860205, "episode_td_err": 198.927415790891, "episode_avg_len": 15.426687234863094, "episode_std_avg_len": 0.7953570541326765, "step_rewards": -0.9127568494869189, "step_value_ests": 22.093299103259906, "step_values": -5.392913413212808, "step_td_err": 198.839760309235}