{"dim0": -0.6666666666666666, "dim1": 0.8, "scale": 15, "episode_rewards": -14.289363756601936, "episode_std_rewards": 0.18298312422613017, "episode_value_ests": 9.842894177860762, "episode_values": -6.9213015043539885, "episode_td_err": 290.42391243581903, "episode_avg_len": 15.096769323671497, "episode_std_avg_len": 0.7534112101763215, "step_rewards": -0.9465179900574117, "step_value_ests": 9.82137378093133, "step_values": -6.927118596872562, "step_td_err": 289.68339927408755}