{"dim0": -0.6666666666666666, "dim1": -0.7333333333333333, "scale": 15, "episode_rewards": -26.424603466292755, "episode_std_rewards": 0.253592987388886, "episode_value_ests": 8.497457967230954, "episode_values": -12.820040944322157, "episode_td_err": 335.03576071751365, "episode_avg_len": 12.336088324184297, "episode_std_avg_len": 0.7625531912520382, "step_rewards": -2.142056928571808, "step_value_ests": 8.410915362186001, "step_values": -12.825295541565273, "step_td_err": 334.36854037380397}