{"dim0": -0.6666666666666666, "dim1": 0.6666666666666666, "scale": 15, "episode_rewards": -13.375970251057925, "episode_std_rewards": 0.16860449038497352, "episode_value_ests": 11.689769583583555, "episode_values": -6.175916553556128, "episode_td_err": 290.05843390048625, "episode_avg_len": 15.215519208824649, "episode_std_avg_len": 0.7683563979753185, "step_rewards": -0.8791004807315528, "step_value_ests": 11.65681103736366, "step_values": -6.176065156921944, "step_td_err": 289.18284648666315}