{"dim0": -0.6666666666666666, "dim1": 0.0, "scale": 15, "episode_rewards": -10.782759078809672, "episode_std_rewards": 0.23439066022307462, "episode_value_ests": 19.436963201154313, "episode_values": -5.321342228809477, "episode_td_err": 307.23767642846377, "episode_avg_len": 14.26008840724369, "episode_std_avg_len": 2.047475822324665, "step_rewards": -0.7561495252254087, "step_value_ests": 19.323059494803367, "step_values": -5.216919696416271, "step_td_err": 304.7079232410832}