{"dim0": -0.6666666666666666, "dim1": 0.8, "scale": 15, "episode_rewards": 32.42053005234618, "episode_std_rewards": 0.11271309774431998, "episode_value_ests": 44.808345895369236, "episode_values": 16.045718673313253, "episode_td_err": 12.369679541967562, "episode_avg_len": 54.07758853744255, "episode_std_avg_len": 20.371945124911676, "step_rewards": 0.599518782718994, "step_value_ests": 45.77829460557359, "step_values": 16.81384488487992, "step_td_err": 10.59786664508376}