{"dim0": -0.6666666666666666, "dim1": -0.13333333333333333, "scale": 15, "episode_rewards": -22.81946467560793, "episode_std_rewards": 0.2056884508324092, "episode_value_ests": 44.48893075746055, "episode_values": -7.89623802374343, "episode_td_err": 106.38995870612402, "episode_avg_len": 20.89812976700449, "episode_std_avg_len": 4.902280664378819, "step_rewards": -1.0919381270010573, "step_value_ests": 44.854646402574836, "step_values": -8.169738528406208, "step_td_err": 103.95838534354077}