{"dim0": -0.6666666666666666, "dim1": 0.5333333333333333, "scale": 15, "episode_rewards": 26.183172743489692, "episode_std_rewards": 0.1361824862139987, "episode_value_ests": 65.2310021357919, "episode_values": 6.638068753078769, "episode_td_err": 26.406217848557954, "episode_avg_len": 141.89440113394755, "episode_std_avg_len": 102.93223764330219, "step_rewards": 0.18452576376690802, "step_value_ests": 67.06663490660321, "step_values": 8.591120089025237, "step_td_err": 16.88346574646824}