{"dim0": -0.6666666666666666, "dim1": -0.13333333333333333, "scale": 15, "episode_rewards": -13.75037709604111, "episode_std_rewards": 0.25122609275935126, "episode_value_ests": 14.612248862794983, "episode_values": -6.846353534660531, "episode_td_err": 332.73447007125134, "episode_avg_len": 13.651081837417241, "episode_std_avg_len": 1.9367221782976434, "step_rewards": -1.0072738014324771, "step_value_ests": 14.418517638737812, "step_values": -6.769688117961765, "step_td_err": 329.3330307806526}