{"dim0": -0.6666666666666666, "dim1": -0.6666666666666666, "scale": 15, "episode_rewards": -24.897717414461344, "episode_std_rewards": 0.24989454383907525, "episode_value_ests": 8.537780581204368, "episode_values": -12.061188464820455, "episode_td_err": 336.7632174702709, "episode_avg_len": 12.446823075486963, "episode_std_avg_len": 0.8238997350496443, "step_rewards": -2.0003270925811933, "step_value_ests": 8.441792367348881, "step_values": -12.065648351741366, "step_td_err": 335.9440424339951}