{"dim0": -0.6666666666666666, "dim1": -0.9333333333333333, "scale": 15, "episode_rewards": -107.90053285438091, "episode_std_rewards": 0.3688112530399531, "episode_value_ests": 48.19065464460236, "episode_values": -34.988588312468586, "episode_td_err": 45.954952305831476, "episode_avg_len": 79.49602543720191, "episode_std_avg_len": 58.69817492367017, "step_rewards": -1.3573072648722195, "step_value_ests": 47.47353262359908, "step_values": -43.65741842378675, "step_td_err": 28.552540908291753}