{"dim0": -0.6666666666666666, "dim1": -0.06666666666666667, "scale": 15, "episode_rewards": -18.77156856354594, "episode_std_rewards": 0.19369308737944432, "episode_value_ests": 39.914828553195704, "episode_values": -5.7348550178185365, "episode_td_err": 105.13649488307578, "episode_avg_len": 18.803139983077937, "episode_std_avg_len": 2.3256093166458025, "step_rewards": -0.9983209496094585, "step_value_ests": 40.52262742681025, "step_values": -5.806751995513627, "step_td_err": 104.81875228615121}