{"dim0": -0.6666666666666666, "dim1": -0.4, "scale": 15, "episode_rewards": -19.172748855212195, "episode_std_rewards": 0.23810667700832752, "episode_value_ests": 9.783001119261998, "episode_values": -9.39033469849063, "episode_td_err": 350.5676908227943, "episode_avg_len": 12.905149051490515, "episode_std_avg_len": 0.8829615981149534, "step_rewards": -1.4856665954584838, "step_value_ests": 9.709157237655933, "step_values": -9.38557602330026, "step_td_err": 349.7267736729332}