{"dim0": -0.6666666666666666, "dim1": -0.5333333333333333, "scale": 15, "episode_rewards": -21.977743867213814, "episode_std_rewards": 0.24522778311811225, "episode_value_ests": 8.752253725723266, "episode_values": -10.655012019601973, "episode_td_err": 347.22098969581674, "episode_avg_len": 12.703016830739918, "episode_std_avg_len": 0.8917000828888949, "step_rewards": -1.730120030545033, "step_value_ests": 8.65129659507665, "step_values": -10.656679696299218, "step_td_err": 346.21098940429806}