{"dim0": -0.6666666666666666, "dim1": 0.2, "scale": 15, "episode_rewards": -14.649326141530636, "episode_std_rewards": 0.16890011164312174, "episode_value_ests": 25.026246641660588, "episode_values": -5.377710538585408, "episode_td_err": 166.04460099108908, "episode_avg_len": 15.539895889985239, "episode_std_avg_len": 0.8844017066463778, "step_rewards": -0.9426913954405233, "step_value_ests": 25.010936418687635, "step_values": -5.347177678052131, "step_td_err": 165.6665892968931}