{"dim0": -0.6666666666666666, "dim1": -0.2, "scale": 15, "episode_rewards": -15.100157034963772, "episode_std_rewards": 0.24766906288864837, "episode_value_ests": 13.112026491195774, "episode_values": -7.495653800638247, "episode_td_err": 333.0960947423478, "episode_avg_len": 13.40136692575717, "episode_std_avg_len": 1.8917681306276941, "step_rewards": -1.1267624503244933, "step_value_ests": 12.934672131378658, "step_values": -7.420124047264426, "step_td_err": 330.098496450371}