{"dim0": -0.6666666666666666, "dim1": 0.3333333333333333, "scale": 15, "episode_rewards": -13.553678702479624, "episode_std_rewards": 0.16417615320283677, "episode_value_ests": 19.69632977105371, "episode_values": -5.315543540806627, "episode_td_err": 230.28404198502662, "episode_avg_len": 15.38175805583327, "episode_std_avg_len": 0.7594138874809538, "step_rewards": -0.8811527689671093, "step_value_ests": 19.613271061603843, "step_values": -5.304057725520508, "step_td_err": 230.02565509711434}