{"dim0": -0.6666666666666666, "dim1": 1.0, "scale": 15, "episode_rewards": -17.39256526117982, "episode_std_rewards": 0.2539313383725854, "episode_value_ests": 7.826143487672716, "episode_values": -8.963538660201769, "episode_td_err": 291.3760927336478, "episode_avg_len": 15.008704787633198, "episode_std_avg_len": 1.312010298134095, "step_rewards": -1.1588318583966595, "step_value_ests": 7.763356312206564, "step_values": -8.967028610213285, "step_td_err": 289.7826881930131}