{"dim0": -0.6666666666666666, "dim1": -1.0, "scale": 15, "episode_rewards": -32.65965399736538, "episode_std_rewards": 0.24605901393618387, "episode_value_ests": 8.15225353208892, "episode_values": -15.748565822692848, "episode_td_err": 342.7159439915345, "episode_avg_len": 12.099026072227936, "episode_std_avg_len": 0.44345735557679467, "step_rewards": -2.6993622298518924, "step_value_ests": 8.124170066920875, "step_values": -15.753775455147458, "step_td_err": 342.54535168299634}