{"dim0": -0.6666666666666666, "dim1": -0.26666666666666666, "scale": 15, "episode_rewards": -35.185262416115535, "episode_std_rewards": 0.27245682692617934, "episode_value_ests": 48.15162203052269, "episode_values": -12.812619506862099, "episode_td_err": 89.11158482807605, "episode_avg_len": 33.41346475108587, "episode_std_avg_len": 30.335884683915307, "step_rewards": -1.0530264573946073, "step_value_ests": 46.71564306567049, "step_values": -15.946601015460178, "step_td_err": 68.80207670354041}