{"dim0": -0.6666666666666666, "dim1": -0.5333333333333333, "scale": 15, "episode_rewards": -71.49924738677035, "episode_std_rewards": 0.3627521294994788, "episode_value_ests": 47.68739134246568, "episode_values": -21.99639259596057, "episode_td_err": 51.62319861598939, "episode_avg_len": 78.90295857988166, "episode_std_avg_len": 79.60888646294507, "step_rewards": -0.9061668747742107, "step_value_ests": 45.88792664094093, "step_values": -29.69531878612128, "step_td_err": 27.157158516233235}