{"dim0": -0.6666666666666666, "dim1": -0.4, "scale": 15, "episode_rewards": -61.89141710534178, "episode_std_rewards": 0.35370493804476616, "episode_value_ests": 47.99366622356716, "episode_values": -17.74261960529562, "episode_td_err": 66.71310035273494, "episode_avg_len": 76.70908394020698, "episode_std_avg_len": 133.2987149629526, "step_rewards": -0.8068329580572852, "step_value_ests": 45.71576469260296, "step_values": -29.848570717838317, "step_td_err": 30.002191967842172}