{"dim0": -0.6666666666666666, "dim1": -0.3333333333333333, "scale": 15, "episode_rewards": -45.891031009044234, "episode_std_rewards": 0.32359344687264063, "episode_value_ests": 48.230344933985684, "episode_values": -15.173210779829857, "episode_td_err": 77.23022334451625, "episode_avg_len": 50.455095862764885, "episode_std_avg_len": 72.72537433673101, "step_rewards": -0.9095420437583814, "step_value_ests": 46.34858358936438, "step_values": -22.752978595791383, "step_td_err": 45.95573051720798}