{"dim0": -0.6666666666666666, "dim1": -0.6, "scale": 15, "episode_rewards": -23.400186506506937, "episode_std_rewards": 0.2488280037583588, "episode_value_ests": 8.690015905678637, "episode_values": -11.32620643879473, "episode_td_err": 338.3530641298391, "episode_avg_len": 12.55628099692385, "episode_std_avg_len": 0.8210380408451824, "step_rewards": -1.8636239912311396, "step_value_ests": 8.59786610575105, "step_values": -11.328778970962485, "step_td_err": 337.6082383850537}