{"dim0": -0.6666666666666666, "dim1": 0.9333333333333333, "scale": 15, "episode_rewards": 18.572330443452373, "episode_std_rewards": 0.14185114088389406, "episode_value_ests": 42.84639474825731, "episode_values": 11.25444053685049, "episode_td_err": 23.754188692638582, "episode_avg_len": 33.45851455336233, "episode_std_avg_len": 9.334318943485608, "step_rewards": 0.5550853255553747, "step_value_ests": 43.10643106513544, "step_values": 11.794112499434977, "step_td_err": 22.40409796394996}