{"dim0": -0.6666666666666666, "dim1": -1.0, "scale": 15, "episode_rewards": -112.91063031157506, "episode_std_rewards": 0.37198828569993453, "episode_value_ests": 48.39720914653506, "episode_values": -37.04982084244729, "episode_td_err": 46.8341451254217, "episode_avg_len": 77.64790372670808, "episode_std_avg_len": 55.92165260503026, "step_rewards": -1.4541362341085053, "step_value_ests": 47.7322393531717, "step_values": -45.93979146635955, "step_td_err": 29.813400131594786}