{"dim0": -0.6666666666666666, "dim1": -0.2, "scale": 15, "episode_rewards": -28.084146513819928, "episode_std_rewards": 0.22714311311866037, "episode_value_ests": 47.30108682783581, "episode_values": -10.430135682285421, "episode_td_err": 101.3796518820977, "episode_avg_len": 24.68554856226089, "episode_std_avg_len": 11.63569757023725, "step_rewards": -1.1376756098000915, "step_value_ests": 46.86206302957993, "step_values": -11.246905134808753, "step_td_err": 92.64959746065313}