{"dim0": -0.6666666666666666, "dim1": 0.4666666666666667, "scale": 15, "episode_rewards": -12.886259147124258, "episode_std_rewards": 0.1604080878456827, "episode_value_ests": 15.504073761521084, "episode_values": -5.363739694833599, "episode_td_err": 268.74385193867096, "episode_avg_len": 15.350602502110677, "episode_std_avg_len": 0.7064523826437324, "step_rewards": -0.8394627601980068, "step_value_ests": 15.448114524817012, "step_values": -5.360836932322252, "step_td_err": 268.0466762750618}