{"dim0": -0.6666666666666666, "dim1": 0.4, "scale": 15, "episode_rewards": -13.137519417378634, "episode_std_rewards": 0.1622926868471157, "episode_value_ests": 17.31226861182318, "episode_values": -5.306178347368198, "episode_td_err": 253.42686957495638, "episode_avg_len": 15.389243671616526, "episode_std_avg_len": 0.733769588585041, "step_rewards": -0.8536819416024384, "step_value_ests": 17.237828682676696, "step_values": -5.299681766445144, "step_td_err": 252.94340890509815}