{"dim0": -0.6666666666666666, "dim1": -0.06666666666666667, "scale": 15, "episode_rewards": -12.20309547911114, "episode_std_rewards": 0.24475957457201555, "episode_value_ests": 16.75064508952617, "episode_values": -6.017049205411459, "episode_td_err": 318.1630924671206, "episode_avg_len": 13.965367965367966, "episode_std_avg_len": 2.2211363356037768, "step_rewards": -0.8738112385848336, "step_value_ests": 16.546613350722627, "step_values": -5.897394473965259, "step_td_err": 314.9014750026301}