{"dim0": -0.6666666666666666, "dim1": -0.6, "scale": 15, "episode_rewards": -75.54014759113478, "episode_std_rewards": 0.35638985566507847, "episode_value_ests": 47.62612852797977, "episode_values": -23.733334233766676, "episode_td_err": 49.44633465607705, "episode_avg_len": 76.92307692307692, "episode_std_avg_len": 67.44067083622639, "step_rewards": -0.9820219186847522, "step_value_ests": 46.19209640143901, "step_values": -30.743980314950345, "step_td_err": 27.835284528922386}