{"dim0": -0.6666666666666666, "dim1": 0.7333333333333333, "scale": 15, "episode_rewards": -13.715107632201539, "episode_std_rewards": 0.17353563130481656, "episode_value_ests": 10.731026784729156, "episode_values": -6.474578789141208, "episode_td_err": 290.2679472688349, "episode_avg_len": 15.152348484848485, "episode_std_avg_len": 0.7605135424535714, "step_rewards": -0.9051473206226673, "step_value_ests": 10.70587548600719, "step_values": -6.479648857850716, "step_td_err": 289.46550342409046}