{"dim0": -0.6666666666666666, "dim1": -0.3333333333333333, "scale": 15, "episode_rewards": -17.833339203270715, "episode_std_rewards": 0.23565320786589763, "episode_value_ests": 10.631034671550259, "episode_values": -8.809251677978756, "episode_td_err": 351.5298222113209, "episode_avg_len": 13.005982572506177, "episode_std_avg_len": 1.0037467073026711, "step_rewards": -1.371164316409993, "step_value_ests": 10.546838518099007, "step_values": -8.8031960669741, "step_td_err": 350.3698940069189}