{"dim0": -0.6666666666666666, "dim1": -0.9333333333333333, "scale": 15, "episode_rewards": -31.03252631937975, "episode_std_rewards": 0.2467635229554739, "episode_value_ests": 8.284486908800087, "episode_values": -14.982159922258463, "episode_td_err": 335.14600834762297, "episode_avg_len": 12.13224143160449, "episode_std_avg_len": 0.544735951490033, "step_rewards": -2.5578559818748756, "step_value_ests": 8.24327458208561, "step_values": -14.989789292779717, "step_td_err": 334.8438071916699}