{"dim0": -0.6666666666666666, "dim1": 0.0, "scale": 15, "episode_rewards": -16.686692524777932, "episode_std_rewards": 0.18778450654551446, "episode_value_ests": 34.99736658823382, "episode_values": -4.930865164294489, "episode_td_err": 105.47227207776616, "episode_avg_len": 17.44348508634223, "episode_std_avg_len": 1.6311730375572264, "step_rewards": -0.9566146009344861, "step_value_ests": 35.492988575305134, "step_values": -4.879074187993562, "step_td_err": 105.16119015840866}