{"dim0": -0.6666666666666666, "dim1": 0.8666666666666667, "scale": 15, "episode_rewards": -15.0780087525386, "episode_std_rewards": 0.20122524048313536, "episode_value_ests": 9.093761939550104, "episode_values": -7.443272403588905, "episode_td_err": 290.5098872923195, "episode_avg_len": 15.063262539539087, "episode_std_avg_len": 1.0240686666626926, "step_rewards": -1.0009789521334311, "step_value_ests": 9.054686682986638, "step_values": -7.447325298626993, "step_td_err": 289.4548602951097}