{"dim0": -0.6666666666666666, "dim1": 0.6, "scale": 15, "episode_rewards": 205.9104499633347, "episode_std_rewards": 0.11434641355632055, "episode_value_ests": 69.35487192483332, "episode_values": 24.46749494130877, "episode_td_err": 10.492080655483798, "episode_avg_len": 601.6006006006006, "episode_std_avg_len": 336.69618049154826, "step_rewards": 0.34227101794407544, "step_value_ests": 70.32530776196923, "step_values": 28.678419689192662, "step_td_err": 6.264810355361159}