{"dim0": -0.6666666666666666, "dim1": -0.4666666666666667, "scale": 15, "episode_rewards": -20.494556983353366, "episode_std_rewards": 0.24352492112744145, "episode_value_ests": 9.239390619967907, "episode_values": -9.933925947125603, "episode_td_err": 341.5999695284436, "episode_avg_len": 12.814890754148779, "episode_std_avg_len": 0.969391870715425, "step_rewards": -1.5992767614283656, "step_value_ests": 9.143515364787714, "step_values": -9.930877689075317, "step_td_err": 340.60704229693533}