{"dim0": -0.6666666666666666, "dim1": 0.26666666666666666, "scale": 15, "episode_rewards": -5.027917660456483, "episode_std_rewards": 0.19743732783727994, "episode_value_ests": 39.59519451316237, "episode_values": -2.2254904706127685, "episode_td_err": 192.18817950416997, "episode_avg_len": 17.538933707471063, "episode_std_avg_len": 4.09925643472052, "step_rewards": -0.28667179797337056, "step_value_ests": 40.316355434454564, "step_values": -2.2467310805449605, "step_td_err": 185.51985102785878}