{"dim0": -0.6666666666666666, "dim1": 0.7333333333333333, "scale": 15, "episode_rewards": 47.16673012176347, "episode_std_rewards": 0.12147340478531478, "episode_value_ests": 47.2565230942346, "episode_values": 18.93537501577709, "episode_td_err": 7.2122451282432465, "episode_avg_len": 88.15645658880564, "episode_std_avg_len": 47.4521004012057, "step_rewards": 0.5350343235977209, "step_value_ests": 48.988178567250884, "step_values": 20.559419137339056, "step_td_err": 5.80162901830183}