{"dim0": -0.6666666666666666, "dim1": -0.7333333333333333, "scale": 15, "episode_rewards": -88.09016897983877, "episode_std_rewards": 0.3527247376100038, "episode_value_ests": 47.962905540087895, "episode_values": -28.0810820506981, "episode_td_err": 46.3233258828225, "episode_avg_len": 78.8679022082019, "episode_std_avg_len": 62.15277918378259, "step_rewards": -1.1169330806757252, "step_value_ests": 46.915325934219005, "step_values": -35.507133952776144, "step_td_err": 27.393635921894816}