{"dim0": -0.6666666666666666, "dim1": 0.3333333333333333, "scale": 15, "episode_rewards": -2.864602520805612, "episode_std_rewards": 0.19244836631051146, "episode_value_ests": 46.147157629185095, "episode_values": -0.9535710787197947, "episode_td_err": 141.02598722959362, "episode_avg_len": 21.41423982869379, "episode_std_avg_len": 8.730207385624661, "step_rewards": -0.13377091803031071, "step_value_ests": 47.27750022619989, "step_values": -0.9318133574920642, "step_td_err": 128.55005108503482}