{"dim0": -0.6666666666666666, "dim1": 0.8666666666666667, "scale": 15, "episode_rewards": 24.655890117583787, "episode_std_rewards": 0.12198293001589333, "episode_value_ests": 43.44191755273339, "episode_values": 13.66869282479342, "episode_td_err": 18.794558929609362, "episode_avg_len": 41.103986847513355, "episode_std_avg_len": 13.418394282026595, "step_rewards": 0.5998418160518504, "step_value_ests": 44.071186372702776, "step_values": 14.312262944852195, "step_td_err": 16.953919841226828}