{"dim0": -0.6666666666666666, "dim1": -0.8666666666666667, "scale": 15, "episode_rewards": -29.48856509695229, "episode_std_rewards": 0.24751716312076022, "episode_value_ests": 8.381928855618604, "episode_values": -14.281876411074043, "episode_td_err": 334.07563580275183, "episode_avg_len": 12.170753970668777, "episode_std_avg_len": 0.5838067337201321, "step_rewards": -2.422903722153863, "step_value_ests": 8.33182981323707, "step_values": -14.288157453740048, "step_td_err": 333.7075994531972}