{"dim0": -0.6666666666666666, "dim1": 1.0, "scale": 15, "episode_rewards": 14.169266021597458, "episode_std_rewards": 0.15713980240185121, "episode_value_ests": 42.80490667649676, "episode_values": 9.201689852312127, "episode_td_err": 27.2918743816889, "episode_avg_len": 29.35843240863056, "episode_std_avg_len": 7.233769373839652, "step_rewards": 0.4826301971569875, "step_value_ests": 42.89031481769589, "step_values": 9.723784755558135, "step_td_err": 26.23289505749921}