{"dim0": -0.6666666666666666, "dim1": 0.06666666666666667, "scale": 15, "episode_rewards": -9.476188162863693, "episode_std_rewards": 0.216276480510765, "episode_value_ests": 22.86997610993388, "episode_values": -4.680498692002807, "episode_td_err": 293.8172607204289, "episode_avg_len": 14.62267875420383, "episode_std_avg_len": 1.7601385766248048, "step_rewards": -0.6480473463276633, "step_value_ests": 22.901505925335226, "step_values": -4.597942913754025, "step_td_err": 291.92457091281744}