{"dim0": -0.6666666666666666, "dim1": 0.4, "scale": 15, "episode_rewards": 0.40197565986020406, "episode_std_rewards": 0.17111114116650242, "episode_value_ests": 52.456011252921414, "episode_values": 0.6486154851018711, "episode_td_err": 91.2201242163303, "episode_avg_len": 31.20814479638009, "episode_std_avg_len": 15.99656859191403, "step_rewards": 0.012880472789488923, "step_value_ests": 54.13179753556016, "step_values": 0.8942788461408858, "step_td_err": 76.08149993695389}