{"dim0": -0.6666666666666666, "dim1": 0.2, "scale": 15, "episode_rewards": -6.772724680991774, "episode_std_rewards": 0.19921372869603793, "episode_value_ests": 33.15740506898686, "episode_values": -3.276911465993169, "episode_td_err": 235.71094030880727, "episode_avg_len": 15.987450039968026, "episode_std_avg_len": 2.0536573145998216, "step_rewards": -0.4236275743824197, "step_value_ests": 33.55891755932529, "step_values": -3.2437140307852435, "step_td_err": 232.59728278389332}