{"dim0": -0.6666666666666666, "dim1": -0.8, "scale": 15, "episode_rewards": -93.50558276416065, "episode_std_rewards": 0.35620884700506206, "episode_value_ests": 48.047164426874225, "episode_values": -30.066385577713234, "episode_td_err": 46.735108511059615, "episode_avg_len": 77.86687427014402, "episode_std_avg_len": 60.23707694022838, "step_rewards": -1.200839042797084, "step_value_ests": 47.090518905561204, "step_values": -37.846543649569604, "step_td_err": 28.23736134710444}