{"dim0": -0.6666666666666666, "dim1": 0.13333333333333333, "scale": 15, "episode_rewards": -8.260939548865402, "episode_std_rewards": 0.20412410521084723, "episode_value_ests": 27.359164320782867, "episode_values": -4.119859016175599, "episode_td_err": 273.7276850134443, "episode_avg_len": 15.151515151515152, "episode_std_avg_len": 1.4747616576044174, "step_rewards": -0.5452220102251165, "step_value_ests": 27.556052109472304, "step_values": -4.068115261146089, "step_td_err": 271.7112464065145}