{"dim0": -0.7333333333333333, "dim1": -0.9333333333333333, "scale": 15, "episode_rewards": -112.7446973415728, "episode_std_rewards": 0.41059701269387094, "episode_value_ests": 48.239153337738024, "episode_values": -36.02033243334918, "episode_td_err": 49.87108671019134, "episode_avg_len": 79.58392999204455, "episode_std_avg_len": 63.94821514845354, "step_rewards": -1.4166766752137412, "step_value_ests": 47.28465319562824, "step_values": -46.5269667803992, "step_td_err": 29.271332949600243}