{"dim0": -0.7333333333333333, "dim1": 0.2, "scale": 15, "episode_rewards": -8.19022607677679, "episode_std_rewards": 0.20238908296009284, "episode_value_ests": 27.368021117238083, "episode_values": -4.054114095920206, "episode_td_err": 271.7402396302688, "episode_avg_len": 15.159011671972108, "episode_std_avg_len": 1.5162800408769714, "step_rewards": -0.5402876027808536, "step_value_ests": 27.558250151664016, "step_values": -3.9976931181689865, "step_td_err": 269.8186460846734}