{"dim0": -0.7333333333333333, "dim1": -0.06666666666666667, "scale": 15, "episode_rewards": -20.07792022814549, "episode_std_rewards": 0.19141059697088095, "episode_value_ests": 37.45890361854744, "episode_values": -6.1257693803315565, "episode_td_err": 106.25334036807548, "episode_avg_len": 18.079454035975775, "episode_std_avg_len": 1.803587972980316, "step_rewards": -1.1105379724516584, "step_value_ests": 38.01604505319291, "step_values": -6.127208501660238, "step_td_err": 106.19468250714048}