{"dim0": -0.7333333333333333, "dim1": 0.4, "scale": 15, "episode_rewards": -14.541056418024942, "episode_std_rewards": 0.1648381896774863, "episode_value_ests": 17.04170446541046, "episode_values": -6.013787290574364, "episode_td_err": 260.8143635359652, "episode_avg_len": 15.274705972201009, "episode_std_avg_len": 0.6847128783863257, "step_rewards": -0.9519696447505267, "step_value_ests": 16.979588823074124, "step_values": -6.009189390112569, "step_td_err": 260.4135940480807}