{"dim0": -0.7333333333333333, "dim1": 0.5333333333333333, "scale": 15, "episode_rewards": -14.292858677732113, "episode_std_rewards": 0.16105201073506223, "episode_value_ests": 13.922660787928539, "episode_values": -6.303541069342507, "episode_td_err": 283.1521642381716, "episode_avg_len": 15.233206397562833, "episode_std_avg_len": 0.6737331634456435, "step_rewards": -0.9382698760005531, "step_value_ests": 13.884851242700481, "step_values": -6.303259844436303, "step_td_err": 282.4393579008731}