{"dim0": -0.7333333333333333, "dim1": -0.26666666666666666, "scale": 15, "episode_rewards": -17.807960294163834, "episode_std_rewards": 0.2395955605739746, "episode_value_ests": 10.786614958518287, "episode_values": -8.748076114045682, "episode_td_err": 342.8721414103835, "episode_avg_len": 13.038265971316818, "episode_std_avg_len": 1.2661611816290268, "step_rewards": -1.3658227507660894, "step_value_ests": 10.684740766289478, "step_values": -8.725221222442952, "step_td_err": 341.38710680350545}