{"dim0": -0.7333333333333333, "dim1": 0.6666666666666666, "scale": 15, "episode_rewards": -14.78514740371565, "episode_std_rewards": 0.17318560755102472, "episode_value_ests": 11.606408453953083, "episode_values": -6.935370360378768, "episode_td_err": 290.29407666570995, "episode_avg_len": 15.172204521316948, "episode_std_avg_len": 0.7029154308406254, "step_rewards": -0.9744890653788986, "step_value_ests": 11.57939868421942, "step_values": -6.935151380239285, "step_td_err": 289.582388946191}