{"dim0": -0.7333333333333333, "dim1": 1.0, "scale": 15, "episode_rewards": -19.102258480602984, "episode_std_rewards": 0.2737628651351765, "episode_value_ests": 7.9363073414481375, "episode_values": -9.88196220848878, "episode_td_err": 288.7126244581414, "episode_avg_len": 15.052984119816362, "episode_std_avg_len": 1.4498645665048817, "step_rewards": -1.26900143709419, "step_value_ests": 7.853053929715649, "step_values": -9.88448354969323, "step_td_err": 287.04165919720316}