{"dim0": -0.7333333333333333, "dim1": -0.5333333333333333, "scale": 15, "episode_rewards": -23.395959743059336, "episode_std_rewards": 0.25121148469449867, "episode_value_ests": 8.673684174275195, "episode_values": -11.319514413121848, "episode_td_err": 338.7608590605272, "episode_avg_len": 12.564643799472295, "episode_std_avg_len": 0.8721148665118269, "step_rewards": -1.8620471950061923, "step_value_ests": 8.574549717591148, "step_values": -11.321707138964301, "step_td_err": 337.8429268031976}