{"dim0": -0.7333333333333333, "dim1": 0.0, "scale": 15, "episode_rewards": -12.204031015780645, "episode_std_rewards": 0.24406298466670967, "episode_value_ests": 16.760431958363686, "episode_values": -6.009104509906031, "episode_td_err": 317.162741505209, "episode_avg_len": 13.984687456299818, "episode_std_avg_len": 2.2698902002015804, "step_rewards": -0.8726709877440255, "step_value_ests": 16.544619695932273, "step_values": -5.887345748077221, "step_td_err": 313.6664328402582}