{"dim0": -0.7333333333333333, "dim1": -0.4666666666666667, "scale": 15, "episode_rewards": -75.33718782953356, "episode_std_rewards": 0.38496644207917696, "episode_value_ests": 47.76924401295166, "episode_values": -20.675031957331807, "episode_td_err": 64.24763829411944, "episode_avg_len": 84.53846153846153, "episode_std_avg_len": 149.4473957327237, "step_rewards": -0.8911587277378856, "step_value_ests": 45.2441528962577, "step_values": -35.48938583261658, "step_td_err": 27.197435363212644}