{"dim0": -0.7333333333333333, "dim1": -0.6666666666666666, "scale": 15, "episode_rewards": -87.8972604866869, "episode_std_rewards": 0.38660427991682256, "episode_value_ests": 47.84985777646613, "episode_values": -27.30500681942723, "episode_td_err": 50.752729596974696, "episode_avg_len": 79.75478468899522, "episode_std_avg_len": 70.88183495472262, "step_rewards": -1.102093884767458, "step_value_ests": 46.554154897763006, "step_values": -36.032763383129186, "step_td_err": 27.723038067683053}