{"dim0": -0.7333333333333333, "dim1": 0.8, "scale": 15, "episode_rewards": 47.18717419378657, "episode_std_rewards": 0.11472805879154874, "episode_value_ests": 47.21008017796898, "episode_values": 18.950397804180017, "episode_td_err": 6.846380152294287, "episode_avg_len": 87.79815708644142, "episode_std_avg_len": 46.96856544167455, "step_rewards": 0.5374506226517781, "step_value_ests": 48.94496011974641, "step_values": 20.561931081353098, "step_td_err": 5.609720271621959}