{"dim0": -0.7333333333333333, "dim1": 0.06666666666666667, "scale": 15, "episode_rewards": -10.78078071063536, "episode_std_rewards": 0.2291018834044895, "episode_value_ests": 19.477612783719927, "episode_values": -5.305649922071649, "episode_td_err": 308.1251978426555, "episode_avg_len": 14.248201182588872, "episode_std_avg_len": 1.9166813095239101, "step_rewards": -0.7566415277606652, "step_value_ests": 19.388072825744377, "step_values": -5.210886151542072, "step_td_err": 305.878875606625}