{"dim0": -0.7333333333333333, "dim1": 0.0, "scale": 15, "episode_rewards": -18.53493538645698, "episode_std_rewards": 0.1910049868478757, "episode_value_ests": 32.95924666856551, "episode_values": -5.831477095899664, "episode_td_err": 110.56649932893416, "episode_avg_len": 16.88065496286293, "episode_std_avg_len": 1.4708869029787797, "step_rewards": -1.0979985923077884, "step_value_ests": 33.34734609209036, "step_values": -5.761823963100069, "step_td_err": 110.06778527798123}