{"dim0": -0.7333333333333333, "dim1": 0.4, "scale": 15, "episode_rewards": -2.8254848707122093, "episode_std_rewards": 0.18871538685195755, "episode_value_ests": 46.10698851347328, "episode_values": -0.9329068095705715, "episode_td_err": 140.3209627869686, "episode_avg_len": 21.377191107310818, "episode_std_avg_len": 8.667507326803133, "step_rewards": -0.1321728779299689, "step_value_ests": 47.26583857549846, "step_values": -0.9142274337161987, "step_td_err": 127.90082771075483}