{"dim0": -0.7333333333333333, "dim1": 0.2, "scale": 15, "episode_rewards": -16.289459315006958, "episode_std_rewards": 0.17288816202438173, "episode_value_ests": 24.114607092123908, "episode_values": -6.207344802089678, "episode_td_err": 181.17968214521485, "episode_avg_len": 15.324318112166718, "episode_std_avg_len": 0.7548069182573031, "step_rewards": -1.0629810211309805, "step_value_ests": 24.08143645017627, "step_values": -6.185106835986368, "step_td_err": 180.95890502916578}