{"dim0": -0.7333333333333333, "dim1": 0.06666666666666667, "scale": 15, "episode_rewards": -17.72737661360988, "episode_std_rewards": 0.18286077485047972, "episode_value_ests": 29.586105793814305, "episode_values": -6.064119091234904, "episode_td_err": 124.23058959548925, "episode_avg_len": 16.01665732361656, "episode_std_avg_len": 1.156543954984688, "step_rewards": -1.106808758870733, "step_value_ests": 29.781542137024402, "step_values": -6.003762139795332, "step_td_err": 123.40322525328465}