{"dim0": -0.7333333333333333, "dim1": 0.4666666666666667, "scale": 15, "episode_rewards": -14.302813705537826, "episode_std_rewards": 0.16186704061933846, "episode_value_ests": 15.297252668907424, "episode_values": -6.077609660609354, "episode_td_err": 275.00690521354176, "episode_avg_len": 15.263680073265665, "episode_std_avg_len": 0.664397854764133, "step_rewards": -0.9370488399183107, "step_value_ests": 15.250260871380567, "step_values": -6.075924750686584, "step_td_err": 274.378817027625}