{"dim0": -0.7333333333333333, "dim1": 0.7333333333333333, "scale": 15, "episode_rewards": 244.17307287772613, "episode_std_rewards": 0.08235383445421059, "episode_value_ests": 58.604712738422755, "episode_values": 30.657318504209268, "episode_td_err": 5.234450237009674, "episode_avg_len": 521.5104166666666, "episode_std_avg_len": 422.0684740258304, "step_rewards": 0.4682036351994749, "step_value_ests": 66.65118527081265, "step_values": 39.420677647525864, "step_td_err": 5.140276730852962}