{"dim0": -0.7333333333333333, "dim1": -0.8, "scale": 15, "episode_rewards": -29.647197913182268, "episode_std_rewards": 0.25135901438281016, "episode_value_ests": 8.337420441069483, "episode_values": -14.400498186617655, "episode_td_err": 339.7919739615765, "episode_avg_len": 12.176488493851211, "episode_std_avg_len": 0.5817635189104441, "step_rewards": -2.4347904511348473, "step_value_ests": 8.287052769284264, "step_values": -14.407715901752585, "step_td_err": 339.421439315276}