{"dim0": -0.7333333333333333, "dim1": -0.2, "scale": 15, "episode_rewards": -16.556206024405576, "episode_std_rewards": 0.24360004078981182, "episode_value_ests": 11.746757123977094, "episode_values": -8.24293384441347, "episode_td_err": 349.8635441152112, "episode_avg_len": 13.15396251233147, "episode_std_avg_len": 1.2374878223239216, "step_rewards": -1.2586478035713267, "step_value_ests": 11.640546610912503, "step_values": -8.222089779362975, "step_td_err": 348.10445334224636}