{"dim0": -0.7333333333333333, "dim1": -0.6, "scale": 15, "episode_rewards": -80.65376371689594, "episode_std_rewards": 0.38918472357574263, "episode_value_ests": 47.67958079086701, "episode_values": -24.980567789542192, "episode_td_err": 53.017433668468, "episode_avg_len": 77.49554436265014, "episode_std_avg_len": 74.25726560454535, "step_rewards": -1.0407535604817035, "step_value_ests": 46.16076456461244, "step_values": -33.65791881722349, "step_td_err": 28.31061570964216}