{"dim0": -0.7333333333333333, "dim1": 0.13333333333333333, "scale": 15, "episode_rewards": -9.427009004325832, "episode_std_rewards": 0.21500015905022887, "episode_value_ests": 22.923999162078246, "episode_values": -4.662089338393424, "episode_td_err": 294.58780108540617, "episode_avg_len": 14.62894967817437, "episode_std_avg_len": 1.7230042201967675, "step_rewards": -0.6444077812633697, "step_value_ests": 22.946425671087688, "step_values": -4.579327248040871, "step_td_err": 292.71159750141635}