{"dim0": -0.7333333333333333, "dim1": 0.8666666666666667, "scale": 15, "episode_rewards": 32.33557093991925, "episode_std_rewards": 0.11533225280688796, "episode_value_ests": 44.87008423429887, "episode_values": 16.0298381313554, "episode_td_err": 12.583575220311472, "episode_avg_len": 54.20569105691057, "episode_std_avg_len": 20.40571470309532, "step_rewards": 0.59653461305327, "step_value_ests": 45.837934913069134, "step_values": 16.786253695573034, "step_td_err": 10.735300088922765}