{"dim0": -0.7333333333333333, "dim1": 0.13333333333333333, "scale": 15, "episode_rewards": -17.049482672646032, "episode_std_rewards": 0.17081154812829769, "episode_value_ests": 26.87797839150961, "episode_values": -6.209691304517119, "episode_td_err": 149.00286643996907, "episode_avg_len": 15.557405102675794, "episode_std_avg_len": 0.8982816962254041, "step_rewards": -1.0959078689616182, "step_value_ests": 26.929865568347292, "step_values": -6.174471421354014, "step_td_err": 148.3926572327957}