{"dim0": -0.7333333333333333, "dim1": 0.4666666666666667, "scale": 15, "episode_rewards": 0.3746470729083562, "episode_std_rewards": 0.17130060773234213, "episode_value_ests": 52.38307663803657, "episode_values": 0.6412861019551128, "episode_td_err": 92.10042473006213, "episode_avg_len": 31.211922596754057, "episode_std_avg_len": 16.10125289358168, "step_rewards": 0.012003332116020253, "step_value_ests": 54.232095039560896, "step_values": 0.9567326826221155, "step_td_err": 76.73573972304212}