{"dim0": -0.7333333333333333, "dim1": 0.9333333333333333, "scale": 15, "episode_rewards": -17.905287702060956, "episode_std_rewards": 0.24237193987531158, "episode_value_ests": 8.585424827224935, "episode_values": -9.136692681040461, "episode_td_err": 291.3201046900416, "episode_avg_len": 15.050417638648506, "episode_std_avg_len": 1.284621970425875, "step_rewards": -1.1896870991859607, "step_value_ests": 8.524947544710418, "step_values": -9.13142899789616, "step_td_err": 289.9247766374481}