{"dim0": -0.7333333333333333, "dim1": 0.6, "scale": 15, "episode_rewards": 24.68370129071149, "episode_std_rewards": 0.142169144135461, "episode_value_ests": 65.01353021378439, "episode_values": 6.350521203567, "episode_td_err": 27.597956898730935, "episode_avg_len": 135.695593220339, "episode_std_avg_len": 95.98306461269456, "step_rewards": 0.18190495877512203, "step_value_ests": 66.97719995665909, "step_values": 8.42933545773391, "step_td_err": 17.06587064606534}