{"dim0": -0.7333333333333333, "dim1": -0.06666666666666667, "scale": 15, "episode_rewards": -13.643590994005175, "episode_std_rewards": 0.2508839590567318, "episode_value_ests": 14.698441848883125, "episode_values": -6.744543588898944, "episode_td_err": 325.2387516430385, "episode_avg_len": 13.681441959094329, "episode_std_avg_len": 2.1582427685121908, "step_rewards": -0.9972334082034391, "step_value_ests": 14.478080724913244, "step_values": -6.64159378292783, "step_td_err": 321.5462925433553}