{"dim0": -0.7333333333333333, "dim1": -0.8666666666666667, "scale": 15, "episode_rewards": -31.13390489116246, "episode_std_rewards": 0.25033303951754177, "episode_value_ests": 8.216428780760673, "episode_values": -15.066926587444524, "episode_td_err": 340.35471213123543, "episode_avg_len": 12.138556776112157, "episode_std_avg_len": 0.5457007746425937, "step_rewards": -2.5648769837639875, "step_value_ests": 8.17219252262398, "step_values": -15.07451301971788, "step_td_err": 340.0396527904729}