{"dim0": -0.7333333333333333, "dim1": 0.6666666666666666, "scale": 15, "episode_rewards": 193.7178141226912, "episode_std_rewards": 0.12574408942500814, "episode_value_ests": 68.70703331782772, "episode_values": 23.117819684478413, "episode_td_err": 10.716075406756513, "episode_avg_len": 566.7252124645893, "episode_std_avg_len": 343.26545672932934, "step_rewards": 0.3418196506208824, "step_value_ests": 70.16578827609665, "step_values": 28.519882402848403, "step_td_err": 6.589331563193413}