{"dim0": -0.7333333333333333, "dim1": 0.26666666666666666, "scale": 15, "episode_rewards": -6.768297421924399, "episode_std_rewards": 0.19708372984482114, "episode_value_ests": 33.1187954430338, "episode_values": -3.2866422717597, "episode_td_err": 238.4136954171777, "episode_avg_len": 15.9870513947726, "episode_std_avg_len": 2.0752740145121034, "step_rewards": -0.4233612099437847, "step_value_ests": 33.514121128962266, "step_values": -3.2457591436213744, "step_td_err": 235.276215052809}