{"dim0": -0.7333333333333333, "dim1": 0.7333333333333333, "scale": 15, "episode_rewards": -15.171042290182044, "episode_std_rewards": 0.17997690667728997, "episode_value_ests": 10.658055019328078, "episode_values": -7.247037298717067, "episode_td_err": 289.9502541024395, "episode_avg_len": 15.121342708097075, "episode_std_avg_len": 0.7277998835947523, "step_rewards": -1.0032867175253133, "step_value_ests": 10.63631594061649, "step_values": -7.250842370537335, "step_td_err": 289.24934030342166}