{"dim0": -0.7333333333333333, "dim1": -0.26666666666666666, "scale": 15, "episode_rewards": -34.704028464185235, "episode_std_rewards": 0.2639330255161235, "episode_value_ests": 47.9618031916742, "episode_values": -12.897055565557134, "episode_td_err": 99.76261789638349, "episode_avg_len": 27.58474693145773, "episode_std_avg_len": 18.105167393161107, "step_rewards": -1.2580876145218014, "step_value_ests": 47.114445507415546, "step_values": -14.61424232346356, "step_td_err": 85.80911402428893}