{"dim0": -0.7333333333333333, "dim1": -0.4, "scale": 15, "episode_rewards": -59.53498412496323, "episode_std_rewards": 0.36356250154175956, "episode_value_ests": 48.08132981414321, "episode_values": -17.927798186881944, "episode_td_err": 74.66696223484487, "episode_avg_len": 63.092744479495266, "episode_std_avg_len": 111.12196206011342, "step_rewards": -0.9436106261681438, "step_value_ests": 45.72301412525785, "step_values": -30.558116765096283, "step_td_err": 37.16120766851099}