{"dim0": -0.7333333333333333, "dim1": -0.9333333333333333, "scale": 15, "episode_rewards": -32.67193984175092, "episode_std_rewards": 0.2485183583335428, "episode_value_ests": 8.14283115148162, "episode_values": -15.760475260749466, "episode_td_err": 342.58220422065295, "episode_avg_len": 12.098723610186921, "episode_std_avg_len": 0.46632942648010856, "step_rewards": -2.700445178716348, "step_value_ests": 8.11138237987951, "step_values": -15.767087768157067, "step_td_err": 342.38134418812507}