{"dim0": -0.7333333333333333, "dim1": -0.4, "scale": 15, "episode_rewards": -20.547522809583782, "episode_std_rewards": 0.24162130212497554, "episode_value_ests": 9.184005638389177, "episode_values": -9.994612233291972, "episode_td_err": 348.87015211353287, "episode_avg_len": 12.801894642514242, "episode_std_avg_len": 0.8142408447583798, "step_rewards": -1.605037643517767, "step_value_ests": 9.104633999290815, "step_values": -9.994446890616008, "step_td_err": 348.07337853268325}