{"dim0": -0.7333333333333333, "dim1": 1.0, "scale": 15, "episode_rewards": 18.705420884033312, "episode_std_rewards": 0.1377356325509446, "episode_value_ests": 42.87362704045607, "episode_values": 11.329888665379247, "episode_td_err": 23.691680039925807, "episode_avg_len": 33.67873379356794, "episode_std_avg_len": 9.645257160956428, "step_rewards": 0.5554074864775862, "step_value_ests": 43.20110395553201, "step_values": 11.901648160424227, "step_td_err": 22.363786056521498}