{"dim0": -0.7333333333333333, "dim1": -0.6666666666666666, "scale": 15, "episode_rewards": -26.462581415248035, "episode_std_rewards": 0.2500656077576847, "episode_value_ests": 8.483528497546663, "episode_values": -12.835774267762845, "episode_td_err": 335.48098489999967, "episode_avg_len": 12.33684924747101, "episode_std_avg_len": 0.7679694620995965, "step_rewards": -2.1450032244393946, "step_value_ests": 8.400427147676126, "step_values": -12.8413109241555, "step_td_err": 334.7936203363038}