{"dim0": -0.7333333333333333, "dim1": 0.3333333333333333, "scale": 15, "episode_rewards": -14.986289001938568, "episode_std_rewards": 0.1667132704557618, "episode_value_ests": 19.13950184805447, "episode_values": -6.036525469695132, "episode_td_err": 242.47969150709667, "episode_avg_len": 15.263507326007327, "episode_std_avg_len": 0.6890202252658847, "step_rewards": -0.9818378359476783, "step_value_ests": 19.067561298843458, "step_values": -6.027850363709122, "step_td_err": 242.22644947255066}