{"dim0": -0.7333333333333333, "dim1": -0.4666666666666667, "scale": 15, "episode_rewards": -21.97993334721843, "episode_std_rewards": 0.24790580375613436, "episode_value_ests": 8.77624836452307, "episode_values": -10.657636251888144, "episode_td_err": 346.71468099293753, "episode_avg_len": 12.69756221432199, "episode_std_avg_len": 0.8664353159606913, "step_rewards": -1.7310356882856266, "step_value_ests": 8.679248194861355, "step_values": -10.657445331548681, "step_td_err": 345.7944846117649}