{"dim0": -0.7333333333333333, "dim1": -0.8, "scale": 15, "episode_rewards": -97.07872950599521, "episode_std_rewards": 0.3889652203124704, "episode_value_ests": 48.060946806403386, "episode_values": -31.05063679510627, "episode_td_err": 50.69753128628694, "episode_avg_len": 76.30980541777947, "episode_std_avg_len": 62.59693570299666, "step_rewards": -1.2721658635415256, "step_value_ests": 47.16948692666047, "step_values": -39.960364276679684, "step_td_err": 29.829131089544752}