{"dim0": -0.7333333333333333, "dim1": 0.9333333333333333, "scale": 15, "episode_rewards": 24.482983455291652, "episode_std_rewards": 0.126630606333287, "episode_value_ests": 43.510365977807986, "episode_values": 13.592070346128484, "episode_td_err": 19.20679895848428, "episode_avg_len": 40.98811475409836, "episode_std_avg_len": 13.534664895109042, "step_rewards": 0.5973190912090833, "step_value_ests": 44.12553235994506, "step_values": 14.231174287196898, "step_td_err": 17.267528911479594}