{"dim0": -0.7333333333333333, "dim1": -0.13333333333333333, "scale": 15, "episode_rewards": -15.124867255772413, "episode_std_rewards": 0.25032247185870304, "episode_value_ests": 13.120200818119713, "episode_values": -7.5078793535551425, "episode_td_err": 333.80649278054324, "episode_avg_len": 13.423853949929525, "episode_std_avg_len": 1.9827154700959355, "step_rewards": -1.1267157190615753, "step_value_ests": 12.927256998257668, "step_values": -7.430991830624485, "step_td_err": 330.5829924333544}