{"dim0": -0.7333333333333333, "dim1": 0.8666666666666667, "scale": 15, "episode_rewards": -16.875949199855853, "episode_std_rewards": 0.21888801074495168, "episode_value_ests": 9.261239030282262, "episode_values": -8.473900474471213, "episode_td_err": 292.52909939891657, "episode_avg_len": 15.06878625781662, "episode_std_avg_len": 1.0229123094888912, "step_rewards": -1.1199275715455719, "step_value_ests": 9.217573520221544, "step_values": -8.474775487707285, "step_td_err": 291.5433017621855}