{"dim0": -0.7333333333333333, "dim1": 0.6, "scale": 15, "episode_rewards": -14.456785331645914, "episode_std_rewards": 0.1641385270792083, "episode_value_ests": 12.686513897919003, "episode_values": -6.5756745162515315, "episode_td_err": 288.42274031575033, "episode_avg_len": 15.217209373097992, "episode_std_avg_len": 0.6788287884485821, "step_rewards": -0.9500286798447811, "step_value_ests": 12.654448750307955, "step_values": -6.574453295652635, "step_td_err": 287.71891180230455}