{"dim0": -0.7333333333333333, "dim1": -0.5333333333333333, "scale": 15, "episode_rewards": -76.83978147965819, "episode_std_rewards": 0.3825939610455924, "episode_value_ests": 47.585660830292774, "episode_values": -22.96694797776406, "episode_td_err": 56.51747491124431, "episode_avg_len": 79.53913388955105, "episode_std_avg_len": 95.91053181665684, "step_rewards": -0.9660625873341642, "step_value_ests": 45.64559255073091, "step_values": -33.21016399601047, "step_td_err": 27.98294739843559}