{"dim0": -0.8, "dim1": 0.6666666666666666, "scale": 15, "episode_rewards": -16.244555002720595, "episode_std_rewards": 0.17734598144198807, "episode_value_ests": 11.417568236918457, "episode_values": -7.669041109843921, "episode_td_err": 288.8785749750607, "episode_avg_len": 15.146232487694055, "episode_std_avg_len": 0.6844751658398418, "step_rewards": -1.0725145686175688, "step_value_ests": 11.390462541852466, "step_values": -7.671583528198002, "step_td_err": 288.2879172029924}