{"dim0": -0.8, "dim1": -0.6666666666666666, "scale": 15, "episode_rewards": -28.09675083271545, "episode_std_rewards": 0.25134905392272644, "episode_value_ests": 8.379872132243298, "episode_values": -13.663923627154915, "episode_td_err": 339.79962413012845, "episode_avg_len": 12.243205190989226, "episode_std_avg_len": 0.6783316306848363, "step_rewards": -2.294885235885301, "step_value_ests": 8.310841085627473, "step_values": -13.672126676946956, "step_td_err": 339.25316121360515}