{"dim0": -0.8, "dim1": -0.8, "scale": 15, "episode_rewards": -105.66057512090971, "episode_std_rewards": 0.4264858462953105, "episode_value_ests": 47.83890418262661, "episode_values": -33.08555013105072, "episode_td_err": 51.720909966333295, "episode_avg_len": 80.07445956765412, "episode_std_avg_len": 69.3080467513243, "step_rewards": -1.3195290444843795, "step_value_ests": 46.792099197621155, "step_values": -43.75493192594398, "step_td_err": 28.895875412919157}