{"dim0": -0.8, "dim1": 0.4666666666666667, "scale": 15, "episode_rewards": -2.860187402968333, "episode_std_rewards": 0.1864897189647191, "episode_value_ests": 46.06719079656081, "episode_values": -0.9392346160351229, "episode_td_err": 140.19831862394, "episode_avg_len": 21.565175202156333, "episode_std_avg_len": 8.96039414558516, "step_rewards": -0.13262991726968854, "step_value_ests": 47.20192097780567, "step_values": -0.9295546683859787, "step_td_err": 127.79269136741569}