{"dim0": -0.8, "dim1": 0.8666666666666667, "scale": 15, "episode_rewards": 47.42809559969555, "episode_std_rewards": 0.11526907609377905, "episode_value_ests": 47.20901811178372, "episode_values": 18.995773889226083, "episode_td_err": 6.9228285779964445, "episode_avg_len": 87.95252747252748, "episode_std_avg_len": 45.74677973638413, "step_rewards": 0.5392465340408781, "step_value_ests": 48.92387181792969, "step_values": 20.592445429307276, "step_td_err": 5.635192401238488}