{"dim0": -0.8, "dim1": 0.26666666666666666, "scale": 15, "episode_rewards": -8.213533895797331, "episode_std_rewards": 0.20308123937984196, "episode_value_ests": 27.454823670344584, "episode_values": -4.065475749874448, "episode_td_err": 271.6881365254053, "episode_avg_len": 15.14975003787305, "episode_std_avg_len": 1.5017271320949706, "step_rewards": -0.5421563969876873, "step_value_ests": 27.652031043088126, "step_values": -4.014774894452845, "step_td_err": 269.7536616582258}