{"dim0": -0.8, "dim1": 0.13333333333333333, "scale": 15, "episode_rewards": -18.70192866537264, "episode_std_rewards": 0.17198835177090777, "episode_value_ests": 25.89651562039042, "episode_values": -7.073949168364442, "episode_td_err": 163.56423248067674, "episode_avg_len": 15.340952673161004, "episode_std_avg_len": 0.7857686276877508, "step_rewards": -1.2190852200523157, "step_value_ests": 25.914567347698807, "step_values": -7.0462458412656925, "step_td_err": 163.05279917751295}