{"dim0": -0.8, "dim1": -0.8, "scale": 15, "episode_rewards": -31.06905254867553, "episode_std_rewards": 0.2468544154078276, "episode_value_ests": 8.298677442528952, "episode_values": -15.011327822758714, "episode_td_err": 334.6633323720314, "episode_avg_len": 12.134259540132257, "episode_std_avg_len": 0.5140673311898177, "step_rewards": -2.560440745965525, "step_value_ests": 8.260379564935766, "step_values": -15.018640969505881, "step_td_err": 334.37414190974664}