{"dim0": -0.8, "dim1": -0.3333333333333333, "scale": 15, "episode_rewards": -42.762743297754305, "episode_std_rewards": 0.31291736492606737, "episode_value_ests": 48.230110133647614, "episode_values": -15.533352179923362, "episode_td_err": 94.59302296430104, "episode_avg_len": 32.72562172774869, "episode_std_avg_len": 30.008568986824663, "step_rewards": -1.306705298176045, "step_value_ests": 46.856905574888586, "step_values": -19.489613072301744, "step_td_err": 73.11409107893797}