{"dim0": -0.8, "dim1": -0.4, "scale": 15, "episode_rewards": -55.66115024405075, "episode_std_rewards": 0.37243379777038765, "episode_value_ests": 47.89111140403611, "episode_values": -18.303023684277736, "episode_td_err": 81.440804549697, "episode_avg_len": 49.20369003690037, "episode_std_avg_len": 73.50940287546128, "step_rewards": -1.1312393481527017, "step_value_ests": 46.00258814245739, "step_values": -28.11328295700661, "step_td_err": 48.58179502985447}