{"dim0": -0.8, "dim1": -0.8666666666666667, "scale": 15, "episode_rewards": -110.45595682305543, "episode_std_rewards": 0.4227971947882879, "episode_value_ests": 47.98790736262604, "episode_values": -34.99984606628322, "episode_td_err": 51.45961606279352, "episode_avg_len": 78.31714956930306, "episode_std_avg_len": 65.90575218480534, "step_rewards": -1.4103674282133143, "step_value_ests": 47.07593451207202, "step_values": -45.81790487581878, "step_td_err": 29.944359955283335}