{"dim0": -0.8, "dim1": -0.6, "scale": 15, "episode_rewards": -26.520413459566445, "episode_std_rewards": 0.24872860509171546, "episode_value_ests": 8.445108929948683, "episode_values": -12.89753871391066, "episode_td_err": 340.9842686303543, "episode_avg_len": 12.326513003821027, "episode_std_avg_len": 0.7423604964754251, "step_rewards": -2.1514935692961608, "step_value_ests": 8.363098370904035, "step_values": -12.904668336127557, "step_td_err": 340.3294455589479}