{"dim0": -0.8, "dim1": 0.4, "scale": 15, "episode_rewards": -15.996870921971261, "episode_std_rewards": 0.1658661066070133, "episode_value_ests": 16.653847052320074, "episode_values": -6.765453947707798, "episode_td_err": 269.18521866635047, "episode_avg_len": 15.209657794676806, "episode_std_avg_len": 0.6315515001519559, "step_rewards": -1.0517574516088042, "step_value_ests": 16.60239048581091, "step_values": -6.762654482647011, "step_td_err": 268.6991212217372}