{"dim0": -0.8, "dim1": 0.4, "scale": 15, "episode_rewards": -5.026015854184772, "episode_std_rewards": 0.1963785546736932, "episode_value_ests": 39.59324862701813, "episode_values": -2.2439794479627477, "episode_td_err": 193.1311323576288, "episode_avg_len": 17.525411847178407, "episode_std_avg_len": 4.097604629749603, "step_rewards": -0.2867844646397831, "step_value_ests": 40.30341593007833, "step_values": -2.2563736761889497, "step_td_err": 186.32996851181954}