{"dim0": -0.8, "dim1": -0.3333333333333333, "scale": 15, "episode_rewards": -20.49871307279701, "episode_std_rewards": 0.24261679074709208, "episode_value_ests": 9.273386811072005, "episode_values": -9.941008061290027, "episode_td_err": 341.7087926430073, "episode_avg_len": 12.824815646040397, "episode_std_avg_len": 1.0081233488203862, "step_rewards": -1.5983631764037007, "step_value_ests": 9.173420554821991, "step_values": -9.936640965273114, "step_td_err": 340.5960544422642}