{"dim0": -0.8, "dim1": -0.4, "scale": 15, "episode_rewards": -22.010131501402686, "episode_std_rewards": 0.2502385013260364, "episode_value_ests": 8.768736529313854, "episode_values": -10.680449878919266, "episode_td_err": 346.77906369084536, "episode_avg_len": 12.699663470696553, "episode_std_avg_len": 0.918323231608165, "step_rewards": -1.7331271456278576, "step_value_ests": 8.665378594763474, "step_values": -10.67995932630709, "step_td_err": 345.77763144091637}