{"dim0": -0.8, "dim1": -0.5333333333333333, "scale": 15, "episode_rewards": -24.954579761070857, "episode_std_rewards": 0.25339158915971993, "episode_value_ests": 8.581289777836977, "episode_values": -12.098358985951885, "episode_td_err": 336.9974077606656, "episode_avg_len": 12.447874525424783, "episode_std_avg_len": 0.8437046948957682, "step_rewards": -2.004726165105627, "step_value_ests": 8.483286687398405, "step_values": -12.103380054946074, "step_td_err": 336.14467427437836}