{"dim0": -0.8, "dim1": -0.06666666666666667, "scale": 15, "episode_rewards": -15.20805023920747, "episode_std_rewards": 0.24793423478147053, "episode_value_ests": 12.937347530042604, "episode_values": -7.581264598895831, "episode_td_err": 341.35484309872544, "episode_avg_len": 13.405361930294907, "episode_std_avg_len": 1.753899734646804, "step_rewards": -1.1344751688381238, "step_value_ests": 12.750574547631599, "step_values": -7.531063967522767, "step_td_err": 338.2897094713621}