{"dim0": -0.8, "dim1": 1.0, "scale": 15, "episode_rewards": 24.521176519995105, "episode_std_rewards": 0.12220596038163788, "episode_value_ests": 43.490035745253714, "episode_values": 13.655673315315598, "episode_td_err": 18.48120893271232, "episode_avg_len": 41.00902193971704, "episode_std_avg_len": 13.405350605577175, "step_rewards": 0.5979458997105821, "step_value_ests": 44.1098537950391, "step_values": 14.253434683991742, "step_td_err": 16.758630053448368}