{"dim0": -0.8, "dim1": -0.5333333333333333, "scale": 15, "episode_rewards": -82.96132495891135, "episode_std_rewards": 0.4170738372020295, "episode_value_ests": 47.50966712007634, "episode_values": -23.81453639898882, "episode_td_err": 63.04736137239656, "episode_avg_len": 80.66062801932367, "episode_std_avg_len": 119.01157420374126, "step_rewards": -1.0285231716648238, "step_value_ests": 45.100522403457965, "step_values": -38.101543625753024, "step_td_err": 28.53515070561699}