{"dim0": -0.8, "dim1": -1.0, "scale": 15, "episode_rewards": -35.80134695418233, "episode_std_rewards": 0.24884265762469737, "episode_value_ests": 7.972995276880283, "episode_values": -17.137577308615043, "episode_td_err": 351.3505609882545, "episode_avg_len": 12.058298667631277, "episode_std_avg_len": 0.3424002168613438, "step_rewards": -2.9690214134673707, "step_value_ests": 7.95622053173022, "step_values": -17.140761554419573, "step_td_err": 351.26422754850734}