{"dim0": -0.8, "dim1": 1.0, "scale": 15, "episode_rewards": -21.027987612717727, "episode_std_rewards": 0.2973041685741299, "episode_value_ests": 8.000855691969743, "episode_values": -10.951741698972258, "episode_td_err": 287.9692421619079, "episode_avg_len": 15.075977990502752, "episode_std_avg_len": 1.4154765430026919, "step_rewards": -1.3948008962313754, "step_value_ests": 7.915616400421381, "step_values": -10.964634605534556, "step_td_err": 286.27013891795025}