{"dim0": -0.8, "dim1": -0.6666666666666666, "scale": 15, "episode_rewards": -92.54906353172206, "episode_std_rewards": 0.4179046058742225, "episode_value_ests": 47.63357319964514, "episode_values": -28.542648056377878, "episode_td_err": 54.034773528425596, "episode_avg_len": 79.05573122529644, "episode_std_avg_len": 74.43699392097321, "step_rewards": -1.1706812662066426, "step_value_ests": 46.10562290080564, "step_values": -38.84775748720793, "step_td_err": 28.54797671804943}