{"dim0": -0.8, "dim1": 0.6666666666666666, "scale": 15, "episode_rewards": 25.616076658542827, "episode_std_rewards": 0.1456478914402806, "episode_value_ests": 65.21897819026779, "episode_values": 6.534163674404262, "episode_td_err": 26.038411203773745, "episode_avg_len": 138.6216216216216, "episode_std_avg_len": 100.48406542827252, "step_rewards": 0.1847913504320695, "step_value_ests": 67.0571158415627, "step_values": 8.532669039329381, "step_td_err": 16.814155783337128}