{"dim0": -0.8, "dim1": 0.6, "scale": 15, "episode_rewards": -15.869941132656077, "episode_std_rewards": 0.1669814222512757, "episode_value_ests": 12.448488944543058, "episode_values": -7.286633136820702, "episode_td_err": 287.880397891622, "episode_avg_len": 15.174190122145513, "episode_std_avg_len": 0.6381672010476368, "step_rewards": -1.0458509485455287, "step_value_ests": 12.42185478703299, "step_values": -7.288347171232668, "step_td_err": 287.2910421899035}