{"dim0": -0.8, "dim1": 0.8, "scale": 15, "episode_rewards": 252.52756754416484, "episode_std_rewards": 0.0750054339300084, "episode_value_ests": 58.72709777505393, "episode_values": 31.051279238300502, "episode_td_err": 5.142061712264277, "episode_avg_len": 534.1409574468086, "episode_std_avg_len": 427.5260584606663, "step_rewards": 0.47277327084454546, "step_value_ests": 66.79149921418026, "step_values": 39.90446781928019, "step_td_err": 5.098078008113074}