{"dim0": -0.8, "dim1": 0.06666666666666667, "scale": 15, "episode_rewards": -12.21516218442936, "episode_std_rewards": 0.2437023932976175, "episode_value_ests": 16.780113406929303, "episode_values": -6.019116259874383, "episode_td_err": 318.03982202625645, "episode_avg_len": 13.956039355243878, "episode_std_avg_len": 2.2446845981584898, "step_rewards": -0.8752599411264633, "step_value_ests": 16.593457446096675, "step_values": -5.898649250564211, "step_td_err": 314.7928707014698}