{"dim0": -0.8, "dim1": -0.13333333333333333, "scale": 15, "episode_rewards": -16.50550269101014, "episode_std_rewards": 0.24593431125190388, "episode_value_ests": 11.873548595519049, "episode_values": -8.177749746824352, "episode_td_err": 339.3320373779894, "episode_avg_len": 13.174494433831763, "episode_std_avg_len": 1.4622303728150718, "step_rewards": -1.2528376533845906, "step_value_ests": 11.755683050975339, "step_values": -8.138910255964715, "step_td_err": 337.4220509873524}