{"dim0": -0.8, "dim1": 0.6, "scale": 15, "episode_rewards": 6.251173347368084, "episode_std_rewards": 0.14741746477254214, "episode_value_ests": 59.19060120782828, "episode_values": 2.5890386796657143, "episode_td_err": 50.87204228466061, "episode_avg_len": 56.1023842917251, "episode_std_avg_len": 31.79998689977202, "step_rewards": 0.11142437930735341, "step_value_ests": 61.26850190284085, "step_values": 3.0130329607975477, "step_td_err": 38.017273763299315}