{"dim0": -0.8, "dim1": 0.0, "scale": 15, "episode_rewards": -20.446530710170105, "episode_std_rewards": 0.18936588444467395, "episode_value_ests": 31.388537879604932, "episode_values": -6.8440220420575475, "episode_td_err": 116.64094948147418, "episode_avg_len": 16.356068040562644, "episode_std_avg_len": 1.301331687248873, "step_rewards": -1.250088386735933, "step_value_ests": 31.680948608603543, "step_values": -6.779617401012744, "step_td_err": 115.8994369726069}