{"dim0": -0.8, "dim1": -0.2, "scale": 15, "episode_rewards": -29.310526428541156, "episode_std_rewards": 0.22332485125461993, "episode_value_ests": 45.00011954549426, "episode_values": -10.504548821487917, "episode_td_err": 111.24881293357957, "episode_avg_len": 20.936145713388463, "episode_std_avg_len": 4.797512449973277, "step_rewards": -1.3999962949148446, "step_value_ests": 45.28328251121562, "step_values": -10.777907593899828, "step_td_err": 108.71652225135081}