{"dim0": -0.8, "dim1": 0.06666666666666667, "scale": 15, "episode_rewards": -19.60276111943068, "episode_std_rewards": 0.1806960172827675, "episode_value_ests": 28.53725500524688, "episode_values": -7.050855738298112, "episode_td_err": 134.78017880556186, "episode_avg_len": 15.692820714005492, "episode_std_avg_len": 1.0053756295822889, "step_rewards": -1.2491547234676335, "step_value_ests": 28.674281024147888, "step_values": -7.00195975638511, "step_td_err": 133.95997053588425}