{"dim0": -0.8, "dim1": 0.2, "scale": 15, "episode_rewards": -9.568259262546754, "episode_std_rewards": 0.21522605966763503, "episode_value_ests": 22.78305687532427, "episode_values": -4.766120596751674, "episode_td_err": 297.5211653370216, "episode_avg_len": 14.601737606775206, "episode_std_avg_len": 1.5822922850403303, "step_rewards": -0.6552822355955144, "step_value_ests": 22.831602083222123, "step_values": -4.701839296307211, "step_td_err": 295.61391812503666}