{"dim0": -0.8, "dim1": 0.7333333333333333, "scale": 15, "episode_rewards": -16.81917895137262, "episode_std_rewards": 0.19266603401089014, "episode_value_ests": 10.522335099037038, "episode_values": -8.129303943468702, "episode_td_err": 289.6776697375981, "episode_avg_len": 15.119207801043162, "episode_std_avg_len": 0.7243488998603668, "step_rewards": -1.1124378454678139, "step_value_ests": 10.495278828710415, "step_values": -8.137221724406695, "step_td_err": 288.9763502046995}