{"dim0": -0.8, "dim1": 0.2, "scale": 15, "episode_rewards": -17.859979951561186, "episode_std_rewards": 0.1741682059583215, "episode_value_ests": 23.3136190400407, "episode_values": -6.977041725136576, "episode_td_err": 196.0295366047786, "episode_avg_len": 15.214742126882703, "episode_std_avg_len": 0.7051560222076549, "step_rewards": -1.1738601813043321, "step_value_ests": 23.272907146476246, "step_values": -6.9604751969726975, "step_td_err": 195.87745186499026}