{"dim0": -0.8, "dim1": -0.7333333333333333, "scale": 15, "episode_rewards": -29.560357354800022, "episode_std_rewards": 0.2485707860277614, "episode_value_ests": 8.409018488298878, "episode_values": -14.31902079928346, "episode_td_err": 333.9531945362001, "episode_avg_len": 12.174143283218699, "episode_std_avg_len": 0.5756843808399974, "step_rewards": -2.4281262892270328, "step_value_ests": 8.361463020858737, "step_values": -14.326537291148556, "step_td_err": 333.59981547223055}