{"dim0": -0.8, "dim1": -0.06666666666666667, "scale": 15, "episode_rewards": -21.759758024450772, "episode_std_rewards": 0.1960520447971459, "episode_value_ests": 35.302840325663084, "episode_values": -6.838190553669098, "episode_td_err": 110.16541460415533, "episode_avg_len": 17.464285714285715, "episode_std_avg_len": 1.6672240764072621, "step_rewards": -1.2459575146924777, "step_value_ests": 35.80382208014841, "step_values": -6.801962856236071, "step_td_err": 109.93204809140948}