{"dim0": -0.8, "dim1": 0.8, "scale": 15, "episode_rewards": -17.489733006762542, "episode_std_rewards": 0.20899917698854184, "episode_value_ests": 9.8296007361899, "episode_values": -8.624243023810235, "episode_td_err": 290.26425159324435, "episode_avg_len": 15.098588359628595, "episode_std_avg_len": 0.8876344346545139, "step_rewards": -1.1583687554213689, "step_value_ests": 9.7906299862979, "step_values": -8.63048839483346, "step_td_err": 289.4185064142626}