{"dim0": -0.8, "dim1": -0.13333333333333333, "scale": 15, "episode_rewards": -24.396831058434277, "episode_std_rewards": 0.20266786619818536, "episode_value_ests": 40.3930801171827, "episode_values": -7.891602839875777, "episode_td_err": 110.96445478091344, "episode_avg_len": 18.877866918357714, "episode_std_avg_len": 2.145178198603013, "step_rewards": -1.292351046013025, "step_value_ests": 40.97958226534045, "step_values": -7.967270017527532, "step_td_err": 110.77739852304482}