{"dim0": -0.8, "dim1": -0.4666666666666667, "scale": 15, "episode_rewards": -23.392214719049736, "episode_std_rewards": 0.25079246845667014, "episode_value_ests": 8.611519917701298, "episode_values": -11.313928144106086, "episode_td_err": 338.4868661477256, "episode_avg_len": 12.575829979879275, "episode_std_avg_len": 0.9192274965475381, "step_rewards": -1.8600931116654849, "step_value_ests": 8.502259951661472, "step_values": -11.314790966636815, "step_td_err": 337.46807235681104}