{"dim0": -0.8, "dim1": 0.0, "scale": 15, "episode_rewards": -13.631843177411813, "episode_std_rewards": 0.2503865879912847, "episode_value_ests": 14.70367056995318, "episode_values": -6.743969002020129, "episode_td_err": 325.2427026291172, "episode_avg_len": 13.691444216290213, "episode_std_avg_len": 2.195743354614038, "step_rewards": -0.9956468406154345, "step_value_ests": 14.478269404310204, "step_values": -6.631497465273146, "step_td_err": 321.40169045871426}