{"dim0": -0.8, "dim1": -0.6, "scale": 15, "episode_rewards": -84.78229520847827, "episode_std_rewards": 0.4170225202432758, "episode_value_ests": 47.615101596676084, "episode_values": -25.940806559916027, "episode_td_err": 57.03397814779931, "episode_avg_len": 76.30907012195122, "episode_std_avg_len": 80.12554541149149, "step_rewards": -1.1110382431994756, "step_value_ests": 45.74857485110201, "step_values": -36.52011430992424, "step_td_err": 29.566136668809868}