{"dim0": -0.8, "dim1": -0.9333333333333333, "scale": 15, "episode_rewards": -120.0054503859391, "episode_std_rewards": 0.42980591748549973, "episode_value_ests": 47.98937631554487, "episode_values": -37.992989666806125, "episode_td_err": 49.98099276992599, "episode_avg_len": 81.38364524003255, "episode_std_avg_len": 65.5415793670789, "step_rewards": -1.4745646994797983, "step_value_ests": 47.09330373185206, "step_values": -49.157644118239816, "step_td_err": 29.122994536660666}