{"dim0": -0.8, "dim1": -0.9333333333333333, "scale": 15, "episode_rewards": -34.17178537037678, "episode_std_rewards": 0.24743642784221784, "episode_value_ests": 8.053692035950153, "episode_values": -16.415303176042435, "episode_td_err": 345.9696151701434, "episode_avg_len": 12.07383036522789, "episode_std_avg_len": 0.37622567285708947, "step_rewards": -2.8302356697664104, "step_value_ests": 8.033349080149334, "step_values": -16.41901125961667, "step_td_err": 345.86270154967025}