{"dim0": -0.8, "dim1": -0.26666666666666666, "scale": 15, "episode_rewards": -34.77391508390749, "episode_std_rewards": 0.24930155243829097, "episode_value_ests": 47.56046356830439, "episode_values": -12.956844956060843, "episode_td_err": 107.84907026627795, "episode_avg_len": 24.36411255938604, "episode_std_avg_len": 11.015811997651191, "step_rewards": -1.4272596631274048, "step_value_ests": 47.10864847437006, "step_values": -13.840515969628187, "step_td_err": 98.92246225606141}