{"dim0": -0.8, "dim1": -0.8666666666666667, "scale": 15, "episode_rewards": -32.608817597805306, "episode_std_rewards": 0.24821110481341377, "episode_value_ests": 8.261127083977684, "episode_values": -15.69692431744618, "episode_td_err": 337.31169975026205, "episode_avg_len": 12.09396541298827, "episode_std_avg_len": 0.4402899354372333, "step_rewards": -2.696288312746883, "step_value_ests": 8.232874884456582, "step_values": -15.70200691915254, "step_td_err": 337.1212593104815}