{"dim0": -0.8, "dim1": 0.26666666666666666, "scale": 15, "episode_rewards": -17.124636272160203, "episode_std_rewards": 0.17302486111636273, "episode_value_ests": 20.78885897395612, "episode_values": -6.894738991741867, "episode_td_err": 228.31604879569707, "episode_avg_len": 15.18210110824351, "episode_std_avg_len": 0.6546617547684503, "step_rewards": -1.1279490335406832, "step_value_ests": 20.730709732613516, "step_values": -6.884005588539815, "step_td_err": 228.1632430879205}