{"dim0": -0.8, "dim1": -1.0, "scale": 15, "episode_rewards": -122.61556085126234, "episode_std_rewards": 0.4459265613838226, "episode_value_ests": 48.22361798762694, "episode_values": -39.488106348937, "episode_td_err": 52.89252960243491, "episode_avg_len": 77.47676219984508, "episode_std_avg_len": 62.61140065944512, "step_rewards": -1.582610803159086, "step_value_ests": 47.388131058028975, "step_values": -51.28698149819885, "step_td_err": 31.23387864462297}