{"dim0": -0.8, "dim1": -0.4666666666666667, "scale": 15, "episode_rewards": -73.08932413170177, "episode_std_rewards": 0.40112047229587283, "episode_value_ests": 47.76747635475147, "episode_values": -21.174213018555463, "episode_td_err": 69.43241769659808, "episode_avg_len": 72.05331412103746, "episode_std_avg_len": 125.50097894710744, "step_rewards": -1.0143783811099096, "step_value_ests": 45.290312583288745, "step_values": -35.941886101592466, "step_td_err": 32.612790494455034}