{"dim0": -0.8666666666666667, "dim1": 0.06666666666666667, "scale": 15, "episode_rewards": -21.332727305860903, "episode_std_rewards": 0.18081404007254628, "episode_value_ests": 27.449447260250025, "episode_values": -7.939666590157198, "episode_td_err": 148.34166705550447, "episode_avg_len": 15.431756808888203, "episode_std_avg_len": 0.8497987570202683, "step_rewards": -1.3823913615314316, "step_value_ests": 27.525457086943533, "step_values": -7.904991505667349, "step_td_err": 147.64800300971106}