{"dim0": -0.8666666666666667, "dim1": 0.26666666666666666, "scale": 15, "episode_rewards": -18.59568929358554, "episode_std_rewards": 0.1769094859906698, "episode_value_ests": 20.148964814848554, "episode_values": -7.608071301472054, "episode_td_err": 242.2062391158908, "episode_avg_len": 15.117913832199546, "episode_std_avg_len": 0.6054710516524874, "step_rewards": -1.230043344603453, "step_value_ests": 20.09938143177972, "step_values": -7.601466666699325, "step_td_err": 242.0123220138379}