{"dim0": -0.8666666666666667, "dim1": -0.3333333333333333, "scale": 15, "episode_rewards": -42.52043709299261, "episode_std_rewards": 0.2937830006526782, "episode_value_ests": 48.11186149502637, "episode_values": -15.686005821741322, "episode_td_err": 101.47236175450068, "episode_avg_len": 28.218961625282166, "episode_std_avg_len": 20.19488909721072, "step_rewards": -1.506803746275956, "step_value_ests": 47.125314902625966, "step_values": -18.235184800179308, "step_td_err": 85.90171554597515}