{"dim0": -0.8666666666666667, "dim1": -0.9333333333333333, "scale": 15, "episode_rewards": -35.84133598065514, "episode_std_rewards": 0.2475679346682906, "episode_value_ests": 7.988205581173627, "episode_values": -17.159561271926854, "episode_td_err": 351.24161375257444, "episode_avg_len": 12.054484088717453, "episode_std_avg_len": 0.3214774970153216, "step_rewards": -2.9732783018230777, "step_value_ests": 7.973234117232106, "step_values": -17.16286427893264, "step_td_err": 351.16666067884}