{"dim0": -0.8666666666666667, "dim1": 0.8, "scale": 15, "episode_rewards": 209.28516227141247, "episode_std_rewards": 0.13409430674722672, "episode_value_ests": 68.62511878468851, "episode_values": 24.28460572136136, "episode_td_err": 10.445895735170602, "episode_avg_len": 593.839762611276, "episode_std_avg_len": 359.64907618886565, "step_rewards": 0.3524269936912415, "step_value_ests": 70.23083812393301, "step_values": 29.72938404638119, "step_td_err": 6.271190105510474}