{"dim0": -0.8666666666666667, "dim1": -0.8, "scale": 15, "episode_rewards": -109.38333018693906, "episode_std_rewards": 0.43862431386940665, "episode_value_ests": 47.64420732415979, "episode_values": -34.32476269539869, "episode_td_err": 53.55324332819989, "episode_avg_len": 77.86609575710393, "episode_std_avg_len": 67.99578083486584, "step_rewards": -1.4047619714766517, "step_value_ests": 46.62594511535097, "step_values": -45.558321820915, "step_td_err": 30.39665744326235}