{"dim0": -0.8666666666666667, "dim1": 0.8666666666666667, "scale": 15, "episode_rewards": -20.512563865884992, "episode_std_rewards": 0.25610658645787293, "episode_value_ests": 9.130069558308804, "episode_values": -10.46251044082104, "episode_td_err": 290.22832350565517, "episode_avg_len": 15.121191502230287, "episode_std_avg_len": 1.151117805638925, "step_rewards": -1.3565441495043238, "step_value_ests": 9.069010373927474, "step_values": -10.466000533583708, "step_td_err": 289.06998136446873}