{"dim0": -0.8666666666666667, "dim1": 0.8666666666666667, "scale": 15, "episode_rewards": 265.4320679050044, "episode_std_rewards": 0.06167123984720505, "episode_value_ests": 59.58563743706254, "episode_values": 31.99097412652138, "episode_td_err": 5.191222346173675, "episode_avg_len": 565.2824858757062, "episode_std_avg_len": 424.8437125446671, "step_rewards": 0.4695565041145947, "step_value_ests": 67.06251820963837, "step_values": 39.94402995154647, "step_td_err": 5.228085743864936}