{"dim0": -0.8666666666666667, "dim1": 0.6, "scale": 15, "episode_rewards": 0.45647434373542406, "episode_std_rewards": 0.16862730197877876, "episode_value_ests": 52.56824969540675, "episode_values": 0.6988194946723473, "episode_td_err": 90.86924839633129, "episode_avg_len": 31.70629259787605, "episode_std_avg_len": 16.52035042472251, "step_rewards": 0.014396963704485666, "step_value_ests": 54.27859290155545, "step_values": 0.9886288939433574, "step_td_err": 75.46767009536211}