{"dim0": -0.8666666666666667, "dim1": 0.6666666666666666, "scale": 15, "episode_rewards": -18.07274305343036, "episode_std_rewards": 0.19160951794883904, "episode_value_ests": 11.258905976514237, "episode_values": -8.7006805753574, "episode_td_err": 291.004189121732, "episode_avg_len": 15.159087463998787, "episode_std_avg_len": 0.8196038361082123, "step_rewards": -1.192205210000351, "step_value_ests": 11.220086017785391, "step_values": -8.699982560166772, "step_td_err": 290.2746329631782}