{"dim0": -0.8666666666666667, "dim1": 0.3333333333333333, "scale": 15, "episode_rewards": -17.90876671885702, "episode_std_rewards": 0.17059519801287062, "episode_value_ests": 18.073503937156364, "episode_values": -7.503633580897893, "episode_td_err": 262.5234677284796, "episode_avg_len": 15.137137667448725, "episode_std_avg_len": 0.5763776514118742, "step_rewards": -1.1831012647370232, "step_value_ests": 18.03173208577502, "step_values": -7.499635530513962, "step_td_err": 262.1851596258946}