{"dim0": -0.8666666666666667, "dim1": -0.6666666666666666, "scale": 15, "episode_rewards": -29.629479212043435, "episode_std_rewards": 0.2470726948290674, "episode_value_ests": 8.286809032655068, "episode_values": -14.383468893928438, "episode_td_err": 339.94243015967743, "episode_avg_len": 12.180389768574909, "episode_std_avg_len": 0.6053801367374215, "step_rewards": -2.4325559177495886, "step_value_ests": 8.23300158883811, "step_values": -14.392137657565208, "step_td_err": 339.5260606168709}