{"dim0": -0.8666666666666667, "dim1": -0.06666666666666667, "scale": 15, "episode_rewards": -16.5524583826372, "episode_std_rewards": 0.24536843873042868, "episode_value_ests": 11.704408920356284, "episode_values": -8.235832424602266, "episode_td_err": 348.66386927471257, "episode_avg_len": 13.169684598669916, "episode_std_avg_len": 1.3137972689592983, "step_rewards": -1.2568606528594415, "step_value_ests": 11.586099235457997, "step_values": -8.212570526947168, "step_td_err": 346.80599507545713}