{"dim0": -0.8666666666666667, "dim1": 1.0, "scale": 15, "episode_rewards": 32.459334608339056, "episode_std_rewards": 0.10706218860246183, "episode_value_ests": 44.8527008270128, "episode_values": 16.06611166339738, "episode_td_err": 12.302901314173003, "episode_avg_len": 54.161927971838615, "episode_std_avg_len": 19.777253829644774, "step_rewards": 0.5993016833746432, "step_value_ests": 45.810087417908974, "step_values": 16.7780788342537, "step_td_err": 10.61986823265057}