{"dim0": -0.8666666666666667, "dim1": 0.6666666666666666, "scale": 15, "episode_rewards": 5.9261776818709375, "episode_std_rewards": 0.14940218265029395, "episode_value_ests": 58.816764471997246, "episode_values": 2.482171766590143, "episode_td_err": 52.589456681069805, "episode_avg_len": 54.773001095290255, "episode_std_avg_len": 31.677241831156508, "step_rewards": 0.10819523420966082, "step_value_ests": 61.003208585219845, "step_values": 2.873948682652458, "step_td_err": 39.33515906158577}