{"dim0": -0.8666666666666667, "dim1": -0.4, "scale": 15, "episode_rewards": -53.296002094443054, "episode_std_rewards": 0.3652642399568903, "episode_value_ests": 48.03169971721721, "episode_values": -18.538566915955954, "episode_td_err": 87.72422775852384, "episode_avg_len": 39.804019100676484, "episode_std_avg_len": 47.14696219622538, "step_rewards": -1.338960318545754, "step_value_ests": 46.48906203089382, "step_values": -25.735464161280003, "step_td_err": 60.50526024555674}