{"dim0": -0.8666666666666667, "dim1": 0.0, "scale": 15, "episode_rewards": -22.37866542924116, "episode_std_rewards": 0.19051204118652953, "episode_value_ests": 30.231887288031327, "episode_values": -7.87400335974555, "episode_td_err": 125.64699785893447, "episode_avg_len": 15.981542149420696, "episode_std_avg_len": 1.1784703424794236, "step_rewards": -1.400281976545821, "step_value_ests": 30.451563592705906, "step_values": -7.815288156364929, "step_td_err": 124.8360393364068}