{"dim0": -0.8666666666666667, "dim1": 0.9333333333333333, "scale": 15, "episode_rewards": -21.38743164640931, "episode_std_rewards": 0.2867976131382734, "episode_value_ests": 8.57065934331218, "episode_values": -10.9562357035853, "episode_td_err": 287.21211990129075, "episode_avg_len": 15.087425511050766, "episode_std_avg_len": 1.1120274734281117, "step_rewards": -1.41756667701485, "step_value_ests": 8.510974460810544, "step_values": -10.975960727371588, "step_td_err": 286.07307214022416}