{"dim0": -0.8666666666666667, "dim1": 0.2, "scale": 15, "episode_rewards": -10.863246039123245, "episode_std_rewards": 0.2297556829858031, "episode_value_ests": 19.408859748810727, "episode_values": -5.40077463072024, "episode_td_err": 313.5063082855105, "episode_avg_len": 14.211240585476766, "episode_std_avg_len": 1.75124515152592, "step_rewards": -0.7644122252229677, "step_value_ests": 19.34938023081753, "step_values": -5.319589820074688, "step_td_err": 311.22983599817974}