{"dim0": -0.8666666666666667, "dim1": 0.4666666666666667, "scale": 15, "episode_rewards": -17.240323578506054, "episode_std_rewards": 0.1661243382755128, "episode_value_ests": 14.618056122356542, "episode_values": -7.590659082329082, "episode_td_err": 282.8379696263987, "episode_avg_len": 15.166060054595086, "episode_std_avg_len": 0.5693043182398251, "step_rewards": -1.136770098261776, "step_value_ests": 14.585599491180918, "step_values": -7.590866206698417, "step_td_err": 282.3619897409053}