{"dim0": -0.8666666666666667, "dim1": -0.2, "scale": 15, "episode_rewards": -19.102609568079494, "episode_std_rewards": 0.23922714341447354, "episode_value_ests": 9.873793943648836, "episode_values": -9.318929654016562, "episode_td_err": 342.73189433754465, "episode_avg_len": 12.912647685454193, "episode_std_avg_len": 0.9562990457144499, "step_rewards": -1.4793720105597052, "step_value_ests": 9.788684402809642, "step_values": -9.314112003802922, "step_td_err": 341.7184991112014}