{"dim0": -0.8666666666666667, "dim1": 0.26666666666666666, "scale": 15, "episode_rewards": -9.435490420025126, "episode_std_rewards": 0.21526024792990647, "episode_value_ests": 22.938006919343927, "episode_values": -4.666386804188692, "episode_td_err": 294.0053179181932, "episode_avg_len": 14.629022820362785, "episode_std_avg_len": 1.766595716638211, "step_rewards": -0.644984325739888, "step_value_ests": 22.952382475922224, "step_values": -4.585383868964696, "step_td_err": 291.9634813439052}