{"dim0": -0.8666666666666667, "dim1": -0.4666666666666667, "scale": 15, "episode_rewards": -24.94979656209859, "episode_std_rewards": 0.2516861260787608, "episode_value_ests": 8.574365422121236, "episode_values": -12.096211549390205, "episode_td_err": 337.2639675649314, "episode_avg_len": 12.435739600820742, "episode_std_avg_len": 0.7912950856312655, "step_rewards": -2.0062977645858666, "step_value_ests": 8.486629931633502, "step_values": -12.101319147469914, "step_td_err": 336.50357569431714}