{"dim0": -0.8666666666666667, "dim1": -0.13333333333333333, "scale": 15, "episode_rewards": -17.72404282946006, "episode_std_rewards": 0.24369648453595744, "episode_value_ests": 10.782282430276258, "episode_values": -8.71394451923829, "episode_td_err": 342.3873444787672, "episode_avg_len": 13.028792912513843, "episode_std_avg_len": 1.19928956269663, "step_rewards": -1.360374898002757, "step_value_ests": 10.687111753417398, "step_values": -8.692615309418471, "step_td_err": 341.037858902191}