{"dim0": -0.8666666666666667, "dim1": -0.26666666666666666, "scale": 15, "episode_rewards": -35.45331498615737, "episode_std_rewards": 0.24261276628395875, "episode_value_ests": 46.747371834881754, "episode_values": -13.107881148913814, "episode_td_err": 113.57853726661438, "episode_avg_len": 22.45296362819937, "episode_std_avg_len": 7.481764177873799, "step_rewards": -1.5790038042742145, "step_value_ests": 46.680102254161945, "step_values": -13.643484002118573, "step_td_err": 108.30695941147556}