{"dim0": -0.8666666666666667, "dim1": 0.6, "scale": 15, "episode_rewards": -17.512873303094874, "episode_std_rewards": 0.1764303932970838, "episode_value_ests": 12.174408609585095, "episode_values": -8.157997074328879, "episode_td_err": 288.96810866191294, "episode_avg_len": 15.154190028792241, "episode_std_avg_len": 0.6542448436613602, "step_rewards": -1.1556456181307775, "step_value_ests": 12.14189158327946, "step_values": -8.16146304444233, "step_td_err": 288.4095395976439}