{"dim0": -0.8666666666666667, "dim1": 0.4, "scale": 15, "episode_rewards": -17.479949539721524, "episode_std_rewards": 0.16788856103233465, "episode_value_ests": 16.228314541849862, "episode_values": -7.508295559772369, "episode_td_err": 276.1291092537209, "episode_avg_len": 15.159314840078824, "episode_std_avg_len": 0.5763727644512759, "step_rewards": -1.15308308615026, "step_value_ests": 16.18993137743654, "step_values": -7.5069988643526075, "step_td_err": 275.6803570135216}