{"dim0": -0.8666666666666667, "dim1": -1.0, "scale": 15, "episode_rewards": -37.39917555537428, "episode_std_rewards": 0.250568291803181, "episode_value_ests": 7.979424209008823, "episode_values": -17.815962402225104, "episode_td_err": 351.10589359847825, "episode_avg_len": 12.041664157986634, "episode_std_avg_len": 0.26735260615865253, "step_rewards": -3.105814533996057, "step_value_ests": 7.969408726889938, "step_values": -17.818995232169843, "step_td_err": 351.06582403260575}