{"dim0": -0.8666666666666667, "dim1": -0.6, "scale": 15, "episode_rewards": -90.58543080903421, "episode_std_rewards": 0.45257577931054616, "episode_value_ests": 47.39419544648071, "episode_values": -27.28983252773034, "episode_td_err": 61.19800487798203, "episode_avg_len": 76.30106707317073, "episode_std_avg_len": 90.00847300269008, "step_rewards": -1.187210536940003, "step_value_ests": 45.345917957622774, "step_values": -40.26225150322313, "step_td_err": 30.407507234278295}