{"dim0": -0.8666666666666667, "dim1": 0.5333333333333333, "scale": 15, "episode_rewards": -17.228390522390413, "episode_std_rewards": 0.16783747306293828, "episode_value_ests": 13.297864660458515, "episode_values": -7.8012985054990445, "episode_td_err": 286.3236002583961, "episode_avg_len": 15.168057030183528, "episode_std_avg_len": 0.5977602173947938, "step_rewards": -1.1358337121298359, "step_value_ests": 13.27013561806599, "step_values": -7.803600680855379, "step_td_err": 285.82960176801106}