{"dim0": -0.8666666666666667, "dim1": -0.7333333333333333, "scale": 15, "episode_rewards": -103.78673848852257, "episode_std_rewards": 0.43818147221858705, "episode_value_ests": 47.61803032111515, "episode_values": -32.28309468948576, "episode_td_err": 53.73622814460969, "episode_avg_len": 78.49274794198354, "episode_std_avg_len": 70.60582776847386, "step_rewards": -1.3222462101242096, "step_value_ests": 46.399473289976136, "step_values": -43.29371230658725, "step_td_err": 29.654939467359778}