{"dim0": -0.8666666666666667, "dim1": 0.5333333333333333, "scale": 15, "episode_rewards": -2.9296040611705583, "episode_std_rewards": 0.19035152122763374, "episode_value_ests": 45.947555559248975, "episode_values": -0.9981262645124274, "episode_td_err": 143.2948447900591, "episode_avg_len": 21.322388059701492, "episode_std_avg_len": 8.683115361331687, "step_rewards": -0.1373956825552481, "step_value_ests": 47.10342312851126, "step_values": -0.991759919237974, "step_td_err": 130.8956127187483}