{"dim0": -0.8666666666666667, "dim1": -0.2, "scale": 15, "episode_rewards": -29.872934221646478, "episode_std_rewards": 0.2188491692080009, "episode_value_ests": 43.24911814512111, "episode_values": -10.387675561859849, "episode_td_err": 113.96426513957059, "episode_avg_len": 19.894757783746144, "episode_std_avg_len": 2.9660476980488206, "step_rewards": -1.5015480231708285, "step_value_ests": 43.711551774175575, "step_values": -10.556564924077284, "step_td_err": 112.99310916172088}