{"dim0": -0.8666666666666667, "dim1": 0.0, "scale": 15, "episode_rewards": -15.068766860293795, "episode_std_rewards": 0.25277068629031085, "episode_value_ests": 13.07045167708433, "episode_values": -7.46369694522619, "episode_td_err": 332.32983065691695, "episode_avg_len": 13.397213477125058, "episode_std_avg_len": 1.825360088343278, "step_rewards": -1.124768735380892, "step_value_ests": 12.904413819980151, "step_values": -7.389462032990725, "step_td_err": 329.4806131637346}