{"dim0": -0.8666666666666667, "dim1": 1.0, "scale": 15, "episode_rewards": -22.728089439020273, "episode_std_rewards": 0.32229495715721235, "episode_value_ests": 8.017535794407445, "episode_values": -11.762732866871488, "episode_td_err": 284.4509067639682, "episode_avg_len": 15.115477629987907, "episode_std_avg_len": 1.5106321643860148, "step_rewards": -1.5036302520754983, "step_value_ests": 7.926046378992793, "step_values": -11.770531908390396, "step_td_err": 282.77887873759107}