{"dim0": -0.8666666666666667, "dim1": -0.9333333333333333, "scale": 15, "episode_rewards": -125.42216219328455, "episode_std_rewards": 0.46153979143471613, "episode_value_ests": 47.94564115522009, "episode_values": -39.27561201802286, "episode_td_err": 53.88167082200482, "episode_avg_len": 81.03768233387358, "episode_std_avg_len": 70.54825094445717, "step_rewards": -1.5477017429564166, "step_value_ests": 46.94996401263284, "step_values": -52.710391843185235, "step_td_err": 30.038028685639425}