{"dim0": -0.8666666666666667, "dim1": 0.06666666666666667, "scale": 15, "episode_rewards": -13.800363158516257, "episode_std_rewards": 0.25096219784010476, "episode_value_ests": 14.490220630591004, "episode_values": -6.872502318861489, "episode_td_err": 332.51608886749926, "episode_avg_len": 13.678954927843513, "episode_std_avg_len": 2.0711477150658335, "step_rewards": -1.008875548703331, "step_value_ests": 14.257228555615246, "step_values": -6.796084837474374, "step_td_err": 328.70437326949707}