{"dim0": -0.8666666666666667, "dim1": -0.8666666666666667, "scale": 15, "episode_rewards": -117.59477666946012, "episode_std_rewards": 0.44890577076849064, "episode_value_ests": 47.69772902492662, "episode_values": -37.008216671760415, "episode_td_err": 51.98559137873818, "episode_avg_len": 79.90375399361022, "episode_std_avg_len": 66.53932934832439, "step_rewards": -1.4717052803159159, "step_value_ests": 46.73132754049004, "step_values": -48.48913628992497, "step_td_err": 29.769336404866017}