{"dim0": -0.8666666666666667, "dim1": -0.13333333333333333, "scale": 15, "episode_rewards": -25.592973547832745, "episode_std_rewards": 0.20188716533061674, "episode_value_ests": 38.05761990048078, "episode_values": -8.236862356762535, "episode_td_err": 111.51539347258586, "episode_avg_len": 18.188704983630412, "episode_std_avg_len": 1.8392925801105728, "step_rewards": -1.4070805794511525, "step_value_ests": 38.63026454512768, "step_values": -8.256844131237433, "step_td_err": 111.43666620615392}