{"dim0": -0.8666666666666667, "dim1": 0.4666666666666667, "scale": 15, "episode_rewards": -5.061378874725135, "episode_std_rewards": 0.19911832197220442, "episode_value_ests": 39.554340185668366, "episode_values": -2.255738274779824, "episode_td_err": 192.41778932783103, "episode_avg_len": 17.498687664041995, "episode_std_avg_len": 4.093605968621158, "step_rewards": -0.2892433405235153, "step_value_ests": 40.254506533568836, "step_values": -2.279811300406197, "step_td_err": 185.66912337632976}