{"dim0": -0.8666666666666667, "dim1": -0.4, "scale": 15, "episode_rewards": -23.465640186587333, "episode_std_rewards": 0.25129152625677054, "episode_value_ests": 8.557114088040041, "episode_values": -11.384279543297067, "episode_td_err": 344.6603617562104, "episode_avg_len": 12.568717400867216, "episode_std_avg_len": 0.8785019613564122, "step_rewards": -1.8669876518162665, "step_value_ests": 8.453901159760862, "step_values": -11.386001674233695, "step_td_err": 343.70829393544574}