{"dim0": -0.8666666666666667, "dim1": -1.0, "scale": 15, "episode_rewards": -130.90235089571237, "episode_std_rewards": 0.45457615803587254, "episode_value_ests": 47.99541129748228, "episode_values": -41.66911079390538, "episode_td_err": 52.70732434973985, "episode_avg_len": 79.84311377245508, "episode_std_avg_len": 65.0288415782644, "step_rewards": -1.6394945626591046, "step_value_ests": 47.139035368230694, "step_values": -54.39392107400153, "step_td_err": 30.979724707012934}