{"dim0": -0.8666666666666667, "dim1": -0.6666666666666666, "scale": 15, "episode_rewards": -96.82745160369923, "episode_std_rewards": 0.4442551490298107, "episode_value_ests": 47.31299181998005, "episode_values": -29.899615771713602, "episode_td_err": 55.9524834957546, "episode_avg_len": 77.4100580270793, "episode_std_avg_len": 73.91919195618313, "step_rewards": -1.2508381219637814, "step_value_ests": 45.78124304307144, "step_values": -40.978250291110676, "step_td_err": 29.873407016506242}