{"dim0": -0.8666666666666667, "dim1": -0.4666666666666667, "scale": 15, "episode_rewards": -72.32954725834291, "episode_std_rewards": 0.415870980122619, "episode_value_ests": 47.764867982169555, "episode_values": -21.890739334964405, "episode_td_err": 75.4670588806098, "episode_avg_len": 62.67428750391481, "episode_std_avg_len": 107.65591575766317, "step_rewards": -1.1540545595165324, "step_value_ests": 45.48844830269342, "step_values": -37.112669277299545, "step_td_err": 38.40507994637519}