{"dim0": -0.8666666666666667, "dim1": -0.7333333333333333, "scale": 15, "episode_rewards": -31.13401457151284, "episode_std_rewards": 0.24832741481858064, "episode_value_ests": 8.27001502687258, "episode_values": -15.073054646983909, "episode_td_err": 340.4810992445133, "episode_avg_len": 12.125189451348893, "episode_std_avg_len": 0.4938226332877921, "step_rewards": -2.5677136589440477, "step_value_ests": 8.234245331881597, "step_values": -15.078816230823385, "step_td_err": 340.230450031107}