{"dim0": -0.8666666666666667, "dim1": 0.9333333333333333, "scale": 15, "episode_rewards": 47.56421375233987, "episode_std_rewards": 0.11283270241886283, "episode_value_ests": 47.40725863947694, "episode_values": 19.10981567282167, "episode_td_err": 6.958852965002879, "episode_avg_len": 87.56917688266199, "episode_std_avg_len": 46.013437798011566, "step_rewards": 0.5431615945879378, "step_value_ests": 49.14457963469592, "step_values": 20.702851330592928, "step_td_err": 5.674944659666367}