{"dim0": -0.8666666666666667, "dim1": -0.8, "scale": 15, "episode_rewards": -32.59406469713795, "episode_std_rewards": 0.2479866816591559, "episode_value_ests": 8.220917695996496, "episode_values": -15.682594766703032, "episode_td_err": 336.8704479988935, "episode_avg_len": 12.100429548067034, "episode_std_avg_len": 0.4522907692363377, "step_rewards": -2.6936287317456964, "step_value_ests": 8.191060037835928, "step_values": -15.688590316416343, "step_td_err": 336.6743245454455}