{"dim0": -0.8666666666666667, "dim1": 0.4, "scale": 15, "episode_rewards": -6.803655883408553, "episode_std_rewards": 0.1953091911121879, "episode_value_ests": 33.01465290383662, "episode_values": -3.320028846606862, "episode_td_err": 240.03122501791086, "episode_avg_len": 15.925312524882555, "episode_std_avg_len": 1.9474737801572628, "step_rewards": -0.4272227545160046, "step_value_ests": 33.42540131327814, "step_values": -3.2759288821964825, "step_td_err": 236.84356933400386}