{"dim0": -0.8666666666666667, "dim1": 0.2, "scale": 15, "episode_rewards": -19.50059126648084, "episode_std_rewards": 0.17708003770225456, "episode_value_ests": 22.435724085434455, "episode_values": -7.817186220404378, "episode_td_err": 211.55803723612044, "episode_avg_len": 15.126758432914839, "episode_std_avg_len": 0.650189508836387, "step_rewards": -1.2891454142646201, "step_value_ests": 22.39376765895891, "step_values": -7.8036143229018995, "step_td_err": 211.41832211861126}