{"dim0": -0.8666666666666667, "dim1": 0.7333333333333333, "scale": 15, "episode_rewards": -18.519451203869394, "episode_std_rewards": 0.20160792573014916, "episode_value_ests": 10.417535069883018, "episode_values": -9.044962009091373, "episode_td_err": 289.34730898702645, "episode_avg_len": 15.123024574669188, "episode_std_avg_len": 0.7582109585195588, "step_rewards": -1.2245864649912137, "step_value_ests": 10.383262575547985, "step_values": -9.050747919862552, "step_td_err": 288.67778454810923}