{"dim0": -0.8666666666666667, "dim1": -0.5333333333333333, "scale": 15, "episode_rewards": -87.52857668607162, "episode_std_rewards": 0.43995430904268723, "episode_value_ests": 47.424968154097115, "episode_values": -24.825601716638644, "episode_td_err": 66.02763696622924, "episode_avg_len": 78.36741088915002, "episode_std_avg_len": 132.33240051418414, "step_rewards": -1.1169001973266666, "step_value_ests": 45.03650429116303, "step_values": -41.92117594499337, "step_td_err": 30.20125119271409}