{"dim0": -0.8666666666666667, "dim1": -0.26666666666666666, "scale": 15, "episode_rewards": -20.50534949668326, "episode_std_rewards": 0.2432255255808063, "episode_value_ests": 9.254777514773847, "episode_values": -9.947615460001314, "episode_td_err": 341.65102342440395, "episode_avg_len": 12.81722635221738, "episode_std_avg_len": 0.9573957441427171, "step_rewards": -1.5998273677312278, "step_value_ests": 9.161955335244537, "step_values": -9.94509797908874, "step_td_err": 340.64752189983545}