{"dim0": -0.9333333333333333, "dim1": -0.8, "scale": 15, "episode_rewards": -34.140424635427955, "episode_std_rewards": 0.24896106867516482, "episode_value_ests": 8.12549750805358, "episode_values": -16.370431080944616, "episode_td_err": 340.1339824169727, "episode_avg_len": 12.076686190447436, "episode_std_avg_len": 0.40828096712307577, "step_rewards": -2.826969592240689, "step_value_ests": 8.101525152330005, "step_values": -16.375348282413867, "step_td_err": 339.9917991340955}