{"dim0": -0.9333333333333333, "dim1": 0.2, "scale": 15, "episode_rewards": -21.01517706997242, "episode_std_rewards": 0.18404337253700306, "episode_value_ests": 21.57179809732307, "episode_values": -8.569584356241483, "episode_td_err": 227.80558603600548, "episode_avg_len": 15.075374990578126, "episode_std_avg_len": 0.5980184490313953, "step_rewards": -1.3940069207636014, "step_value_ests": 21.53222137467062, "step_values": -8.56084469342779, "step_td_err": 227.70692553481032}