{"dim0": -0.9333333333333333, "dim1": -0.8, "scale": 15, "episode_rewards": -114.55381587943629, "episode_std_rewards": 0.4675262417990876, "episode_value_ests": 47.572614923541146, "episode_values": -35.944591819348766, "episode_td_err": 55.86546626650677, "episode_avg_len": 77.13806401851137, "episode_std_avg_len": 68.34142347919664, "step_rewards": -1.4850491432082866, "step_value_ests": 46.4516302450808, "step_values": -48.329554309714126, "step_td_err": 31.269044457217557}