{"dim0": -0.9333333333333333, "dim1": 0.4, "scale": 15, "episode_rewards": -8.196246588795026, "episode_std_rewards": 0.20238424501804744, "episode_value_ests": 27.4453557313836, "episode_values": -4.042820969990752, "episode_td_err": 270.89278911169936, "episode_avg_len": 15.18510363677777, "episode_std_avg_len": 1.727479744548678, "step_rewards": -0.5397557227692549, "step_value_ests": 27.60675077747552, "step_values": -3.973947994147863, "step_td_err": 268.91723886166324}