{"dim0": -0.9333333333333333, "dim1": 0.6666666666666666, "scale": 15, "episode_rewards": 0.5130964606893832, "episode_std_rewards": 0.17565130945277854, "episode_value_ests": 52.403978040116556, "episode_values": 0.7147232142799813, "episode_td_err": 91.51554659786886, "episode_avg_len": 31.349529780564264, "episode_std_avg_len": 16.289026195173367, "step_rewards": 0.016366958748053922, "step_value_ests": 54.29469442224823, "step_values": 1.0609101810079706, "step_td_err": 75.71026649399128}