{"dim0": -0.9333333333333333, "dim1": -0.4666666666666667, "scale": 15, "episode_rewards": -26.515989702835164, "episode_std_rewards": 0.25325366185947035, "episode_value_ests": 8.51398207225683, "episode_values": -12.86994145640015, "episode_td_err": 335.1739959753195, "episode_avg_len": 12.329367525582542, "episode_std_avg_len": 0.7332222888344128, "step_rewards": -2.1506366525141223, "step_value_ests": 8.432630009703384, "step_values": -12.87506447857365, "step_td_err": 334.54358898913136}