{"dim0": -0.9333333333333333, "dim1": -0.6666666666666666, "scale": 15, "episode_rewards": -102.13616058548976, "episode_std_rewards": 0.464261640412459, "episode_value_ests": 47.198409538429594, "episode_values": -31.32506309791309, "episode_td_err": 58.642964904887926, "episode_avg_len": 76.53251721499618, "episode_std_avg_len": 78.74771765565187, "step_rewards": -1.3345459459874747, "step_value_ests": 45.59657042256714, "step_values": -44.30997915511184, "step_td_err": 30.873030769809493}