{"dim0": -0.9333333333333333, "dim1": -0.3333333333333333, "scale": 15, "episode_rewards": -23.421069081724372, "episode_std_rewards": 0.2530431804732662, "episode_value_ests": 8.620975027414694, "episode_values": -11.331548607747413, "episode_td_err": 339.6612797747518, "episode_avg_len": 12.573583956748601, "episode_std_avg_len": 0.8692269062281465, "step_rewards": -1.8627202206061237, "step_value_ests": 8.519843914756283, "step_values": -11.33279824634125, "step_td_err": 338.7530514321524}