{"dim0": -0.9333333333333333, "dim1": 0.4, "scale": 15, "episode_rewards": -18.99745276237449, "episode_std_rewards": 0.17296509679037658, "episode_value_ests": 15.688951649373921, "episode_values": -8.308155551349808, "episode_td_err": 280.86478897487416, "episode_avg_len": 15.129576399394857, "episode_std_avg_len": 0.5346563948013836, "step_rewards": -1.2556500103422816, "step_value_ests": 15.656273738789702, "step_values": -8.306789865693228, "step_td_err": 280.5005290070534}