{"dim0": -0.9333333333333333, "dim1": 0.0, "scale": 15, "episode_rewards": -16.44540552575066, "episode_std_rewards": 0.24266946686041763, "episode_value_ests": 11.842864622531609, "episode_values": -8.136807368244556, "episode_td_err": 339.26156518859045, "episode_avg_len": 13.17949393779652, "episode_std_avg_len": 1.5489521198452714, "step_rewards": -1.2478025031437716, "step_value_ests": 11.70353445793114, "step_values": -8.10041525391159, "step_td_err": 337.1215242107394}