{"dim0": -0.9333333333333333, "dim1": 0.4666666666666667, "scale": 15, "episode_rewards": -18.910348561998582, "episode_std_rewards": 0.17434172465629727, "episode_value_ests": 14.232334660674322, "episode_values": -8.518666515866025, "episode_td_err": 286.4928438504498, "episode_avg_len": 15.161385688295937, "episode_std_avg_len": 0.5594852924081285, "step_rewards": -1.2472704639785475, "step_value_ests": 14.197505493502936, "step_values": -8.520208713237128, "step_td_err": 286.0505089770457}