{"dim0": -0.9333333333333333, "dim1": -0.4666666666666667, "scale": 15, "episode_rewards": -69.54537315662158, "episode_std_rewards": 0.42118450368284926, "episode_value_ests": 47.85040964991008, "episode_values": -22.280435326506268, "episode_td_err": 81.7580506750279, "episode_avg_len": 52.34824699110413, "episode_std_avg_len": 81.2080483544854, "step_rewards": -1.3285138883149203, "step_value_ests": 45.806623148093834, "step_values": -36.38666589071765, "step_td_err": 46.9301556057332}