{"dim0": -0.9333333333333333, "dim1": -1.0, "scale": 15, "episode_rewards": -39.19298339630322, "episode_std_rewards": 0.2529582758850101, "episode_value_ests": 7.814969180807311, "episode_values": -18.64371625794984, "episode_td_err": 363.4608766814617, "episode_avg_len": 12.031642904409553, "episode_std_avg_len": 0.2142934079675438, "step_rewards": -3.2574922400613415, "step_value_ests": 7.808558980367236, "step_values": -18.645148063291888, "step_td_err": 363.4379618991837}