{"dim0": -0.9333333333333333, "dim1": -0.8666666666666667, "scale": 15, "episode_rewards": -125.1453592992284, "episode_std_rewards": 0.4648238454805104, "episode_value_ests": 47.56441962617826, "episode_values": -39.12959953544821, "episode_td_err": 52.63213080730396, "episode_avg_len": 81.07823267126064, "episode_std_avg_len": 68.53255982094828, "step_rewards": -1.5435136555904234, "step_value_ests": 46.61289176545987, "step_values": -51.717930929274594, "step_td_err": 30.000447189806533}