{"dim0": -0.9333333333333333, "dim1": 0.3333333333333333, "scale": 15, "episode_rewards": -9.467403992169741, "episode_std_rewards": 0.2148809703896172, "episode_value_ests": 22.961973017046503, "episode_values": -4.669595530309225, "episode_td_err": 294.095714419008, "episode_avg_len": 14.64652899824253, "episode_std_avg_len": 1.8086719817640753, "step_rewards": -0.6463923290839595, "step_value_ests": 22.98128145001457, "step_values": -4.582172628295187, "step_td_err": 291.9948307607591}