{"dim0": -0.9333333333333333, "dim1": -0.13333333333333333, "scale": 15, "episode_rewards": -19.13187781412794, "episode_std_rewards": 0.24138493673895267, "episode_value_ests": 9.852953098746244, "episode_values": -9.325384104744654, "episode_td_err": 342.62545098998623, "episode_avg_len": 12.924394184168014, "episode_std_avg_len": 1.0081907272528745, "step_rewards": -1.4802920385671852, "step_value_ests": 9.76440871361956, "step_values": -9.318187017341618, "step_td_err": 341.56381918689067}