{"dim0": -0.9333333333333333, "dim1": -0.9333333333333333, "scale": 15, "episode_rewards": -37.40846028079668, "episode_std_rewards": 0.24930280590062529, "episode_value_ests": 7.952830636347687, "episode_values": -17.80962714336121, "episode_td_err": 351.0560620034032, "episode_avg_len": 12.044140672046248, "episode_std_avg_len": 0.2986021558264032, "step_rewards": -3.105946808444337, "step_value_ests": 7.940348870858369, "step_values": -17.81249301701132, "step_td_err": 350.9896566347544}