{"dim0": -0.9333333333333333, "dim1": -0.9333333333333333, "scale": 15, "episode_rewards": -133.07595848521254, "episode_std_rewards": 0.47232263942748237, "episode_value_ests": 47.60442704764412, "episode_values": -41.65351829513283, "episode_td_err": 52.79517931532181, "episode_avg_len": 82.23304562268804, "episode_std_avg_len": 68.0201454139431, "step_rewards": -1.6182783633699804, "step_value_ests": 46.57805873639479, "step_values": -54.96038191939374, "step_td_err": 30.104613553981736}