{"dim0": -0.9333333333333333, "dim1": 0.06666666666666667, "scale": 15, "episode_rewards": -15.215189748687457, "episode_std_rewards": 0.24908291331711432, "episode_value_ests": 13.004248830990367, "episode_values": -7.5914421558140255, "episode_td_err": 342.2716440232311, "episode_avg_len": 13.38164057272849, "episode_std_avg_len": 1.6440413062787533, "step_rewards": -1.1370197597218163, "step_value_ests": 12.833510661201537, "step_values": -7.54737941217054, "step_td_err": 339.33417805500983}