{"dim0": -0.9333333333333333, "dim1": 0.6666666666666666, "scale": 15, "episode_rewards": -19.921089137236127, "episode_std_rewards": 0.203415556466629, "episode_value_ests": 11.081377505987625, "episode_values": -9.703275499551133, "episode_td_err": 291.15561063911474, "episode_avg_len": 15.166679305376507, "episode_std_avg_len": 0.8010400689046595, "step_rewards": -1.3134773101040125, "step_value_ests": 11.038941842759513, "step_values": -9.707323588910409, "step_td_err": 290.4254191716386}