{"dim0": -0.9333333333333333, "dim1": 0.9333333333333333, "scale": 15, "episode_rewards": 257.3452740026944, "episode_std_rewards": 0.08013344292835745, "episode_value_ests": 59.35639268479506, "episode_values": 31.691081032295166, "episode_td_err": 5.0189602488555325, "episode_avg_len": 548.0246575342466, "episode_std_avg_len": 422.9898887294452, "step_rewards": 0.46958703493485177, "step_value_ests": 66.83518606211962, "step_values": 39.78661116487887, "step_td_err": 5.224761243437604}