{"dim0": -0.9333333333333333, "dim1": -0.7333333333333333, "scale": 15, "episode_rewards": -108.9115680761672, "episode_std_rewards": 0.465710039252055, "episode_value_ests": 47.31610893887654, "episode_values": -33.80779349249482, "episode_td_err": 55.82318329633955, "episode_avg_len": 77.61466821885914, "episode_std_avg_len": 71.34111481192453, "step_rewards": -1.4032343444290265, "step_value_ests": 45.921928489591096, "step_values": -46.00870842855935, "step_td_err": 30.538263590092555}