{"dim0": -0.9333333333333333, "dim1": 0.26666666666666666, "scale": 15, "episode_rewards": -10.915248289056198, "episode_std_rewards": 0.2310630955618868, "episode_value_ests": 19.39673551489441, "episode_values": -5.424763637334574, "episode_td_err": 312.30979627144467, "episode_avg_len": 14.225391180654338, "episode_std_avg_len": 1.799058062150601, "step_rewards": -0.7673074258864858, "step_value_ests": 19.31178152257009, "step_values": -5.347561797608114, "step_td_err": 309.9245540536248}