{"dim0": -0.9333333333333333, "dim1": 0.5333333333333333, "scale": 15, "episode_rewards": -5.048008308944598, "episode_std_rewards": 0.19867597436501597, "episode_value_ests": 39.41732652371065, "episode_values": -2.262497971041645, "episode_td_err": 192.04315118751774, "episode_avg_len": 17.46102138804016, "episode_std_avg_len": 3.94424638339621, "step_rewards": -0.2891015477709802, "step_value_ests": 40.164976636755554, "step_values": -2.2672441353159214, "step_td_err": 185.12049942400196}