{"dim0": -0.9333333333333333, "dim1": 0.8666666666666667, "scale": 15, "episode_rewards": 196.41312902280072, "episode_std_rewards": 0.11258672202169147, "episode_value_ests": 69.04796559762903, "episode_values": 23.772865673852046, "episode_td_err": 9.940701938095025, "episode_avg_len": 577.4121037463977, "episode_std_avg_len": 333.90322878576205, "step_rewards": 0.3401610872865705, "step_value_ests": 70.15283722464433, "step_values": 28.277041570952868, "step_td_err": 6.500694212328338}