{"dim0": -0.9333333333333333, "dim1": -0.5333333333333333, "scale": 15, "episode_rewards": -28.127584692330053, "episode_std_rewards": 0.2502791377668325, "episode_value_ests": 8.383706542082685, "episode_values": -13.686879032011083, "episode_td_err": 339.4793005693422, "episode_avg_len": 12.239765008261429, "episode_std_avg_len": 0.6653772809405074, "step_rewards": -2.2980494048165863, "step_value_ests": 8.316767823525824, "step_values": -13.694895391128258, "step_td_err": 338.94004788055554}