{"dim0": -0.9333333333333333, "dim1": 0.0, "scale": 15, "episode_rewards": -24.171651003750288, "episode_std_rewards": 0.18904812081376743, "episode_value_ests": 29.03931472586304, "episode_values": -8.831069938633492, "episode_td_err": 136.44191232162999, "episode_avg_len": 15.650833398544487, "episode_std_avg_len": 1.0052689512348858, "step_rewards": -1.5444321965626588, "step_value_ests": 29.18378859324728, "step_values": -8.786516817286946, "step_td_err": 135.6193517747289}