{"dim0": -0.9333333333333333, "dim1": 0.13333333333333333, "scale": 15, "episode_rewards": -22.017472502587108, "episode_std_rewards": 0.18095652794174552, "episode_value_ests": 23.998123295119424, "episode_values": -8.764936398874026, "episode_td_err": 196.4707687802323, "episode_avg_len": 15.101177891875567, "episode_std_avg_len": 0.6578993794975379, "step_rewards": -1.4579970291213182, "step_value_ests": 23.977200426536797, "step_values": -8.749012559152021, "step_td_err": 196.26724402348216}