{"dim0": -0.9333333333333333, "dim1": -0.6, "scale": 15, "episode_rewards": -97.69405526532813, "episode_std_rewards": 0.462090829225633, "episode_value_ests": 47.25608700970948, "episode_values": -28.818292332584583, "episode_td_err": 63.217297196942155, "episode_avg_len": 77.6837407838572, "episode_std_avg_len": 101.57956073442328, "step_rewards": -1.257586906597952, "step_value_ests": 45.03036478163375, "step_values": -44.75193146406838, "step_td_err": 30.585962971072565}