{"dim0": -0.9333333333333333, "dim1": 0.3333333333333333, "scale": 15, "episode_rewards": -19.44288369839547, "episode_std_rewards": 0.1775673202303622, "episode_value_ests": 17.44810738903076, "episode_values": -8.273567318373598, "episode_td_err": 270.52115536163654, "episode_avg_len": 15.12066228169653, "episode_std_avg_len": 0.5363777973446163, "step_rewards": -1.2858486841499637, "step_value_ests": 17.410215648397045, "step_values": -8.272539436452629, "step_td_err": 270.24797922303077}