{"dim0": -0.9333333333333333, "dim1": 0.13333333333333333, "scale": 15, "episode_rewards": -13.740754910344734, "episode_std_rewards": 0.2513946199148554, "episode_value_ests": 14.553118920824813, "episode_values": -6.834419794399762, "episode_td_err": 333.4132424337521, "episode_avg_len": 13.649628062512797, "episode_std_avg_len": 1.9612570129124327, "step_rewards": -1.0066761414607484, "step_value_ests": 14.351502565846511, "step_values": -6.758623776902785, "step_td_err": 329.9027210501011}