{"dim0": -0.9333333333333333, "dim1": -0.2, "scale": 15, "episode_rewards": -30.460385991304086, "episode_std_rewards": 0.21434212036244246, "episode_value_ests": 41.0966658165942, "episode_values": -10.249865290432771, "episode_td_err": 115.36965051369951, "episode_avg_len": 19.078309805417778, "episode_std_avg_len": 2.2795540398378398, "step_rewards": -1.5965977228577173, "step_value_ests": 41.657957832999344, "step_values": -10.355699140428149, "step_td_err": 114.9923409850179}