{"dim0": -0.9333333333333333, "dim1": 0.5333333333333333, "scale": 15, "episode_rewards": -18.856692204860444, "episode_std_rewards": 0.17302258619378078, "episode_value_ests": 12.927997691323089, "episode_values": -8.68162509195027, "episode_td_err": 287.06535666668054, "episode_avg_len": 15.158481127785358, "episode_std_avg_len": 0.6183991102740636, "step_rewards": -1.243969764905819, "step_value_ests": 12.895022104279946, "step_values": -8.685646130721404, "step_td_err": 286.58485848010605}