{"dim0": -0.9333333333333333, "dim1": 0.7333333333333333, "scale": 15, "episode_rewards": -20.36339356755712, "episode_std_rewards": 0.21645342415556384, "episode_value_ests": 10.253324163745011, "episode_values": -10.030160340377906, "episode_td_err": 289.44037393051536, "episode_avg_len": 15.152121212121212, "episode_std_avg_len": 0.9107331631155915, "step_rewards": -1.34393021825004, "step_value_ests": 10.208601079994436, "step_values": -10.03615391422754, "step_td_err": 288.6421210965581}