{"dim0": -0.9333333333333333, "dim1": -0.2, "scale": 15, "episode_rewards": -20.5861343738266, "episode_std_rewards": 0.24127296852926322, "episode_value_ests": 9.188686721355944, "episode_values": -10.01866181587684, "episode_td_err": 348.91455362498004, "episode_avg_len": 12.806249199641439, "episode_std_avg_len": 0.862031526721344, "step_rewards": -1.6075069329748002, "step_value_ests": 9.103968497605166, "step_values": -10.019771930765744, "step_td_err": 348.0070791459346}