{"dim0": -0.9333333333333333, "dim1": 0.4666666666666667, "scale": 15, "episode_rewards": -6.777028014021987, "episode_std_rewards": 0.1975852242847968, "episode_value_ests": 33.10572400218599, "episode_values": -3.2915923751865424, "episode_td_err": 239.54859977552275, "episode_avg_len": 15.946659225003987, "episode_std_avg_len": 1.9206328984133958, "step_rewards": -0.42498105204353814, "step_value_ests": 33.50450375237844, "step_values": -3.239983832880584, "step_td_err": 236.45421945884445}