{"dim0": -0.9333333333333333, "dim1": -0.6666666666666666, "scale": 15, "episode_rewards": -31.14505702921926, "episode_std_rewards": 0.2462227126967472, "episode_value_ests": 8.23490136803171, "episode_values": -15.069835906056777, "episode_td_err": 340.13359137272687, "episode_avg_len": 12.136104368932038, "episode_std_avg_len": 0.5260056192068893, "step_rewards": -2.5663142044945997, "step_value_ests": 8.19344468962743, "step_values": -15.076760397196216, "step_td_err": 339.8348479929993}