{"dim0": -0.9333333333333333, "dim1": 1.0, "scale": 15, "episode_rewards": -24.878628358917798, "episode_std_rewards": 0.34494199183988616, "episode_value_ests": 8.063999462421823, "episode_values": -12.924175947983484, "episode_td_err": 282.83654971801764, "episode_avg_len": 15.139277874498523, "episode_std_avg_len": 1.387022278450358, "step_rewards": -1.6433167133304818, "step_value_ests": 7.980032546431246, "step_values": -12.947057456167052, "step_td_err": 281.2659528992281}