{"dim0": -0.9333333333333333, "dim1": 0.7333333333333333, "scale": 15, "episode_rewards": 6.253612154173695, "episode_std_rewards": 0.1549751260724691, "episode_value_ests": 58.97470148777931, "episode_values": 2.6060355149772896, "episode_td_err": 51.13824873688974, "episode_avg_len": 55.312776548672566, "episode_std_avg_len": 31.396265004436923, "step_rewards": 0.11305908949753803, "step_value_ests": 61.1479661425995, "step_values": 3.0964010206604873, "step_td_err": 38.42096155903221}