{"dim0": -0.9333333333333333, "dim1": 0.06666666666666667, "scale": 15, "episode_rewards": -23.096918300264687, "episode_std_rewards": 0.18384947268321358, "episode_value_ests": 26.438019691746344, "episode_values": -8.8825263189074, "episode_td_err": 163.30497412159232, "episode_avg_len": 15.25669387443741, "episode_std_avg_len": 0.7626785865138782, "step_rewards": -1.5138875099908489, "step_value_ests": 26.477158331068754, "step_values": -8.854131033544114, "step_td_err": 162.80094787268638}