{"dim0": -0.9333333333333333, "dim1": 0.8666666666666667, "scale": 15, "episode_rewards": -22.269423378157317, "episode_std_rewards": 0.27697103783296306, "episode_value_ests": 9.051317481420103, "episode_values": -11.31759771595846, "episode_td_err": 288.4830723968961, "episode_avg_len": 15.139126485504503, "episode_std_avg_len": 1.1393780039953367, "step_rewards": -1.4709846964737345, "step_value_ests": 8.989951303443151, "step_values": -11.331292812007431, "step_td_err": 287.39212442153513}