{"dim0": -0.9333333333333333, "dim1": -0.6, "scale": 15, "episode_rewards": -29.5774557876548, "episode_std_rewards": 0.24676034511762227, "episode_value_ests": 8.326779118231673, "episode_values": -14.355062889558896, "episode_td_err": 339.23696575817974, "episode_avg_len": 12.174640857073289, "episode_std_avg_len": 0.5798727947255883, "step_rewards": -2.4294314826109, "step_value_ests": 8.276680455187321, "step_values": -14.3629617113046, "step_td_err": 338.8756036766091}