{"dim0": -0.9333333333333333, "dim1": 1.0, "scale": 15, "episode_rewards": 47.54787948250536, "episode_std_rewards": 0.11454091324976753, "episode_value_ests": 47.253087259625495, "episode_values": 19.08708904663442, "episode_td_err": 6.949221899658887, "episode_avg_len": 87.57968476357269, "episode_std_avg_len": 44.31116340158766, "step_rewards": 0.5429099181033147, "step_value_ests": 48.905094604416874, "step_values": 20.689449285644688, "step_td_err": 5.593056082373071}