{"dim0": -0.9333333333333333, "dim1": -0.13333333333333333, "scale": 15, "episode_rewards": -27.147245345037536, "episode_std_rewards": 0.20471839657421326, "episode_value_ests": 36.06213662279337, "episode_values": -8.893616367827672, "episode_td_err": 113.37844652704628, "episode_avg_len": 17.589130243602145, "episode_std_avg_len": 1.6843628543587985, "step_rewards": -1.5434103317821557, "step_value_ests": 36.59064498436543, "step_values": -8.873024205020714, "step_td_err": 113.17096475007082}