{"dim0": -0.9333333333333333, "dim1": -0.26666666666666666, "scale": 15, "episode_rewards": -21.91335199131368, "episode_std_rewards": 0.24677315705019687, "episode_value_ests": 8.91028090994727, "episode_values": -10.603847594993164, "episode_td_err": 339.7877112229607, "episode_avg_len": 12.682435003170577, "episode_std_avg_len": 0.8267727824059157, "step_rewards": -1.7278505260098234, "step_value_ests": 8.821940486057953, "step_values": -10.603597763471662, "step_td_err": 338.9772463085743}