{"dim0": -0.9333333333333333, "dim1": -0.06666666666666667, "scale": 15, "episode_rewards": -25.35092818790331, "episode_std_rewards": 0.19836814464385571, "episode_value_ests": 31.963962142109978, "episode_values": -8.704343499790433, "episode_td_err": 120.05950032893489, "episode_avg_len": 16.41015753199869, "episode_std_avg_len": 1.391893123344886, "step_rewards": -1.5448314946685142, "step_value_ests": 32.284027563823905, "step_values": -8.64819928859093, "step_td_err": 119.36527924474987}