{"dim0": -0.9333333333333333, "dim1": -0.06666666666666667, "scale": 15, "episode_rewards": -17.75515612172224, "episode_std_rewards": 0.23846062152563896, "episode_value_ests": 10.813654765685962, "episode_values": -8.728704416566352, "episode_td_err": 342.2459379608202, "episode_avg_len": 13.020246077729315, "episode_std_avg_len": 1.1161532267156946, "step_rewards": -1.363657492779021, "step_value_ests": 10.727253603462229, "step_values": -8.71517550844708, "step_td_err": 341.03264480852454}