{"dim0": -0.9333333333333333, "dim1": 0.6, "scale": 15, "episode_rewards": -2.8132437995118327, "episode_std_rewards": 0.19082703929756256, "episode_value_ests": 46.048590529377805, "episode_values": -0.9237788520645667, "episode_td_err": 139.52918062787035, "episode_avg_len": 21.643004003895683, "episode_std_avg_len": 9.111812923248568, "step_rewards": -0.12998397999674427, "step_value_ests": 47.311039521820774, "step_values": -0.8732974669243126, "step_td_err": 126.92152165013242}