{"dim0": -0.9333333333333333, "dim1": 0.26666666666666666, "scale": 15, "episode_rewards": -20.100741688554475, "episode_std_rewards": 0.18032271024331006, "episode_value_ests": 19.459500126736582, "episode_values": -8.36337675694963, "episode_td_err": 252.35923395516446, "episode_avg_len": 15.080298574983036, "episode_std_avg_len": 0.559609762785704, "step_rewards": -1.3329140393745214, "step_value_ests": 19.417683131660763, "step_values": -8.358811479385725, "step_td_err": 252.2113196532097}