{"dim0": -0.9333333333333333, "dim1": -0.4, "scale": 15, "episode_rewards": -52.36236453223792, "episode_std_rewards": 0.354211414958348, "episode_value_ests": 48.12435409593209, "episode_values": -18.768765540900255, "episode_td_err": 95.51885596098496, "episode_avg_len": 34.02143221636333, "episode_std_avg_len": 34.34061719561647, "step_rewards": -1.5390993594635658, "step_value_ests": 46.71128755135219, "step_values": -24.487433396940816, "step_td_err": 72.37821947798123}