{"dim0": -0.9333333333333333, "dim1": -0.5333333333333333, "scale": 15, "episode_rewards": -89.97030871847247, "episode_std_rewards": 0.45518004187507166, "episode_value_ests": 47.550519068244945, "episode_values": -25.656522230045333, "episode_td_err": 71.55697228984955, "episode_avg_len": 73.56822361162192, "episode_std_avg_len": 131.63692180200783, "step_rewards": -1.222950674919646, "step_value_ests": 45.11529304423189, "step_values": -45.16783461291765, "step_td_err": 33.12402768862288}