{"dim0": -0.9333333333333333, "dim1": 0.2, "scale": 15, "episode_rewards": -12.199593891736871, "episode_std_rewards": 0.24430908260742845, "episode_value_ests": 16.736486055970783, "episode_values": -6.005363542932227, "episode_td_err": 317.2038851659887, "episode_avg_len": 13.984757376590686, "episode_std_avg_len": 2.373563746779585, "step_rewards": -0.8723493417310171, "step_value_ests": 16.51984889027545, "step_values": -5.871119945418925, "step_td_err": 313.5404904690417}