{"dim0": -0.9333333333333333, "dim1": 0.9333333333333333, "scale": 15, "episode_rewards": -23.735182123464096, "episode_std_rewards": 0.3135410626848374, "episode_value_ests": 8.684579288596645, "episode_values": -12.312861220197098, "episode_td_err": 287.67121783508964, "episode_avg_len": 15.161234081261371, "episode_std_avg_len": 1.378879254309532, "step_rewards": -1.5655178197400008, "step_value_ests": 8.594412434571787, "step_values": -12.329691071435237, "step_td_err": 286.2149943089866}