{"dim0": -0.9333333333333333, "dim1": 0.8, "scale": 15, "episode_rewards": 23.756189349104645, "episode_std_rewards": 0.144049752291681, "episode_value_ests": 64.99535052566705, "episode_values": 6.309572824830569, "episode_td_err": 27.607776760097966, "episode_avg_len": 132.72329130723293, "episode_std_avg_len": 97.2574334910201, "step_rewards": 0.17899035742048405, "step_value_ests": 67.01190877642196, "step_values": 8.24856689998613, "step_td_err": 17.371229615389396}