{"dim0": -0.9333333333333333, "dim1": -0.4, "scale": 15, "episode_rewards": -24.919410732101614, "episode_std_rewards": 0.2506608346348492, "episode_value_ests": 8.580846279154406, "episode_values": -12.07687889892321, "episode_td_err": 337.399788899016, "episode_avg_len": 12.436174843001927, "episode_std_avg_len": 0.7960307502324533, "step_rewards": -2.0037842058906272, "step_value_ests": 8.489804957386479, "step_values": -12.08034901215882, "step_td_err": 336.66283485783384}