{"dim0": -0.9333333333333333, "dim1": 0.6, "scale": 15, "episode_rewards": -19.223262605487758, "episode_std_rewards": 0.18222899466597006, "episode_value_ests": 11.843029009630563, "episode_values": -9.093741570519388, "episode_td_err": 289.0184443384441, "episode_avg_len": 15.155111010078048, "episode_std_avg_len": 0.680957373693998, "step_rewards": -1.268434298680123, "step_value_ests": 11.807350906623574, "step_values": -9.101914497135656, "step_td_err": 288.4464488312459}