{"dim0": -1.0, "dim1": -1.0, "scale": 15, "episode_rewards": -145.04570049318403, "episode_std_rewards": 0.4971601475066787, "episode_value_ests": 47.6777054526126, "episode_values": -45.74037451798691, "episode_td_err": 54.808327875662215, "episode_avg_len": 80.81987075928917, "episode_std_avg_len": 67.00219314508647, "step_rewards": -1.7946786988212666, "step_value_ests": 46.775167376969414, "step_values": -60.585001969716636, "step_td_err": 31.739183671308385}