{"dim0": -1.0, "dim1": -0.8, "scale": 15, "episode_rewards": -123.77444376979666, "episode_std_rewards": 0.48833389906827723, "episode_value_ests": 47.33319923345498, "episode_values": -38.49458155599062, "episode_td_err": 55.4546591561123, "episode_avg_len": 79.7003984063745, "episode_std_avg_len": 69.7837430685258, "step_rewards": -1.552996550138915, "step_value_ests": 46.12746503543623, "step_values": -51.87714054043523, "step_td_err": 30.648628839216812}