{"dim0": -1.0, "dim1": 0.5333333333333333, "scale": 15, "episode_rewards": -20.678281796588962, "episode_std_rewards": 0.18495697723244178, "episode_value_ests": 12.559587014644256, "episode_values": -9.664886531114814, "episode_td_err": 287.90318423721334, "episode_avg_len": 15.16300227445034, "episode_std_avg_len": 0.6693520969671428, "step_rewards": -1.3637326844850421, "step_value_ests": 12.524256749370098, "step_values": -9.672276056082408, "step_td_err": 287.40211364119835}