{"dim0": -1.0, "dim1": 0.5333333333333333, "scale": 15, "episode_rewards": -6.735662606222746, "episode_std_rewards": 0.19878478880159403, "episode_value_ests": 32.898365387648795, "episode_values": -3.272795941510071, "episode_td_err": 239.135410900261, "episode_avg_len": 15.913828771483132, "episode_std_avg_len": 1.8781651951518472, "step_rewards": -0.4232584567136195, "step_value_ests": 33.29583761020424, "step_values": -3.235214715769305, "step_td_err": 236.19312115664195}