{"dim0": -1.0, "dim1": -0.6, "scale": 15, "episode_rewards": -109.6283912187426, "episode_std_rewards": 0.4846373010273927, "episode_value_ests": 47.160323622921915, "episode_values": -30.463102480263743, "episode_td_err": 65.79837879299569, "episode_avg_len": 83.5584307178631, "episode_std_avg_len": 134.33562921653782, "step_rewards": -1.3119967701273052, "step_value_ests": 44.644478661125824, "step_values": -52.13342917675526, "step_td_err": 29.33995316437807}