{"dim0": -1.0, "dim1": -0.8666666666666667, "scale": 15, "episode_rewards": -37.34574355297294, "episode_std_rewards": 0.2538146571161918, "episode_value_ests": 7.937833818918974, "episode_values": -17.784342657013006, "episode_td_err": 351.11263481030824, "episode_avg_len": 12.041481035520771, "episode_std_avg_len": 0.2656786847822635, "step_rewards": -3.1014244379746936, "step_value_ests": 7.927778751080315, "step_values": -17.786966949203823, "step_td_err": 351.0824616586794}