{"dim0": -1.0, "dim1": -0.2, "scale": 15, "episode_rewards": -21.924451476178046, "episode_std_rewards": 0.24720219581803662, "episode_value_ests": 8.913722169992662, "episode_values": -10.621820797169622, "episode_td_err": 340.40923706675324, "episode_avg_len": 12.693342641365742, "episode_std_avg_len": 0.8858943282052822, "step_rewards": -1.7272401837424192, "step_value_ests": 8.821897679339628, "step_values": -10.62087268527057, "step_td_err": 339.52710682460116}