{"dim0": -1.0, "dim1": -0.26666666666666666, "scale": 15, "episode_rewards": -23.417655207885065, "episode_std_rewards": 0.24953975756687757, "episode_value_ests": 8.625299756076254, "episode_values": -11.329655795476429, "episode_td_err": 338.29515780697886, "episode_avg_len": 12.574976422508644, "episode_std_avg_len": 0.8406087753793636, "step_rewards": -1.862242474345201, "step_value_ests": 8.526153346708199, "step_values": -11.33291035104878, "step_td_err": 337.38488743428024}