{"dim0": -1.0, "dim1": -0.6, "scale": 15, "episode_rewards": -31.156426457331186, "episode_std_rewards": 0.2501095818244356, "episode_value_ests": 8.24478677933598, "episode_values": -15.083380718742388, "episode_td_err": 340.77521090946124, "episode_avg_len": 12.129419613075383, "episode_std_avg_len": 0.5095853927128591, "step_rewards": -2.5686658926157433, "step_value_ests": 8.206164399322326, "step_values": -15.09027361394006, "step_td_err": 340.4849340067381}