{"dim0": -1.0, "dim1": -0.2, "scale": 15, "episode_rewards": -31.544428159882134, "episode_std_rewards": 0.2139629931587296, "episode_value_ests": 39.059505299268544, "episode_values": -10.479190885176655, "episode_td_err": 117.0471104329623, "episode_avg_len": 18.434878790671952, "episode_std_avg_len": 1.8344277222788727, "step_rewards": -1.7111275055328063, "step_value_ests": 39.613222490192356, "step_values": -10.528160365893807, "step_td_err": 116.88638124647896}