{"dim0": -1.0, "dim1": 0.8, "scale": 15, "episode_rewards": -23.201288514017076, "episode_std_rewards": 0.2626823623647807, "episode_value_ests": 9.571466427792728, "episode_values": -11.70960430130057, "episode_td_err": 288.47840081534724, "episode_avg_len": 15.164531048601107, "episode_std_avg_len": 0.9863334696168918, "step_rewards": -1.5299707217888114, "step_value_ests": 9.515460634959322, "step_values": -11.725766589640287, "step_td_err": 287.5831310967782}