{"dim0": -1.0, "dim1": -0.4666666666666667, "scale": 15, "episode_rewards": -67.93155818951105, "episode_std_rewards": 0.42086571747364787, "episode_value_ests": 47.86038511773626, "episode_values": -22.850678840757418, "episode_td_err": 87.6685005484606, "episode_avg_len": 44.74068288328498, "episode_std_avg_len": 60.54953039638726, "step_rewards": -1.5183397706897792, "step_value_ests": 45.85636063019788, "step_values": -34.68390609002245, "step_td_err": 55.84379404751637}