{"dim0": -1.0, "dim1": 0.4, "scale": 15, "episode_rewards": -20.56249586400083, "episode_std_rewards": 0.17693900021433528, "episode_value_ests": 15.160093541052861, "episode_values": -9.106491606788746, "episode_td_err": 284.05984720758863, "episode_avg_len": 15.119207801043162, "episode_std_avg_len": 0.4928247189670841, "step_rewards": -1.3600246874430881, "step_value_ests": 15.13264229281194, "step_values": -9.108675138758471, "step_td_err": 283.74780950697857}