{"dim0": -1.0, "dim1": 0.2, "scale": 15, "episode_rewards": -13.637171099707484, "episode_std_rewards": 0.2518845563410273, "episode_value_ests": 14.682150437964212, "episode_values": -6.747910966374415, "episode_td_err": 324.89215524005294, "episode_avg_len": 13.671155160628844, "episode_std_avg_len": 2.1144447953871826, "step_rewards": -0.9975141778056013, "step_value_ests": 14.466439121720176, "step_values": -6.64556717205098, "step_td_err": 321.3124552738916}