{"dim0": -1.0, "dim1": 0.7333333333333333, "scale": 15, "episode_rewards": 0.47425965896806155, "episode_std_rewards": 0.17176418800920484, "episode_value_ests": 52.20857523516513, "episode_values": 0.7072683819863513, "episode_td_err": 92.10700279559144, "episode_avg_len": 31.242230204591596, "episode_std_avg_len": 16.29759599817715, "step_rewards": 0.015180083363522516, "step_value_ests": 54.0306369102844, "step_values": 1.0486024848386888, "step_td_err": 76.57397910389247}