{"dim0": -1.0, "dim1": 0.6666666666666666, "scale": 15, "episode_rewards": -21.869352579178834, "episode_std_rewards": 0.22098984403356886, "episode_value_ests": 10.815817219036157, "episode_values": -10.76507877599653, "episode_td_err": 290.4755251343126, "episode_avg_len": 15.184951788019132, "episode_std_avg_len": 0.8141121779273378, "step_rewards": -1.4401990131067566, "step_value_ests": 10.766718478745661, "step_values": -10.773020411004367, "step_td_err": 289.7136149822816}