{"dim0": -1.0, "dim1": 1.0, "scale": 15, "episode_rewards": 250.47548470345936, "episode_std_rewards": 0.10558812203983464, "episode_value_ests": 58.730376168543664, "episode_values": 30.930096232924058, "episode_td_err": 5.29384065143677, "episode_avg_len": 527.3789473684211, "episode_std_avg_len": 423.3859053156406, "step_rewards": 0.47494403398791724, "step_value_ests": 66.74342250524411, "step_values": 40.003050701793136, "step_td_err": 4.932701100819434}