{"dim0": -1.0, "dim1": 0.3333333333333333, "scale": 15, "episode_rewards": -10.839780295639471, "episode_std_rewards": 0.23257271585438558, "episode_value_ests": 19.40346841904414, "episode_values": -5.332636713484684, "episode_td_err": 308.13218298482553, "episode_avg_len": 14.256397462399315, "episode_std_avg_len": 2.0689990053527487, "step_rewards": -0.7603449836628757, "step_value_ests": 19.302845341426544, "step_values": -5.220905669811691, "step_td_err": 305.72358119794416}