{"dim0": -1.0, "dim1": 0.0, "scale": 15, "episode_rewards": -25.95704194816606, "episode_std_rewards": 0.18975361660363743, "episode_value_ests": 28.025933976648375, "episode_values": -9.789567510898143, "episode_td_err": 149.16675873600732, "episode_avg_len": 15.416062895020811, "episode_std_avg_len": 0.8698259782065652, "step_rewards": -1.6837659605391107, "step_value_ests": 28.120828664776425, "step_values": -9.753397107002046, "step_td_err": 148.41840999384053}