{"dim0": -1.0, "dim1": 0.8, "scale": 15, "episode_rewards": 6.1695312233757935, "episode_std_rewards": 0.15287012761964383, "episode_value_ests": 58.86686524665133, "episode_values": 2.6035151926959252, "episode_td_err": 52.02721198833856, "episode_avg_len": 54.874348422496574, "episode_std_avg_len": 31.257075803932107, "step_rewards": 0.11243014998327526, "step_value_ests": 61.06249847678481, "step_values": 3.0976772719958605, "step_td_err": 38.8433427775538}