{"dim0": -1.0, "dim1": 0.0, "scale": 15, "episode_rewards": -17.84586540836991, "episode_std_rewards": 0.2391248500991186, "episode_value_ests": 10.645152841208386, "episode_values": -8.81398839774959, "episode_td_err": 351.27142638884175, "episode_avg_len": 13.011645306095895, "episode_std_avg_len": 1.023022837663667, "step_rewards": -1.3715302706575627, "step_value_ests": 10.561317280872604, "step_values": -8.80390923878938, "step_td_err": 350.1207843177142}