{"dim0": -1.0, "dim1": 1.0, "scale": 15, "episode_rewards": -27.426965029875525, "episode_std_rewards": 0.37102925312963614, "episode_value_ests": 8.173153456349636, "episode_values": -14.386548223934245, "episode_td_err": 282.78164440819205, "episode_avg_len": 15.228965202162492, "episode_std_avg_len": 1.7402413432544943, "step_rewards": -1.8009736489502868, "step_value_ests": 8.048344894237081, "step_values": -14.399763647829426, "step_td_err": 280.9534504864629}