{"dim0": -1.0, "dim1": 0.9333333333333333, "scale": 15, "episode_rewards": 206.48629191019302, "episode_std_rewards": 0.11634847462745172, "episode_value_ests": 69.04588923867365, "episode_values": 23.901036901180518, "episode_td_err": 9.871275470250461, "episode_avg_len": 605.0060422960725, "episode_std_avg_len": 343.7454794557597, "step_rewards": 0.3412962474334175, "step_value_ests": 70.2694161732303, "step_values": 28.62532354939119, "step_td_err": 6.332479983103328}