{"dim0": -1.0, "dim1": -0.5333333333333333, "scale": 15, "episode_rewards": -29.564463903272795, "episode_std_rewards": 0.24732899799492136, "episode_value_ests": 8.328263145154905, "episode_values": -14.348430661827615, "episode_td_err": 339.14756977743207, "episode_avg_len": 12.174640857073289, "episode_std_avg_len": 0.5781907680195857, "step_rewards": -2.42836435590593, "step_value_ests": 8.277631271354247, "step_values": -14.355341240665187, "step_td_err": 338.7768564632639}