{"dim0": -1.0, "dim1": 0.13333333333333333, "scale": 15, "episode_rewards": -15.051582035830789, "episode_std_rewards": 0.2467123764988703, "episode_value_ests": 13.099857862701366, "episode_values": -7.4714819262811085, "episode_td_err": 333.43720247609764, "episode_avg_len": 13.395325475488884, "episode_std_avg_len": 1.7977609395597995, "step_rewards": -1.1236443685801116, "step_value_ests": 12.920911534916005, "step_values": -7.401264370061715, "step_td_err": 330.4556201026185}