{"dim0": -1.0, "dim1": -0.5333333333333333, "scale": 15, "episode_rewards": -91.99610097150969, "episode_std_rewards": 0.46784824126533947, "episode_value_ests": 47.40211626330633, "episode_values": -26.87058148112635, "episode_td_err": 75.508736082947, "episode_avg_len": 68.44661190965093, "episode_std_avg_len": 118.62525930968283, "step_rewards": -1.344056314912182, "step_value_ests": 44.83211843535372, "step_values": -47.61841817292997, "step_td_err": 36.454304636204135}