{"dim0": -1.0, "dim1": 0.3333333333333333, "scale": 15, "episode_rewards": -20.988477104608943, "episode_std_rewards": 0.18134503264893684, "episode_value_ests": 16.779044187905765, "episode_values": -9.077383653210878, "episode_td_err": 277.7853238695692, "episode_avg_len": 15.095396226415094, "episode_std_avg_len": 0.48738185175457893, "step_rewards": -1.3903892809306775, "step_value_ests": 16.74791315967804, "step_values": -9.078020142237287, "step_td_err": 277.52318204661765}