{"dim0": -1.0, "dim1": 0.8666666666666667, "scale": 15, "episode_rewards": -24.401725490291206, "episode_std_rewards": 0.2987996191139685, "episode_value_ests": 9.051934025820024, "episode_values": -12.47186485053349, "episode_td_err": 287.0012828387586, "episode_avg_len": 15.17503793626707, "episode_std_avg_len": 1.2035351153905476, "step_rewards": -1.6080174292001685, "step_value_ests": 8.976219153941791, "step_values": -12.494114798816632, "step_td_err": 285.86066662438674}