{"dim0": -1.0, "dim1": -0.06666666666666667, "scale": 15, "episode_rewards": -27.189720132839824, "episode_std_rewards": 0.19894071475401578, "episode_value_ests": 30.682941890994137, "episode_values": -9.71290486422952, "episode_td_err": 128.02177532207503, "episode_avg_len": 15.983936705825942, "episode_std_avg_len": 1.1869105254274628, "step_rewards": -1.7010653028255247, "step_value_ests": 30.917089423278146, "step_values": -9.664808442450157, "step_td_err": 127.19103288043185}