{"dim0": -1.0, "dim1": 0.4, "scale": 15, "episode_rewards": -9.600461489144475, "episode_std_rewards": 0.21706207502736982, "episode_value_ests": 22.944890658423787, "episode_values": -4.779219304277098, "episode_td_err": 296.81332565814307, "episode_avg_len": 14.623455436133655, "episode_std_avg_len": 1.5650641246982544, "step_rewards": -0.656511146156491, "step_value_ests": 22.999733254721676, "step_values": -4.719483487817776, "step_td_err": 295.0919749274975}