{"dim0": -1.0, "dim1": -1.0, "scale": 15, "episode_rewards": -40.877336561903256, "episode_std_rewards": 0.2550029531255957, "episode_value_ests": 7.795773344199632, "episode_values": -19.363724971312546, "episode_td_err": 364.8070593277609, "episode_avg_len": 12.025795201731706, "episode_std_avg_len": 0.22312007126005484, "step_rewards": -3.3991379261154346, "step_value_ests": 7.788635679250319, "step_values": -19.365013306974443, "step_td_err": 364.7685944759045}