{"dim0": -1.0, "dim1": -0.8666666666666667, "scale": 15, "episode_rewards": -128.8476076269889, "episode_std_rewards": 0.48753059594277925, "episode_value_ests": 47.52234585917088, "episode_values": -40.379499815445, "episode_td_err": 55.691854476164316, "episode_avg_len": 78.49686028257457, "episode_std_avg_len": 68.9502612770508, "step_rewards": -1.6414364493453713, "step_value_ests": 46.50338405605155, "step_values": -54.399130152816646, "step_td_err": 31.607719416924557}