{"dim0": -1.0, "dim1": -0.6666666666666666, "scale": 15, "episode_rewards": -108.86223527204798, "episode_std_rewards": 0.4836803664670427, "episode_value_ests": 47.11087463050759, "episode_values": -33.05844002452675, "episode_td_err": 60.599511502630584, "episode_avg_len": 77.03735078937235, "episode_std_avg_len": 82.85867034788095, "step_rewards": -1.4131097987739476, "step_value_ests": 45.179266088548395, "step_values": -48.12133029918765, "step_td_err": 31.340615561038906}