{"dim0": -1.0, "dim1": 0.6666666666666666, "scale": 15, "episode_rewards": -2.920025204740071, "episode_std_rewards": 0.1888501185441638, "episode_value_ests": 46.051669803822364, "episode_values": -0.9717395219396465, "episode_td_err": 141.02158479898654, "episode_avg_len": 21.391229946524064, "episode_std_avg_len": 8.666580232463911, "step_rewards": -0.1365057180928746, "step_value_ests": 47.17410094531348, "step_values": -0.9843246973146614, "step_td_err": 129.02595566989405}