{"dim0": -1.0, "dim1": -0.9333333333333333, "scale": 15, "episode_rewards": -137.24712727885858, "episode_std_rewards": 0.4937157508491987, "episode_value_ests": 47.62273219777611, "episode_values": -43.09102928604906, "episode_td_err": 55.240358493121626, "episode_avg_len": 80.03521408563425, "episode_std_avg_len": 68.56537934673861, "step_rewards": -1.7148342619788588, "step_value_ests": 46.6731526697761, "step_values": -57.63964675884266, "step_td_err": 31.575773122448044}