{"dim0": -1.0, "dim1": 0.06666666666666667, "scale": 15, "episode_rewards": -16.489087749628883, "episode_std_rewards": 0.24234089406303075, "episode_value_ests": 11.84871504445131, "episode_values": -8.1695794690573, "episode_td_err": 338.86855319815606, "episode_avg_len": 13.177559625774148, "episode_std_avg_len": 1.4505163499307536, "step_rewards": -1.2513005607941001, "step_value_ests": 11.717814328070054, "step_values": -8.138497612839966, "step_td_err": 336.7885119484687}