{"dim0": -1.0, "dim1": -0.3333333333333333, "scale": 15, "episode_rewards": -43.136595729041275, "episode_std_rewards": 0.2654758297002606, "episode_value_ests": 47.28948360471595, "episode_values": -16.015848050003466, "episode_td_err": 114.42017854256164, "episode_avg_len": 23.055100864553314, "episode_std_avg_len": 8.29758939881487, "step_rewards": -1.871021774420549, "step_value_ests": 47.049720566548686, "step_values": -16.787271717601584, "step_td_err": 108.15974755301389}