{"dim0": -1.0, "dim1": -0.7333333333333333, "scale": 15, "episode_rewards": -34.154209999577645, "episode_std_rewards": 0.2502713103442837, "episode_value_ests": 8.142239192404233, "episode_values": -16.372370352382628, "episode_td_err": 341.0092748714358, "episode_avg_len": 12.0740718382131, "episode_std_avg_len": 0.38662469016102474, "step_rewards": -2.8287234378946926, "step_value_ests": 8.121320747493446, "step_values": -16.37718520297101, "step_td_err": 340.8949750088054}