{"dim0": -1.0, "dim1": 0.4666666666666667, "scale": 15, "episode_rewards": -20.652868171249974, "episode_std_rewards": 0.18018653358474324, "episode_value_ests": 13.758077063515914, "episode_values": -9.430521987199056, "episode_td_err": 287.5693052628168, "episode_avg_len": 15.16291410810401, "episode_std_avg_len": 0.6076669812990133, "step_rewards": -1.362064575714492, "step_value_ests": 13.719770028768062, "step_values": -9.435636657753403, "step_td_err": 287.09994209948536}