{"dim0": -1.0, "dim1": 0.6, "scale": 15, "episode_rewards": -21.080652345242495, "episode_std_rewards": 0.1969986226744738, "episode_value_ests": 11.562072725486761, "episode_values": -10.086846908750688, "episode_td_err": 288.15023844986695, "episode_avg_len": 15.183874886122076, "episode_std_avg_len": 0.6961051150097606, "step_rewards": -1.388357879878872, "step_value_ests": 11.52350441703875, "step_values": -10.096378491537497, "step_td_err": 287.5793357620654}