{"dim0": -1.0, "dim1": -0.4, "scale": 15, "episode_rewards": -26.44450277373818, "episode_std_rewards": 0.2519842755476053, "episode_value_ests": 8.52553886555105, "episode_values": -12.840771016553282, "episode_td_err": 335.4187364943478, "episode_avg_len": 12.324234395218436, "episode_std_avg_len": 0.7204604912915218, "step_rewards": -2.1457318909804353, "step_value_ests": 8.450788498142797, "step_values": -12.84604886365331, "step_td_err": 334.81681191716433}