{"dim0": -1.0, "dim1": 0.9333333333333333, "scale": 15, "episode_rewards": -25.674589143184463, "episode_std_rewards": 0.33549971201938117, "episode_value_ests": 8.536102606363832, "episode_values": -13.241980487439703, "episode_td_err": 284.62942685421666, "episode_avg_len": 15.19664159258415, "episode_std_avg_len": 1.4312258851277542, "step_rewards": -1.6894909962023106, "step_value_ests": 8.437525444836414, "step_values": -13.261099712962466, "step_td_err": 283.16856849990415}