{"dim0": -1.0, "dim1": -0.3333333333333333, "scale": 15, "episode_rewards": -24.96954294472213, "episode_std_rewards": 0.24925484949824467, "episode_value_ests": 8.440308459504056, "episode_values": -12.132213598510143, "episode_td_err": 342.72643787404576, "episode_avg_len": 12.446325222478062, "episode_std_avg_len": 0.8117683905337593, "step_rewards": -2.0061779278936993, "step_value_ests": 8.343596712300181, "step_values": -12.137269845961137, "step_td_err": 341.9203257994183}