{"dim0": -1.0, "dim1": 0.2, "scale": 15, "episode_rewards": -22.495463162167624, "episode_std_rewards": 0.1866246474875528, "episode_value_ests": 20.771816994564297, "episode_values": -9.30213282300505, "episode_td_err": 242.095303525074, "episode_avg_len": 15.049134687735139, "episode_std_avg_len": 0.5544074073110278, "step_rewards": -1.494801105109462, "step_value_ests": 20.739291702818644, "step_values": -9.298109540573313, "step_td_err": 241.93378366406185}