{"dim0": -1.0, "dim1": -0.4, "scale": 15, "episode_rewards": -51.87980434117503, "episode_std_rewards": 0.3353657201776669, "episode_value_ests": 48.172753366171186, "episode_values": -19.01745988893789, "episode_td_err": 102.11264305783598, "episode_avg_len": 29.586834319526627, "episode_std_avg_len": 22.538622433970332, "step_rewards": -1.7534760150711886, "step_value_ests": 46.998938766279466, "step_values": -22.85288395506361, "step_td_err": 84.27252743263384}