{"dim0": -1.0, "dim1": -0.26666666666666666, "scale": 15, "episode_rewards": -36.37802701859665, "episode_std_rewards": 0.2277878538996167, "episode_value_ests": 44.1241316313455, "episode_values": -12.849848935868126, "episode_td_err": 119.44231646649126, "episode_avg_len": 20.115156391431157, "episode_std_avg_len": 3.0680233648350894, "step_rewards": -1.808488401019507, "step_value_ests": 44.52313819367979, "step_values": -13.054360369049059, "step_td_err": 118.17245145447512}