{"dim0": -1.0, "dim1": -0.8, "scale": 15, "episode_rewards": -35.83378329701242, "episode_std_rewards": 0.250133555011986, "episode_value_ests": 7.965158805473288, "episode_values": -17.158610855543603, "episode_td_err": 351.34121057465626, "episode_avg_len": 12.05581675708258, "episode_std_avg_len": 0.33142737342323025, "step_rewards": -2.972323154792536, "step_value_ests": 7.949226518842417, "step_values": -17.16254089603423, "step_td_err": 351.2677139818099}