{"dim0": -1.0, "dim1": -0.6666666666666666, "scale": 15, "episode_rewards": -32.611719367520465, "episode_std_rewards": 0.24692754114402796, "episode_value_ests": 8.259756557109908, "episode_values": -15.705979893118498, "episode_td_err": 337.2533019902986, "episode_avg_len": 12.093294636918799, "episode_std_avg_len": 0.42767256846779134, "step_rewards": -2.696677815817235, "step_value_ests": 8.233209283184948, "step_values": -15.711308294147141, "step_td_err": 337.0844513359449}