{"dim0": -1.0, "dim1": -0.13333333333333333, "scale": 15, "episode_rewards": -20.578105174138557, "episode_std_rewards": 0.24364081569886156, "episode_value_ests": 9.164750497116303, "episode_values": -10.00429022021237, "episode_td_err": 348.89405959184563, "episode_avg_len": 12.810030103119196, "episode_std_avg_len": 0.8792661155368046, "step_rewards": -1.6064056843338612, "step_value_ests": 9.077189751217249, "step_values": -10.00506229537186, "step_td_err": 347.99808669593745}