{"dim0": -1.0, "dim1": -0.9333333333333333, "scale": 15, "episode_rewards": -39.19647712939766, "episode_std_rewards": 0.25397322484029405, "episode_value_ests": 7.800368072290932, "episode_values": -18.65147361646988, "episode_td_err": 363.23041212770227, "episode_avg_len": 12.036892152142514, "episode_std_avg_len": 0.26900388554653504, "step_rewards": -3.256361910862586, "step_value_ests": 7.790896800691099, "step_values": -18.653538209526225, "step_td_err": 363.1870451536544}