{"dim0": -1.0, "dim1": -0.13333333333333333, "scale": 15, "episode_rewards": -28.77805654973658, "episode_std_rewards": 0.2101532977656225, "episode_value_ests": 34.19731428172796, "episode_values": -9.679147921280373, "episode_td_err": 117.64465186933101, "episode_avg_len": 17.02536601974804, "episode_std_avg_len": 1.5475232258906537, "step_rewards": -1.6903047204010986, "step_value_ests": 34.62905677869876, "step_values": -9.635034043993173, "step_td_err": 117.22245820550792}