{"dim0": -1.0, "dim1": 0.8666666666666667, "scale": 15, "episode_rewards": 25.716492496019832, "episode_std_rewards": 0.13748444504754775, "episode_value_ests": 65.19805103789315, "episode_values": 6.480114214421831, "episode_td_err": 26.692773429500633, "episode_avg_len": 140.5182584269663, "episode_std_avg_len": 108.80076474089176, "step_rewards": 0.18301175081376247, "step_value_ests": 67.1432697271776, "step_values": 8.650794194645556, "step_td_err": 16.82166212213393}