{"dim0": -0.13333333333333333, "dim1": 0.06666666666666667, "scale": 15, "episode_rewards": 197.891811804123, "episode_std_rewards": 0.10845986857882245, "episode_value_ests": 68.90891877700808, "episode_values": 23.337884820066918, "episode_td_err": 10.547473518386257, "episode_avg_len": 579.1676300578034, "episode_std_avg_len": 350.20001005807006, "step_rewards": 0.34168313547560064, "step_value_ests": 70.26895056894136, "step_values": 28.355455574967316, "step_td_err": 6.508120493114422}