{"dim0": -0.13333333333333333, "dim1": -0.2, "scale": 15, "episode_rewards": -2.8213118981303107, "episode_std_rewards": 0.18853704032372073, "episode_value_ests": 46.23060619412211, "episode_values": -0.914281259076358, "episode_td_err": 140.65871094622943, "episode_avg_len": 21.37023186237846, "episode_std_avg_len": 8.625968011583309, "step_rewards": -0.1320206498600107, "step_value_ests": 47.336918935463274, "step_values": -0.8856630979063032, "step_td_err": 128.68992525087293}