{"dim0": -0.13333333333333333, "dim1": 0.0, "scale": 15, "episode_rewards": 25.395332582325704, "episode_std_rewards": 0.14145697228736395, "episode_value_ests": 65.28096229112337, "episode_values": 6.62144814217489, "episode_td_err": 26.679898061794866, "episode_avg_len": 136.25136239782017, "episode_std_avg_len": 97.59739859258714, "step_rewards": 0.18638589835291067, "step_value_ests": 67.16118019926286, "step_values": 8.538480747184098, "step_td_err": 16.83600470292158}