{"dim0": -0.13333333333333333, "dim1": 0.06666666666666667, "scale": 15, "episode_rewards": 38.787594595803895, "episode_std_rewards": 0.16859843560550053, "episode_value_ests": 58.610909745651064, "episode_values": 5.738623709192799, "episode_td_err": 20.890435363579886, "episode_avg_len": 320.5648, "episode_std_avg_len": 272.99133942482496, "step_rewards": 0.12099767222041814, "step_value_ests": 62.5328324064522, "step_values": 9.243483769736553, "step_td_err": 9.71202025438503}