{"dim0": -0.13333333333333333, "dim1": -0.6666666666666666, "scale": 15, "episode_rewards": -39.26385921169537, "episode_std_rewards": 0.1476309998441421, "episode_value_ests": 48.130468690292886, "episode_values": -2.9583109058017194, "episode_td_err": 9.6512538981312, "episode_avg_len": 220.08552631578948, "episode_std_avg_len": 263.70614570339563, "step_rewards": -0.17840273219674457, "step_value_ests": 56.683600547935896, "step_values": -12.328572915604084, "step_td_err": 7.629402241229187}