{"dim0": -0.13333333333333333, "dim1": 0.6666666666666666, "scale": 15, "episode_rewards": 5.80687845009565, "episode_std_rewards": 0.19251265600744397, "episode_value_ests": 42.19099357009327, "episode_values": 4.54861499606095, "episode_td_err": 36.82779619167942, "episode_avg_len": 23.69189765458422, "episode_std_avg_len": 3.767176186198349, "step_rewards": 0.24509976088690635, "step_value_ests": 42.05358526566981, "step_values": 4.862048055855164, "step_td_err": 35.906270202924546}