{"dim0": -0.13333333333333333, "dim1": 0.3333333333333333, "scale": 15, "episode_rewards": 24.420948772479743, "episode_std_rewards": 0.13626962295632117, "episode_value_ests": 43.524740256986995, "episode_values": 13.572899127395683, "episode_td_err": 18.910417120565853, "episode_avg_len": 41.26134488448845, "episode_std_avg_len": 13.537747282750397, "step_rewards": 0.5918602227059354, "step_value_ests": 44.1248164691969, "step_values": 14.166257366768246, "step_td_err": 17.03214221742011}