{"dim0": -0.13333333333333333, "dim1": 0.6, "scale": 15, "episode_rewards": 7.988426538087541, "episode_std_rewards": 0.18340078872671234, "episode_value_ests": 42.615873002578475, "episode_values": 5.824671387359764, "episode_td_err": 33.891131216168915, "episode_avg_len": 24.87686567164179, "episode_std_avg_len": 4.619611248409709, "step_rewards": 0.3211186908965743, "step_value_ests": 42.5057929809499, "step_values": 6.2036570496839, "step_td_err": 33.026807796179874}