{"dim0": -0.13333333333333333, "dim1": -0.06666666666666667, "scale": 15, "episode_rewards": 6.5018940205243645, "episode_std_rewards": 0.15015511616599078, "episode_value_ests": 58.942326859407984, "episode_values": 2.682756642427334, "episode_td_err": 50.87512670501374, "episode_avg_len": 56.152442448062885, "episode_std_avg_len": 32.9026102078941, "step_rewards": 0.11579004825192005, "step_value_ests": 61.16022447125139, "step_values": 3.1958754702048897, "step_td_err": 37.61012092569026}