{"dim0": -0.13333333333333333, "dim1": 0.2, "scale": 15, "episode_rewards": 47.54263892887162, "episode_std_rewards": 0.10789408650319146, "episode_value_ests": 47.21206087197279, "episode_values": 19.064157035807458, "episode_td_err": 6.7353580005604465, "episode_avg_len": 88.08938793483047, "episode_std_avg_len": 45.20565489856457, "step_rewards": 0.5397090392323329, "step_value_ests": 48.8882145366356, "step_values": 20.630761467935038, "step_td_err": 5.561778814711574}