{"dim0": -0.13333333333333333, "dim1": -0.26666666666666666, "scale": 15, "episode_rewards": -5.063467392584399, "episode_std_rewards": 0.1998356426198012, "episode_value_ests": 39.323572314210175, "episode_values": -2.2763186224154692, "episode_td_err": 194.40051659095658, "episode_avg_len": 17.455402338977134, "episode_std_avg_len": 3.987475051591836, "step_rewards": -0.2900802453162539, "step_value_ests": 40.05816694985228, "step_values": -2.278793917366889, "step_td_err": 187.6667587327711}