{"dim0": -0.13333333333333333, "dim1": -0.06666666666666667, "scale": 15, "episode_rewards": 187.8146732972799, "episode_std_rewards": 0.10324198952018399, "episode_value_ests": 66.6202547058661, "episode_values": 16.934882853050823, "episode_td_err": 7.188337813187463, "episode_avg_len": 971.8106796116505, "episode_std_avg_len": 153.0629291314374, "step_rewards": 0.1932626150726532, "step_value_ests": 67.02935452487873, "step_values": 17.45735924846075, "step_td_err": 5.448839091168739}