{"dim0": -0.13333333333333333, "dim1": -0.5333333333333333, "scale": 15, "episode_rewards": -10.865478719281892, "episode_std_rewards": 0.2304079128896887, "episode_value_ests": 19.30593481126733, "episode_values": -5.405042712659806, "episode_td_err": 313.2070683681233, "episode_avg_len": 14.200511218403863, "episode_std_avg_len": 1.6306527599977885, "step_rewards": -0.765147011411831, "step_value_ests": 19.23948090678394, "step_values": -5.342003918567502, "step_td_err": 310.97586746289136}