{"dim0": -0.13333333333333333, "dim1": -0.8666666666666667, "scale": 15, "episode_rewards": -17.83583028640497, "episode_std_rewards": 0.23540095304874326, "episode_value_ests": 10.685766800485132, "episode_values": -8.807789783496395, "episode_td_err": 351.6290939731914, "episode_avg_len": 13.009496552621309, "episode_std_avg_len": 0.9791176440830196, "step_rewards": -1.3709854346985622, "step_value_ests": 10.605223516217238, "step_values": -8.79928054401658, "step_td_err": 350.51254137406613}