{"dim0": -0.13333333333333333, "dim1": -0.8666666666666667, "scale": 15, "episode_rewards": -54.97966486997948, "episode_std_rewards": 0.1357840420858535, "episode_value_ests": 45.76185665517702, "episode_values": -7.907782994616125, "episode_td_err": 12.50783377807016, "episode_avg_len": 151.73388931008338, "episode_std_avg_len": 194.54515213886407, "step_rewards": -0.3623426850782361, "step_value_ests": 53.448058282384864, "step_values": -21.099144613712188, "step_td_err": 9.67500075259395}