{"dim0": -0.13333333333333333, "dim1": 0.8, "scale": 15, "episode_rewards": 2.8144977025359634, "episode_std_rewards": 0.19753345304313646, "episode_value_ests": 40.812487026390606, "episode_values": 2.8010351436069407, "episode_td_err": 41.39455264427401, "episode_avg_len": 22.503712871287128, "episode_std_avg_len": 2.65974503295511, "step_rewards": 0.1250681484710476, "step_value_ests": 40.64554327199702, "step_values": 3.0406636217171026, "step_td_err": 40.36996087198465}