{"dim0": -0.13333333333333333, "dim1": -0.13333333333333333, "scale": 15, "episode_rewards": 167.46039656494895, "episode_std_rewards": 0.08117607857061374, "episode_value_ests": 65.55372830826308, "episode_values": 15.533007642216608, "episode_td_err": 5.715713332106022, "episode_avg_len": 952.5781990521327, "episode_std_avg_len": 186.34872089886434, "step_rewards": 0.1757970072499887, "step_value_ests": 66.52927347568509, "step_values": 15.704682100736282, "step_td_err": 4.999963305256504}