{"dim0": -0.13333333333333333, "dim1": 0.5333333333333333, "scale": 15, "episode_rewards": -3.2347559083657176, "episode_std_rewards": 0.1783834524788205, "episode_value_ests": 16.770088868254017, "episode_values": -0.8043950724025932, "episode_td_err": 225.74603336265199, "episode_avg_len": 17.034750021292904, "episode_std_avg_len": 1.3308695898546707, "step_rewards": -0.1898915983106517, "step_value_ests": 16.887497016731576, "step_values": -0.7761265221854844, "step_td_err": 224.6117035284054}