{"dim0": -0.13333333333333333, "dim1": -0.5333333333333333, "scale": 15, "episode_rewards": -18.675895161003332, "episode_std_rewards": 0.1412766537342146, "episode_value_ests": 49.94647824837712, "episode_values": 1.1598041935715846, "episode_td_err": 7.726560425634639, "episode_avg_len": 295.7917282127031, "episode_std_avg_len": 314.94446682576034, "step_rewards": -0.06313866609404825, "step_value_ests": 58.394604822305155, "step_values": -4.952868164526447, "step_td_err": 6.123670386688476}