{"dim0": -0.13333333333333333, "dim1": 1.0, "scale": 15, "episode_rewards": -9.282920607901472, "episode_std_rewards": 0.22945004411578812, "episode_value_ests": 3.462683998207916, "episode_values": -4.699486844462834, "episode_td_err": 274.74703429330435, "episode_avg_len": 15.404112754158964, "episode_std_avg_len": 1.7784441384316423, "step_rewards": -0.6026261139509752, "step_value_ests": 3.4014756433233297, "step_values": -4.678887927044927, "step_td_err": 272.4885889611162}