{"dim0": -0.13333333333333333, "dim1": -0.6666666666666666, "scale": 15, "episode_rewards": -13.769036898118577, "episode_std_rewards": 0.24967686643791975, "episode_value_ests": 14.55548838041386, "episode_values": -6.871087277254643, "episode_td_err": 332.79093898904165, "episode_avg_len": 13.660337408646951, "episode_std_avg_len": 2.0034779188041822, "step_rewards": -1.0079573063402387, "step_value_ests": 14.345303696781038, "step_values": -6.7880988918972, "step_td_err": 329.0661741309742}