{"dim0": -0.13333333333333333, "dim1": 0.8666666666666667, "scale": 15, "episode_rewards": 1.4620123348532956, "episode_std_rewards": 0.19933187068051098, "episode_value_ests": 40.08730558352062, "episode_values": 2.0046749840300335, "episode_td_err": 44.08283306877616, "episode_avg_len": 22.019817240999668, "episode_std_avg_len": 2.2882751397807373, "step_rewards": 0.06639529832841257, "step_value_ests": 39.8790199669924, "step_values": 2.2099829293762547, "step_td_err": 42.84065565451857}