{"dim0": -0.13333333333333333, "dim1": -1.0, "scale": 15, "episode_rewards": -68.1829542951192, "episode_std_rewards": 0.12542251878038221, "episode_value_ests": 44.027769785625765, "episode_values": -10.958909965270454, "episode_td_err": 15.046925643032527, "episode_avg_len": 133.80949197860963, "episode_std_avg_len": 187.93576582353273, "step_rewards": -0.5095524486859178, "step_value_ests": 51.45392675366586, "step_values": -28.529084894384496, "step_td_err": 10.467609720739938}