{"dim0": -0.13333333333333333, "dim1": 0.8, "scale": 15, "episode_rewards": -6.612308389495844, "episode_std_rewards": 0.20199593067151478, "episode_value_ests": 6.964854153428766, "episode_values": -3.053552127589966, "episode_td_err": 263.6714220261346, "episode_avg_len": 15.977232784789903, "episode_std_avg_len": 1.750642073882377, "step_rewards": -0.4138581742259315, "step_value_ests": 6.878595671687698, "step_values": -3.034673224658129, "step_td_err": 261.65445687137714}