{"dim0": -0.13333333333333333, "dim1": -0.6, "scale": 15, "episode_rewards": -12.314373241033989, "episode_std_rewards": 0.2441306252537979, "episode_value_ests": 16.66577858894078, "episode_values": -6.124468281628289, "episode_td_err": 323.9315671914324, "episode_avg_len": 13.93256704980843, "episode_std_avg_len": 1.9466003356854227, "step_rewards": -0.8838553008222063, "step_value_ests": 16.484988094513703, "step_values": -6.045552260446682, "step_td_err": 320.67177235305684}