{"dim0": -0.13333333333333333, "dim1": 0.4, "scale": 15, "episode_rewards": -1.2387849154181372, "episode_std_rewards": 0.16740921453486823, "episode_value_ests": 27.146065092082925, "episode_values": 0.6959209992359382, "episode_td_err": 171.4173879448551, "episode_avg_len": 18.32786584807111, "episode_std_avg_len": 2.6755405057058366, "step_rewards": -0.06759024349518095, "step_value_ests": 27.566885938565562, "step_values": 0.7674227091924891, "step_td_err": 167.36689124551054}