{"dim0": -0.13333333333333333, "dim1": 0.7333333333333333, "scale": 15, "episode_rewards": -5.74477167728219, "episode_std_rewards": 0.18798555938422992, "episode_value_ests": 8.580321594549725, "episode_values": -2.4919758721903897, "episode_td_err": 257.7305338992796, "episode_avg_len": 16.18465771160382, "episode_std_avg_len": 1.620106787455991, "step_rewards": -0.3549516943545488, "step_value_ests": 8.51824089160419, "step_values": -2.477960867513361, "step_td_err": 256.0856780122658}