{"dim0": -0.13333333333333333, "dim1": 0.2, "scale": 15, "episode_rewards": 2.0824626779512596, "episode_std_rewards": 0.15471117964894443, "episode_value_ests": 43.4429399938239, "episode_values": 2.030106991999232, "episode_td_err": 59.382511726886605, "episode_avg_len": 36.157000903342364, "episode_std_avg_len": 22.67692485160594, "step_rewards": 0.05759500583353848, "step_value_ests": 45.66060921465913, "step_values": 2.4174998176391784, "step_td_err": 43.62659307702221}