{"dim0": -0.13333333333333333, "dim1": -1.0, "scale": 15, "episode_rewards": -20.48887531435412, "episode_std_rewards": 0.2423477886613528, "episode_value_ests": 9.263067687176614, "episode_values": -9.938674391653242, "episode_td_err": 341.621079470635, "episode_avg_len": 12.810414398257862, "episode_std_avg_len": 0.9022849585038866, "step_rewards": -1.5993920787715097, "step_value_ests": 9.178875945705949, "step_values": -9.936106585547966, "step_td_err": 340.74169817712806}