{"dim0": -0.13333333333333333, "dim1": -0.8, "scale": 15, "episode_rewards": -16.537027712479006, "episode_std_rewards": 0.2446592110061643, "episode_value_ests": 11.739474747175976, "episode_values": -8.221595474039571, "episode_td_err": 347.9894162217297, "episode_avg_len": 13.17022257342289, "episode_std_avg_len": 1.389386464703463, "step_rewards": -1.2556376796433362, "step_value_ests": 11.614396671615836, "step_values": -8.191491621427735, "step_td_err": 345.9589574072678}