{"dim0": -0.13333333333333333, "dim1": 0.13333333333333333, "scale": 15, "episode_rewards": 4.797669874881691, "episode_std_rewards": 0.1556717740568888, "episode_value_ests": 49.76817703708023, "episode_values": 1.8538436896776478, "episode_td_err": 39.25725002990854, "episode_avg_len": 73.47942689199118, "episode_std_avg_len": 59.03580324365706, "step_rewards": 0.06529269589886537, "step_value_ests": 53.72904080512683, "step_values": 2.838798049872439, "step_td_err": 25.03542477888478}