{"dim0": -0.13333333333333333, "dim1": -0.7333333333333333, "scale": 15, "episode_rewards": -45.8650061466178, "episode_std_rewards": 0.14390743868864278, "episode_value_ests": 47.091718813065505, "episode_values": -4.533638024740388, "episode_td_err": 10.323512725444344, "episode_avg_len": 198.62574257425743, "episode_std_avg_len": 248.3624517839437, "step_rewards": -0.23091169126514854, "step_value_ests": 55.41153024953817, "step_values": -15.313741126585965, "step_td_err": 7.852889815571789}