{"dim0": -0.13333333333333333, "dim1": -0.26666666666666666, "scale": 15, "episode_rewards": 79.24383847615111, "episode_std_rewards": 0.09728945508395094, "episode_value_ests": 58.98781501795444, "episode_values": 10.484937439090896, "episode_td_err": 4.577782292873869, "episode_avg_len": 708.8303886925795, "episode_std_avg_len": 375.05900529261487, "step_rewards": 0.11179520480536176, "step_value_ests": 64.01291270364354, "step_values": 9.587741841944013, "step_td_err": 4.493415761748462}