{"dim0": -0.13333333333333333, "dim1": 0.5333333333333333, "scale": 15, "episode_rewards": 10.583881613069124, "episode_std_rewards": 0.1746837261899953, "episode_value_ests": 42.837040399188616, "episode_values": 7.280291877974278, "episode_td_err": 30.72351139541726, "episode_avg_len": 26.582934609250398, "episode_std_avg_len": 5.989660247312309, "step_rewards": 0.39814571899771056, "step_value_ests": 42.79362752697723, "step_values": 7.750088515359571, "step_td_err": 29.77413658890308}