{"dim0": -0.13333333333333333, "dim1": 0.26666666666666666, "scale": 15, "episode_rewards": 32.601597204203514, "episode_std_rewards": 0.12395122378491993, "episode_value_ests": 44.910543256690026, "episode_values": 16.08579906448663, "episode_td_err": 12.608492979860848, "episode_avg_len": 54.46909882929486, "episode_std_avg_len": 20.571581498425076, "step_rewards": 0.5985338091672182, "step_value_ests": 45.88111379313653, "step_values": 16.883977483940935, "step_td_err": 10.57752543783087}