{"dim0": -0.13333333333333333, "dim1": 0.9333333333333333, "scale": 15, "episode_rewards": -8.352085924213581, "episode_std_rewards": 0.22083807903775857, "episode_value_ests": 4.535717299133542, "episode_values": -4.135446421858392, "episode_td_err": 269.30043292711275, "episode_avg_len": 15.53981819594437, "episode_std_avg_len": 1.5865799357964232, "step_rewards": -0.5374635545217211, "step_value_ests": 4.482370668090112, "step_values": -4.127496863936732, "step_td_err": 267.41107094060317}