{"dim0": -0.13333333333333333, "dim1": -0.4666666666666667, "scale": 15, "episode_rewards": -9.491959072179611, "episode_std_rewards": 0.21607231058056844, "episode_value_ests": 23.008495483017285, "episode_values": -4.694304708238363, "episode_td_err": 294.3866774901727, "episode_avg_len": 14.64672281215672, "episode_std_avg_len": 1.8354854995620247, "step_rewards": -0.6480602653517362, "step_value_ests": 23.02651139107679, "step_values": -4.610669452536473, "step_td_err": 292.364471041019}