{"dim0": -0.13333333333333333, "dim1": 0.3333333333333333, "scale": 15, "episode_rewards": -0.2870797125865441, "episode_std_rewards": 0.16318048170608462, "episode_value_ests": 32.92614150471188, "episode_values": 1.3318088758028153, "episode_td_err": 129.47625033307673, "episode_avg_len": 20.08545892749548, "episode_std_avg_len": 5.266451994944354, "step_rewards": -0.014292912779481156, "step_value_ests": 33.6021942592249, "step_values": 1.4445506719188825, "step_td_err": 121.59990961947473}