{"dim0": -0.13333333333333333, "dim1": 0.6666666666666666, "scale": 15, "episode_rewards": -4.976398846288035, "episode_std_rewards": 0.1823798473902376, "episode_value_ests": 10.458238328056355, "episode_values": -2.0238663393919025, "episode_td_err": 247.50852730211798, "episode_avg_len": 16.41309699655342, "episode_std_avg_len": 1.341080084051285, "step_rewards": -0.3031968218632368, "step_value_ests": 10.453211455822622, "step_values": -2.014117889438519, "step_td_err": 246.322762912675}