{"dim0": -0.13333333333333333, "dim1": 0.6, "scale": 15, "episode_rewards": -4.155744956546291, "episode_std_rewards": 0.17891040514545511, "episode_value_ests": 13.185750285342744, "episode_values": -1.430562987828439, "episode_td_err": 242.48778182908396, "episode_avg_len": 16.755214878110078, "episode_std_avg_len": 1.5467563520756615, "step_rewards": -0.24802695678797781, "step_value_ests": 13.181423327739687, "step_values": -1.4125819852730268, "step_td_err": 241.27247765007948}