{"dim0": -0.13333333333333333, "dim1": -0.3333333333333333, "scale": 15, "episode_rewards": -6.799431192900108, "episode_std_rewards": 0.19803587835019512, "episode_value_ests": 33.066084515408534, "episode_values": -3.3139297060515904, "episode_td_err": 238.7074734366727, "episode_avg_len": 15.976675453310968, "episode_std_avg_len": 2.008751307213442, "step_rewards": -0.42558486042795657, "step_value_ests": 33.49707020897473, "step_values": -3.2811698665593694, "step_td_err": 235.59830871509996}