{"dim0": -0.13333333333333333, "dim1": 0.26666666666666666, "scale": 15, "episode_rewards": 0.7954884121291956, "episode_std_rewards": 0.15744788187423667, "episode_value_ests": 38.33373182123438, "episode_values": 1.8671800293632501, "episode_td_err": 89.20319691234462, "episode_avg_len": 24.599680236133317, "episode_std_avg_len": 10.996896730049817, "step_rewards": 0.03233734766034641, "step_value_ests": 39.400040621964195, "step_values": 2.0569221934822313, "step_td_err": 76.08068633887166}