{"dim0": -0.13333333333333333, "dim1": 0.7333333333333333, "scale": 15, "episode_rewards": 4.211736433056061, "episode_std_rewards": 0.19996182560424292, "episode_value_ests": 41.567893726025005, "episode_values": 3.6147406650396268, "episode_td_err": 39.73052099678352, "episode_avg_len": 23.01518987341772, "episode_std_avg_len": 3.3546421975375096, "step_rewards": 0.1829981180351055, "step_value_ests": 41.40485377920014, "step_values": 3.9022390686345974, "step_td_err": 38.601413148751206}