{"dim0": -0.13333333333333333, "dim1": -0.4666666666666667, "scale": 15, "episode_rewards": -8.818529763403506, "episode_std_rewards": 0.1482522742451833, "episode_value_ests": 51.1947525318037, "episode_values": 2.607546199529539, "episode_td_err": 7.178223843910013, "episode_avg_len": 367.96507352941177, "episode_std_avg_len": 366.8530929334624, "step_rewards": -0.023965670651344126, "step_value_ests": 60.281324323996216, "step_values": -2.2572502736428612, "step_td_err": 5.8844331941532735}