{"dim0": -0.13333333333333333, "dim1": -0.4, "scale": 15, "episode_rewards": 14.131742225521473, "episode_std_rewards": 0.12934854892612604, "episode_value_ests": 52.58379922118578, "episode_values": 5.4479638913131145, "episode_td_err": 5.60065580915214, "episode_avg_len": 447.44419642857144, "episode_std_avg_len": 393.50821546183937, "step_rewards": 0.03158325068984869, "step_value_ests": 61.27200208357293, "step_values": 2.2471497681036747, "step_td_err": 5.056843444552571}