{"dim0": -0.13333333333333333, "dim1": -0.8, "scale": 15, "episode_rewards": -48.61130543155889, "episode_std_rewards": 0.1436258285188516, "episode_value_ests": 46.18093810258537, "episode_values": -5.933417999701492, "episode_td_err": 11.511212181390365, "episode_avg_len": 166.72416666666666, "episode_std_avg_len": 209.66780411555536, "step_rewards": -0.291567241890901, "step_value_ests": 54.124117315980094, "step_values": -17.760765239375797, "step_td_err": 8.728514206523073}