{"dim0": -0.13333333333333333, "dim1": -0.4, "scale": 15, "episode_rewards": -8.26563800083821, "episode_std_rewards": 0.20609373586128318, "episode_value_ests": 27.286237594441122, "episode_values": -4.117295064568294, "episode_td_err": 273.4347297312359, "episode_avg_len": 15.147531051196607, "episode_std_avg_len": 1.4903153355834073, "step_rewards": -0.545675593791587, "step_value_ests": 27.488625619285415, "step_values": -4.063979154561626, "step_td_err": 271.4553136905781}