{"dim0": -0.13333333333333333, "dim1": 1.0, "scale": 15, "episode_rewards": -0.7425627869641401, "episode_std_rewards": 0.1974633293013734, "episode_value_ests": 38.56410722438871, "episode_values": 0.7795198639583208, "episode_td_err": 48.51874387073941, "episode_avg_len": 21.483995703544576, "episode_std_avg_len": 2.1852231833119005, "step_rewards": -0.034563532650568676, "step_value_ests": 38.269173883742326, "step_values": 0.9541923680066985, "step_td_err": 47.343526991538745}