{"dim0": -0.13333333333333333, "dim1": 0.4, "scale": 15, "episode_rewards": 18.70465670183978, "episode_std_rewards": 0.1370999039998839, "episode_value_ests": 42.807704764467665, "episode_values": 11.33042012554888, "episode_td_err": 23.361889443079807, "episode_avg_len": 33.632251555406086, "episode_std_avg_len": 9.075294907675833, "step_rewards": 0.5561523786483802, "step_value_ests": 43.08609389624988, "step_values": 11.867297379950031, "step_td_err": 22.159314278392003}