{"dim0": -0.13333333333333333, "dim1": 0.0, "scale": 15, "episode_rewards": 158.32964224268292, "episode_std_rewards": 0.11011708156622389, "episode_value_ests": 65.27741419154091, "episode_values": 14.703635238986077, "episode_td_err": 9.251373001717942, "episode_avg_len": 860.0643776824035, "episode_std_avg_len": 295.10220848390907, "step_rewards": 0.1840904545649598, "step_value_ests": 66.35116507449239, "step_values": 16.475013399916246, "step_td_err": 6.211074293509399}