{"dim0": -0.13333333333333333, "dim1": -0.13333333333333333, "scale": 15, "episode_rewards": 0.5110963192242008, "episode_std_rewards": 0.1728141298810319, "episode_value_ests": 52.5381014219028, "episode_values": 0.7014813195415855, "episode_td_err": 90.74296178627004, "episode_avg_len": 31.481586402266288, "episode_std_avg_len": 16.267835884275993, "step_rewards": 0.016234770150827218, "step_value_ests": 54.33294898732465, "step_values": 1.029281129297197, "step_td_err": 75.84829340767392}