{"dim0": -0.2, "dim1": -0.2, "scale": 15, "episode_rewards": -7.938135443297562, "episode_std_rewards": 0.08401129554810641, "episode_value_ests": 66.25851883195318, "episode_values": -1.3580305256485816, "episode_td_err": 7.743557210222011, "episode_avg_len": 883.5506607929516, "episode_std_avg_len": 264.9609909564769, "step_rewards": -0.008984357995016835, "step_value_ests": 66.5076707593446, "step_values": -0.7752325972934142, "step_td_err": 5.983747035962068}