{"dim0": -0.2, "dim1": 0.0, "scale": 15, "episode_rewards": 23.85113149425464, "episode_std_rewards": 0.15651457468207175, "episode_value_ests": 61.039610561210935, "episode_values": 1.9233033342897736, "episode_td_err": 18.80412907297919, "episode_avg_len": 582.3739130434783, "episode_std_avg_len": 385.4539682482349, "step_rewards": 0.040955013540371246, "step_value_ests": 64.2772464762527, "step_values": 3.9205002051271993, "step_td_err": 7.288344280109897}