{"dim0": -0.2, "dim1": -1.0, "scale": 15, "episode_rewards": -171.61545115149403, "episode_std_rewards": 0.18392469492063268, "episode_value_ests": 54.793072459312036, "episode_values": -32.494150338499075, "episode_td_err": 13.384523289622214, "episode_avg_len": 257.24678663239075, "episode_std_avg_len": 227.52911228450535, "step_rewards": -0.6671237895645123, "step_value_ests": 59.04790316907334, "step_values": -45.15400530518895, "step_td_err": 10.800453924131862}