{"dim0": -0.2, "dim1": -0.4666666666666667, "scale": 15, "episode_rewards": -10.758089851095308, "episode_std_rewards": 0.22889951725063912, "episode_value_ests": 19.50266227050389, "episode_values": -5.303962710250325, "episode_td_err": 308.5266293549127, "episode_avg_len": 14.242398347931355, "episode_std_avg_len": 1.8959788723320936, "step_rewards": -0.7553566181961111, "step_value_ests": 19.40068354984618, "step_values": -5.207737835668178, "step_td_err": 306.1465119337119}