{"dim0": -0.2, "dim1": 0.2, "scale": 15, "episode_rewards": 250.87706119971068, "episode_std_rewards": 0.12755483726647915, "episode_value_ests": 59.39922897678119, "episode_values": 30.950208871500983, "episode_td_err": 6.564466991346582, "episode_avg_len": 535.879679144385, "episode_std_avg_len": 422.6897244669552, "step_rewards": 0.46815931068756855, "step_value_ests": 67.00331800508646, "step_values": 39.57747513303735, "step_td_err": 5.161782871571594}