{"dim0": -0.2, "dim1": 0.8, "scale": 15, "episode_rewards": 4.213053428660395, "episode_std_rewards": 0.1949295391907728, "episode_value_ests": 41.542757280985626, "episode_values": 3.606923775329138, "episode_td_err": 39.41479490490679, "episode_avg_len": 22.956955922865014, "episode_std_avg_len": 3.014710993993325, "step_rewards": 0.18351968975399802, "step_value_ests": 41.385772020115404, "step_values": 3.8697365001883632, "step_td_err": 38.42520951276148}