{"dim0": -0.2, "dim1": 0.9333333333333333, "scale": 15, "episode_rewards": 1.383207497229406, "episode_std_rewards": 0.19882986172755193, "episode_value_ests": 40.120232847614815, "episode_values": 1.9589756393316702, "episode_td_err": 44.644087586815886, "episode_avg_len": 21.966282262493134, "episode_std_avg_len": 2.3195241008276235, "step_rewards": 0.06296957676771718, "step_value_ests": 39.90621187276483, "step_values": 2.1656146877758413, "step_td_err": 43.3209471658762}