{"dim0": -0.2, "dim1": -0.9333333333333333, "scale": 15, "episode_rewards": -20.53975814219957, "episode_std_rewards": 0.24412652571340027, "episode_value_ests": 9.167569401344114, "episode_values": -9.990614827719376, "episode_td_err": 348.79755094175016, "episode_avg_len": 12.81129900076864, "episode_std_avg_len": 0.9055472444640699, "step_rewards": -1.603253357912203, "step_value_ests": 9.077093077340244, "step_values": -9.990116615781256, "step_td_err": 347.83847605582355}