{"dim0": -0.2, "dim1": -0.9333333333333333, "scale": 15, "episode_rewards": -163.5721533719708, "episode_std_rewards": 0.1837417686142854, "episode_value_ests": 56.14206788852965, "episode_values": -31.0024871030199, "episode_td_err": 13.349340697888133, "episode_avg_len": 272.84353741496597, "episode_std_avg_len": 227.741980172881, "step_rewards": -0.5995089893706919, "step_value_ests": 59.36513720879149, "step_values": -40.800524445878985, "step_td_err": 10.80747081604211}