{"dim0": -0.2, "dim1": -0.3333333333333333, "scale": 15, "episode_rewards": -84.5455793596415, "episode_std_rewards": 0.09300651796598422, "episode_value_ests": 65.42149456439095, "episode_values": -10.24426715079599, "episode_td_err": 9.661457520813617, "episode_avg_len": 760.5133079847909, "episode_std_avg_len": 343.2820216685463, "step_rewards": -0.11116909917549041, "step_value_ests": 65.33744811839415, "step_values": -9.718754788718297, "step_td_err": 6.531061531099831}