{"dim0": -0.2, "dim1": -0.8666666666666667, "scale": 15, "episode_rewards": -19.137381390878794, "episode_std_rewards": 0.23989158784085543, "episode_value_ests": 9.858678887240352, "episode_values": -9.332567726796686, "episode_td_err": 342.263363267518, "episode_avg_len": 12.927994311938466, "episode_std_avg_len": 1.023787457323331, "step_rewards": -1.4803055237428608, "step_value_ests": 9.766178022399073, "step_values": -9.325131199446854, "step_td_err": 341.13923937290866}