{"dim0": -0.2, "dim1": -0.8666666666666667, "scale": 15, "episode_rewards": -151.8640498268646, "episode_std_rewards": 0.1814561105306781, "episode_value_ests": 57.0886113196019, "episode_values": -28.263956469530388, "episode_td_err": 13.475709027882386, "episode_avg_len": 286.18311874105865, "episode_std_avg_len": 231.94621176333257, "step_rewards": -0.530653416927337, "step_value_ests": 59.86326907650112, "step_values": -36.58685934723605, "step_td_err": 10.861805763391779}