{"dim0": -0.2, "dim1": -0.4, "scale": 15, "episode_rewards": -89.97600069782384, "episode_std_rewards": 0.1297341910590845, "episode_value_ests": 63.00530177036289, "episode_values": -10.822831791813124, "episode_td_err": 10.034460932504489, "episode_avg_len": 653.8403908794788, "episode_std_avg_len": 373.3130707489756, "step_rewards": -0.13761156690977347, "step_value_ests": 64.06900610068648, "step_values": -11.897634149850933, "step_td_err": 6.530408003709965}