{"dim0": -0.2, "dim1": 0.26666666666666666, "scale": 15, "episode_rewards": -1.3588074357626094, "episode_std_rewards": 0.1655570487765553, "episode_value_ests": 35.85374465038264, "episode_values": 1.077632557317797, "episode_td_err": 107.52969964905061, "episode_avg_len": 20.19985861442133, "episode_std_avg_len": 5.7037150313424565, "step_rewards": -0.06726816566886826, "step_value_ests": 36.62491973168489, "step_values": 1.1821913340452186, "step_td_err": 100.28299030621291}