{"dim0": -0.2, "dim1": -0.5333333333333333, "scale": 15, "episode_rewards": -12.185845400209285, "episode_std_rewards": 0.24463531182396767, "episode_value_ests": 16.74423541401853, "episode_values": -6.0008783927347045, "episode_td_err": 317.02574676476644, "episode_avg_len": 13.976939203354299, "episode_std_avg_len": 2.2856216622063275, "step_rewards": -0.8718536457026892, "step_value_ests": 16.532393163842837, "step_values": -5.871967989862146, "step_td_err": 313.67671640142913}