{"dim0": -0.2, "dim1": 0.9333333333333333, "scale": 15, "episode_rewards": -8.882643381318015, "episode_std_rewards": 0.2126127223176843, "episode_value_ests": 5.230951971620146, "episode_values": -4.3569189072511865, "episode_td_err": 273.812065778034, "episode_avg_len": 15.453639313861846, "episode_std_avg_len": 1.5849138973924803, "step_rewards": -0.5747929792401926, "step_value_ests": 5.168062177488073, "step_values": -4.353799880460347, "step_td_err": 271.84008240720294}