{"dim0": -0.2, "dim1": -1.0, "scale": 15, "episode_rewards": -22.018462891593547, "episode_std_rewards": 0.24919989479123214, "episode_value_ests": 8.775814685410667, "episode_values": -10.67701129033055, "episode_td_err": 345.5397248575916, "episode_avg_len": 12.69531547543481, "episode_std_avg_len": 0.8630891212149072, "step_rewards": -1.7343769782010419, "step_value_ests": 8.67788431531201, "step_values": -10.679289571874888, "step_td_err": 344.6160287252313}