{"dim0": -0.2, "dim1": 0.13333333333333333, "scale": 15, "episode_rewards": 193.48798899063885, "episode_std_rewards": 0.1283829304724063, "episode_value_ests": 68.86545675253358, "episode_values": 23.237857128512847, "episode_td_err": 11.585985623315718, "episode_avg_len": 565.7380281690141, "episode_std_avg_len": 342.51153013025447, "step_rewards": 0.34200986915596626, "step_value_ests": 70.22615871562336, "step_values": 28.375564689983563, "step_td_err": 6.475048301646768}