{"dim0": -0.2, "dim1": -0.6, "scale": 15, "episode_rewards": -13.663337467413145, "episode_std_rewards": 0.25088978491459724, "episode_value_ests": 14.697982000852917, "episode_values": -6.750683219138153, "episode_td_err": 325.366860359906, "episode_avg_len": 13.707559454458227, "episode_std_avg_len": 2.2877916328384615, "step_rewards": -0.9967738978487013, "step_value_ests": 14.452435142808163, "step_values": -6.636624395415031, "step_td_err": 321.4745966731305}