{"dim0": -0.2, "dim1": -0.6666666666666666, "scale": 15, "episode_rewards": -15.18949797390859, "episode_std_rewards": 0.24641332633975233, "episode_value_ests": 12.945667375511439, "episode_values": -7.576808076250067, "episode_td_err": 342.1781432919145, "episode_avg_len": 13.388513287368632, "episode_std_avg_len": 1.7245771079385854, "step_rewards": -1.1345171527177027, "step_value_ests": 12.768965301429914, "step_values": -7.525505531901078, "step_td_err": 339.1923565325476}