{"dim0": -0.2, "dim1": 1.0, "scale": 15, "episode_rewards": 0.19171981178697292, "episode_std_rewards": 0.19994843478927277, "episode_value_ests": 39.368572477174816, "episode_values": 1.2924054886788787, "episode_td_err": 46.755028025468846, "episode_avg_len": 21.666341674791465, "episode_std_avg_len": 2.236148697306116, "step_rewards": 0.00884873942563348, "step_value_ests": 39.10343894708123, "step_values": 1.4765671151653035, "step_td_err": 45.44846244321764}