{"dim0": -0.2, "dim1": -0.3333333333333333, "scale": 15, "episode_rewards": -8.173793190145085, "episode_std_rewards": 0.19956786865018286, "episode_value_ests": 27.33280612861391, "episode_values": -4.039408585718833, "episode_td_err": 272.0061069020347, "episode_avg_len": 15.15135217029013, "episode_std_avg_len": 1.618055797891577, "step_rewards": -0.5394761535655446, "step_value_ests": 27.510963286494007, "step_values": -3.9772138642030415, "step_td_err": 270.0030898998007}