{"dim0": -0.2, "dim1": 0.13333333333333333, "scale": 15, "episode_rewards": -1.1519665237567014, "episode_std_rewards": 0.16584450101366385, "episode_value_ests": 45.952664874133944, "episode_values": 0.5735432254056769, "episode_td_err": 54.4386552634303, "episode_avg_len": 42.791399229781774, "episode_std_avg_len": 35.52184961716438, "step_rewards": -0.026920515442153636, "step_value_ests": 49.58087032065396, "step_values": 0.8301050541046343, "step_td_err": 36.4296541005782}