{"dim0": -0.2, "dim1": 0.6666666666666666, "scale": 15, "episode_rewards": -5.689768874292086, "episode_std_rewards": 0.1749092060949951, "episode_value_ests": 10.448651935400159, "episode_values": -2.3049594184914226, "episode_td_err": 256.30879293211734, "episode_avg_len": 16.240438489646774, "episode_std_avg_len": 1.3891599833608674, "step_rewards": -0.3503457667057016, "step_value_ests": 10.408258047729, "step_values": -2.2994848999700004, "step_td_err": 254.81496857655767}