{"dim0": -0.2, "dim1": -0.13333333333333333, "scale": 15, "episode_rewards": 24.365602320175785, "episode_std_rewards": 0.09723116939060067, "episode_value_ests": 66.15956162686565, "episode_values": 1.934930933308379, "episode_td_err": 8.406999959390289, "episode_avg_len": 896.6383928571429, "episode_std_avg_len": 252.4921472419403, "step_rewards": 0.027174391052489588, "step_value_ests": 66.40523264636526, "step_values": 2.6040483976221744, "step_td_err": 5.982983114015536}