{"dim0": -0.2, "dim1": 0.6666666666666666, "scale": 15, "episode_rewards": 7.898566987992109, "episode_std_rewards": 0.18447733242344816, "episode_value_ests": 42.613046918667315, "episode_values": 5.758129179474462, "episode_td_err": 33.83762593428437, "episode_avg_len": 24.794099417379446, "episode_std_avg_len": 4.666051232669496, "step_rewards": 0.31856639981267487, "step_value_ests": 42.52187018718154, "step_values": 6.139799880539524, "step_td_err": 33.01544833022464}