{"dim0": -0.2, "dim1": -0.7333333333333333, "scale": 15, "episode_rewards": -16.510329784588105, "episode_std_rewards": 0.2445599342249279, "episode_value_ests": 11.827595992025582, "episode_values": -8.173464783220995, "episode_td_err": 338.68323162348855, "episode_avg_len": 13.173956000526939, "episode_std_avg_len": 1.420384887625679, "step_rewards": -1.2532552700136326, "step_value_ests": 11.710176482467887, "step_values": -8.139048349597534, "step_td_err": 336.790305197836}