{"dim0": -0.2, "dim1": -0.26666666666666666, "scale": 15, "episode_rewards": -48.366216954645964, "episode_std_rewards": 0.09102801972044786, "episode_value_ests": 66.34359332979972, "episode_values": -5.876774060328586, "episode_td_err": 8.99549744681016, "episode_avg_len": 814.8577235772358, "episode_std_avg_len": 320.12483604326684, "step_rewards": -0.0593554132889821, "step_value_ests": 66.46261585437065, "step_values": -5.202803870044718, "step_td_err": 6.422770375960106}