{"dim0": -0.2, "dim1": 0.6, "scale": 15, "episode_rewards": -5.086906793492385, "episode_std_rewards": 0.16902646929798917, "episode_value_ests": 12.378401561301944, "episode_values": -1.896224966062165, "episode_td_err": 245.08055114230996, "episode_avg_len": 16.477591036414566, "episode_std_avg_len": 1.2075176710279847, "step_rewards": -0.3087166553806683, "step_value_ests": 12.384308264668336, "step_values": -1.891068928163358, "step_td_err": 244.01807911699996}