{"dim0": -0.2, "dim1": 1.0, "scale": 15, "episode_rewards": -9.844447926309156, "episode_std_rewards": 0.22459997142424004, "episode_value_ests": 4.2518106087948135, "episode_values": -4.946183480186003, "episode_td_err": 276.02785524439395, "episode_avg_len": 15.308457711442786, "episode_std_avg_len": 1.5948855163931777, "step_rewards": -0.6430724839740463, "step_value_ests": 4.1965864398179, "step_values": -4.944210766300094, "step_td_err": 274.01251818663775}