{"dim0": -0.2, "dim1": 0.06666666666666667, "scale": 15, "episode_rewards": -0.2406307968329333, "episode_std_rewards": 0.17813711835569046, "episode_value_ests": 52.87164678517235, "episode_values": -0.31849430207416185, "episode_td_err": 37.6000253990144, "episode_avg_len": 135.35425101214574, "episode_std_avg_len": 149.0852698662939, "step_rewards": -0.0017777852932845143, "step_value_ests": 58.624239352278984, "step_values": 0.872504568822957, "step_td_err": 16.194282424847664}