{"dim0": -0.2, "dim1": -0.13333333333333333, "scale": 15, "episode_rewards": -2.827933063881688, "episode_std_rewards": 0.18976757313348538, "episode_value_ests": 46.21855408142707, "episode_values": -0.9400165471060792, "episode_td_err": 141.33661257256645, "episode_avg_len": 21.45195195195195, "episode_std_avg_len": 8.846208984237302, "step_rewards": -0.1318263750644085, "step_value_ests": 47.36710283994644, "step_values": -0.9317219231302761, "step_td_err": 128.9367924934357}