{"dim0": -0.2, "dim1": 0.5333333333333333, "scale": 15, "episode_rewards": -4.3011625415123405, "episode_std_rewards": 0.1697807453789816, "episode_value_ests": 15.465480450752743, "episode_values": -1.290176222756503, "episode_td_err": 234.35649665556326, "episode_avg_len": 16.781423057559994, "episode_std_avg_len": 1.265004162658843, "step_rewards": -0.25630499432374876, "step_value_ests": 15.496263847151173, "step_values": -1.2728287016725426, "step_td_err": 233.3202136596852}