{"dim0": -0.2, "dim1": -0.5333333333333333, "scale": 15, "episode_rewards": -102.70105146917383, "episode_std_rewards": 0.15527093378532425, "episode_value_ests": 61.12373105664713, "episode_values": -14.949823599977165, "episode_td_err": 12.29002189781157, "episode_avg_len": 472.24764150943395, "episode_std_avg_len": 340.65832837691016, "step_rewards": -0.21747287321735032, "step_value_ests": 62.04811119557637, "step_values": -17.016786058080612, "step_td_err": 8.01481607105322}