{"dim0": -0.2, "dim1": -0.8, "scale": 15, "episode_rewards": -138.86491560888098, "episode_std_rewards": 0.18092536358980765, "episode_value_ests": 58.72414857449899, "episode_values": -25.810903765154144, "episode_td_err": 13.97262712859903, "episode_avg_len": 301.28185907046475, "episode_std_avg_len": 238.18013482956218, "step_rewards": -0.4609136309677471, "step_value_ests": 60.77622482673304, "step_values": -32.15227351578287, "step_td_err": 10.853557708521947}