{"dim0": -0.2, "dim1": -0.06666666666666667, "scale": 15, "episode_rewards": 41.00683025863809, "episode_std_rewards": 0.13889023358017205, "episode_value_ests": 64.66214491541056, "episode_values": 3.4174041096466428, "episode_td_err": 11.866123308176325, "episode_avg_len": 851.3702127659575, "episode_std_avg_len": 308.82012110260405, "step_rewards": 0.04816568590697324, "step_value_ests": 65.92941127268595, "step_values": 4.509802673425634, "step_td_err": 6.245588452206802}