{"dim0": -0.2, "dim1": 0.8666666666666667, "scale": 15, "episode_rewards": 2.8278341482854876, "episode_std_rewards": 0.19799755952381162, "episode_value_ests": 40.78308181446556, "episode_values": 2.7980877080450592, "episode_td_err": 41.561580648376506, "episode_avg_len": 22.494994938702057, "episode_std_avg_len": 2.6306920553341095, "step_rewards": 0.12570948141981006, "step_value_ests": 40.6176201566734, "step_values": 3.0360356580286973, "step_td_err": 40.44113114467774}