{"dim0": -0.2, "dim1": 0.7333333333333333, "scale": 15, "episode_rewards": 5.941525179141262, "episode_std_rewards": 0.19224732861641583, "episode_value_ests": 42.156556346494455, "episode_values": 4.6375143546021045, "episode_td_err": 36.65378602453735, "episode_avg_len": 23.79619274241523, "episode_std_avg_len": 3.781351249433879, "step_rewards": 0.2496838567184264, "step_value_ests": 42.02492995780229, "step_values": 4.960076214151846, "step_td_err": 35.76496858436218}