{"dim0": -0.2, "dim1": -0.8, "scale": 15, "episode_rewards": -17.771116540442122, "episode_std_rewards": 0.23909978743744428, "episode_value_ests": 10.774411700568562, "episode_values": -8.742677604889542, "episode_td_err": 342.39729039681566, "episode_avg_len": 13.005461993627675, "episode_std_avg_len": 1.0683008658027227, "step_rewards": -1.3664348524604117, "step_value_ests": 10.694275845989242, "step_values": -8.728289837700684, "step_td_err": 341.2940116620531}