{"dim0": -0.2, "dim1": 0.4, "scale": 15, "episode_rewards": -2.691685505011834, "episode_std_rewards": 0.16625441586045397, "episode_value_ests": 24.537776456386563, "episode_values": -0.0049621182228498486, "episode_td_err": 183.7162561893915, "episode_avg_len": 17.617369858187264, "episode_std_avg_len": 1.6049517827522182, "step_rewards": -0.15278588839757687, "step_value_ests": 24.79152358745606, "step_values": 0.04344876140283967, "step_td_err": 181.72171938805604}