{"dim0": -0.2, "dim1": -0.06666666666666667, "scale": 15, "episode_rewards": 0.5673429797349269, "episode_std_rewards": 0.17074937052471714, "episode_value_ests": 52.38799188536823, "episode_values": 0.7554469543926171, "episode_td_err": 90.75717760550972, "episode_avg_len": 31.399372056514913, "episode_std_avg_len": 16.166820672522235, "step_rewards": 0.018068609101920288, "step_value_ests": 54.23239068529587, "step_values": 1.080093795690512, "step_td_err": 75.6127898436727}