{"dim0": -0.2, "dim1": -0.4666666666666667, "scale": 15, "episode_rewards": -90.99429945318344, "episode_std_rewards": 0.15318079780566904, "episode_value_ests": 61.97120329718461, "episode_values": -12.707607477610676, "episode_td_err": 11.987864409118597, "episode_avg_len": 511.7237851662404, "episode_std_avg_len": 357.0334083130837, "step_rewards": -0.17781917137899445, "step_value_ests": 62.99513339120577, "step_values": -14.489645716873381, "step_td_err": 7.654357886623577}