{"dim0": -0.2, "dim1": 0.26666666666666666, "scale": 15, "episode_rewards": 47.16732215550293, "episode_std_rewards": 0.11567428753621624, "episode_value_ests": 47.352604266322864, "episode_values": 18.992413098535295, "episode_td_err": 7.021900717077691, "episode_avg_len": 87.85162423178227, "episode_std_avg_len": 45.04522090839204, "step_rewards": 0.5368975538922263, "step_value_ests": 49.01463847689301, "step_values": 20.530252350265307, "step_td_err": 5.663535313602751}