{"dim0": -0.2, "dim1": -0.4, "scale": 15, "episode_rewards": -9.561474742514749, "episode_std_rewards": 0.21668463337211943, "episode_value_ests": 22.9636385313623, "episode_values": -4.761170091252264, "episode_td_err": 297.37331291116874, "episode_avg_len": 14.61847683087268, "episode_std_avg_len": 1.5879067412239285, "step_rewards": -0.6540677837462466, "step_value_ests": 23.021099675807747, "step_values": -4.698381107423095, "step_td_err": 295.5932935394921}