{"dim0": -0.2, "dim1": 0.3333333333333333, "scale": 15, "episode_rewards": -1.930544156388482, "episode_std_rewards": 0.16835004229843079, "episode_value_ests": 30.149894028587294, "episode_values": 0.635515724803104, "episode_td_err": 145.96351660323717, "episode_avg_len": 18.437131268436577, "episode_std_avg_len": 2.781151058448146, "step_rewards": -0.1047095737552986, "step_value_ests": 30.616218542907063, "step_values": 0.705290926772944, "step_td_err": 142.1546636082502}