{"dim0": -0.2, "dim1": 0.8, "scale": 15, "episode_rewards": -7.205008552627479, "episode_std_rewards": 0.19164487888171988, "episode_value_ests": 7.439867212586274, "episode_values": -3.3275857386069725, "episode_td_err": 267.16909262066525, "episode_avg_len": 15.757898054045537, "episode_std_avg_len": 1.3608121529431334, "step_rewards": -0.45723157542434617, "step_value_ests": 7.39823807245421, "step_values": -3.3291387052994135, "step_td_err": 265.5909828699855}