{"dim0": -0.2, "dim1": 0.8666666666666667, "scale": 15, "episode_rewards": -8.010209177963487, "episode_std_rewards": 0.20188653380589228, "episode_value_ests": 6.246801163026452, "episode_values": -3.8228579831311293, "episode_td_err": 269.64003970458594, "episode_avg_len": 15.613583138173302, "episode_std_avg_len": 1.4928723848252263, "step_rewards": -0.5130282464362395, "step_value_ests": 6.186685324880124, "step_values": -3.824285340486714, "step_td_err": 267.93250386315185}