{"dim0": -0.2, "dim1": 0.06666666666666667, "scale": 15, "episode_rewards": 26.839404446954934, "episode_std_rewards": 0.13494670277174828, "episode_value_ests": 65.52693986258487, "episode_values": 6.865541289192877, "episode_td_err": 26.15856706336964, "episode_avg_len": 144.19740634005763, "episode_std_avg_len": 102.80646148726399, "step_rewards": 0.1861295922595178, "step_value_ests": 67.26261585751843, "step_values": 8.799950737604062, "step_td_err": 16.601101348915886}