{"dim0": -0.2, "dim1": 0.4666666666666667, "scale": 15, "episode_rewards": -3.5295491155703096, "episode_std_rewards": 0.1687019114422268, "episode_value_ests": 19.520570776336204, "episode_values": -0.676002040470694, "episode_td_err": 212.6905357475224, "episode_avg_len": 17.118024649092778, "episode_std_avg_len": 1.249794368875486, "step_rewards": -0.20618904271512245, "step_value_ests": 19.656795297384857, "step_values": -0.6453724638716442, "step_td_err": 211.50661939089153}