{"dim0": -0.2, "dim1": 0.6, "scale": 15, "episode_rewards": 10.477326287951334, "episode_std_rewards": 0.17687102934663815, "episode_value_ests": 42.79979227413216, "episode_values": 7.213869850290911, "episode_td_err": 30.955410586791285, "episode_avg_len": 26.504638218923933, "episode_std_avg_len": 5.840924394470103, "step_rewards": 0.39530161481210757, "step_value_ests": 42.744115192091996, "step_values": 7.670653560374075, "step_td_err": 30.059572277053686}