{"dim0": -0.2, "dim1": -0.2, "scale": 15, "episode_rewards": -4.9888344056002945, "episode_std_rewards": 0.19851339902503107, "episode_value_ests": 39.60405670059645, "episode_values": -2.2109008956767835, "episode_td_err": 192.3539983172015, "episode_avg_len": 17.524664855866117, "episode_std_avg_len": 4.14292016689319, "step_rewards": -0.28467502497945674, "step_value_ests": 40.34487086635421, "step_values": -2.214694484437277, "step_td_err": 185.4024049470496}