{"dim0": -0.2, "dim1": 0.7333333333333333, "scale": 15, "episode_rewards": -6.4758255352965595, "episode_std_rewards": 0.18622604954487737, "episode_value_ests": 8.741684199682004, "episode_values": -2.846631008927819, "episode_td_err": 264.10463550072444, "episode_avg_len": 16.033830367163702, "episode_std_avg_len": 1.5476951366776444, "step_rewards": -0.40388512208278393, "step_value_ests": 8.665519856194772, "step_values": -2.8424952235037613, "step_td_err": 262.3360429708377}