{"dim0": -0.26666666666666666, "dim1": -0.6666666666666666, "scale": 15, "episode_rewards": -16.469421380404604, "episode_std_rewards": 0.2415138667346046, "episode_value_ests": 11.868243533875471, "episode_values": -8.157212979467964, "episode_td_err": 339.5702985051935, "episode_avg_len": 13.17716431677428, "episode_std_avg_len": 1.4582656652027646, "step_rewards": -1.2498456408742922, "step_value_ests": 11.735016100401985, "step_values": -8.126991847674995, "step_td_err": 337.5370886936755}