{"dim0": -0.26666666666666666, "dim1": 1.0, "scale": 15, "episode_rewards": -10.527124752076176, "episode_std_rewards": 0.2210738628706192, "episode_value_ests": 5.1560578102416805, "episode_values": -5.264162226310717, "episode_td_err": 283.2564819271656, "episode_avg_len": 15.201337690962985, "episode_std_avg_len": 1.5039068085261804, "step_rewards": -0.6925130515543001, "step_value_ests": 5.105704027400553, "step_values": -5.26552403826791, "step_td_err": 281.22640227726544}