{"dim0": -0.26666666666666666, "dim1": 1.0, "scale": 15, "episode_rewards": 1.4309650944488568, "episode_std_rewards": 0.1984594963327893, "episode_value_ests": 40.063704646665784, "episode_values": 1.9943553252206372, "episode_td_err": 44.35377102136827, "episode_avg_len": 22.01783355350066, "episode_std_avg_len": 2.3738797437750354, "step_rewards": 0.06499118503061554, "step_value_ests": 39.85999100003878, "step_values": 2.1973376907691784, "step_td_err": 43.04405106497144}