{"dim0": -0.26666666666666666, "dim1": 0.2, "scale": 15, "episode_rewards": 181.40810242164054, "episode_std_rewards": 0.14312438208908365, "episode_value_ests": 68.76101586977217, "episode_values": 21.979450003095792, "episode_td_err": 12.820715117620479, "episode_avg_len": 542.0758807588076, "episode_std_avg_len": 342.93514629928745, "step_rewards": 0.33465444389022103, "step_value_ests": 70.07036156914253, "step_values": 27.602608932169154, "step_td_err": 6.855122652998602}