{"dim0": -0.26666666666666666, "dim1": -0.4, "scale": 15, "episode_rewards": -93.18688066112898, "episode_std_rewards": 0.09655630018682199, "episode_value_ests": 63.38329798097462, "episode_values": -19.386193921072437, "episode_td_err": 16.672944601095608, "episode_avg_len": 327.82978723404256, "episode_std_avg_len": 220.2580702466829, "step_rewards": -0.2842538545608166, "step_value_ests": 63.14371987345827, "step_values": -20.472020375446505, "step_td_err": 11.234752863301182}