{"dim0": -0.26666666666666666, "dim1": -0.4666666666666667, "scale": 15, "episode_rewards": -103.05526889994178, "episode_std_rewards": 0.10287061396138798, "episode_value_ests": 63.850473681438864, "episode_values": -21.813660583586262, "episode_td_err": 17.031313906253807, "episode_avg_len": 312.1684867394696, "episode_std_avg_len": 215.05684697598304, "step_rewards": -0.3301270732876696, "step_value_ests": 63.81273431578676, "step_values": -23.34652104640467, "step_td_err": 11.978282498404257}