{"dim0": -0.26666666666666666, "dim1": -0.8666666666666667, "scale": 15, "episode_rewards": -20.526806913394807, "episode_std_rewards": 0.24199325709999464, "episode_value_ests": 9.253183093376787, "episode_values": -9.948112137370078, "episode_td_err": 341.0455456722938, "episode_avg_len": 12.820769230769232, "episode_std_avg_len": 0.9728648801096124, "step_rewards": -1.6010589180664336, "step_value_ests": 9.159853535712305, "step_values": -9.944150796005724, "step_td_err": 339.99452690532297}