{"dim0": -0.26666666666666666, "dim1": -0.06666666666666667, "scale": 15, "episode_rewards": -2.842334437347139, "episode_std_rewards": 0.18945285696304956, "episode_value_ests": 46.03021826478288, "episode_values": -0.9372557330261825, "episode_td_err": 141.73783186418845, "episode_avg_len": 21.33568, "episode_std_avg_len": 8.584591561101398, "step_rewards": -0.1332197725756638, "step_value_ests": 47.169991361667535, "step_values": -0.9200437003481792, "step_td_err": 129.82070469957637}