{"dim0": -0.26666666666666666, "dim1": 0.26666666666666666, "scale": 15, "episode_rewards": 275.5185072336537, "episode_std_rewards": 0.06428176681637346, "episode_value_ests": 60.39369266975039, "episode_values": 32.89816867090856, "episode_td_err": 5.0575965164660435, "episode_avg_len": 586.4269005847954, "episode_std_avg_len": 415.76948204544203, "step_rewards": 0.4698258332946557, "step_value_ests": 67.17707569365777, "step_values": 40.13772684056638, "step_td_err": 4.989067063654147}