{"dim0": -0.26666666666666666, "dim1": 0.13333333333333333, "scale": 15, "episode_rewards": -3.9731936748552856, "episode_std_rewards": 0.17214693239613107, "episode_value_ests": 42.93338306440288, "episode_values": -0.10898576301461219, "episode_td_err": 71.98833559309605, "episode_avg_len": 26.944362117742152, "episode_std_avg_len": 18.34575210162853, "step_rewards": -0.14745918487485893, "step_value_ests": 45.23195671726477, "step_values": -0.2423832989206635, "step_td_err": 58.08000784686076}