{"dim0": -0.26666666666666666, "dim1": 0.3333333333333333, "scale": 15, "episode_rewards": 46.531507388179286, "episode_std_rewards": 0.12145118512907996, "episode_value_ests": 47.11628126648172, "episode_values": 18.805781220870035, "episode_td_err": 7.351628832953314, "episode_avg_len": 86.40647948164147, "episode_std_avg_len": 44.21680584505656, "step_rewards": 0.5385187276153949, "step_value_ests": 48.77867131356286, "step_values": 20.360362354309657, "step_td_err": 5.893961564737517}