{"dim0": -0.26666666666666666, "dim1": -0.8666666666666667, "scale": 15, "episode_rewards": -191.34108064766812, "episode_std_rewards": 0.1345547924657321, "episode_value_ests": 64.6555198057634, "episode_values": -42.55232473779944, "episode_td_err": 20.8158867442056, "episode_avg_len": 273.87295081967216, "episode_std_avg_len": 175.5289787559192, "step_rewards": -0.6986490636443101, "step_value_ests": 64.60315302627791, "step_values": -46.303632427409084, "step_td_err": 16.32005430884703}