{"dim0": -0.26666666666666666, "dim1": 0.8, "scale": 15, "episode_rewards": -7.920021421545013, "episode_std_rewards": 0.18704744255155972, "episode_value_ests": 7.931162417025554, "episode_values": -3.6310612372120037, "episode_td_err": 276.17281123785017, "episode_avg_len": 15.639455782312925, "episode_std_avg_len": 1.3779915774673483, "step_rewards": -0.5064128529652531, "step_value_ests": 7.871512626715122, "step_values": -3.633788450741855, "step_td_err": 274.4974389708551}