{"dim0": -0.26666666666666666, "dim1": -0.26666666666666666, "scale": 15, "episode_rewards": -8.304311810510642, "episode_std_rewards": 0.2026076330924677, "episode_value_ests": 27.264472796078667, "episode_values": -4.139771408557578, "episode_td_err": 274.5979227072055, "episode_avg_len": 15.12447065940714, "episode_std_avg_len": 1.4445571672501263, "step_rewards": -0.5490646249722144, "step_value_ests": 27.491139538567737, "step_values": -4.0942367881774615, "step_td_err": 272.6523756428962}