{"dim0": -0.26666666666666666, "dim1": 0.9333333333333333, "scale": 15, "episode_rewards": 2.7910460073772434, "episode_std_rewards": 0.19727363854744526, "episode_value_ests": 40.77681927360208, "episode_values": 2.7845023067124597, "episode_td_err": 41.62223425737677, "episode_avg_len": 22.470733625435344, "episode_std_avg_len": 2.632440154110467, "step_rewards": 0.12420805007531971, "step_value_ests": 40.60609375823087, "step_values": 3.0208150202630755, "step_td_err": 40.55684783817917}