{"dim0": -0.26666666666666666, "dim1": 0.6, "scale": 15, "episode_rewards": -6.041726299982851, "episode_std_rewards": 0.1646657267722934, "episode_value_ests": 12.066939844715783, "episode_values": -2.3340379095604313, "episode_td_err": 250.45777226327527, "episode_avg_len": 16.26866764275256, "episode_std_avg_len": 1.155249537854015, "step_rewards": -0.37137191764282834, "step_value_ests": 12.040452050641912, "step_values": -2.334293777329971, "step_td_err": 249.29840650953943}