{"dim0": -0.26666666666666666, "dim1": -1.0, "scale": 15, "episode_rewards": -233.9061720458998, "episode_std_rewards": 0.15720654725805944, "episode_value_ests": 63.78743438754775, "episode_values": -50.68655689437081, "episode_td_err": 20.405152972134758, "episode_avg_len": 278.8342618384401, "episode_std_avg_len": 188.22168550137573, "step_rewards": -0.8388717028663709, "step_value_ests": 63.99059823242889, "step_values": -56.0240074390681, "step_td_err": 15.88167737169622}