{"dim0": -0.26666666666666666, "dim1": 0.13333333333333333, "scale": 15, "episode_rewards": 24.283863226458188, "episode_std_rewards": 0.13972934455720673, "episode_value_ests": 65.07842407876971, "episode_values": 6.33132973695388, "episode_td_err": 27.18894282507905, "episode_avg_len": 133.57438292194797, "episode_std_avg_len": 99.07659874636846, "step_rewards": 0.18180030253741145, "step_value_ests": 66.97152925063071, "step_values": 8.214720144238456, "step_td_err": 17.276858563203287}