{"dim0": -0.26666666666666666, "dim1": -0.6666666666666666, "scale": 15, "episode_rewards": -138.45295235980333, "episode_std_rewards": 0.12432526451988159, "episode_value_ests": 64.8739256012363, "episode_values": -30.786507413696235, "episode_td_err": 20.28578337235045, "episode_avg_len": 277.44521497919555, "episode_std_avg_len": 192.10858610986475, "step_rewards": -0.49902807792228576, "step_value_ests": 64.79040143705542, "step_values": -33.238831561716076, "step_td_err": 15.352914697580387}