{"dim0": -0.26666666666666666, "dim1": 0.5333333333333333, "scale": 15, "episode_rewards": 18.766146956272227, "episode_std_rewards": 0.1419681584441472, "episode_value_ests": 42.887189900731734, "episode_values": 11.339376375206212, "episode_td_err": 23.639586510605522, "episode_avg_len": 33.73368190251307, "episode_std_avg_len": 9.554298259646478, "step_rewards": 0.5563029559152332, "step_value_ests": 43.19345624351523, "step_values": 11.918312830094871, "step_td_err": 22.274731106944504}