{"dim0": -0.26666666666666666, "dim1": 0.8, "scale": 15, "episode_rewards": 5.7818575070631635, "episode_std_rewards": 0.19224024347890536, "episode_value_ests": 42.16134459268653, "episode_values": 4.523724951481907, "episode_td_err": 36.952486956486084, "episode_avg_len": 23.731608922638824, "episode_std_avg_len": 3.8929203777821377, "step_rewards": 0.24363529358296254, "step_value_ests": 42.02769548397834, "step_values": 4.856852121947996, "step_td_err": 35.97846928611592}