{"dim0": -0.26666666666666666, "dim1": -0.6, "scale": 15, "episode_rewards": -126.04515401263174, "episode_std_rewards": 0.11323279422455175, "episode_value_ests": 64.64581385342572, "episode_values": -27.96104821394562, "episode_td_err": 19.665331112217807, "episode_avg_len": 282.4076163610719, "episode_std_avg_len": 205.1252849089717, "step_rewards": -0.44632349380930597, "step_value_ests": 64.6382196091473, "step_values": -30.153352522727786, "step_td_err": 14.404689219682716}