{"dim0": -0.26666666666666666, "dim1": -0.9333333333333333, "scale": 15, "episode_rewards": -203.82638321554836, "episode_std_rewards": 0.15773515829509205, "episode_value_ests": 63.79482663020932, "episode_values": -45.81195520730239, "episode_td_err": 20.557458893905586, "episode_avg_len": 265.37931034482756, "episode_std_avg_len": 171.0739269567546, "step_rewards": -0.7680567974598366, "step_value_ests": 64.15961333409824, "step_values": -50.05911316686952, "step_td_err": 16.419560883200703}