{"dim0": -0.26666666666666666, "dim1": 0.8666666666666667, "scale": 15, "episode_rewards": -8.648668948229936, "episode_std_rewards": 0.1937431889469808, "episode_value_ests": 6.8601647759134625, "episode_values": -4.118021667379359, "episode_td_err": 275.68835947911305, "episode_avg_len": 15.460075751719874, "episode_std_avg_len": 1.3043955373448641, "step_rewards": -0.5594195712312603, "step_value_ests": 6.813687765755112, "step_values": -4.126039266146912, "step_td_err": 274.1476869177743}