{"dim0": -0.26666666666666666, "dim1": 0.6666666666666666, "scale": 15, "episode_rewards": 10.606578793245285, "episode_std_rewards": 0.1736588257139484, "episode_value_ests": 42.81069714361346, "episode_values": 7.30383459936643, "episode_td_err": 30.83717613759211, "episode_avg_len": 26.52944297082228, "episode_std_avg_len": 5.823947448312006, "step_rewards": 0.3998040518570501, "step_value_ests": 42.770215988615675, "step_values": 7.755173569386776, "step_td_err": 29.911645497301144}