{"dim0": -0.26666666666666666, "dim1": -0.7333333333333333, "scale": 15, "episode_rewards": -162.05477362485118, "episode_std_rewards": 0.13035322095060392, "episode_value_ests": 64.8833449761775, "episode_values": -34.68178288486158, "episode_td_err": 20.176838657622454, "episode_avg_len": 290.9811046511628, "episode_std_avg_len": 214.86113266249973, "step_rewards": -0.5569254189859768, "step_value_ests": 64.84816511656999, "step_values": -37.86122998301871, "step_td_err": 14.776485142791401}