{"dim0": -0.26666666666666666, "dim1": -0.7333333333333333, "scale": 15, "episode_rewards": -17.769954225595605, "episode_std_rewards": 0.23676100355670215, "episode_value_ests": 10.747535124538595, "episode_values": -8.747383518203696, "episode_td_err": 342.7149003025144, "episode_avg_len": 13.021158854166666, "episode_std_avg_len": 1.0707438568850256, "step_rewards": -1.3646983670665658, "step_value_ests": 10.664468757852203, "step_values": -8.732702774473337, "step_td_err": 341.55061549385766}