{"dim0": -0.26666666666666666, "dim1": 0.4, "scale": 15, "episode_rewards": -4.250476652475795, "episode_std_rewards": 0.16695047337648514, "episode_value_ests": 21.93897716145129, "episode_values": -0.7959065919703795, "episode_td_err": 195.09929272879126, "episode_avg_len": 17.114486181227004, "episode_std_avg_len": 1.1547802253373478, "step_rewards": -0.24835549297052056, "step_value_ests": 22.064184438166585, "step_values": -0.7570630616369013, "step_td_err": 194.13212406305095}