{"dim0": -0.26666666666666666, "dim1": -0.4, "scale": 15, "episode_rewards": -10.900541454709698, "episode_std_rewards": 0.23361314665276026, "episode_value_ests": 19.437609310868318, "episode_values": -5.41370622151778, "episode_td_err": 312.6820619772569, "episode_avg_len": 14.240797436810253, "episode_std_avg_len": 1.8022102459604725, "step_rewards": -0.7654445969811696, "step_value_ests": 19.341899581843133, "step_values": -5.3347828082046265, "step_td_err": 310.3061030878967}