{"dim0": -0.26666666666666666, "dim1": -0.3333333333333333, "scale": 15, "episode_rewards": -92.21151929218296, "episode_std_rewards": 0.09873126425400734, "episode_value_ests": 62.02667793405889, "episode_values": -17.54095435409814, "episode_td_err": 14.357267454257899, "episode_avg_len": 380.55787476280835, "episode_std_avg_len": 250.8371410266899, "step_rewards": -0.2423061652571398, "step_value_ests": 62.011380544172624, "step_values": -18.34026087064252, "step_td_err": 9.083445118881246}