{"dim0": -0.26666666666666666, "dim1": 0.06666666666666667, "scale": 15, "episode_rewards": 6.050432667160685, "episode_std_rewards": 0.15610636981480597, "episode_value_ests": 58.620120073450266, "episode_values": 2.5525247768776342, "episode_td_err": 53.17216392374618, "episode_avg_len": 54.795398520953164, "episode_std_avg_len": 31.893207873926645, "step_rewards": 0.11041862693720651, "step_value_ests": 60.99950084186809, "step_values": 3.1039580796206345, "step_td_err": 38.906144887195154}