{"dim0": -0.26666666666666666, "dim1": -0.8, "scale": 15, "episode_rewards": -176.24385179147305, "episode_std_rewards": 0.12605575557651158, "episode_value_ests": 65.11703334454916, "episode_values": -38.76146813699663, "episode_td_err": 21.2197980228873, "episode_avg_len": 276.64038727524206, "episode_std_avg_len": 190.19004290821005, "step_rewards": -0.6370864844695293, "step_value_ests": 64.95384332011476, "step_values": -42.594893484971784, "step_td_err": 16.11105548010059}