{"dim0": -0.26666666666666666, "dim1": -0.06666666666666667, "scale": 15, "episode_rewards": -39.49749319617774, "episode_std_rewards": 0.17911659782718428, "episode_value_ests": 61.014878096118785, "episode_values": -6.235625535248029, "episode_td_err": 24.169509560486944, "episode_avg_len": 521.015625, "episode_std_avg_len": 396.79134914443307, "step_rewards": -0.07580865390779354, "step_value_ests": 63.68218415141725, "step_values": -5.556972163811572, "step_td_err": 9.55964409183607}