{"dim0": -0.26666666666666666, "dim1": -0.13333333333333333, "scale": 15, "episode_rewards": -66.00106565766968, "episode_std_rewards": 0.13916401583961024, "episode_value_ests": 63.52270285743441, "episode_values": -8.481918133509744, "episode_td_err": 16.586386494547146, "episode_avg_len": 683.4232081911263, "episode_std_avg_len": 377.32894333065906, "step_rewards": -0.09657422350692517, "step_value_ests": 64.24899290502749, "step_values": -7.945799928873656, "step_td_err": 7.99013613820399}