{"dim0": -0.26666666666666666, "dim1": 0.26666666666666666, "scale": 15, "episode_rewards": -3.198429526417896, "episode_std_rewards": 0.16569101460734173, "episode_value_ests": 32.7277007491289, "episode_values": 0.29117313139011247, "episode_td_err": 124.33276301002171, "episode_avg_len": 18.38861818516135, "episode_std_avg_len": 2.6579082948350847, "step_rewards": -0.1739352840007772, "step_value_ests": 33.19790294572202, "step_values": 0.3486571476441338, "step_td_err": 121.34175149611872}