{"dim0": -0.26666666666666666, "dim1": -0.9333333333333333, "scale": 15, "episode_rewards": -21.929977303980603, "episode_std_rewards": 0.24734111886082844, "episode_value_ests": 8.885497710738928, "episode_values": -10.605561212613932, "episode_td_err": 341.25765203503533, "episode_avg_len": 12.693640517897943, "episode_std_avg_len": 0.8468016518442915, "step_rewards": -1.7276349738327228, "step_value_ests": 8.795124515564071, "step_values": -10.605457850881097, "step_td_err": 340.4662883613718}