{"dim0": -0.26666666666666666, "dim1": 0.3333333333333333, "scale": 15, "episode_rewards": -3.6616595702219468, "episode_std_rewards": 0.16822381293464167, "episode_value_ests": 27.243468066498547, "episode_values": -0.19581413596445565, "episode_td_err": 161.38966876686655, "episode_avg_len": 17.593859957776214, "episode_std_avg_len": 1.4756960041909306, "step_rewards": -0.20812144572081523, "step_value_ests": 27.50927047465882, "step_values": -0.14068559540642425, "step_td_err": 159.70126768449413}