{"dim0": -0.26666666666666666, "dim1": 0.5333333333333333, "scale": 15, "episode_rewards": -5.46509465249211, "episode_std_rewards": 0.16407700982446322, "episode_value_ests": 14.525429886472931, "episode_values": -1.872040015104895, "episode_td_err": 241.28845582114914, "episode_avg_len": 16.546785802928767, "episode_std_avg_len": 1.2346615853947818, "step_rewards": -0.3302813439166411, "step_value_ests": 14.487326461073668, "step_values": -1.8617871370778616, "step_td_err": 240.13801918920166}