{"dim0": -0.26666666666666666, "dim1": 0.7333333333333333, "scale": 15, "episode_rewards": -7.22151214074714, "episode_std_rewards": 0.17696030781087832, "episode_value_ests": 8.988616262275473, "episode_values": -3.1839958493583764, "episode_td_err": 266.5431739442219, "episode_avg_len": 15.821389020724569, "episode_std_avg_len": 1.243578551365087, "step_rewards": -0.45643983162841273, "step_value_ests": 8.94243855597434, "step_values": -3.189506196285504, "step_td_err": 265.16418034874994}