{"dim0": -0.26666666666666666, "dim1": 0.06666666666666667, "scale": 15, "episode_rewards": -7.13806094693459, "episode_std_rewards": 0.185145066859212, "episode_value_ests": 47.84924931509788, "episode_values": -1.8216287405960419, "episode_td_err": 56.070174261680734, "episode_avg_len": 55.37005258787711, "episode_std_avg_len": 62.210027554116834, "step_rewards": -0.1289155529626031, "step_value_ests": 53.42205498196542, "step_values": -2.614610841677489, "step_td_err": 32.25722277021797}