{"dim0": -0.26666666666666666, "dim1": 0.7333333333333333, "scale": 15, "episode_rewards": 7.8702133699192425, "episode_std_rewards": 0.185887260676195, "episode_value_ests": 42.66317102175393, "episode_values": 5.75426767799434, "episode_td_err": 34.2162559373342, "episode_avg_len": 24.83571339873339, "episode_std_avg_len": 4.765344920352018, "step_rewards": 0.31689097243007397, "step_value_ests": 42.550796591306394, "step_values": 6.1504714756749035, "step_td_err": 33.34884142124213}