{"dim0": -0.26666666666666666, "dim1": 0.4, "scale": 15, "episode_rewards": 32.39850681572595, "episode_std_rewards": 0.12433189489221654, "episode_value_ests": 44.87192276637347, "episode_values": 16.00782225398712, "episode_td_err": 12.807766473298726, "episode_avg_len": 54.332699619771866, "episode_std_avg_len": 21.33733255865342, "step_rewards": 0.5962984913772998, "step_value_ests": 45.892749240683685, "step_values": 16.850510380440728, "step_td_err": 10.815416174694288}