{"dim0": -0.26666666666666666, "dim1": -1.0, "scale": 15, "episode_rewards": -23.431148572885107, "episode_std_rewards": 0.2510790538458192, "episode_value_ests": 8.645900252416256, "episode_values": -11.344338629301195, "episode_td_err": 338.6885733162356, "episode_avg_len": 12.56975867269985, "episode_std_avg_len": 0.9283862058925433, "step_rewards": -1.8640889760099386, "step_value_ests": 8.53557453617818, "step_values": -11.346447908513932, "step_td_err": 337.6663697270218}