{"dim0": -0.26666666666666666, "dim1": 0.4666666666666667, "scale": 15, "episode_rewards": -4.853230722071284, "episode_std_rewards": 0.1646973189219621, "episode_value_ests": 17.814389902053914, "episode_values": -1.3644693177377942, "episode_td_err": 220.6755053696749, "episode_avg_len": 16.80889150348769, "episode_std_avg_len": 1.135548908480301, "step_rewards": -0.28872996896102776, "step_value_ests": 17.842464531085582, "step_values": -1.3434210705769798, "step_td_err": 219.83092690405218}