{"dim0": -0.26666666666666666, "dim1": -0.8, "scale": 15, "episode_rewards": -19.078176058480697, "episode_std_rewards": 0.2364236568382777, "episode_value_ests": 9.872568944127769, "episode_values": -9.307106626369462, "episode_td_err": 343.01969454950694, "episode_avg_len": 12.911432444645278, "episode_std_avg_len": 0.9459092916187307, "step_rewards": -1.4776188575724558, "step_value_ests": 9.791149147513957, "step_values": -9.300652357921509, "step_td_err": 342.0188983761733}