{"dim0": -0.26666666666666666, "dim1": 0.2, "scale": 15, "episode_rewards": -3.171245884726479, "episode_std_rewards": 0.16599904466648122, "episode_value_ests": 38.180252336626396, "episode_values": 0.4183239212498811, "episode_td_err": 94.1934166044596, "episode_avg_len": 20.338417734390887, "episode_std_avg_len": 6.695745098055613, "step_rewards": -0.15592392319507317, "step_value_ests": 39.15686943765565, "step_values": 0.4689694899036969, "step_td_err": 87.76934960212418}