{"dim0": -0.26666666666666666, "dim1": -0.3333333333333333, "scale": 15, "episode_rewards": -9.572616066683432, "episode_std_rewards": 0.21636401718415213, "episode_value_ests": 22.837832462589617, "episode_values": -4.765166690538469, "episode_td_err": 297.95662959831225, "episode_avg_len": 14.610490174592739, "episode_std_avg_len": 1.6523189930247246, "step_rewards": -0.6551878788659645, "step_value_ests": 22.885289982605194, "step_values": -4.689424727954676, "step_td_err": 295.9534911426715}