{"dim0": -0.26666666666666666, "dim1": 0.4666666666666667, "scale": 15, "episode_rewards": 24.46300952759575, "episode_std_rewards": 0.12499497780563006, "episode_value_ests": 43.44687479644158, "episode_values": 13.620372105271535, "episode_td_err": 18.81560931752006, "episode_avg_len": 40.69643947100712, "episode_std_avg_len": 12.543207827441478, "step_rewards": 0.6011093315675353, "step_value_ests": 44.02543107309969, "step_values": 14.218954095363404, "step_td_err": 16.988021917099285}