{"dim0": -0.26666666666666666, "dim1": -0.5333333333333333, "scale": 15, "episode_rewards": -112.40730439990449, "episode_std_rewards": 0.10946069547408596, "episode_value_ests": 64.33445169113537, "episode_values": -24.719511776344625, "episode_td_err": 18.589220707032997, "episode_avg_len": 290.4702467343977, "episode_std_avg_len": 205.41685339221524, "step_rewards": -0.386983884455086, "step_value_ests": 64.22966000045413, "step_values": -26.379322971884246, "step_td_err": 13.46567530718413}