{"dim0": -0.26666666666666666, "dim1": -0.4666666666666667, "scale": 15, "episode_rewards": -12.346736913463952, "episode_std_rewards": 0.24230826505696187, "episode_value_ests": 16.5969452490731, "episode_values": -6.137561798234591, "episode_td_err": 323.9583211623087, "episode_avg_len": 13.901855842079655, "episode_std_avg_len": 1.8586197186535784, "step_rewards": -0.8881358757937555, "step_value_ests": 16.427141130782342, "step_values": -6.064000091867464, "step_td_err": 320.823770651205}