{"dim0": -0.26666666666666666, "dim1": 0.8666666666666667, "scale": 15, "episode_rewards": 4.150506067224931, "episode_std_rewards": 0.1971393592406469, "episode_value_ests": 41.575606422487475, "episode_values": 3.568641557422356, "episode_td_err": 39.81298686231297, "episode_avg_len": 22.966701113790332, "episode_std_avg_len": 3.0809930974117967, "step_rewards": 0.18071842563113097, "step_value_ests": 41.41842045665578, "step_values": 3.846871770955539, "step_td_err": 38.7177168384038}