{"dim0": -0.26666666666666666, "dim1": -0.5333333333333333, "scale": 15, "episode_rewards": -13.647511442980901, "episode_std_rewards": 0.25080132003768046, "episode_value_ests": 14.685979315423308, "episode_values": -6.756494371747453, "episode_td_err": 324.7179507352591, "episode_avg_len": 13.699568463593398, "episode_std_avg_len": 2.2829852978242227, "step_rewards": -0.996200097780391, "step_value_ests": 14.428313163611143, "step_values": -6.648079249425383, "step_td_err": 320.75338710518656}