{"dim0": -0.26666666666666666, "dim1": -0.13333333333333333, "scale": 15, "episode_rewards": -5.02755453377915, "episode_std_rewards": 0.19842552581982187, "episode_value_ests": 39.52229945008436, "episode_values": -2.2455708278600106, "episode_td_err": 192.88287738508058, "episode_avg_len": 17.47989861912253, "episode_std_avg_len": 4.010189310767974, "step_rewards": -0.28761920439739525, "step_value_ests": 40.220444035233115, "step_values": -2.2480428297324595, "step_td_err": 186.26212739270505}