{"dim0": -0.26666666666666666, "dim1": 0.9333333333333333, "scale": 15, "episode_rewards": -9.536871883509901, "episode_std_rewards": 0.205694858427557, "episode_value_ests": 5.936624841633982, "episode_values": -4.6460709987851665, "episode_td_err": 278.53942553587245, "episode_avg_len": 15.31745423910546, "episode_std_avg_len": 1.3463293068012119, "step_rewards": -0.622614680914944, "step_value_ests": 5.895990403310955, "step_values": -4.651360573917584, "step_td_err": 276.8593650021013}