{"dim0": -0.3333333333333333, "dim1": 0.06666666666666667, "scale": 15, "episode_rewards": -8.192266107406942, "episode_std_rewards": 0.185455749109082, "episode_value_ests": 44.039071341529954, "episode_values": -1.9741697244281482, "episode_td_err": 73.83205083024555, "episode_avg_len": 28.820317002881843, "episode_std_avg_len": 22.590212792723904, "step_rewards": -0.2842531574717852, "step_value_ests": 46.608649685530615, "step_values": -2.696652529853728, "step_td_err": 57.851679317089335}