{"dim0": -0.3333333333333333, "dim1": -0.26666666666666666, "scale": 15, "episode_rewards": -79.81596337522376, "episode_std_rewards": 0.12083236870478338, "episode_value_ests": 55.723875930863876, "episode_values": -18.025583108971695, "episode_td_err": 18.3609050383968, "episode_avg_len": 252.10705289672543, "episode_std_avg_len": 184.65513468728008, "step_rewards": -0.3165955194752922, "step_value_ests": 54.73371505104314, "step_values": -20.772635018726866, "step_td_err": 12.465581153441363}