{"dim0": -0.3333333333333333, "dim1": -1.0, "scale": 15, "episode_rewards": -25.007363053016306, "episode_std_rewards": 0.2514107156345825, "episode_value_ests": 8.468443296507907, "episode_values": -12.149932029254023, "episode_td_err": 342.0883774711029, "episode_avg_len": 12.441465538691217, "episode_std_avg_len": 0.8081723300434134, "step_rewards": -2.0100013921388045, "step_value_ests": 8.370105892992292, "step_values": -12.153722878354303, "step_td_err": 341.27859744229227}