{"dim0": -0.3333333333333333, "dim1": -0.4666666666666667, "scale": 15, "episode_rewards": -82.07634382763548, "episode_std_rewards": 0.11115298885548015, "episode_value_ests": 59.29668657653679, "episode_values": -22.986157297238744, "episode_td_err": 18.391564677060888, "episode_avg_len": 185.29814814814816, "episode_std_avg_len": 81.98382855611705, "step_rewards": -0.4429420620114046, "step_value_ests": 59.43232976221678, "step_values": -24.048502686686938, "step_td_err": 15.392729599047788}