{"dim0": -0.3333333333333333, "dim1": 0.3333333333333333, "scale": 15, "episode_rewards": -5.437306980943032, "episode_std_rewards": 0.16745122182452885, "episode_value_ests": 24.47335620059211, "episode_values": -1.1383012106016535, "episode_td_err": 174.03802117381989, "episode_avg_len": 17.036626916524703, "episode_std_avg_len": 1.157018815981896, "step_rewards": -0.31915396208325186, "step_value_ests": 24.584948388374862, "step_values": -1.0904340811564717, "step_td_err": 173.14733267182447}