{"dim0": -0.3333333333333333, "dim1": -0.6666666666666666, "scale": 15, "episode_rewards": -118.37498984146248, "episode_std_rewards": 0.11051662880873503, "episode_value_ests": 61.4482651958967, "episode_values": -32.23129749464282, "episode_td_err": 20.485136888456474, "episode_avg_len": 190.7492850333651, "episode_std_avg_len": 99.29113417136982, "step_rewards": -0.6205789438254344, "step_value_ests": 61.71395391199542, "step_values": -34.38044093437625, "step_td_err": 17.3215089397539}