{"dim0": -0.3333333333333333, "dim1": 0.8666666666666667, "scale": 15, "episode_rewards": -9.452152145528354, "episode_std_rewards": 0.19366758105416887, "episode_value_ests": 7.5074988748726295, "episode_values": -4.510620946976583, "episode_td_err": 284.4221738121274, "episode_avg_len": 15.360187389601412, "episode_std_avg_len": 1.302574092331827, "step_rewards": -0.615366981260092, "step_value_ests": 7.456958457122239, "step_values": -4.513024517740507, "step_td_err": 282.7652424952989}