{"dim0": -0.3333333333333333, "dim1": 0.8666666666666667, "scale": 15, "episode_rewards": 5.84148241699061, "episode_std_rewards": 0.18859518200119357, "episode_value_ests": 42.107073477410566, "episode_values": 4.572996785262434, "episode_td_err": 36.219828628819606, "episode_avg_len": 23.75579047392802, "episode_std_avg_len": 4.018396720124626, "step_rewards": 0.2458972023432197, "step_value_ests": 41.98185479075193, "step_values": 4.891604899027133, "step_td_err": 35.48942515561317}