{"dim0": -0.3333333333333333, "dim1": -0.2, "scale": 15, "episode_rewards": -8.218870417046283, "episode_std_rewards": 0.20208991256525974, "episode_value_ests": 27.46726624099176, "episode_values": -4.070346518446197, "episode_td_err": 270.9941302266453, "episode_avg_len": 15.14371166805482, "episode_std_avg_len": 1.500693543863712, "step_rewards": -0.5427249671151446, "step_value_ests": 27.677537131235034, "step_values": -4.019621639383372, "step_td_err": 269.01342636744454}