{"dim0": -0.3333333333333333, "dim1": 0.5333333333333333, "scale": 15, "episode_rewards": -6.678788655965443, "episode_std_rewards": 0.16018145891205254, "episode_value_ests": 14.040525254493142, "episode_values": -2.4607784081616257, "episode_td_err": 246.87624675741253, "episode_avg_len": 16.24537037037037, "episode_std_avg_len": 1.090143391766727, "step_rewards": -0.4111195068932846, "step_value_ests": 13.99382621838429, "step_values": -2.4575327238591163, "step_td_err": 245.77558802359704}