{"dim0": -0.3333333333333333, "dim1": -0.6666666666666666, "scale": 15, "episode_rewards": -17.86825933598187, "episode_std_rewards": 0.23823888558239198, "episode_value_ests": 10.662375052840613, "episode_values": -8.827713835778312, "episode_td_err": 351.9888075532321, "episode_avg_len": 12.989089492141837, "episode_std_avg_len": 0.8497368248052126, "step_rewards": -1.3756360171967283, "step_value_ests": 10.602096000171487, "step_values": -8.82161073691355, "step_td_err": 351.129966501243}