{"dim0": -0.3333333333333333, "dim1": 0.9333333333333333, "scale": 15, "episode_rewards": -10.313138150577958, "episode_std_rewards": 0.20289191290420502, "episode_value_ests": 6.666647658086629, "episode_values": -5.046025283757703, "episode_td_err": 285.94662984766336, "episode_avg_len": 15.241960067062948, "episode_std_avg_len": 1.411483613792203, "step_rewards": -0.6766280783574609, "step_value_ests": 6.609047210440034, "step_values": -5.044596554083876, "step_td_err": 284.1289249522803}