{"dim0": -0.3333333333333333, "dim1": -0.06666666666666667, "scale": 15, "episode_rewards": -4.967210184790139, "episode_std_rewards": 0.1959956712690605, "episode_value_ests": 39.473518422149574, "episode_values": -2.184829289886027, "episode_td_err": 191.81871888965495, "episode_avg_len": 17.48042300297151, "episode_std_avg_len": 4.037796809182992, "step_rewards": -0.28415846595621624, "step_value_ests": 40.19938784123743, "step_values": -2.1883905864217352, "step_td_err": 185.27467760193545}