{"dim0": -0.3333333333333333, "dim1": -0.7333333333333333, "scale": 15, "episode_rewards": -134.38499243614316, "episode_std_rewards": 0.09934170701803721, "episode_value_ests": 62.37171564747032, "episode_values": -36.16775786803587, "episode_td_err": 20.92624799401919, "episode_avg_len": 196.74926253687315, "episode_std_avg_len": 103.55863278706681, "step_rewards": -0.6830266640057053, "step_value_ests": 62.529504108678225, "step_values": -38.29381326022532, "step_td_err": 18.066475716902534}