{"dim0": -0.3333333333333333, "dim1": 0.26666666666666666, "scale": 15, "episode_rewards": 201.00706911452136, "episode_std_rewards": 0.1177499175285969, "episode_value_ests": 68.87715818103989, "episode_values": 23.88777698013801, "episode_td_err": 10.174346789751597, "episode_avg_len": 587.3782991202346, "episode_std_avg_len": 341.62276273945866, "step_rewards": 0.3422105811801123, "step_value_ests": 70.16147196037164, "step_values": 28.5602600476274, "step_td_err": 6.3666355383211295}