{"dim0": -0.3333333333333333, "dim1": -0.8666666666666667, "scale": 15, "episode_rewards": -21.972921825390422, "episode_std_rewards": 0.24596127722889227, "episode_value_ests": 8.781620427251054, "episode_values": -10.666673851184543, "episode_td_err": 346.6016146960414, "episode_avg_len": 12.689062301738359, "episode_std_avg_len": 0.8378608518460519, "step_rewards": -1.7316426779920693, "step_value_ests": 8.686929421942846, "step_values": -10.666522112144287, "step_td_err": 345.72536732086735}