{"dim0": -0.3333333333333333, "dim1": 0.6, "scale": 15, "episode_rewards": 18.68581166503304, "episode_std_rewards": 0.14613657411783518, "episode_value_ests": 42.90546461687959, "episode_values": 11.312076390913028, "episode_td_err": 23.75859193029341, "episode_avg_len": 33.752278096523796, "episode_std_avg_len": 9.805881202122249, "step_rewards": 0.5536163103301025, "step_value_ests": 43.229761627674016, "step_values": 11.896443128603742, "step_td_err": 22.297675821921658}