{"dim0": -0.3333333333333333, "dim1": -0.8666666666666667, "scale": 15, "episode_rewards": -158.67321388537448, "episode_std_rewards": 0.12370851650678033, "episode_value_ests": 62.531594712310444, "episode_values": -43.11980282852912, "episode_td_err": 22.811365971207458, "episode_avg_len": 190.62285714285716, "episode_std_avg_len": 95.19222983210429, "step_rewards": -0.8323934299571489, "step_value_ests": 62.884523567874695, "step_values": -45.94457971611029, "step_td_err": 19.831626681459934}