{"dim0": -0.3333333333333333, "dim1": -0.3333333333333333, "scale": 15, "episode_rewards": -72.1232393886212, "episode_std_rewards": 0.10960688777350126, "episode_value_ests": 56.92426940401123, "episode_values": -18.99923220752576, "episode_td_err": 17.45543223248134, "episode_avg_len": 205.01434426229508, "episode_std_avg_len": 109.74238555674268, "step_rewards": -0.35179606406636027, "step_value_ests": 56.44908934886132, "step_values": -20.459217956048775, "step_td_err": 13.429816195098084}