{"dim0": -0.3333333333333333, "dim1": -0.5333333333333333, "scale": 15, "episode_rewards": -91.91880211339108, "episode_std_rewards": 0.10454914741520818, "episode_value_ests": 60.16371346466477, "episode_values": -25.81354094535103, "episode_td_err": 19.033422609459436, "episode_avg_len": 182.9177330895795, "episode_std_avg_len": 85.57820651074684, "step_rewards": -0.5025144394741438, "step_value_ests": 60.46419180314051, "step_values": -27.10305447129522, "step_td_err": 16.277957683749303}