{"dim0": -0.3333333333333333, "dim1": -0.5333333333333333, "scale": 15, "episode_rewards": -15.173711374448306, "episode_std_rewards": 0.2462898879079861, "episode_value_ests": 13.020273301568889, "episode_values": -7.568547862342117, "episode_td_err": 341.5488117202261, "episode_avg_len": 13.362239444147514, "episode_std_avg_len": 1.5479581241787934, "step_rewards": -1.135566492268943, "step_value_ests": 12.871710542529563, "step_values": -7.530276516390524, "step_td_err": 339.0601297944612}