{"dim0": -0.3333333333333333, "dim1": -0.4666666666666667, "scale": 15, "episode_rewards": -13.744024281705903, "episode_std_rewards": 0.24939870017539612, "episode_value_ests": 14.504864567050445, "episode_values": -6.842208119150938, "episode_td_err": 332.8830526698106, "episode_avg_len": 13.659814233028275, "episode_std_avg_len": 1.972224399436226, "step_rewards": -1.0061648018956226, "step_value_ests": 14.294073969189672, "step_values": -6.764713821321002, "step_td_err": 329.3001672887865}