{"dim0": -0.3333333333333333, "dim1": 0.3333333333333333, "scale": 15, "episode_rewards": 238.57702520888566, "episode_std_rewards": 0.14138277153108963, "episode_value_ests": 58.7404684517365, "episode_values": 30.35071141387861, "episode_td_err": 6.456615460368709, "episode_avg_len": 507.1949367088608, "episode_std_avg_len": 425.9694289555799, "step_rewards": 0.47038526598271874, "step_value_ests": 66.9280167578124, "step_values": 39.48425738123056, "step_td_err": 5.356915720820952}