{"dim0": -0.3333333333333333, "dim1": 0.0, "scale": 15, "episode_rewards": -2.87506514496546, "episode_std_rewards": 0.18823730006464656, "episode_value_ests": 46.01540790023816, "episode_values": -0.9557128540859283, "episode_td_err": 140.49367549904122, "episode_avg_len": 21.42635243706481, "episode_std_avg_len": 8.801769294919875, "step_rewards": -0.1341836018711225, "step_value_ests": 47.15546351570644, "step_values": -0.948202542157501, "step_td_err": 128.33224108660866}