{"dim0": -0.3333333333333333, "dim1": 1.0, "scale": 15, "episode_rewards": -11.273524581256014, "episode_std_rewards": 0.22057701237913918, "episode_value_ests": 5.935388158679232, "episode_values": -5.6346012384066855, "episode_td_err": 286.7911535735015, "episode_avg_len": 15.129273827534039, "episode_std_avg_len": 1.4196074287619416, "step_rewards": -0.745146443231077, "step_value_ests": 5.881985166352152, "step_values": -5.633902053311211, "step_td_err": 284.9036658807127}