{"dim0": -0.3333333333333333, "dim1": -0.13333333333333333, "scale": 15, "episode_rewards": -67.87855952019355, "episode_std_rewards": 0.17249001735972355, "episode_value_ests": 55.32300687369784, "episode_values": -13.710411544731533, "episode_td_err": 27.22207364518492, "episode_avg_len": 291.1484716157205, "episode_std_avg_len": 266.8721756945896, "step_rewards": -0.23314070358502426, "step_value_ests": 56.03502267243002, "step_values": -16.17865784797318, "step_td_err": 13.478165012102899}