{"dim0": -0.3333333333333333, "dim1": -0.9333333333333333, "scale": 15, "episode_rewards": -23.378513194667708, "episode_std_rewards": 0.24822618569811647, "episode_value_ests": 8.660895616747437, "episode_values": -11.309578743963884, "episode_td_err": 337.9350514986353, "episode_avg_len": 12.569983030607755, "episode_std_avg_len": 0.862555799592766, "step_rewards": -1.8598683178602, "step_value_ests": 8.562235990815712, "step_values": -11.312073240380903, "step_td_err": 337.07501857363997}