{"dim0": -0.3333333333333333, "dim1": 1.0, "scale": 15, "episode_rewards": 2.7966614802543632, "episode_std_rewards": 0.19478569218252761, "episode_value_ests": 40.82150379971221, "episode_values": 2.791116074236068, "episode_td_err": 41.782234926503435, "episode_avg_len": 22.45766898719964, "episode_std_avg_len": 2.6000427799727746, "step_rewards": 0.12453035450154673, "step_value_ests": 40.6495541927606, "step_values": 3.0183401576231903, "step_td_err": 40.648745741170266}