{"dim0": -0.3333333333333333, "dim1": -0.3333333333333333, "scale": 15, "episode_rewards": -10.75978017949719, "episode_std_rewards": 0.23033461846667913, "episode_value_ests": 19.479238905446017, "episode_values": -5.298302028199055, "episode_td_err": 308.04901074388243, "episode_avg_len": 14.262354702987949, "episode_std_avg_len": 2.1026193504540025, "step_rewards": -0.7544182151943696, "step_value_ests": 19.390506482488778, "step_values": -5.186012291643477, "step_td_err": 305.6130398200118}