{"dim0": -0.3333333333333333, "dim1": -1.0, "scale": 15, "episode_rewards": -207.89455870535613, "episode_std_rewards": 0.11610403593970675, "episode_value_ests": 63.42740921006186, "episode_values": -52.84086162289666, "episode_td_err": 23.071381399937902, "episode_avg_len": 214.29135538954108, "episode_std_avg_len": 132.4969279762223, "step_rewards": -0.9701490679707692, "step_value_ests": 63.61053171100711, "step_values": -57.306787562412765, "step_td_err": 19.20092587918072}