{"dim0": -0.3333333333333333, "dim1": 0.4, "scale": 15, "episode_rewards": 46.85767084830763, "episode_std_rewards": 0.12120988102190092, "episode_value_ests": 47.12785047551974, "episode_values": 18.890411656229688, "episode_td_err": 7.052806271845942, "episode_avg_len": 87.05134899912967, "episode_std_avg_len": 44.97134732722194, "step_rewards": 0.5382762172792532, "step_value_ests": 48.810138389252174, "step_values": 20.468648808341484, "step_td_err": 5.697795381075129}