{"dim0": -0.3333333333333333, "dim1": 0.5333333333333333, "scale": 15, "episode_rewards": 24.354623552651546, "episode_std_rewards": 0.1307097342645353, "episode_value_ests": 43.488858269899325, "episode_values": 13.56931295425838, "episode_td_err": 18.90612183027651, "episode_avg_len": 40.86779730281978, "episode_std_avg_len": 13.558372981391177, "step_rewards": 0.5959367805460642, "step_value_ests": 44.088927556569345, "step_values": 14.16378653678426, "step_td_err": 17.099103949252275}