{"dim0": -0.3333333333333333, "dim1": 0.13333333333333333, "scale": 15, "episode_rewards": 6.247043338099381, "episode_std_rewards": 0.15095856939433816, "episode_value_ests": 58.99836323213785, "episode_values": 2.6143774077204727, "episode_td_err": 51.270334036041746, "episode_avg_len": 55.89354568315172, "episode_std_avg_len": 32.65468889142103, "step_rewards": 0.11176681067099416, "step_value_ests": 61.2497784902564, "step_values": 3.166936508326143, "step_td_err": 38.20818808172706}