{"dim0": -0.3333333333333333, "dim1": -0.2, "scale": 15, "episode_rewards": -83.68371327431073, "episode_std_rewards": 0.14324111911376453, "episode_value_ests": 55.86134678265058, "episode_values": -16.691233637467658, "episode_td_err": 21.556544065380894, "episode_avg_len": 303.3358547655068, "episode_std_avg_len": 246.54729054565578, "step_rewards": -0.27587808021904386, "step_value_ests": 54.73073847322838, "step_values": -19.510529523933897, "step_td_err": 12.711838362080517}