{"dim0": -0.3333333333333333, "dim1": -0.8, "scale": 15, "episode_rewards": -150.40864350168516, "episode_std_rewards": 0.10121721971165186, "episode_value_ests": 62.536892417453664, "episode_values": -40.01112307907912, "episode_td_err": 21.17176597111148, "episode_avg_len": 199.9000999000999, "episode_std_avg_len": 105.79183379586591, "step_rewards": -0.752419051200334, "step_value_ests": 62.66323861657471, "step_values": -42.62454559146448, "step_td_err": 18.164354938082948}