{"dim0": -0.3333333333333333, "dim1": 0.4666666666666667, "scale": 15, "episode_rewards": -6.206739744503508, "episode_std_rewards": 0.15891422382599002, "episode_value_ests": 16.708948055141345, "episode_values": -2.0389417528535216, "episode_td_err": 231.53562889123256, "episode_avg_len": 16.471135633698427, "episode_std_avg_len": 1.0907754472430464, "step_rewards": -0.3768252464514402, "step_value_ests": 16.6734525643643, "step_values": -2.0256773047270764, "step_td_err": 230.60272827217196}