{"dim0": -0.3333333333333333, "dim1": 0.8, "scale": 15, "episode_rewards": 7.887995943030933, "episode_std_rewards": 0.18484943146916857, "episode_value_ests": 42.66352873887071, "episode_values": 5.766171988415914, "episode_td_err": 33.92022145154871, "episode_avg_len": 24.865738438587766, "episode_std_avg_len": 4.671972217916321, "step_rewards": 0.31722347448125604, "step_value_ests": 42.565529021143064, "step_values": 6.158909424222788, "step_td_err": 33.099867981136214}