{"dim0": -0.3333333333333333, "dim1": -0.6, "scale": 15, "episode_rewards": -16.543249347293408, "episode_std_rewards": 0.24301538094433636, "episode_value_ests": 11.7284114188216, "episode_values": -8.225146762195337, "episode_td_err": 347.96706814690776, "episode_avg_len": 13.160415844190025, "episode_std_avg_len": 1.338559950325298, "step_rewards": -1.257046095135118, "step_value_ests": 11.61533994088956, "step_values": -8.203554418135099, "step_td_err": 346.1219300742254}