{"dim0": -0.3333333333333333, "dim1": -0.26666666666666666, "scale": 15, "episode_rewards": -9.55974273252472, "episode_std_rewards": 0.21577501786750583, "episode_value_ests": 22.773542408635084, "episode_values": -4.757354213599898, "episode_td_err": 298.48325185497237, "episode_avg_len": 14.59244126659857, "episode_std_avg_len": 1.497246290767863, "step_rewards": -0.6551160671385763, "step_value_ests": 22.830071440708064, "step_values": -4.697236864054272, "step_td_err": 296.62204151721596}