{"dim0": -0.3333333333333333, "dim1": 0.6, "scale": 15, "episode_rewards": -7.031764730274484, "episode_std_rewards": 0.16248507411465082, "episode_value_ests": 12.103890671787031, "episode_values": -2.7903262777284388, "episode_td_err": 257.5831647213304, "episode_avg_len": 16.037527062785664, "episode_std_avg_len": 1.0524089207594027, "step_rewards": -0.43845692061785313, "step_value_ests": 12.063696671182143, "step_values": -2.7932550974740065, "step_td_err": 256.42163467806785}