{"dim0": -0.3333333333333333, "dim1": 0.2, "scale": 15, "episode_rewards": -5.0315624116455995, "episode_std_rewards": 0.16958591701028286, "episode_value_ests": 34.62528042623052, "episode_values": -0.3814167913342039, "episode_td_err": 109.09816906148019, "episode_avg_len": 18.321058898964917, "episode_std_avg_len": 2.7737117755368454, "step_rewards": -0.27463272943955586, "step_value_ests": 35.164955342041715, "step_values": -0.3310594827639387, "step_td_err": 106.80829397436223}