{"dim0": -0.3333333333333333, "dim1": 0.4, "scale": 15, "episode_rewards": -5.832605097657734, "episode_std_rewards": 0.15972598937391236, "episode_value_ests": 20.18924371309156, "episode_values": -1.6087593470398003, "episode_td_err": 204.89100119866077, "episode_avg_len": 16.730572982015893, "episode_std_avg_len": 1.110204203321076, "step_rewards": -0.3486195663428471, "step_value_ests": 20.200571578755437, "step_values": -1.5784044258923555, "step_td_err": 204.18775386420802}