{"dim0": -0.3333333333333333, "dim1": -0.4, "scale": 15, "episode_rewards": -75.85160757655741, "episode_std_rewards": 0.09760363920146325, "episode_value_ests": 57.884830158503426, "episode_values": -20.88329251272134, "episode_td_err": 16.830085957290358, "episode_avg_len": 191.1222540592168, "episode_std_avg_len": 86.06604575876915, "step_rewards": -0.39687480638992334, "step_value_ests": 57.81556104773307, "step_values": -21.90671241140532, "step_td_err": 14.046583176352922}