{"dim0": -0.3333333333333333, "dim1": -0.6, "scale": 15, "episode_rewards": -102.66278687283481, "episode_std_rewards": 0.11573007328205621, "episode_value_ests": 60.55078669016915, "episode_values": -28.60344309954046, "episode_td_err": 19.868202796837203, "episode_avg_len": 182.38286235186874, "episode_std_avg_len": 93.81775617913156, "step_rewards": -0.5628971140652949, "step_value_ests": 60.91799503407775, "step_values": -30.267441252247643, "step_td_err": 16.936643555748788}