{"dim0": -0.3333333333333333, "dim1": 0.9333333333333333, "scale": 15, "episode_rewards": 4.205165838909742, "episode_std_rewards": 0.1960652764616149, "episode_value_ests": 41.56947252136476, "episode_values": 3.612364706237766, "episode_td_err": 39.633736599529755, "episode_avg_len": 23.00345025876941, "episode_std_avg_len": 3.093890109281173, "step_rewards": 0.18280587440602059, "step_value_ests": 41.413071613026226, "step_values": 3.8911157201141533, "step_td_err": 38.53651479094145}