{"dim0": -0.3333333333333333, "dim1": -0.8, "scale": 15, "episode_rewards": -20.56130087779605, "episode_std_rewards": 0.24001451278968944, "episode_value_ests": 9.192830015205908, "episode_values": -10.012222595346792, "episode_td_err": 349.7131171187121, "episode_avg_len": 12.798745760542651, "episode_std_avg_len": 0.8175169722580894, "step_rewards": -1.60650904881513, "step_value_ests": 9.111992865569748, "step_values": -10.013059630416144, "step_td_err": 348.9398181080404}