{"dim0": -0.3333333333333333, "dim1": -0.06666666666666667, "scale": 15, "episode_rewards": -36.538000387046296, "episode_std_rewards": 0.22012708721452806, "episode_value_ests": 52.711052897683494, "episode_values": -9.419199675622098, "episode_td_err": 41.87895711006539, "episode_avg_len": 168.05527638190955, "episode_std_avg_len": 185.58324546715673, "step_rewards": -0.21741656182227112, "step_value_ests": 56.18809873969024, "step_values": -12.144299799352902, "step_td_err": 17.910315107327094}