{"dim0": -0.3333333333333333, "dim1": 0.26666666666666666, "scale": 15, "episode_rewards": -5.111633021673619, "episode_std_rewards": 0.16784553249068956, "episode_value_ests": 29.438325247350537, "episode_values": -0.6617555020648879, "episode_td_err": 139.00440233259627, "episode_avg_len": 17.502756629036494, "episode_std_avg_len": 1.437555974572285, "step_rewards": -0.29204731174708726, "step_value_ests": 29.699761038263635, "step_values": -0.6035966123166144, "step_td_err": 137.75227563916297}