{"dim0": -0.3333333333333333, "dim1": 0.7333333333333333, "scale": 15, "episode_rewards": 10.48146874892038, "episode_std_rewards": 0.17499776117258736, "episode_value_ests": 42.85000088531786, "episode_values": 7.239537369784791, "episode_td_err": 31.11354304582354, "episode_avg_len": 26.498940116587175, "episode_std_avg_len": 5.951257048378387, "step_rewards": 0.39554294257827466, "step_value_ests": 42.79866348836363, "step_values": 7.697192812532044, "step_td_err": 30.13931923041043}