{"dim0": -0.3333333333333333, "dim1": 0.2, "scale": 15, "episode_rewards": 24.01589604697608, "episode_std_rewards": 0.14440705290143704, "episode_value_ests": 65.01318503235649, "episode_values": 6.156892600063463, "episode_td_err": 26.70349313630071, "episode_avg_len": 136.4816076294278, "episode_std_avg_len": 100.40018191321029, "step_rewards": 0.17596434028080601, "step_value_ests": 66.8731056304469, "step_values": 8.012231132591362, "step_td_err": 17.430933921566137}