{"dim0": -0.3333333333333333, "dim1": 0.8, "scale": 15, "episode_rewards": -8.709848872237952, "episode_std_rewards": 0.1837666289567849, "episode_value_ests": 8.304042121692376, "episode_values": -4.012127042988588, "episode_td_err": 278.03757297885613, "episode_avg_len": 15.473154881633915, "episode_std_avg_len": 1.132358675867702, "step_rewards": -0.5629006455933709, "step_value_ests": 8.26941075388984, "step_values": -4.018377367108839, "step_td_err": 276.72771300623896}