{"dim0": -0.3333333333333333, "dim1": 0.0, "scale": 15, "episode_rewards": -15.79075487364036, "episode_std_rewards": 0.19396698857358144, "episode_value_ests": 48.54552570686704, "episode_values": -4.972955901202291, "episode_td_err": 57.14811911634968, "episode_avg_len": 66.38499834052439, "episode_std_avg_len": 70.62426441977325, "step_rewards": -0.23786631420311374, "step_value_ests": 53.12596602366287, "step_values": -7.161221682700958, "step_td_err": 30.719637986200578}