{"dim0": -0.3333333333333333, "dim1": 0.4666666666666667, "scale": 15, "episode_rewards": 32.448445856973045, "episode_std_rewards": 0.12161746560509058, "episode_value_ests": 44.803619661861916, "episode_values": 16.01967474770548, "episode_td_err": 12.726075548686781, "episode_avg_len": 54.321021184139056, "episode_std_avg_len": 21.35983168989971, "step_rewards": 0.5973460209258274, "step_value_ests": 45.808482290006545, "step_values": 16.834286287569803, "step_td_err": 10.75384594210559}