{"dim0": -0.4, "dim1": 0.9333333333333333, "scale": 15, "episode_rewards": -11.217453164411795, "episode_std_rewards": 0.20230954010668198, "episode_value_ests": 7.280106032539658, "episode_values": -5.535649048987522, "episode_td_err": 289.0746545581882, "episode_avg_len": 15.143322228952151, "episode_std_avg_len": 1.2193452228991692, "step_rewards": -0.7407524580679805, "step_value_ests": 7.239167284633956, "step_values": -5.537826094607982, "step_td_err": 287.57460195622804}