{"dim0": -0.4, "dim1": 0.26666666666666666, "scale": 15, "episode_rewards": -7.165656198234718, "episode_std_rewards": 0.17133971691038197, "episode_value_ests": 26.70871671324396, "episode_values": -1.7845383899163594, "episode_td_err": 148.98637356170022, "episode_avg_len": 16.90339756592292, "episode_std_avg_len": 1.1997359770489435, "step_rewards": -0.4239181010970604, "step_value_ests": 26.834357772475013, "step_values": -1.7246049915712072, "step_td_err": 148.29941702754178}