{"dim0": -0.4, "dim1": -0.8, "scale": 15, "episode_rewards": -122.21981304623215, "episode_std_rewards": 0.1429723823761409, "episode_value_ests": 56.69526931548681, "episode_values": -37.230417849454206, "episode_td_err": 21.04062140418113, "episode_avg_len": 141.09802538787025, "episode_std_avg_len": 58.34002135764641, "step_rewards": -0.8662049855783382, "step_value_ests": 57.33894146684663, "step_values": -39.62263438920385, "step_td_err": 18.12436265571779}