{"dim0": -0.4, "dim1": 0.2, "scale": 15, "episode_rewards": 6.01047027557795, "episode_std_rewards": 0.15216109434611133, "episode_value_ests": 58.831888183300656, "episode_values": 2.460805304884193, "episode_td_err": 53.246669626060566, "episode_avg_len": 55.3166482300885, "episode_std_avg_len": 32.07429858806083, "step_rewards": 0.10865572061737218, "step_value_ests": 61.084356499630246, "step_values": 2.9202049080212413, "step_td_err": 39.322037369252634}