{"dim0": -0.4, "dim1": -0.5333333333333333, "scale": 15, "episode_rewards": -16.585795949035028, "episode_std_rewards": 0.24250012057289702, "episode_value_ests": 11.677032203351448, "episode_values": -8.254512323778897, "episode_td_err": 348.747351687205, "episode_avg_len": 13.180296540362438, "episode_std_avg_len": 1.3612841273924052, "step_rewards": -1.2583780568399066, "step_value_ests": 11.549655634652558, "step_values": -8.2308310567951, "step_td_err": 346.70226014678286}