{"dim0": -0.4, "dim1": 0.3333333333333333, "scale": 15, "episode_rewards": -7.235207531089876, "episode_std_rewards": 0.16442001500072576, "episode_value_ests": 22.540457606025225, "episode_values": -2.1015450080872276, "episode_td_err": 184.44613860389646, "episode_avg_len": 16.556245343928484, "episode_std_avg_len": 1.0947206572943062, "step_rewards": -0.43700775029546035, "step_value_ests": 22.53513919040662, "step_values": -2.06055235182989, "step_td_err": 183.94191119788687}