{"dim0": -0.4, "dim1": 0.13333333333333333, "scale": 15, "episode_rewards": -7.425576089517493, "episode_std_rewards": 0.17311978087724827, "episode_value_ests": 36.36430197546358, "episode_values": -1.2938065797659224, "episode_td_err": 98.69726667771972, "episode_avg_len": 18.39689109639441, "episode_std_avg_len": 3.167224519804961, "step_rewards": -0.40363211645976566, "step_value_ests": 37.00004633845784, "step_values": -1.2784102718245018, "step_td_err": 96.78647606210299}