{"dim0": -0.4, "dim1": -0.9333333333333333, "scale": 15, "episode_rewards": -149.9167306949103, "episode_std_rewards": 0.1238414973363195, "episode_value_ests": 57.67897326047438, "episode_values": -44.803931614638806, "episode_td_err": 21.256239291445237, "episode_avg_len": 148.98808637379003, "episode_std_avg_len": 66.63698910320093, "step_rewards": -1.0062330105965012, "step_value_ests": 58.34897683870257, "step_values": -47.89276284593644, "step_td_err": 18.801124648387912}