{"dim0": -0.4, "dim1": 0.0, "scale": 15, "episode_rewards": -13.18214431549934, "episode_std_rewards": 0.1948726226888435, "episode_value_ests": 44.76468332099012, "episode_values": -4.23186796267701, "episode_td_err": 77.15671720362258, "episode_avg_len": 29.64487920557285, "episode_std_avg_len": 21.188319511878394, "step_rewards": -0.4446685116875521, "step_value_ests": 46.38518826580545, "step_values": -5.448752066124959, "step_td_err": 60.99750537019905}