{"dim0": -0.4, "dim1": -0.7333333333333333, "scale": 15, "episode_rewards": -20.59169036589446, "episode_std_rewards": 0.2427525226039762, "episode_value_ests": 9.1736034110262, "episode_values": -10.015685898363909, "episode_td_err": 348.9875509483156, "episode_avg_len": 12.814518195797028, "episode_std_avg_len": 0.9044578282867474, "step_rewards": -1.6069032055101558, "step_value_ests": 9.082348642392562, "step_values": -10.014643152428363, "step_td_err": 348.05335713260985}