{"dim0": -0.4, "dim1": -0.4, "scale": 15, "episode_rewards": -69.21359939450798, "episode_std_rewards": 0.13965144953269004, "episode_value_ests": 52.48366032079952, "episode_values": -20.57622521454354, "episode_td_err": 19.21097045403825, "episode_avg_len": 141.10578279266574, "episode_std_avg_len": 73.35503119252328, "step_rewards": -0.4905085959248547, "step_value_ests": 52.04652338185646, "step_values": -22.413466835379634, "step_td_err": 14.835732864381557}