{"dim0": -0.4, "dim1": 0.4666666666666667, "scale": 15, "episode_rewards": -7.586556170967964, "episode_std_rewards": 0.1565720797528899, "episode_value_ests": 16.07046684562134, "episode_values": -2.73069230321089, "episode_td_err": 237.99096116125762, "episode_avg_len": 16.161939393939395, "episode_std_avg_len": 1.0177207036659615, "step_rewards": -0.4694087749031447, "step_value_ests": 16.001061530351013, "step_values": -2.722556901422953, "step_td_err": 237.15947643855196}