{"dim0": -0.4, "dim1": 0.8, "scale": 15, "episode_rewards": 10.514519542799095, "episode_std_rewards": 0.17236924246284696, "episode_value_ests": 42.75320381170126, "episode_values": 7.242869347590766, "episode_td_err": 30.703559177006852, "episode_avg_len": 26.59460178167797, "episode_std_avg_len": 6.01176594031175, "step_rewards": 0.395362924743733, "step_value_ests": 42.71913701635599, "step_values": 7.700314018410459, "step_td_err": 29.889628002535503}