{"dim0": -0.4, "dim1": -0.13333333333333333, "scale": 15, "episode_rewards": -8.228699488584471, "episode_std_rewards": 0.20046576323635876, "episode_value_ests": 27.408630436544332, "episode_values": -4.077149177735892, "episode_td_err": 270.7596551306445, "episode_avg_len": 15.156486814186117, "episode_std_avg_len": 1.5005772035029568, "step_rewards": -0.5429160193563195, "step_value_ests": 27.600168811410537, "step_values": -4.026361782992242, "step_td_err": 268.8099888611887}