{"dim0": -0.4, "dim1": 0.5333333333333333, "scale": 15, "episode_rewards": -7.789702941581898, "episode_std_rewards": 0.15668899724677118, "episode_value_ests": 13.959829966280601, "episode_values": -2.9965285240023865, "episode_td_err": 256.4382477469672, "episode_avg_len": 15.97555910543131, "episode_std_avg_len": 1.0467705198690547, "step_rewards": -0.48760127205398307, "step_value_ests": 13.889960820884427, "step_values": -2.994337842423707, "step_td_err": 255.27412529807063}