{"dim0": -0.4, "dim1": -0.4666666666666667, "scale": 15, "episode_rewards": -15.203341367044082, "episode_std_rewards": 0.24482781634213144, "episode_value_ests": 13.0272701928079, "episode_values": -7.5931722619417235, "episode_td_err": 342.4358081561526, "episode_avg_len": 13.359161044686394, "episode_std_avg_len": 1.512881722294359, "step_rewards": -1.1380461180300847, "step_value_ests": 12.877329926774502, "step_values": -7.556607619272708, "step_td_err": 339.9092567982968}