{"dim0": -0.4, "dim1": 0.6666666666666666, "scale": 15, "episode_rewards": -8.482750891776229, "episode_std_rewards": 0.16249926634306824, "episode_value_ests": 10.834008618157235, "episode_values": -3.6314001856485314, "episode_td_err": 274.2302524270742, "episode_avg_len": 15.649088490728426, "episode_std_avg_len": 0.9855049094373275, "step_rewards": -0.5420603824179269, "step_value_ests": 10.787921263197822, "step_values": -3.639683440764645, "step_td_err": 273.0221717861716}