{"dim0": -0.4, "dim1": -0.4, "scale": 15, "episode_rewards": -13.756679076048831, "episode_std_rewards": 0.24941196566766158, "episode_value_ests": 14.57921342713249, "episode_values": -6.852186587068886, "episode_td_err": 332.6739650148076, "episode_avg_len": 13.672294756989542, "episode_std_avg_len": 2.046105074226802, "step_rewards": -1.0061719207023496, "step_value_ests": 14.360413894666992, "step_values": -6.773854345001186, "step_td_err": 328.92532439913236}