{"dim0": -0.4, "dim1": -0.9333333333333333, "scale": 15, "episode_rewards": -24.922799980973284, "episode_std_rewards": 0.2532565617777521, "episode_value_ests": 8.532377173663525, "episode_values": -12.078968004312735, "episode_td_err": 336.47371968335665, "episode_avg_len": 12.442826925469703, "episode_std_avg_len": 0.8209023531560328, "step_rewards": -2.0029853449104755, "step_value_ests": 8.437989337422753, "step_values": -12.08287080576565, "step_td_err": 335.6791879455712}