{"dim0": -0.4, "dim1": -0.7333333333333333, "scale": 15, "episode_rewards": -109.90840510462894, "episode_std_rewards": 0.11978593160271479, "episode_value_ests": 56.327915540516244, "episode_values": -33.7461768271351, "episode_td_err": 20.27248454742598, "episode_avg_len": 137.8407994486561, "episode_std_avg_len": 56.38200553077543, "step_rewards": -0.7973575715190798, "step_value_ests": 56.969890505226395, "step_values": -35.843065556777184, "step_td_err": 17.898122752187252}