{"dim0": -0.4, "dim1": 0.0, "scale": 15, "episode_rewards": -5.036110883097196, "episode_std_rewards": 0.19964827681983027, "episode_value_ests": 39.52159298355402, "episode_values": -2.2467008473906485, "episode_td_err": 194.07775767125383, "episode_avg_len": 17.536168347216133, "episode_std_avg_len": 4.158313093343093, "step_rewards": -0.2871842231086176, "step_value_ests": 40.21293274562776, "step_values": -2.271087084255274, "step_td_err": 187.42792305583362}