{"dim0": -0.4, "dim1": 1.0, "scale": 15, "episode_rewards": -12.051545443876291, "episode_std_rewards": 0.21841891256047144, "episode_value_ests": 6.397165328957648, "episode_values": -6.040011477457745, "episode_td_err": 286.87154510222194, "episode_avg_len": 15.01614114114114, "episode_std_avg_len": 1.1531237654812325, "step_rewards": -0.8025727336071404, "step_value_ests": 6.372551643619852, "step_values": -6.048260880964118, "step_td_err": 285.4415740560109}