{"dim0": -0.4, "dim1": -0.6, "scale": 15, "episode_rewards": -89.17310723341997, "episode_std_rewards": 0.12832746419226457, "episode_value_ests": 55.04153919436006, "episode_values": -27.673643645232534, "episode_td_err": 19.708862211695703, "episode_avg_len": 132.96279069767442, "episode_std_avg_len": 54.433280299575365, "step_rewards": -0.670662121075499, "step_value_ests": 55.53916917457653, "step_values": -29.397862362425766, "step_td_err": 16.891099201999364}