{"dim0": -0.4, "dim1": 0.9333333333333333, "scale": 15, "episode_rewards": 5.760926599517616, "episode_std_rewards": 0.19541167594871492, "episode_value_ests": 42.28965432366566, "episode_values": 4.526768186463151, "episode_td_err": 37.53741817718751, "episode_avg_len": 23.620217288615965, "episode_std_avg_len": 3.5151440167780095, "step_rewards": 0.24389812037394598, "step_value_ests": 42.1411290451802, "step_values": 4.840217450082649, "step_td_err": 36.50772746365198}