{"dim0": -0.4, "dim1": 0.6, "scale": 15, "episode_rewards": 24.502877616077324, "episode_std_rewards": 0.12743707281782699, "episode_value_ests": 43.47833557650445, "episode_values": 13.596366325540675, "episode_td_err": 18.757067956238476, "episode_avg_len": 41.03980303652031, "episode_std_avg_len": 13.189212635980283, "step_rewards": 0.5970515402881641, "step_value_ests": 44.101890183290195, "step_values": 14.231282042070298, "step_td_err": 16.860199031182276}