{"dim0": -0.4, "dim1": -0.26666666666666666, "scale": 15, "episode_rewards": -10.930708042772947, "episode_std_rewards": 0.23085201539309844, "episode_value_ests": 19.33018137258616, "episode_values": -5.416442694326386, "episode_td_err": 312.524228802247, "episode_avg_len": 14.235888675350559, "episode_std_avg_len": 1.8129143598196145, "step_rewards": -0.7678275864645856, "step_value_ests": 19.236240307403953, "step_values": -5.341463585762042, "step_td_err": 310.01240935651197}