{"dim0": -0.4, "dim1": -0.2, "scale": 15, "episode_rewards": -9.476789614411965, "episode_std_rewards": 0.21545016521326674, "episode_value_ests": 22.911704697197102, "episode_values": -4.684795873722914, "episode_td_err": 294.0457072886238, "episode_avg_len": 14.601182654402102, "episode_std_avg_len": 1.5780252180868322, "step_rewards": -0.6490426041999284, "step_value_ests": 22.957017756855084, "step_values": -4.616324992416431, "step_td_err": 292.24966643367395}