{"dim0": -0.4, "dim1": -1.0, "scale": 15, "episode_rewards": -165.88699054892388, "episode_std_rewards": 0.13284133869725037, "episode_value_ests": 58.38475192990762, "episode_values": -49.31577079395964, "episode_td_err": 21.38281529372545, "episode_avg_len": 153.08263198163735, "episode_std_avg_len": 63.58136486809369, "step_rewards": -1.0836434440768072, "step_value_ests": 59.034439759496614, "step_values": -52.36345228771122, "step_td_err": 19.17028153031539}