{"dim0": -0.4, "dim1": -0.26666666666666666, "scale": 15, "episode_rewards": -85.38157471735619, "episode_std_rewards": 0.16976945680219338, "episode_value_ests": 50.52213241068537, "episode_values": -18.857250117886743, "episode_td_err": 22.3886071005358, "episode_avg_len": 221.1037527593819, "episode_std_avg_len": 222.6222665459943, "step_rewards": -0.38616067638740365, "step_value_ests": 48.98216239010064, "step_values": -23.982601479310382, "step_td_err": 12.975052051875528}