{"dim0": -0.4, "dim1": 0.06666666666666667, "scale": 15, "episode_rewards": -8.953932411892689, "episode_std_rewards": 0.1784737115356787, "episode_value_ests": 41.03121774675514, "episode_values": -2.0122844487173044, "episode_td_err": 86.97299613433968, "episode_avg_len": 20.99296735593576, "episode_std_avg_len": 7.921551233759463, "step_rewards": -0.42652057044050823, "step_value_ests": 42.1273643888545, "step_values": -2.2861848005920447, "step_td_err": 81.14988679456766}