{"dim0": -0.4, "dim1": 0.6, "scale": 15, "episode_rewards": -8.117143375517585, "episode_std_rewards": 0.15931030019545384, "episode_value_ests": 12.254375238192134, "episode_values": -3.320800059765618, "episode_td_err": 265.40123392488255, "episode_avg_len": 15.813013915243516, "episode_std_avg_len": 0.9999516872244194, "step_rewards": -0.5133204472610232, "step_value_ests": 12.199205123268024, "step_values": -3.32662162949141, "step_td_err": 264.2555440447168}