{"dim0": -0.4, "dim1": -0.4666666666666667, "scale": 15, "episode_rewards": -73.4056915165963, "episode_std_rewards": 0.1279764272057634, "episode_value_ests": 53.35879677814096, "episode_values": -22.552880978933963, "episode_td_err": 19.071845794484922, "episode_avg_len": 133.58678237650201, "episode_std_avg_len": 56.035483812689606, "step_rewards": -0.5494981629972129, "step_value_ests": 53.40416491938317, "step_values": -24.012440903898764, "step_td_err": 15.57082111370657}