{"dim0": -0.4, "dim1": 0.6666666666666666, "scale": 15, "episode_rewards": 18.801107716620532, "episode_std_rewards": 0.14261609585392937, "episode_value_ests": 42.97253273138667, "episode_values": 11.361191355062152, "episode_td_err": 23.44278557727204, "episode_avg_len": 33.93366135052596, "episode_std_avg_len": 9.96111426253178, "step_rewards": 0.5540547930389811, "step_value_ests": 43.29323601033467, "step_values": 11.947640276720636, "step_td_err": 21.973313390473994}