{"dim0": -0.4, "dim1": 0.26666666666666666, "scale": 15, "episode_rewards": 24.496267934430637, "episode_std_rewards": 0.1495743779075954, "episode_value_ests": 65.005054852265, "episode_values": 6.225297589752906, "episode_td_err": 27.6458956824094, "episode_avg_len": 138.1968232044199, "episode_std_avg_len": 102.36663236058514, "step_rewards": 0.17725637512083695, "step_value_ests": 66.94337359710836, "step_values": 8.264783482134334, "step_td_err": 17.08449650004617}