{"dim0": -0.4, "dim1": 0.8, "scale": 15, "episode_rewards": -9.559154924328206, "episode_std_rewards": 0.1788710557961401, "episode_value_ests": 8.847114146311768, "episode_values": -4.41555909959701, "episode_td_err": 282.7049595686129, "episode_avg_len": 15.327841213886122, "episode_std_avg_len": 0.9873712220770114, "step_rewards": -0.6236465260136029, "step_value_ests": 8.8215077728395, "step_values": -4.424146228180592, "step_td_err": 281.54870827824317}