{"dim0": -0.4, "dim1": -1.0, "scale": 15, "episode_rewards": -26.54832577473314, "episode_std_rewards": 0.2534946199038667, "episode_value_ests": 8.43729345048737, "episode_values": -12.917681848251705, "episode_td_err": 340.66805471601594, "episode_avg_len": 12.326513003821027, "episode_std_avg_len": 0.7441846571941781, "step_rewards": -2.1537579822049895, "step_value_ests": 8.355849664347373, "step_values": -12.924123077488524, "step_td_err": 340.015773568139}