{"dim0": -0.4, "dim1": -0.13333333333333333, "scale": 15, "episode_rewards": -42.10417428120039, "episode_std_rewards": 0.22308488236243337, "episode_value_ests": 49.272251342216045, "episode_values": -12.68602228830771, "episode_td_err": 42.08170769172703, "episode_avg_len": 114.64490263459335, "episode_std_avg_len": 101.74127125702285, "step_rewards": -0.36725727279300535, "step_value_ests": 49.79825519003633, "step_values": -16.38339124156408, "step_td_err": 23.596783988303166}