{"dim0": -0.4, "dim1": 0.7333333333333333, "scale": 15, "episode_rewards": -9.044135379580867, "episode_std_rewards": 0.17100360619769947, "episode_value_ests": 9.837812765241445, "episode_values": -4.0520074200552045, "episode_td_err": 282.34577042998455, "episode_avg_len": 15.49306685258347, "episode_std_avg_len": 1.0250797808351018, "step_rewards": -0.5837537180750471, "step_value_ests": 9.805225073578358, "step_values": -4.054466501734065, "step_td_err": 281.0557990260849}