{"dim0": -0.4, "dim1": -0.2, "scale": 15, "episode_rewards": -71.57963790321759, "episode_std_rewards": 0.19923640094683848, "episode_value_ests": 50.17768221811872, "episode_values": -16.785927506609518, "episode_td_err": 29.976532085388705, "episode_avg_len": 195.94319294809011, "episode_std_avg_len": 198.79052191077488, "step_rewards": -0.36530811214340425, "step_value_ests": 49.297331810832375, "step_values": -21.703948079818254, "step_td_err": 16.67430206662905}