{"dim0": -0.4, "dim1": -0.06666666666666667, "scale": 15, "episode_rewards": -6.796147271751142, "episode_std_rewards": 0.19766304701412699, "episode_value_ests": 32.985765292284135, "episode_values": -3.319131813215353, "episode_td_err": 239.35409016140443, "episode_avg_len": 15.950474519499162, "episode_std_avg_len": 1.9717327042413626, "step_rewards": -0.4260780620315074, "step_value_ests": 33.39752419501517, "step_values": -3.277060904725498, "step_td_err": 236.26794758594676}