{"dim0": -0.4, "dim1": 0.06666666666666667, "scale": 15, "episode_rewards": -2.8451743463696317, "episode_std_rewards": 0.18754379561766144, "episode_value_ests": 46.27548522514226, "episode_values": -0.9360703046932531, "episode_td_err": 139.94260815876737, "episode_avg_len": 21.41109088962638, "episode_std_avg_len": 8.706599960959952, "step_rewards": -0.1328832034311765, "step_value_ests": 47.345969239247545, "step_values": -0.9230741893818283, "step_td_err": 128.05032640969617}