{"dim0": -0.4, "dim1": -0.5333333333333333, "scale": 15, "episode_rewards": -82.51013379864682, "episode_std_rewards": 0.12374302870586396, "episode_value_ests": 54.43761382361415, "episode_values": -25.292209791520193, "episode_td_err": 18.944822780378427, "episode_avg_len": 136.53242320819112, "episode_std_avg_len": 56.583121435013, "step_rewards": -0.6043262974453434, "step_value_ests": 54.7516506893112, "step_values": -26.862976412263365, "step_td_err": 16.009996263602627}