{"dim0": -0.4, "dim1": -0.3333333333333333, "scale": 15, "episode_rewards": -74.3674827415964, "episode_std_rewards": 0.15289044479378194, "episode_value_ests": 51.452827041086856, "episode_values": -19.265114022634716, "episode_td_err": 20.725482643233498, "episode_avg_len": 171.52010265183918, "episode_std_avg_len": 154.98370944936693, "step_rewards": -0.43357881433030365, "step_value_ests": 49.943631604340084, "step_values": -23.174214065500397, "step_td_err": 13.362303133327377}