{"dim0": -0.4, "dim1": 0.4, "scale": 15, "episode_rewards": 248.9056913575561, "episode_std_rewards": 0.09860922612122375, "episode_value_ests": 59.031178621553565, "episode_values": 30.7989720630681, "episode_td_err": 5.792406687234438, "episode_avg_len": 530.7645502645503, "episode_std_avg_len": 424.71671244873727, "step_rewards": 0.4689568872553629, "step_value_ests": 66.86005231462497, "step_values": 39.56442155450278, "step_td_err": 5.279898601449544}