{"dim0": -0.4, "dim1": -0.8, "scale": 15, "episode_rewards": -21.997611791102617, "episode_std_rewards": 0.24945667508208386, "episode_value_ests": 8.778374183286653, "episode_values": -10.670384400029995, "episode_td_err": 347.24921536954804, "episode_avg_len": 12.7001524003048, "episode_std_avg_len": 0.9130373837082038, "step_rewards": -1.7320746316851034, "step_value_ests": 8.676184769990776, "step_values": -10.670033963954534, "step_td_err": 346.2853565238742}