{"dim0": -0.4, "dim1": -0.06666666666666667, "scale": 15, "episode_rewards": -22.49421087663643, "episode_std_rewards": 0.22289660362418268, "episode_value_ests": 47.391930540278, "episode_values": -7.936531369527073, "episode_td_err": 61.36932333292275, "episode_avg_len": 54.87270233196159, "episode_std_avg_len": 47.09011567416583, "step_rewards": -0.40993444683212316, "step_value_ests": 48.85856122007954, "step_values": -10.485032967105697, "step_td_err": 38.356287410488946}