{"dim0": -0.4, "dim1": -0.6666666666666666, "scale": 15, "episode_rewards": -99.42049239532672, "episode_std_rewards": 0.14253023670113293, "episode_value_ests": 55.50120722335718, "episode_values": -30.668035167004764, "episode_td_err": 20.004852668410855, "episode_avg_len": 135.85471826205023, "episode_std_avg_len": 55.00608439904801, "step_rewards": -0.731814792060107, "step_value_ests": 56.10005915037436, "step_values": -32.51587559351025, "step_td_err": 17.187987091234994}