{"dim0": -0.4, "dim1": -0.3333333333333333, "scale": 15, "episode_rewards": -12.31921841750171, "episode_std_rewards": 0.24093661933677937, "episode_value_ests": 16.562103395643398, "episode_values": -6.108316250281279, "episode_td_err": 322.6385033272199, "episode_avg_len": 13.946238058712781, "episode_std_avg_len": 2.0090019423474614, "step_rewards": -0.8833363065823614, "step_value_ests": 16.3746054214009, "step_values": -6.028947902583098, "step_td_err": 319.37241268087547}