{"dim0": -0.4, "dim1": 0.8666666666666667, "scale": 15, "episode_rewards": -10.292127244082725, "episode_std_rewards": 0.18699375005313615, "episode_value_ests": 7.917506644000379, "episode_values": -4.915847414985689, "episode_td_err": 284.779219441362, "episode_avg_len": 15.242969285877601, "episode_std_avg_len": 1.115036181838554, "step_rewards": -0.6752048797748504, "step_value_ests": 7.878572728662395, "step_values": -4.9238894198391, "step_td_err": 283.44977465257546}