{"dim0": -0.4, "dim1": -0.8666666666666667, "scale": 15, "episode_rewards": -135.02202392148467, "episode_std_rewards": 0.13449332132257472, "episode_value_ests": 57.312323689990436, "episode_values": -40.90234945843616, "episode_td_err": 21.350891119987665, "episode_avg_len": 144.26027397260273, "episode_std_avg_len": 60.383806331833085, "step_rewards": -0.935961233146746, "step_value_ests": 58.00727806118702, "step_values": -43.53014116652229, "step_td_err": 18.75126818254016}