{"dim0": -0.4, "dim1": -0.6, "scale": 15, "episode_rewards": -17.78318007348589, "episode_std_rewards": 0.23633225118189768, "episode_value_ests": 10.76023135754495, "episode_values": -8.745001193950182, "episode_td_err": 342.62952626308504, "episode_avg_len": 13.018746338605741, "episode_std_avg_len": 1.1414506807605995, "step_rewards": -1.3659671684939214, "step_value_ests": 10.667450616007274, "step_values": -8.730102591892976, "step_td_err": 341.3690257349737}