{"dim0": -0.4, "dim1": 0.5333333333333333, "scale": 15, "episode_rewards": 32.17970056431012, "episode_std_rewards": 0.121981130496026, "episode_value_ests": 44.812537410364946, "episode_values": 15.982428196712487, "episode_td_err": 12.697485664039178, "episode_avg_len": 53.914308811641064, "episode_std_avg_len": 20.10845526408097, "step_rewards": 0.5968675343077373, "step_value_ests": 45.75621895814207, "step_values": 16.696543355557544, "step_td_err": 10.965955294776453}