{"dim0": -0.4, "dim1": -0.8666666666666667, "scale": 15, "episode_rewards": -23.446778220717793, "episode_std_rewards": 0.25300493484438374, "episode_value_ests": 8.668471109579876, "episode_values": -11.350298510708852, "episode_td_err": 338.51588783106865, "episode_avg_len": 12.569444444444445, "episode_std_avg_len": 0.8747356093012008, "step_rewards": -1.8653790407642883, "step_value_ests": 8.566842369334, "step_values": -11.35057984917811, "step_td_err": 337.6072387923433}