{"dim0": -0.4666666666666667, "dim1": 0.6, "scale": 15, "episode_rewards": 32.10311557945799, "episode_std_rewards": 0.12830264421593263, "episode_value_ests": 44.811970504148825, "episode_values": 15.899762651565217, "episode_td_err": 12.813107067976182, "episode_avg_len": 53.888469827586206, "episode_std_avg_len": 20.28443901598107, "step_rewards": 0.5957325506211347, "step_value_ests": 45.722642796352, "step_values": 16.651876925262084, "step_td_err": 10.857693320221687}