{"dim0": -0.4666666666666667, "dim1": -0.8666666666666667, "scale": 15, "episode_rewards": -24.951765532767457, "episode_std_rewards": 0.254606548627237, "episode_value_ests": 8.573843008646024, "episode_values": -12.099598574413386, "episode_td_err": 336.92177531274314, "episode_avg_len": 12.432896127307764, "episode_std_avg_len": 0.7861117854714336, "step_rewards": -2.006914984028789, "step_value_ests": 8.488548952881851, "step_values": -12.102800475123345, "step_td_err": 336.2270964565118}