{"dim0": -0.4666666666666667, "dim1": 0.06666666666666667, "scale": 15, "episode_rewards": -5.013033277458353, "episode_std_rewards": 0.19886004515691164, "episode_value_ests": 39.32978282446912, "episode_values": -2.2207126184906762, "episode_td_err": 192.18970389941575, "episode_avg_len": 17.45422811763679, "episode_std_avg_len": 4.048216493777936, "step_rewards": -0.28721025322184746, "step_value_ests": 40.05044802377205, "step_values": -2.2382270483487257, "step_td_err": 185.61836349023912}