{"dim0": -0.4666666666666667, "dim1": 0.8, "scale": 15, "episode_rewards": -10.569397572394982, "episode_std_rewards": 0.17728241893361577, "episode_value_ests": 9.204338310216214, "episode_values": -4.942395753766367, "episode_td_err": 286.4677099456854, "episode_avg_len": 15.258391821788221, "episode_std_avg_len": 0.9255068508683328, "step_rewards": -0.6926940726022259, "step_value_ests": 9.180909948311461, "step_values": -4.9489437765037785, "step_td_err": 285.39500701082363}