{"dim0": -0.4666666666666667, "dim1": -0.7333333333333333, "scale": 15, "episode_rewards": -96.85715272118121, "episode_std_rewards": 0.1671094157633913, "episode_value_ests": 51.696063670071204, "episode_values": -31.105737082457257, "episode_td_err": 23.25641541784046, "episode_avg_len": 108.44227642276422, "episode_std_avg_len": 47.76240372923091, "step_rewards": -0.8931678300774671, "step_value_ests": 51.71457441226275, "step_values": -33.78415479405008, "step_td_err": 18.540205830272402}