{"dim0": -0.4666666666666667, "dim1": -0.4666666666666667, "scale": 15, "episode_rewards": -16.501008788648736, "episode_std_rewards": 0.237817711540601, "episode_value_ests": 11.655426851574614, "episode_values": -8.199781151470939, "episode_td_err": 348.42186865090275, "episode_avg_len": 13.174087735476222, "episode_std_avg_len": 1.3133909517220541, "step_rewards": -1.2525352130617378, "step_value_ests": 11.535217714266988, "step_values": -8.176544536604789, "step_td_err": 346.4685950793659}