{"dim0": -0.4666666666666667, "dim1": 0.8666666666666667, "scale": 15, "episode_rewards": -11.26273975430076, "episode_std_rewards": 0.1878347252628183, "episode_value_ests": 8.420502859072267, "episode_values": -5.406601941411045, "episode_td_err": 288.16475450386434, "episode_avg_len": 15.145778114350625, "episode_std_avg_len": 1.02436715458338, "step_rewards": -0.7436223922777077, "step_value_ests": 8.395170576132237, "step_values": -5.4114806751373505, "step_td_err": 287.0366856220128}