{"dim0": -0.4666666666666667, "dim1": 0.13333333333333333, "scale": 15, "episode_rewards": -2.8449357846962453, "episode_std_rewards": 0.190785650412891, "episode_value_ests": 46.287568330083666, "episode_values": -0.954477169519967, "episode_td_err": 138.71095666494008, "episode_avg_len": 21.6204734623284, "episode_std_avg_len": 9.037655777756708, "step_rewards": -0.1315852675314106, "step_value_ests": 47.44215488959566, "step_values": -0.9561240096718971, "step_td_err": 126.53584611027773}