{"dim0": -0.4666666666666667, "dim1": 1.0, "scale": 15, "episode_rewards": -13.206346558436671, "episode_std_rewards": 0.21982682679321863, "episode_value_ests": 6.9938918956794724, "episode_values": -6.680056447593396, "episode_td_err": 291.1637373207457, "episode_avg_len": 14.994002548916711, "episode_std_avg_len": 1.2436063399178252, "step_rewards": -0.8807752643333254, "step_value_ests": 6.951350710025796, "step_values": -6.682756750188253, "step_td_err": 289.56165020890876}