{"dim0": -0.4666666666666667, "dim1": -0.06666666666666667, "scale": 15, "episode_rewards": -18.201883661751488, "episode_std_rewards": 0.2047832546885948, "episode_value_ests": 45.68229446202226, "episode_values": -6.446668214458452, "episode_td_err": 81.28281548033884, "episode_avg_len": 29.1596442630121, "episode_std_avg_len": 17.751570816210098, "step_rewards": -0.6242148737335552, "step_value_ests": 45.92993281472781, "step_values": -7.61679134945746, "step_td_err": 66.97244967877266}