{"dim0": -0.4666666666666667, "dim1": -0.13333333333333333, "scale": 15, "episode_rewards": -28.425450266148225, "episode_std_rewards": 0.24036146226279145, "episode_value_ests": 46.8009443364477, "episode_values": -10.064189300191412, "episode_td_err": 64.10385461175468, "episode_avg_len": 50.22677046710196, "episode_std_avg_len": 46.31144492733639, "step_rewards": -0.5659422256656262, "step_value_ests": 46.60646270051221, "step_values": -13.24827683325373, "step_td_err": 42.11759308577381}