{"dim0": -0.4666666666666667, "dim1": -0.8, "scale": 15, "episode_rewards": -106.28251468493531, "episode_std_rewards": 0.1623745868184551, "episode_value_ests": 51.936877867873925, "episode_values": -34.17813287402961, "episode_td_err": 23.316828390057342, "episode_avg_len": 109.96151731720725, "episode_std_avg_len": 47.61860171575284, "step_rewards": -0.9665428167778088, "step_value_ests": 52.11962440862452, "step_values": -37.08712040659701, "step_td_err": 18.806991231305826}