{"dim0": -0.4666666666666667, "dim1": 0.2, "scale": 15, "episode_rewards": 0.38726343037365885, "episode_std_rewards": 0.17082607722558607, "episode_value_ests": 52.39393953582773, "episode_values": 0.643433174354844, "episode_td_err": 90.77607523722574, "episode_avg_len": 31.465083359547027, "episode_std_avg_len": 16.315589187512497, "step_rewards": 0.012307719828625743, "step_value_ests": 54.11099796246244, "step_values": 0.9172287671409763, "step_td_err": 76.09080873258341}