{"dim0": -0.4666666666666667, "dim1": -0.13333333333333333, "scale": 15, "episode_rewards": -9.426602101388134, "episode_std_rewards": 0.21551752538829883, "episode_value_ests": 22.98460066139592, "episode_values": -4.66381949774362, "episode_td_err": 294.34181432843667, "episode_avg_len": 14.64801523363117, "episode_std_avg_len": 1.8679954111490158, "step_rewards": -0.6435412546366752, "step_value_ests": 22.993128839990867, "step_values": -4.570131233139308, "step_td_err": 292.33161708669326}