{"dim0": -0.4666666666666667, "dim1": 0.4, "scale": 15, "episode_rewards": -8.866642061706864, "episode_std_rewards": 0.15783274693617558, "episode_value_ests": 18.394954271912432, "episode_values": -3.168088637215917, "episode_td_err": 225.07128220749246, "episode_avg_len": 15.993043339197186, "episode_std_avg_len": 0.9652690528321736, "step_rewards": -0.5544061798404374, "step_value_ests": 18.3010240721822, "step_values": -3.1536453047275246, "step_td_err": 224.56111736610353}