{"dim0": -0.4666666666666667, "dim1": 0.6666666666666666, "scale": 15, "episode_rewards": 24.45137412625423, "episode_std_rewards": 0.12316787888113812, "episode_value_ests": 43.49345028337781, "episode_values": 13.5958257314974, "episode_td_err": 18.772354689883826, "episode_avg_len": 40.986680327868854, "episode_std_avg_len": 13.770559400143906, "step_rewards": 0.5965687860216515, "step_value_ests": 44.14947131395048, "step_values": 14.240961001560013, "step_td_err": 16.90715047256775}