{"dim0": -0.4666666666666667, "dim1": 0.4666666666666667, "scale": 15, "episode_rewards": -8.913917871332806, "episode_std_rewards": 0.15522718906592214, "episode_value_ests": 15.829058592813654, "episode_values": -3.3899031167564013, "episode_td_err": 246.90128764119075, "episode_avg_len": 15.877907438278955, "episode_std_avg_len": 0.9394725582946013, "step_rewards": -0.5614038188585767, "step_value_ests": 15.744464077970395, "step_values": -3.384010139424096, "step_td_err": 246.0791791871166}