{"dim0": -0.4666666666666667, "dim1": -0.26666666666666666, "scale": 15, "episode_rewards": -68.03277503266658, "episode_std_rewards": 0.2385362981785413, "episode_value_ests": 48.12708111826, "episode_values": -16.99930605557146, "episode_td_err": 34.0507096380867, "episode_avg_len": 146.43923865300147, "episode_std_avg_len": 185.51403884003227, "step_rewards": -0.46458022903188695, "step_value_ests": 46.73224795419951, "step_values": -24.009327412942426, "step_td_err": 16.815768911002696}