{"dim0": -0.4666666666666667, "dim1": 0.5333333333333333, "scale": 15, "episode_rewards": 47.41456133075907, "episode_std_rewards": 0.1222778858119992, "episode_value_ests": 47.35675265961548, "episode_values": 19.008592041739266, "episode_td_err": 7.161437013053991, "episode_avg_len": 88.4608580274215, "episode_std_avg_len": 45.38365514995682, "step_rewards": 0.5359948161034261, "step_value_ests": 49.033145538446135, "step_values": 20.615666473470178, "step_td_err": 5.721210911064311}