{"dim0": -0.4666666666666667, "dim1": 0.3333333333333333, "scale": 15, "episode_rewards": -8.918621382101504, "episode_std_rewards": 0.16201057179713996, "episode_value_ests": 21.341893488820418, "episode_values": -2.9947903986649496, "episode_td_err": 195.35541395587828, "episode_avg_len": 16.14692823121014, "episode_std_avg_len": 1.0019191489558654, "step_rewards": -0.5523416747999687, "step_value_ests": 21.273866287529966, "step_values": -2.966009917075713, "step_td_err": 195.09605518107665}