{"dim0": -0.4666666666666667, "dim1": 0.2, "scale": 15, "episode_rewards": -9.21224145325379, "episode_std_rewards": 0.17702399172381134, "episode_value_ests": 28.92393089324601, "episode_values": -2.5251536177002722, "episode_td_err": 128.02641332813792, "episode_avg_len": 16.75190551972527, "episode_std_avg_len": 1.2031711230208066, "step_rewards": -0.5499220039419653, "step_value_ests": 29.091517172250935, "step_values": -2.4528169759357743, "step_td_err": 127.38648186226936}