{"dim0": -0.4666666666666667, "dim1": 0.6666666666666666, "scale": 15, "episode_rewards": -9.512724225852363, "episode_std_rewards": 0.1608006768514107, "episode_value_ests": 11.223748443316898, "episode_values": -4.14161697122923, "episode_td_err": 278.23450415449526, "episode_avg_len": 15.498488957768307, "episode_std_avg_len": 0.8792330731682279, "step_rewards": -0.6137839793139512, "step_value_ests": 11.18562200122706, "step_values": -4.14789813280549, "step_td_err": 277.19799063003336}