{"dim0": -0.4666666666666667, "dim1": 0.7333333333333333, "scale": 15, "episode_rewards": 18.78202299216545, "episode_std_rewards": 0.1429349869044063, "episode_value_ests": 42.92253953897568, "episode_values": 11.357945269010214, "episode_td_err": 23.5248840454323, "episode_avg_len": 33.93554952510176, "episode_std_avg_len": 10.03014037182349, "step_rewards": 0.5534615839437812, "step_value_ests": 43.25060050900578, "step_values": 11.952441444151619, "step_td_err": 22.051731000605947}