{"dim0": -0.4666666666666667, "dim1": 0.8, "scale": 15, "episode_rewards": 14.23757120822601, "episode_std_rewards": 0.15889794408065935, "episode_value_ests": 42.767867296783464, "episode_values": 9.227018380504566, "episode_td_err": 27.30121919897392, "episode_avg_len": 29.493659687407845, "episode_std_avg_len": 7.829550555058309, "step_rewards": 0.4827332843439793, "step_value_ests": 42.85317959376228, "step_values": 9.764326052773336, "step_td_err": 26.274570268494436}