{"dim0": -0.4666666666666667, "dim1": -0.2, "scale": 15, "episode_rewards": -45.61545149775519, "episode_std_rewards": 0.24941171594282416, "episode_value_ests": 47.624193258850184, "episode_values": -13.928650877834809, "episode_td_err": 47.67425107349912, "episode_avg_len": 92.63240740740741, "episode_std_avg_len": 102.35648971509809, "step_rewards": -0.49243512907025583, "step_value_ests": 46.9834172926998, "step_values": -19.13761801801473, "step_td_err": 26.054621143313806}