{"dim0": -0.4666666666666667, "dim1": -0.4666666666666667, "scale": 15, "episode_rewards": -68.96457200355503, "episode_std_rewards": 0.1875191775773124, "episode_value_ests": 49.57878986835967, "episode_values": -21.366700511470395, "episode_td_err": 24.43107897481094, "episode_avg_len": 109.77332601536773, "episode_std_avg_len": 63.907269296689364, "step_rewards": -0.6282452623682035, "step_value_ests": 48.91653904060209, "step_values": -24.03519735462631, "step_td_err": 17.049288770746433}