{"dim0": -0.4666666666666667, "dim1": 0.9333333333333333, "scale": 15, "episode_rewards": 7.872645056310042, "episode_std_rewards": 0.18567590635993533, "episode_value_ests": 42.68571077997841, "episode_values": 5.762252165482934, "episode_td_err": 34.223126075193015, "episode_avg_len": 24.797545251673693, "episode_std_avg_len": 4.809131421370886, "step_rewards": 0.3174767895938685, "step_value_ests": 42.58801683368822, "step_values": 6.157913245163231, "step_td_err": 33.30244166664103}