{"dim0": -0.4666666666666667, "dim1": 1.0, "scale": 15, "episode_rewards": 5.89131792074932, "episode_std_rewards": 0.19305466359977355, "episode_value_ests": 42.19990808576749, "episode_values": 4.5855544236327, "episode_td_err": 36.98925903072939, "episode_avg_len": 23.75590925288039, "episode_std_avg_len": 3.852849116388536, "step_rewards": 0.24799378790500312, "step_value_ests": 42.06417322310626, "step_values": 4.9153138354939605, "step_td_err": 36.00171230126328}