{"dim0": -0.4666666666666667, "dim1": -0.6, "scale": 15, "episode_rewards": -80.56097137394548, "episode_std_rewards": 0.17210965168774625, "episode_value_ests": 50.90062676371589, "episode_values": -25.862359546391854, "episode_td_err": 23.435060002070724, "episode_avg_len": 105.45229309435952, "episode_std_avg_len": 48.72689121553243, "step_rewards": -0.7639565628208664, "step_value_ests": 50.80323216249943, "step_values": -28.18014969359468, "step_td_err": 18.18486342247627}