{"dim0": -0.4666666666666667, "dim1": 0.6, "scale": 15, "episode_rewards": -9.222661480344343, "episode_std_rewards": 0.1600095203686187, "episode_value_ests": 12.51667670816585, "episode_values": -3.8730462991275028, "episode_td_err": 273.99734098881925, "episode_avg_len": 15.62806688545085, "episode_std_avg_len": 0.9420461969837817, "step_rewards": -0.5901345027471245, "step_value_ests": 12.460882301971482, "step_values": -3.8746435810899764, "step_td_err": 272.82129344824847}