{"dim0": -0.4666666666666667, "dim1": -0.6666666666666666, "scale": 15, "episode_rewards": -88.55109638920543, "episode_std_rewards": 0.1657156619823052, "episode_value_ests": 51.43532958821005, "episode_values": -28.491147769494642, "episode_td_err": 22.9186479874078, "episode_avg_len": 106.91822554783538, "episode_std_avg_len": 47.614075730267885, "step_rewards": -0.8282132997950618, "step_value_ests": 51.45686084347775, "step_values": -30.902785295294706, "step_td_err": 18.253013651710837}