{"dim0": -0.4666666666666667, "dim1": 0.9333333333333333, "scale": 15, "episode_rewards": -12.098208149301277, "episode_std_rewards": 0.2042520061375319, "episode_value_ests": 7.605645777487251, "episode_values": -5.956940990022126, "episode_td_err": 288.891138045852, "episode_avg_len": 15.042039557794991, "episode_std_avg_len": 0.9992664786302882, "step_rewards": -0.804293068291515, "step_value_ests": 7.584156853244941, "step_values": -5.96078668152854, "step_td_err": 287.7667302598375}