{"dim0": -0.4666666666666667, "dim1": -0.8, "scale": 15, "episode_rewards": -23.38320426525401, "episode_std_rewards": 0.24975786550298365, "episode_value_ests": 8.658521646830891, "episode_values": -11.317520263175979, "episode_td_err": 338.8364109175266, "episode_avg_len": 12.56666247800955, "episode_std_avg_len": 0.8588594483822062, "step_rewards": -1.8607330551108832, "step_value_ests": 8.56052146420957, "step_values": -11.319235025804096, "step_td_err": 337.9720289268452}