{"dim0": -0.4666666666666667, "dim1": -0.8666666666666667, "scale": 15, "episode_rewards": -115.4064293218092, "episode_std_rewards": 0.17862996947401968, "episode_value_ests": 52.38375793055925, "episode_values": -37.10932793177289, "episode_td_err": 23.91678768140177, "episode_avg_len": 110.84875346260388, "episode_std_avg_len": 48.25728432201604, "step_rewards": -1.0411161670008577, "step_value_ests": 52.6372129051051, "step_values": -40.406816943753306, "step_td_err": 19.289701631453184}