{"dim0": -0.4666666666666667, "dim1": -0.9333333333333333, "scale": 15, "episode_rewards": -26.558381103680006, "episode_std_rewards": 0.2505002442545761, "episode_value_ests": 8.427338356299838, "episode_values": -12.9189089394387, "episode_td_err": 340.5434682556035, "episode_avg_len": 12.335512520044405, "episode_std_avg_len": 0.7495244119736658, "step_rewards": -2.153001836001898, "step_value_ests": 8.341948429864392, "step_values": -12.925224160750439, "step_td_err": 339.8767245622473}