{"dim0": -0.4666666666666667, "dim1": 0.26666666666666666, "scale": 15, "episode_rewards": 6.615529179192988, "episode_std_rewards": 0.15142813612390424, "episode_value_ests": 58.90888844536694, "episode_values": 2.7686698557859435, "episode_td_err": 50.77247288281853, "episode_avg_len": 56.02268272192663, "episode_std_avg_len": 32.7271296229515, "step_rewards": 0.11808661880813047, "step_value_ests": 61.19701913034385, "step_values": 3.347845777437663, "step_td_err": 37.7849814524448}