{"dim0": -0.4666666666666667, "dim1": 0.3333333333333333, "scale": 15, "episode_rewards": 27.14606020960372, "episode_std_rewards": 0.14283575071978705, "episode_value_ests": 65.43755547136229, "episode_values": 6.8142404580349725, "episode_td_err": 24.38216244448017, "episode_avg_len": 146.1154127100073, "episode_std_avg_len": 101.64877356069209, "step_rewards": 0.18578505652569335, "step_value_ests": 67.19183936341747, "step_values": 8.790844383889176, "step_td_err": 16.096471909808034}