{"dim0": -0.4666666666666667, "dim1": -0.3333333333333333, "scale": 15, "episode_rewards": -13.65856119744275, "episode_std_rewards": 0.252179201576916, "episode_value_ests": 14.730265202206981, "episode_values": -6.755070284493844, "episode_td_err": 325.7159843203821, "episode_avg_len": 13.708019191226867, "episode_std_avg_len": 2.321136331499189, "step_rewards": -0.9963920393534487, "step_value_ests": 14.492086893466116, "step_values": -6.634002947472418, "step_td_err": 321.9067530414717}