{"dim0": -0.4666666666666667, "dim1": 0.13333333333333333, "scale": 15, "episode_rewards": -9.392722013097778, "episode_std_rewards": 0.17887549053712137, "episode_value_ests": 33.25408880534183, "episode_values": -2.2321944930753674, "episode_td_err": 106.74151959062269, "episode_avg_len": 17.421689895470383, "episode_std_avg_len": 1.5408943287606094, "step_rewards": -0.5391395478540733, "step_value_ests": 33.6473189645299, "step_values": -2.163451228494036, "step_td_err": 105.93707423194444}