{"dim0": -0.4666666666666667, "dim1": -0.26666666666666666, "scale": 15, "episode_rewards": -12.313199315420317, "episode_std_rewards": 0.24183090392504308, "episode_value_ests": 16.633211307551793, "episode_values": -6.123134076474034, "episode_td_err": 323.70146503294916, "episode_avg_len": 13.908344923504869, "episode_std_avg_len": 1.9532291762168401, "step_rewards": -0.885310177676944, "step_value_ests": 16.463814927816852, "step_values": -6.039956724211933, "step_td_err": 320.6615811469622}