{"dim0": -0.4666666666666667, "dim1": -0.6, "scale": 15, "episode_rewards": -19.135288293912783, "episode_std_rewards": 0.24116899739388525, "episode_value_ests": 9.93859052697838, "episode_values": -9.34399734481061, "episode_td_err": 342.1551426348857, "episode_avg_len": 12.903935483870967, "episode_std_avg_len": 0.9312482062501494, "step_rewards": -1.4829032830976703, "step_value_ests": 9.862144785717957, "step_values": -9.337122642302717, "step_td_err": 341.287613144968}