{"dim0": -0.4666666666666667, "dim1": -1.0, "scale": 15, "episode_rewards": -136.70583296152498, "episode_std_rewards": 0.1701982077463889, "episode_value_ests": 53.076967398723916, "episode_values": -43.96005640886688, "episode_td_err": 23.92382886879804, "episode_avg_len": 114.25285388127854, "episode_std_avg_len": 46.4842794271837, "step_rewards": -1.1965200720813294, "step_value_ests": 53.380708797149474, "step_values": -47.472343222359996, "step_td_err": 19.957130221781124}