{"dim0": -0.4666666666666667, "dim1": 0.7333333333333333, "scale": 15, "episode_rewards": -9.999371032707296, "episode_std_rewards": 0.1699259428631414, "episode_value_ests": 10.174330286358737, "episode_values": -4.522390464727811, "episode_td_err": 283.79944649109717, "episode_avg_len": 15.350909509555606, "episode_std_avg_len": 0.88113241328981, "step_rewards": -0.6513862274077575, "step_value_ests": 10.146843545355454, "step_values": -4.528817206775749, "step_td_err": 282.7832340324735}