{"dim0": -0.4666666666666667, "dim1": -0.7333333333333333, "scale": 15, "episode_rewards": -21.89628689801251, "episode_std_rewards": 0.24824304151560098, "episode_value_ests": 8.903728852320121, "episode_values": -10.602156626339305, "episode_td_err": 339.92779364813384, "episode_avg_len": 12.684974947675524, "episode_std_avg_len": 0.8662824421382115, "step_rewards": -1.7261592544197277, "step_value_ests": 8.810209718145792, "step_values": -10.600772473333777, "step_td_err": 339.0567616754203}