{"dim0": -0.4666666666666667, "dim1": 0.0, "scale": 15, "episode_rewards": -12.746742268012179, "episode_std_rewards": 0.18572919181218225, "episode_value_ests": 42.59863730807852, "episode_values": -3.711628293811649, "episode_td_err": 89.24295764776397, "episode_avg_len": 21.361743031079783, "episode_std_avg_len": 7.294141798520459, "step_rewards": -0.5967089038317985, "step_value_ests": 43.4029423308208, "step_values": -4.088468048825049, "step_td_err": 84.13764615258985}