{"dim0": -0.4666666666666667, "dim1": -0.2, "scale": 15, "episode_rewards": -10.89982977483051, "episode_std_rewards": 0.23393993610763197, "episode_value_ests": 19.365538818325497, "episode_values": -5.409043270069941, "episode_td_err": 312.8311188318535, "episode_avg_len": 14.218170185540627, "episode_std_avg_len": 1.7435953687365549, "step_rewards": -0.7666126957683519, "step_value_ests": 19.276082106339956, "step_values": -5.334788445092961, "step_td_err": 310.4212593906222}