{"dim0": -0.4666666666666667, "dim1": 0.8666666666666667, "scale": 15, "episode_rewards": 10.479732949790801, "episode_std_rewards": 0.17634936920787772, "episode_value_ests": 42.87882197865105, "episode_values": 7.231829909654265, "episode_td_err": 31.370229159324452, "episode_avg_len": 26.517565955190243, "episode_std_avg_len": 5.981315892003921, "step_rewards": 0.3951996562391738, "step_value_ests": 42.82147288314284, "step_values": 7.720015458763575, "step_td_err": 30.221285499123336}