{"dim0": -0.4666666666666667, "dim1": 0.5333333333333333, "scale": 15, "episode_rewards": -9.00279225560407, "episode_std_rewards": 0.15542211666549915, "episode_value_ests": 13.923275081994356, "episode_values": -3.592525811404203, "episode_td_err": 261.66405279333145, "episode_avg_len": 15.757661703301032, "episode_std_avg_len": 0.9365167008811037, "step_rewards": -0.5713279308260628, "step_value_ests": 13.854386505654325, "step_values": -3.5932988145792053, "step_td_err": 260.63897056118594}