{"dim0": -0.4666666666666667, "dim1": 0.26666666666666666, "scale": 15, "episode_rewards": -9.106672277418191, "episode_std_rewards": 0.1662230996767309, "episode_value_ests": 25.065806303441832, "episode_values": -2.8334062606017096, "episode_td_err": 159.37511676310228, "episode_avg_len": 16.348863822135034, "episode_std_avg_len": 1.056714799273702, "step_rewards": -0.5570217219063565, "step_value_ests": 25.08138673429553, "step_values": -2.7872546697596006, "step_td_err": 158.97535052652057}