{"dim0": -0.4666666666666667, "dim1": -0.3333333333333333, "scale": 15, "episode_rewards": -79.44954975004912, "episode_std_rewards": 0.22231908366673184, "episode_value_ests": 48.24944662401446, "episode_values": -18.865030573784072, "episode_td_err": 28.228414116335525, "episode_avg_len": 165.01980198019803, "episode_std_avg_len": 206.18796801883556, "step_rewards": -0.4814546423924498, "step_value_ests": 46.366835997603815, "step_values": -26.123137272012073, "step_td_err": 13.289911540705804}