{"dim0": -0.4666666666666667, "dim1": -0.5333333333333333, "scale": 15, "episode_rewards": -73.8928181577692, "episode_std_rewards": 0.18068129623676313, "episode_value_ests": 50.13941482320037, "episode_values": -23.464061383980564, "episode_td_err": 23.73060504674727, "episode_avg_len": 106.12042440318302, "episode_std_avg_len": 52.181054234655335, "step_rewards": -0.6963109936031582, "step_value_ests": 49.79474887081848, "step_values": -25.75675100426222, "step_td_err": 17.694368116359495}