{"dim0": -0.4666666666666667, "dim1": -0.6666666666666666, "scale": 15, "episode_rewards": -20.565361275419647, "episode_std_rewards": 0.24376484824922684, "episode_value_ests": 9.152504211661672, "episode_values": -10.001588064795463, "episode_td_err": 348.5925532184104, "episode_avg_len": 12.810850627722266, "episode_std_avg_len": 0.9028679325867983, "step_rewards": -1.6053080215389346, "step_value_ests": 9.059612820787873, "step_values": -10.001227676617168, "step_td_err": 347.6545234242181}