{"dim0": -0.4666666666666667, "dim1": 0.0, "scale": 15, "episode_rewards": -6.751497715211537, "episode_std_rewards": 0.19797487262649346, "episode_value_ests": 33.04879124231529, "episode_values": -3.2705486656750407, "episode_td_err": 237.12000536548712, "episode_avg_len": 15.962965919067763, "episode_std_avg_len": 1.9730973802943599, "step_rewards": -0.4229475743694267, "step_value_ests": 33.45287857722074, "step_values": -3.235851999119307, "step_td_err": 234.08146193098955}