{"dim0": -0.4666666666666667, "dim1": -0.9333333333333333, "scale": 15, "episode_rewards": -124.65498814949639, "episode_std_rewards": 0.1770692784871872, "episode_value_ests": 52.732519697579285, "episode_values": -40.18423380253923, "episode_td_err": 24.31901677381265, "episode_avg_len": 111.3630289532294, "episode_std_avg_len": 50.3860890027223, "step_rewards": -1.1193570193017055, "step_value_ests": 53.158659548166966, "step_values": -43.81534025415645, "step_td_err": 19.875013818803936}