{"dim0": -0.4666666666666667, "dim1": 0.4666666666666667, "scale": 15, "episode_rewards": 274.40460390715793, "episode_std_rewards": 0.11864089055423038, "episode_value_ests": 60.45515110018977, "episode_values": 32.21378060379715, "episode_td_err": 6.137007927454502, "episode_avg_len": 583.9504373177842, "episode_std_avg_len": 422.9282212649971, "step_rewards": 0.4699107773042521, "step_value_ests": 67.32234718775041, "step_values": 40.231112710173335, "step_td_err": 5.294146531596816}