{"dim0": -0.5333333333333333, "dim1": 0.0, "scale": 15, "episode_rewards": -8.304803695295048, "episode_std_rewards": 0.2037405009875359, "episode_value_ests": 27.35640170093557, "episode_values": -4.14962508515522, "episode_td_err": 274.34585012367955, "episode_avg_len": 15.158481127785358, "episode_std_avg_len": 1.5386884747598228, "step_rewards": -0.5478651604528121, "step_value_ests": 27.523954241359238, "step_values": -4.0957911501230155, "step_td_err": 272.25654948591097}