{"dim0": -0.5333333333333333, "dim1": -0.06666666666666667, "scale": 15, "episode_rewards": -9.487689130981384, "episode_std_rewards": 0.21372548421635273, "episode_value_ests": 22.865132949612228, "episode_values": -4.6857017264801355, "episode_td_err": 294.8584190768843, "episode_avg_len": 14.62809917355372, "episode_std_avg_len": 1.7555563034076505, "step_rewards": -0.648593437767654, "step_value_ests": 22.894170162729587, "step_values": -4.608938210307459, "step_td_err": 292.9820503882082}