{"dim0": -0.5333333333333333, "dim1": 0.06666666666666667, "scale": 15, "episode_rewards": -11.888154897767611, "episode_std_rewards": 0.18091917156876533, "episode_value_ests": 35.21965152964125, "episode_values": -3.0876721125373723, "episode_td_err": 100.59753867831182, "episode_avg_len": 17.647344273866242, "episode_std_avg_len": 1.6837339044010666, "step_rewards": -0.6736512142154244, "step_value_ests": 35.71295547194563, "step_values": -3.0361814861986987, "step_td_err": 100.08614627188004}