{"dim0": -0.5333333333333333, "dim1": -0.7333333333333333, "scale": 15, "episode_rewards": -89.05139209315429, "episode_std_rewards": 0.2518392541049715, "episode_value_ests": 49.13802577250941, "episode_values": -28.83582422885573, "episode_td_err": 31.464059002998084, "episode_avg_len": 91.17866909753874, "episode_std_avg_len": 51.82451439700871, "step_rewards": -0.9766691373603097, "step_value_ests": 48.6282570713186, "step_values": -32.964212037014924, "step_td_err": 21.68321494608415}