{"dim0": -0.5333333333333333, "dim1": -0.13333333333333333, "scale": 15, "episode_rewards": -10.928778397760327, "episode_std_rewards": 0.23386610723297657, "episode_value_ests": 19.208118914828397, "episode_values": -5.42727629111364, "episode_td_err": 313.3512428337372, "episode_avg_len": 14.212833996588971, "episode_std_avg_len": 1.713313628236846, "step_rewards": -0.7689373140067066, "step_value_ests": 19.121536489132854, "step_values": -5.353903572543245, "step_td_err": 310.9472177653723}