{"dim0": -0.5333333333333333, "dim1": 0.0, "scale": 15, "episode_rewards": -13.615608234304842, "episode_std_rewards": 0.18576901821480662, "episode_value_ests": 40.16572731145415, "episode_values": -3.7861047995348325, "episode_td_err": 96.80241918186412, "episode_avg_len": 19.127773527161438, "episode_std_avg_len": 3.1304416213092736, "step_rewards": -0.7118239984894571, "step_value_ests": 40.81014584993899, "step_values": -3.8875148271329807, "step_td_err": 95.67867415572135}