{"dim0": -0.5333333333333333, "dim1": -0.3333333333333333, "scale": 15, "episode_rewards": -15.106655342936957, "episode_std_rewards": 0.2498454798401204, "episode_value_ests": 13.115450730767991, "episode_values": -7.483355231464178, "episode_td_err": 332.8061751381307, "episode_avg_len": 13.441532258064516, "episode_std_avg_len": 2.027849333900926, "step_rewards": -1.1238789635663313, "step_value_ests": 12.895288457745798, "step_values": -7.403346779629847, "step_td_err": 329.4339725722844}