{"dim0": -0.5333333333333333, "dim1": -0.8, "scale": 15, "episode_rewards": -97.45133652581617, "episode_std_rewards": 0.24550230808349355, "episode_value_ests": 49.34337406719437, "episode_values": -31.601572207699185, "episode_td_err": 30.94169440015271, "episode_avg_len": 92.76808905380334, "episode_std_avg_len": 52.01485821568685, "step_rewards": -1.0504833884127618, "step_value_ests": 48.940586567945736, "step_values": -36.07526027400062, "step_td_err": 21.74457706000478}