{"dim0": -0.5333333333333333, "dim1": 0.2, "scale": 15, "episode_rewards": -2.865357629700201, "episode_std_rewards": 0.1886568863500359, "episode_value_ests": 46.173762701446975, "episode_values": -0.9461313580653219, "episode_td_err": 140.64657293958555, "episode_avg_len": 21.534130060292853, "episode_std_avg_len": 8.893977755028573, "step_rewards": -0.13306122056835173, "step_value_ests": 47.31958558393259, "step_values": -0.9282419607297138, "step_td_err": 128.24838639290758}