{"dim0": -0.5333333333333333, "dim1": -0.8666666666666667, "scale": 15, "episode_rewards": -103.88117024261491, "episode_std_rewards": 0.24803463869828185, "episode_value_ests": 49.45225485270084, "episode_values": -33.97027522436045, "episode_td_err": 30.718403721791397, "episode_avg_len": 91.8783287419651, "episode_std_avg_len": 48.94014802457132, "step_rewards": -1.130638439608094, "step_value_ests": 49.176498817459034, "step_values": -38.55153514007777, "step_td_err": 22.147627923223716}