{"dim0": -0.5333333333333333, "dim1": 0.5333333333333333, "scale": 15, "episode_rewards": 257.3553973814179, "episode_std_rewards": 0.08983586858957188, "episode_value_ests": 59.68233542481055, "episode_values": 31.23077839830235, "episode_td_err": 5.394884476823497, "episode_avg_len": 552.5592286501377, "episode_std_avg_len": 423.4079546710759, "step_rewards": 0.465751695089988, "step_value_ests": 66.99221589900935, "step_values": 39.47779980763041, "step_td_err": 5.2887626903466}