{"dim0": -0.5333333333333333, "dim1": 0.13333333333333333, "scale": 15, "episode_rewards": -5.041886846794143, "episode_std_rewards": 0.19967430817183202, "episode_value_ests": 39.464424351790655, "episode_values": -2.244533302621323, "episode_td_err": 193.69797155236358, "episode_avg_len": 17.433103808942736, "episode_std_avg_len": 3.924002478065697, "step_rewards": -0.28921337829743116, "step_value_ests": 40.192623975748276, "step_values": -2.250687938044402, "step_td_err": 186.87160166700068}