{"dim0": -0.5333333333333333, "dim1": -0.8, "scale": 15, "episode_rewards": -24.929788465613836, "episode_std_rewards": 0.2517853779564665, "episode_value_ests": 8.555485386571961, "episode_values": -12.079575706421254, "episode_td_err": 336.7572513260024, "episode_avg_len": 12.439855703445701, "episode_std_avg_len": 0.8102519985221222, "step_rewards": -2.004025533729347, "step_value_ests": 8.463495552770784, "step_values": -12.085304120554312, "step_td_err": 335.9838518493595}