{"dim0": -0.5333333333333333, "dim1": 0.3333333333333333, "scale": 15, "episode_rewards": 6.1360034756920125, "episode_std_rewards": 0.14936438410386943, "episode_value_ests": 58.89633749656947, "episode_values": 2.5536373889112394, "episode_td_err": 51.750878997047835, "episode_avg_len": 55.095290553566514, "episode_std_avg_len": 31.170505188150432, "step_rewards": 0.11137074356158029, "step_value_ests": 61.08300676897999, "step_values": 2.9836012621518275, "step_td_err": 38.66264064561405}