{"dim0": -0.5333333333333333, "dim1": 0.5333333333333333, "scale": 15, "episode_rewards": -10.225920499085499, "episode_std_rewards": 0.1580340130367659, "episode_value_ests": 14.03687943471645, "episode_values": -4.200425063081806, "episode_td_err": 268.2762972484033, "episode_avg_len": 15.552954898911352, "episode_std_avg_len": 0.8252874382081561, "step_rewards": -0.6574905261122614, "step_value_ests": 13.980358203753902, "step_values": -4.200227138217349, "step_td_err": 267.39506347557136}