{"dim0": -0.5333333333333333, "dim1": -1.0, "scale": 15, "episode_rewards": -29.524843406154936, "episode_std_rewards": 0.2508968084954594, "episode_value_ests": 8.37552499730952, "episode_values": -14.304083742260968, "episode_td_err": 334.5795178175479, "episode_avg_len": 12.173595471422484, "episode_std_avg_len": 0.591646853176901, "step_rewards": -2.4253182615985973, "step_value_ests": 8.325480862858594, "step_values": -14.311191228558144, "step_td_err": 334.2037646800715}