{"dim0": -0.5333333333333333, "dim1": -0.2, "scale": 15, "episode_rewards": -32.94206057183678, "episode_std_rewards": 0.2653447693363269, "episode_value_ests": 47.23347007696247, "episode_values": -11.640652752854912, "episode_td_err": 69.92747716166188, "episode_avg_len": 46.59972041006524, "episode_std_avg_len": 46.988959659030044, "step_rewards": -0.706915412409245, "step_value_ests": 46.16242157100404, "step_values": -15.425498038292664, "step_td_err": 46.81978829386748}