{"dim0": -0.5333333333333333, "dim1": 0.2, "scale": 15, "episode_rewards": -11.166526237917715, "episode_std_rewards": 0.17245946927956846, "episode_value_ests": 27.30975575813543, "episode_values": -3.576382336920877, "episode_td_err": 138.66708958515053, "episode_avg_len": 16.242325808023388, "episode_std_avg_len": 1.1119305096306054, "step_rewards": -0.6874955206477679, "step_value_ests": 27.39220100028629, "step_values": -3.517102704690801, "step_td_err": 138.12474142648634}