{"dim0": -0.5333333333333333, "dim1": 0.8, "scale": 15, "episode_rewards": -11.820917113097126, "episode_std_rewards": 0.17643187273797342, "episode_value_ests": 9.599756496937404, "episode_values": -5.632456301621178, "episode_td_err": 291.30831048950915, "episode_avg_len": 15.18593880495027, "episode_std_avg_len": 0.8882446190538792, "step_rewards": -0.7784120076424763, "step_value_ests": 9.571777634562759, "step_values": -5.637581418769256, "step_td_err": 290.3010968782004}