{"dim0": -0.5333333333333333, "dim1": -0.5333333333333333, "scale": 15, "episode_rewards": -70.94382958293394, "episode_std_rewards": 0.24559806133029083, "episode_value_ests": 48.15980882938851, "episode_values": -22.33942036000566, "episode_td_err": 31.482216811149677, "episode_avg_len": 92.51850138760408, "episode_std_avg_len": 60.56773396581847, "step_rewards": -0.7668069469231505, "step_value_ests": 47.35565552502777, "step_values": -26.0909241784224, "step_td_err": 20.471470642330747}