{"dim0": -0.5333333333333333, "dim1": 0.4666666666666667, "scale": 15, "episode_rewards": -10.251151613752967, "episode_std_rewards": 0.1574445419379869, "episode_value_ests": 15.824772306003606, "episode_values": -4.047665812826874, "episode_td_err": 254.22105049982184, "episode_avg_len": 15.647707713972775, "episode_std_avg_len": 0.8470326049024037, "step_rewards": -0.6551216191620898, "step_value_ests": 15.745976759551754, "step_values": -4.043414179837286, "step_td_err": 253.4823808048099}