{"dim0": -0.5333333333333333, "dim1": 1.0, "scale": 15, "episode_rewards": -14.289148100199514, "episode_std_rewards": 0.2278956940253255, "episode_value_ests": 7.279616960964618, "episode_values": -7.21012087350691, "episode_td_err": 289.05758291478315, "episode_avg_len": 14.954242990654206, "episode_std_avg_len": 1.1790697017209328, "step_rewards": -0.9555246700972861, "step_value_ests": 7.24193203827297, "step_values": -7.21540400490022, "step_td_err": 287.6537209542869}