{"dim0": -0.5333333333333333, "dim1": 0.9333333333333333, "scale": 15, "episode_rewards": 10.641051836519894, "episode_std_rewards": 0.17462221513159737, "episode_value_ests": 42.77171704041163, "episode_values": 7.328903870443366, "episode_td_err": 30.664600870208385, "episode_avg_len": 26.580066445182723, "episode_std_avg_len": 5.745141063782604, "step_rewards": 0.40033954988281983, "step_value_ests": 42.73094953209913, "step_values": 7.778889654926036, "step_td_err": 29.79542751296662}