{"dim0": -0.5333333333333333, "dim1": -0.5333333333333333, "scale": 15, "episode_rewards": -19.189372219802785, "episode_std_rewards": 0.2405313892735492, "episode_value_ests": 9.802524395183358, "episode_values": -9.396491899522859, "episode_td_err": 350.7336327739585, "episode_avg_len": 12.905600722673894, "episode_std_avg_len": 0.8522587274564802, "step_rewards": -1.486902673665466, "step_value_ests": 9.727043015380557, "step_values": -9.395205752109533, "step_td_err": 349.897892037949}