{"dim0": -0.5333333333333333, "dim1": 0.6666666666666666, "scale": 15, "episode_rewards": 32.3205831606516, "episode_std_rewards": 0.11580117027468578, "episode_value_ests": 44.80825977179349, "episode_values": 16.02182409521798, "episode_td_err": 12.463959976016733, "episode_avg_len": 53.87207110153515, "episode_std_avg_len": 20.145927591909, "step_rewards": 0.5999506330420363, "step_value_ests": 45.735968977568845, "step_values": 16.76663885585821, "step_td_err": 10.66792172337013}