{"dim0": -0.5333333333333333, "dim1": -0.9333333333333333, "scale": 15, "episode_rewards": -28.044432991400452, "episode_std_rewards": 0.25174148975809174, "episode_value_ests": 8.369333779816177, "episode_values": -13.633005169840787, "episode_td_err": 339.3698091706392, "episode_avg_len": 12.245698891814119, "episode_std_avg_len": 0.6886174441564901, "step_rewards": -2.290145563692352, "step_value_ests": 8.30009143972944, "step_values": -13.640799483209154, "step_td_err": 338.8317400457057}