{"dim0": -0.5333333333333333, "dim1": -0.9333333333333333, "scale": 15, "episode_rewards": -111.79180390156671, "episode_std_rewards": 0.2492091190873637, "episode_value_ests": 49.69718190548161, "episode_values": -36.755044104745394, "episode_td_err": 31.143946106517408, "episode_avg_len": 92.19216589861752, "episode_std_avg_len": 47.485136490008976, "step_rewards": -1.2125954826194523, "step_value_ests": 49.484752110642376, "step_values": -41.44345448734321, "step_td_err": 22.836540425193423}