{"dim0": -0.5333333333333333, "dim1": -0.2, "scale": 15, "episode_rewards": -12.353490492083942, "episode_std_rewards": 0.24451434698933255, "episode_value_ests": 16.662506683699057, "episode_values": -6.152054280282229, "episode_td_err": 323.8852687037838, "episode_avg_len": 13.889583333333333, "episode_std_avg_len": 1.8555554256071143, "step_rewards": -0.8894068450877896, "step_value_ests": 16.51044478292382, "step_values": -6.077749409385672, "step_td_err": 320.88263809581656}