{"dim0": -0.5333333333333333, "dim1": 0.4, "scale": 15, "episode_rewards": -10.292538247139492, "episode_std_rewards": 0.15950071985319597, "episode_value_ests": 18.029397687090807, "episode_values": -3.8750221590585903, "episode_td_err": 234.5381004371004, "episode_avg_len": 15.727215538255878, "episode_std_avg_len": 0.880655012889153, "step_rewards": -0.6544412278259472, "step_value_ests": 17.93227888848905, "step_values": -3.8628735478988245, "step_td_err": 234.0200297140558}