{"dim0": -0.5333333333333333, "dim1": -0.4666666666666667, "scale": 15, "episode_rewards": -66.09100588624784, "episode_std_rewards": 0.26398044142785787, "episode_value_ests": 47.87502825649038, "episode_values": -20.21968854144673, "episode_td_err": 34.422486285224636, "episode_avg_len": 94.44192634560906, "episode_std_avg_len": 78.14327401218237, "step_rewards": -0.699805779526231, "step_value_ests": 46.57672137160193, "step_values": -24.904008674990603, "step_td_err": 20.232634605711755}