{"dim0": -0.5333333333333333, "dim1": -0.3333333333333333, "scale": 15, "episode_rewards": -66.48022383414722, "episode_std_rewards": 0.29633992308124324, "episode_value_ests": 47.58069540459489, "episode_values": -16.983518937126863, "episode_td_err": 45.479957107916924, "episode_avg_len": 116.97491248541424, "episode_std_avg_len": 179.4893084727635, "step_rewards": -0.5683289042206955, "step_value_ests": 45.553861679915535, "step_values": -26.764662658904587, "step_td_err": 18.78809720389437}