{"dim0": -0.5333333333333333, "dim1": 0.8666666666666667, "scale": 15, "episode_rewards": -12.515353821420973, "episode_std_rewards": 0.18945696122207228, "episode_value_ests": 8.803309624292613, "episode_values": -6.1254995213344, "episode_td_err": 291.4278767989058, "episode_avg_len": 15.11357110473024, "episode_std_avg_len": 1.004083495296812, "step_rewards": -0.8280871366995404, "step_value_ests": 8.769216972156821, "step_values": -6.129297871453242, "step_td_err": 290.2790670877018}