{"dim0": -0.5333333333333333, "dim1": 1.0, "scale": 15, "episode_rewards": 7.819497762472608, "episode_std_rewards": 0.18078872606194624, "episode_value_ests": 42.60748834713745, "episode_values": 5.710142305255866, "episode_td_err": 33.738968367019844, "episode_avg_len": 24.76166893648632, "episode_std_avg_len": 4.563668050686018, "step_rewards": 0.31579041713745626, "step_value_ests": 42.51140811704993, "step_values": 6.084025123381889, "step_td_err": 32.95664140867738}