{"dim0": -0.5333333333333333, "dim1": -0.8666666666666667, "scale": 15, "episode_rewards": -26.445372220044916, "episode_std_rewards": 0.2509370423936829, "episode_value_ests": 8.50658030342246, "episode_values": -12.831444303467059, "episode_td_err": 335.5228686767334, "episode_avg_len": 12.329120946862286, "episode_std_avg_len": 0.7265770057455415, "step_rewards": -2.1449519664883456, "step_value_ests": 8.429650557521395, "step_values": -12.838082654813537, "step_td_err": 334.9251310270372}