{"dim0": -0.5333333333333333, "dim1": 0.6, "scale": 15, "episode_rewards": -10.422277880406611, "episode_std_rewards": 0.1584463008585185, "episode_value_ests": 12.546444525613907, "episode_values": -4.464520260958728, "episode_td_err": 277.20324518251965, "episode_avg_len": 15.471803202599212, "episode_std_avg_len": 0.8057901523219151, "step_rewards": -0.6736304581909175, "step_value_ests": 12.506142007670356, "step_values": -4.468630171834169, "step_td_err": 276.256255920899}