{"dim0": -0.5333333333333333, "dim1": 0.26666666666666666, "scale": 15, "episode_rewards": -10.871489230681371, "episode_std_rewards": 0.16796597657169499, "episode_value_ests": 23.8162080161807, "episode_values": -3.771694290020743, "episode_td_err": 171.14095091409584, "episode_avg_len": 15.955009572431397, "episode_std_avg_len": 1.0086822122298629, "step_rewards": -0.6813840619353922, "step_value_ests": 23.773491533951024, "step_values": -3.734941546064091, "step_td_err": 170.88254866337186}