{"dim0": -0.5333333333333333, "dim1": -0.26666666666666666, "scale": 15, "episode_rewards": -46.65126574611163, "episode_std_rewards": 0.2899206257892336, "episode_value_ests": 47.54555482934577, "episode_values": -14.314333751799316, "episode_td_err": 56.68614468324555, "episode_avg_len": 74.85853293413173, "episode_std_avg_len": 104.32662702699515, "step_rewards": -0.6231923592085384, "step_value_ests": 46.24804855106871, "step_values": -21.398376584125366, "step_td_err": 29.892222455443992}