{"dim0": -0.5333333333333333, "dim1": -0.13333333333333333, "scale": 15, "episode_rewards": -23.54222966534951, "episode_std_rewards": 0.2245172050638234, "episode_value_ests": 46.39473968293856, "episode_values": -8.658157314654128, "episode_td_err": 85.92706309510724, "episode_avg_len": 29.709298871063577, "episode_std_avg_len": 18.98575042591408, "step_rewards": -0.7924195642422008, "step_value_ests": 45.89069448537966, "step_values": -10.047248968835301, "step_td_err": 71.0772909588222}