{"dim0": -0.5333333333333333, "dim1": -0.6, "scale": 15, "episode_rewards": -20.503288604524823, "episode_std_rewards": 0.2437199225709854, "episode_value_ests": 9.254419346341264, "episode_values": -9.939273481899773, "episode_td_err": 341.5988192847851, "episode_avg_len": 12.810222250688529, "episode_std_avg_len": 0.8833410041335606, "step_rewards": -1.60054120867597, "step_value_ests": 9.167436032201538, "step_values": -9.938925037199354, "step_td_err": 340.69711035507873}