{"dim0": -0.5333333333333333, "dim1": -0.06666666666666667, "scale": 15, "episode_rewards": -17.613959472578472, "episode_std_rewards": 0.20030511600823225, "episode_value_ests": 44.35015605585767, "episode_values": -5.964250755331146, "episode_td_err": 93.16185934928556, "episode_avg_len": 22.240853997553653, "episode_std_avg_len": 7.7600532588905775, "step_rewards": -0.791964169834301, "step_value_ests": 44.7106040757597, "step_values": -6.420709944279001, "step_td_err": 87.98982196455955}