{"dim0": -0.5333333333333333, "dim1": -0.26666666666666666, "scale": 15, "episode_rewards": -13.769402077586427, "episode_std_rewards": 0.25033993687838985, "episode_value_ests": 14.61414485831603, "episode_values": -6.862519211267438, "episode_td_err": 332.67498071044236, "episode_avg_len": 13.657880360557225, "episode_std_avg_len": 1.902247491991014, "step_rewards": -1.0081653751596233, "step_value_ests": 14.412989804069284, "step_values": -6.788555079738317, "step_td_err": 329.26400056189925}