{"dim0": -0.5333333333333333, "dim1": -0.7333333333333333, "scale": 15, "episode_rewards": -23.38849492487219, "episode_std_rewards": 0.25072330686841054, "episode_value_ests": 8.647250124345147, "episode_values": -11.326142168042434, "episode_td_err": 338.2864585717944, "episode_avg_len": 12.564105785539292, "episode_std_avg_len": 0.837374127692679, "step_rewards": -1.8615327922335125, "step_value_ests": 8.549990055450003, "step_values": -11.32690199574922, "step_td_err": 337.43314478113416}