{"dim0": -0.5333333333333333, "dim1": 0.8, "scale": 15, "episode_rewards": 18.680538490513115, "episode_std_rewards": 0.13953142178707553, "episode_value_ests": 42.871949594073264, "episode_values": 11.303691401493989, "episode_td_err": 23.58312160548424, "episode_avg_len": 33.620608505631196, "episode_std_avg_len": 9.540710987400344, "step_rewards": 0.5556276141576755, "step_value_ests": 43.17697611647999, "step_values": 11.873794751438632, "step_td_err": 22.162485136169217}