{"dim0": -0.5333333333333333, "dim1": -0.4, "scale": 15, "episode_rewards": -66.90080713622392, "episode_std_rewards": 0.28793156119234803, "episode_value_ests": 47.60081067241014, "episode_values": -18.396826920063393, "episode_td_err": 40.39412429792189, "episode_avg_len": 108.29421308815576, "episode_std_avg_len": 144.31686478875366, "step_rewards": -0.6177689945608082, "step_value_ests": 45.560962777974964, "step_values": -26.303990933648638, "step_td_err": 18.66178219173026}