{"dim0": -0.5333333333333333, "dim1": -0.4, "scale": 15, "episode_rewards": -16.60190288425731, "episode_std_rewards": 0.2444346941053974, "episode_value_ests": 11.720585439180178, "episode_values": -8.26821033568255, "episode_td_err": 348.74858598455444, "episode_avg_len": 13.158157894736842, "episode_std_avg_len": 1.2614159864448864, "step_rewards": -1.2617193848158592, "step_value_ests": 11.610667941260093, "step_values": -8.25002364973593, "step_td_err": 346.98308701830206}