{"dim0": -0.5333333333333333, "dim1": 0.4666666666666667, "scale": 15, "episode_rewards": 206.24406654285696, "episode_std_rewards": 0.12977196022055526, "episode_value_ests": 68.91973682093472, "episode_values": 23.95409821747661, "episode_td_err": 10.946083209487425, "episode_avg_len": 599.7395209580839, "episode_std_avg_len": 350.73822206047316, "step_rewards": 0.34388940420898406, "step_value_ests": 70.30158819490033, "step_values": 28.82886155337336, "step_td_err": 6.466338354666281}