{"dim0": -0.5333333333333333, "dim1": 0.13333333333333333, "scale": 15, "episode_rewards": -11.386124014880094, "episode_std_rewards": 0.17719291250795488, "episode_value_ests": 30.944490678499786, "episode_values": -3.2572416320296425, "episode_td_err": 114.3161674341139, "episode_avg_len": 16.783082990685575, "episode_std_avg_len": 1.3205112894368227, "step_rewards": -0.6784286308540133, "step_value_ests": 31.212469727327218, "step_values": -3.1805002995204683, "step_td_err": 113.6324935538059}