{"dim0": -0.5333333333333333, "dim1": 0.4, "scale": 15, "episode_rewards": 25.53549177083797, "episode_std_rewards": 0.14102611268460177, "episode_value_ests": 65.30668263241014, "episode_values": 6.748277193282564, "episode_td_err": 26.30077247015823, "episode_avg_len": 135.66237288135594, "episode_std_avg_len": 97.15138584004151, "step_rewards": 0.1882282553996762, "step_value_ests": 67.0880722910892, "step_values": 8.667965607573572, "step_td_err": 16.852410109122093}