{"dim0": -0.5333333333333333, "dim1": 0.9333333333333333, "scale": 15, "episode_rewards": -13.264973854596462, "episode_std_rewards": 0.20511064464022988, "episode_value_ests": 7.988589794216656, "episode_values": -6.560871359433513, "episode_td_err": 290.2088295706853, "episode_avg_len": 15.03216835776024, "episode_std_avg_len": 1.087741539492016, "step_rewards": -0.8824391490897934, "step_value_ests": 7.954407199749581, "step_values": -6.570284425389081, "step_td_err": 289.0803519610856}