{"dim0": -0.5333333333333333, "dim1": 0.26666666666666666, "scale": 15, "episode_rewards": 0.46909160344584955, "episode_std_rewards": 0.16795636653668217, "episode_value_ests": 52.53038772396809, "episode_values": 0.7016625400623117, "episode_td_err": 92.15882911691733, "episode_avg_len": 31.567234848484848, "episode_std_avg_len": 16.34599346024652, "step_rewards": 0.014860078993214853, "step_value_ests": 54.28228537617555, "step_values": 0.969348137451773, "step_td_err": 76.48561873635389}