{"dim0": -0.5333333333333333, "dim1": 0.7333333333333333, "scale": 15, "episode_rewards": -11.16927979364331, "episode_std_rewards": 0.170698625335068, "episode_value_ests": 10.346587815015512, "episode_values": -5.136162348050805, "episode_td_err": 286.8494115100528, "episode_avg_len": 15.285441345051586, "episode_std_avg_len": 0.8523776709994927, "step_rewards": -0.7307135948193726, "step_value_ests": 10.318250483382934, "step_values": -5.141966171405726, "step_td_err": 285.87337197573146}