{"dim0": -0.5333333333333333, "dim1": 0.3333333333333333, "scale": 15, "episode_rewards": -10.54315692828835, "episode_std_rewards": 0.16129611174413058, "episode_value_ests": 20.6403417068306, "episode_values": -3.8108753425909216, "episode_td_err": 206.75187334836784, "episode_avg_len": 15.79701445383461, "episode_std_avg_len": 0.9178536630863782, "step_rewards": -0.6674145269094868, "step_value_ests": 20.545060602190574, "step_values": -3.7894438222458713, "step_td_err": 206.5140831332321}