{"dim0": -0.5333333333333333, "dim1": -0.6, "scale": 15, "episode_rewards": -76.37225220795615, "episode_std_rewards": 0.24166360604082315, "episode_value_ests": 48.385763473242505, "episode_values": -24.296866614200493, "episode_td_err": 31.22115535244213, "episode_avg_len": 91.64056776556777, "episode_std_avg_len": 55.62836541943401, "step_rewards": -0.8333891208894453, "step_value_ests": 47.689410925079166, "step_values": -28.06152104321711, "step_td_err": 20.881807896134866}