{"dim0": -0.5333333333333333, "dim1": 0.7333333333333333, "scale": 15, "episode_rewards": 24.518699830915565, "episode_std_rewards": 0.1213340741448872, "episode_value_ests": 43.48665513614989, "episode_values": 13.618337679170729, "episode_td_err": 18.687523793717652, "episode_avg_len": 40.89229511547108, "episode_std_avg_len": 13.512718078626552, "step_rewards": 0.5995921667316547, "step_value_ests": 44.10133629187472, "step_values": 14.210534726745994, "step_td_err": 16.98573900469565}