{"dim0": -0.6, "dim1": 0.2, "scale": 15, "episode_rewards": -5.01909633837758, "episode_std_rewards": 0.19962470554458878, "episode_value_ests": 39.648198467614975, "episode_values": -2.226525861314858, "episode_td_err": 191.34809517068555, "episode_avg_len": 17.512739690044654, "episode_std_avg_len": 4.165743489797616, "step_rewards": -0.2865968676066573, "step_value_ests": 40.37956802654699, "step_values": -2.2468103033770355, "step_td_err": 184.45023042746226}