{"dim0": -0.6, "dim1": -0.6666666666666666, "scale": 15, "episode_rewards": -80.57349006007155, "episode_std_rewards": 0.3091671987772383, "episode_value_ests": 48.185260081232244, "episode_values": -25.690298913391707, "episode_td_err": 40.65943756625691, "episode_avg_len": 82.43098475484136, "episode_std_avg_len": 60.534765590147906, "step_rewards": -0.9774660620603501, "step_value_ests": 47.15747292111912, "step_values": -31.457974931096487, "step_td_err": 24.82895726447824}