{"dim0": -0.6, "dim1": 0.9333333333333333, "scale": 15, "episode_rewards": 14.137519766877364, "episode_std_rewards": 0.15938173655379198, "episode_value_ests": 42.83702679158451, "episode_values": 9.170010640896608, "episode_td_err": 27.367579801967153, "episode_avg_len": 29.3266862170088, "episode_std_avg_len": 7.66511447585313, "step_rewards": 0.48207014124486836, "step_value_ests": 42.95221435875452, "step_values": 9.713133004942689, "step_td_err": 26.315987527168442}