{"dim0": -0.6, "dim1": 0.6, "scale": 15, "episode_rewards": 244.4668682460119, "episode_std_rewards": 0.0862107807867842, "episode_value_ests": 58.99748732655391, "episode_values": 31.07820425323169, "episode_td_err": 5.312987942449602, "episode_avg_len": 519.5532467532468, "episode_std_avg_len": 415.68589277301385, "step_rewards": 0.47053284677502444, "step_value_ests": 66.77175978031725, "step_values": 39.598667119392495, "step_td_err": 4.975660986793959}