{"dim0": -0.6, "dim1": -0.9333333333333333, "scale": 15, "episode_rewards": -106.88511944134719, "episode_std_rewards": 0.3139549886723773, "episode_value_ests": 48.53780011188582, "episode_values": -34.989098540720526, "episode_td_err": 39.403581845695115, "episode_avg_len": 82.82153209109731, "episode_std_avg_len": 53.702547372913955, "step_rewards": -1.290547478930742, "step_value_ests": 47.91649711540611, "step_values": -41.83774570552011, "step_td_err": 26.183213113291334}