{"dim0": -0.6, "dim1": -0.7333333333333333, "scale": 15, "episode_rewards": -24.934779542069787, "episode_std_rewards": 0.253171999267178, "episode_value_ests": 8.531286088005528, "episode_values": -12.08076865614196, "episode_td_err": 336.6107804991343, "episode_avg_len": 12.4465119173564, "episode_std_avg_len": 0.8481465698544851, "step_rewards": -2.0033548119854174, "step_value_ests": 8.431317518622869, "step_values": -12.085072332168094, "step_td_err": 335.7596715263164}