{"dim0": -0.6, "dim1": 0.06666666666666667, "scale": 15, "episode_rewards": -8.333316936149448, "episode_std_rewards": 0.20659028737459945, "episode_value_ests": 27.305824365135418, "episode_values": -4.16095521534032, "episode_td_err": 274.64583347063194, "episode_avg_len": 15.135073779795686, "episode_std_avg_len": 1.4644712346799602, "step_rewards": -0.5505963867367379, "step_value_ests": 27.505585286384207, "step_values": -4.107216896332411, "step_td_err": 272.50339281225115}