{"dim0": -0.6, "dim1": -0.2, "scale": 15, "episode_rewards": -13.662698650607181, "episode_std_rewards": 0.2522214774257412, "episode_value_ests": 14.710754339826028, "episode_values": -6.7510206292538495, "episode_td_err": 324.9554637975039, "episode_avg_len": 13.689459274469542, "episode_std_avg_len": 2.2355793368015457, "step_rewards": -0.9980451657493683, "step_value_ests": 14.494515190396758, "step_values": -6.636814688056316, "step_td_err": 321.2656669162634}