{"dim0": -0.6, "dim1": -0.5333333333333333, "scale": 15, "episode_rewards": -20.55782024053913, "episode_std_rewards": 0.24151661988930312, "episode_value_ests": 9.159304038166951, "episode_values": -10.00073557248624, "episode_td_err": 349.04800361685614, "episode_avg_len": 12.807441086065573, "episode_std_avg_len": 0.8905949033525338, "step_rewards": -1.605146578648402, "step_value_ests": 9.071930112348934, "step_values": -10.000784016620582, "step_td_err": 348.1430640773608}