{"dim0": -0.6, "dim1": -0.8666666666666667, "scale": 15, "episode_rewards": -100.2716813549894, "episode_std_rewards": 0.31008936730004705, "episode_value_ests": 48.40468546643414, "episode_values": -32.596148034283374, "episode_td_err": 39.41593949238452, "episode_avg_len": 83.09302325581395, "episode_std_avg_len": 54.58159776987493, "step_rewards": -1.2067400778798052, "step_value_ests": 47.74373769525333, "step_values": -39.060211290017236, "step_td_err": 25.810674827752734}