{"dim0": -0.6, "dim1": 0.7333333333333333, "scale": 15, "episode_rewards": 32.30756386238513, "episode_std_rewards": 0.11835162947990506, "episode_value_ests": 44.832500002548855, "episode_values": 16.009182576830447, "episode_td_err": 12.588112996015111, "episode_avg_len": 54.10467946984041, "episode_std_avg_len": 20.50649229907451, "step_rewards": 0.5971306766616065, "step_value_ests": 45.78388478910099, "step_values": 16.75816357964387, "step_td_err": 10.805379324442193}