{"dim0": -0.6, "dim1": 0.6666666666666666, "scale": 15, "episode_rewards": 46.98752813356615, "episode_std_rewards": 0.10915265048835569, "episode_value_ests": 47.17465418022025, "episode_values": 18.912685297209055, "episode_td_err": 7.2791173697229565, "episode_avg_len": 87.25425207152202, "episode_std_avg_len": 45.16300259912967, "step_rewards": 0.5385127603300138, "step_value_ests": 48.85616524486955, "step_values": 20.496668126718518, "step_td_err": 5.796062354831017}