{"dim0": -0.6, "dim1": -0.4, "scale": 15, "episode_rewards": -17.781756879217966, "episode_std_rewards": 0.2395565963092308, "episode_value_ests": 10.813752158802851, "episode_values": -8.74611399895054, "episode_td_err": 342.74429223962034, "episode_avg_len": 13.007023476620928, "episode_std_avg_len": 1.0169673718456473, "step_rewards": -1.3670888586600336, "step_value_ests": 10.73991642364399, "step_values": -8.733571041240815, "step_td_err": 341.6951600875809}