{"dim0": -0.6, "dim1": 0.0, "scale": 15, "episode_rewards": -9.562257035011159, "episode_std_rewards": 0.21594005841761738, "episode_value_ests": 22.82156198975676, "episode_values": -4.765270444774505, "episode_td_err": 298.1015614548661, "episode_avg_len": 14.612361192285213, "episode_std_avg_len": 1.5950131521259638, "step_rewards": -0.6543950638216962, "step_value_ests": 22.865163610278454, "step_values": -4.6993532281725905, "step_td_err": 296.1599260703437}