{"dim0": -0.6, "dim1": 0.5333333333333333, "scale": 15, "episode_rewards": -11.554572478987575, "episode_std_rewards": 0.15761733551569942, "episode_value_ests": 14.114955649893387, "episode_values": -4.879983332450438, "episode_td_err": 274.9246221174535, "episode_avg_len": 15.414072133168927, "episode_std_avg_len": 0.773132292066511, "step_rewards": -0.749611937660766, "step_value_ests": 14.05979181345427, "step_values": -4.878717688073041, "step_td_err": 274.042192311419}