{"dim0": -0.6, "dim1": -0.3333333333333333, "scale": 15, "episode_rewards": -53.94180683384336, "episode_std_rewards": 0.3234942729784137, "episode_value_ests": 47.90004547678688, "episode_values": -15.74521416314472, "episode_td_err": 62.00155709511352, "episode_avg_len": 75.72672218016655, "episode_std_avg_len": 126.04471331740373, "step_rewards": -0.7123219555906141, "step_value_ests": 45.80478549959474, "step_values": -25.726900103828225, "step_td_err": 29.62696500166018}