{"dim0": -0.6, "dim1": 0.8666666666666667, "scale": 15, "episode_rewards": 18.56273642932359, "episode_std_rewards": 0.13976181071179686, "episode_value_ests": 42.89854049086284, "episode_values": 11.257874209806785, "episode_td_err": 23.699413420498985, "episode_avg_len": 33.54612546125461, "episode_std_avg_len": 9.41484741305791, "step_rewards": 0.5533496394617416, "step_value_ests": 43.192443854145644, "step_values": 11.822246329177066, "step_td_err": 22.305633798422686}