{"dim0": -0.6, "dim1": -0.6666666666666666, "scale": 15, "episode_rewards": -23.46974012879671, "episode_std_rewards": 0.2522933115432503, "episode_value_ests": 8.570167332329051, "episode_values": -11.381869540119972, "episode_td_err": 344.650269827785, "episode_avg_len": 12.569632981397687, "episode_std_avg_len": 0.8783771521138665, "step_rewards": -1.8671778375335646, "step_value_ests": 8.464641822447257, "step_values": -11.385089734791809, "step_td_err": 343.73078723494075}