{"dim0": -0.6, "dim1": -0.13333333333333333, "scale": 15, "episode_rewards": -12.343891287387194, "episode_std_rewards": 0.2467090496948948, "episode_value_ests": 16.608347820372362, "episode_values": -6.13042300117525, "episode_td_err": 322.8378150096409, "episode_avg_len": 13.957917509944867, "episode_std_avg_len": 2.0971189848798377, "step_rewards": -0.8843648258124683, "step_value_ests": 16.405747841658133, "step_values": -6.029704428233164, "step_td_err": 319.367359033234}