{"dim0": -0.6, "dim1": 0.5333333333333333, "scale": 15, "episode_rewards": 194.75976624202642, "episode_std_rewards": 0.126846272133495, "episode_value_ests": 68.68622391979129, "episode_values": 23.155188285540586, "episode_td_err": 10.723538130097486, "episode_avg_len": 571.1424501424501, "episode_std_avg_len": 346.4839215794654, "step_rewards": 0.34100033396826107, "step_value_ests": 70.1383147962971, "step_values": 28.354507172557, "step_td_err": 6.360007386187073}