{"dim0": -0.6, "dim1": -0.06666666666666667, "scale": 15, "episode_rewards": -17.87208632691591, "episode_std_rewards": 0.195105818203787, "episode_value_ests": 42.27714073419003, "episode_values": -5.666735894244209, "episode_td_err": 101.12920600002818, "episode_avg_len": 19.88991646778043, "episode_std_avg_len": 3.642528363767471, "step_rewards": -0.8985500947611724, "step_value_ests": 42.839454906083596, "step_values": -5.8480189912492575, "step_td_err": 99.83073027289954}