{"dim0": -0.6, "dim1": 0.4666666666666667, "scale": 15, "episode_rewards": -11.560819609935253, "episode_std_rewards": 0.1572075550305109, "episode_value_ests": 15.787198071136627, "episode_values": -4.714053854385977, "episode_td_err": 262.5051979220151, "episode_avg_len": 15.467094578918877, "episode_std_avg_len": 0.7818581710408763, "step_rewards": -0.7474461057277206, "step_value_ests": 15.71602953626753, "step_values": -4.71006807613194, "step_td_err": 261.77418120959845}