{"dim0": -0.6, "dim1": 0.6, "scale": 15, "episode_rewards": -11.74395564754638, "episode_std_rewards": 0.16027532860526567, "episode_value_ests": 12.799242430704108, "episode_values": -5.154721361083819, "episode_td_err": 283.2792701842734, "episode_avg_len": 15.355700575815739, "episode_std_avg_len": 0.7715198865208681, "step_rewards": -0.7647945197656675, "step_value_ests": 12.760896747328738, "step_values": -5.156618989600432, "step_td_err": 282.36532838700725}