{"dim0": -0.6, "dim1": 0.26666666666666666, "scale": 15, "episode_rewards": -12.49459324051757, "episode_std_rewards": 0.1650341338038418, "episode_value_ests": 23.051152855433, "episode_values": -4.578910023174337, "episode_td_err": 185.5417844012723, "episode_avg_len": 15.63531894934334, "episode_std_avg_len": 0.8910191768100724, "step_rewards": -0.7991262142460052, "step_value_ests": 22.9833574853806, "step_values": -4.552222677303549, "step_td_err": 185.42900654372983}