{"dim0": -0.6, "dim1": -0.6, "scale": 15, "episode_rewards": -21.938322395941412, "episode_std_rewards": 0.24729784266053476, "episode_value_ests": 8.854261367766266, "episode_values": -10.622777767004896, "episode_td_err": 339.770045527192, "episode_avg_len": 12.702337101486092, "episode_std_avg_len": 0.9084141024602531, "step_rewards": -1.7271091312302498, "step_value_ests": 8.75599489125641, "step_values": -10.622060888165468, "step_td_err": 338.81349699909833}