{"dim0": -0.6, "dim1": 0.8, "scale": 15, "episode_rewards": 24.582444696899213, "episode_std_rewards": 0.12814889814902236, "episode_value_ests": 43.49827110626205, "episode_values": 13.622869969766771, "episode_td_err": 18.855812135043326, "episode_avg_len": 41.191309719934104, "episode_std_avg_len": 13.812474315616285, "step_rewards": 0.5967871588458572, "step_value_ests": 44.103485876596686, "step_values": 14.266876401456877, "step_td_err": 16.967210397347685}