{"dim0": -0.6, "dim1": 0.3333333333333333, "scale": 15, "episode_rewards": 0.45354713979064054, "episode_std_rewards": 0.17090965594371865, "episode_value_ests": 52.42357034482948, "episode_values": 0.6827813171516806, "episode_td_err": 90.47059638587497, "episode_avg_len": 31.86426636928469, "episode_std_avg_len": 16.458967740324667, "step_rewards": 0.014233722958951717, "step_value_ests": 54.21268352531781, "step_values": 0.9637945947836579, "step_td_err": 75.32826596618452}