{"dim0": -0.6, "dim1": 1.0, "scale": 15, "episode_rewards": 10.59581285720587, "episode_std_rewards": 0.17509869019107588, "episode_value_ests": 42.803184283532616, "episode_values": 7.3049058933675655, "episode_td_err": 30.567887915857938, "episode_avg_len": 26.548447040084948, "episode_std_avg_len": 5.841047967890923, "step_rewards": 0.3991123413436376, "step_value_ests": 42.761501617972236, "step_values": 7.766190602523715, "step_td_err": 29.68918047855491}