{"dim0": -0.6, "dim1": 0.13333333333333333, "scale": 15, "episode_rewards": -6.794894844732587, "episode_std_rewards": 0.19764148286512623, "episode_value_ests": 32.93460414746244, "episode_values": -3.3106553668519045, "episode_td_err": 239.4392020012378, "episode_avg_len": 15.936812749003984, "episode_std_avg_len": 1.9740324678334373, "step_rewards": -0.42636472874146386, "step_value_ests": 33.35447872704798, "step_values": -3.2797148162954755, "step_td_err": 236.35389695629542}