{"dim0": -0.6, "dim1": -0.06666666666666667, "scale": 15, "episode_rewards": -10.755607346822892, "episode_std_rewards": 0.2274408867133535, "episode_value_ests": 19.416354626702066, "episode_values": -5.281766419420684, "episode_td_err": 308.4117207509971, "episode_avg_len": 14.281328097108176, "episode_std_avg_len": 2.1650821395510076, "step_rewards": -0.7531237482738593, "step_value_ests": 19.29381733646298, "step_values": -5.161544360814512, "step_td_err": 305.6988746810575}