{"dim0": -0.6, "dim1": -0.4, "scale": 15, "episode_rewards": -68.2237841305987, "episode_std_rewards": 0.3357840216870678, "episode_value_ests": 47.591971531606184, "episode_values": -18.03373176232571, "episode_td_err": 54.3689736328638, "episode_avg_len": 99.96451774112944, "episode_std_avg_len": 163.52953643222054, "step_rewards": -0.6824800006265492, "step_value_ests": 45.21360194748035, "step_values": -29.66765433410429, "step_td_err": 21.916517883438708}