{"dim0": -0.6, "dim1": 0.7333333333333333, "scale": 15, "episode_rewards": -12.459777678777778, "episode_std_rewards": 0.17035565068340033, "episode_value_ests": 10.669444573248535, "episode_values": -5.849402202583048, "episode_td_err": 290.65201880687744, "episode_avg_len": 15.200866393068855, "episode_std_avg_len": 0.8433330775391226, "step_rewards": -0.8196754945796423, "step_value_ests": 10.636478328459814, "step_values": -5.850076835195099, "step_td_err": 289.6975846972322}