{"dim0": -0.6, "dim1": -0.26666666666666666, "scale": 15, "episode_rewards": -37.24112024499824, "episode_std_rewards": 0.28734199899356844, "episode_value_ests": 47.948912555042334, "episode_values": -12.95951163353236, "episode_td_err": 76.130495208188, "episode_avg_len": 44.26134100464704, "episode_std_avg_len": 52.03024031812831, "step_rewards": -0.841391593650275, "step_value_ests": 46.30728557063157, "step_values": -17.84143422623259, "step_td_err": 50.52708707044311}