{"dim0": -0.6, "dim1": -0.7333333333333333, "scale": 15, "episode_rewards": -87.41535872244647, "episode_std_rewards": 0.30409081062175064, "episode_value_ests": 48.16962875470025, "episode_values": -28.11721699258005, "episode_td_err": 39.156599962646055, "episode_avg_len": 83.3022481265612, "episode_std_avg_len": 56.4605060727118, "step_rewards": -1.0493757454136918, "step_value_ests": 47.36537680597521, "step_values": -33.727852710039684, "step_td_err": 24.960292616271843}