{"dim0": -0.6, "dim1": -1.0, "scale": 15, "episode_rewards": -31.040752224993945, "episode_std_rewards": 0.2500228992545952, "episode_value_ests": 8.317546122458095, "episode_values": -14.988622101394858, "episode_td_err": 334.75149350809664, "episode_avg_len": 12.12635663614867, "episode_std_avg_len": 0.5045522936759574, "step_rewards": -2.5597756322341256, "step_value_ests": 8.280840392989367, "step_values": -14.995500318216832, "step_td_err": 334.4782441592004}