{"dim0": -0.6, "dim1": 0.4666666666666667, "scale": 15, "episode_rewards": 25.841630599099737, "episode_std_rewards": 0.1384316108672572, "episode_value_ests": 65.18685659245195, "episode_values": 6.525411155509878, "episode_td_err": 27.19863136555908, "episode_avg_len": 143.14163090128756, "episode_std_avg_len": 102.08438526361711, "step_rewards": 0.1805319000236939, "step_value_ests": 67.06934083524374, "step_values": 8.425936810547045, "step_td_err": 16.964106527834456}