{"dim0": -0.6, "dim1": -0.9333333333333333, "scale": 15, "episode_rewards": -29.51453456033833, "episode_std_rewards": 0.2496565366656508, "episode_value_ests": 8.37719670343534, "episode_values": -14.287761182738427, "episode_td_err": 334.4383620156643, "episode_avg_len": 12.175818823815902, "episode_std_avg_len": 0.5910486977058351, "step_rewards": -2.424028723440587, "step_value_ests": 8.325238208481371, "step_values": -14.29427892610172, "step_td_err": 334.07239064668966}