{"dim0": -0.6, "dim1": 0.06666666666666667, "scale": 15, "episode_rewards": -13.78659451423146, "episode_std_rewards": 0.18077236629888743, "episode_value_ests": 32.903866805298094, "episode_values": -3.9844148524013376, "episode_td_err": 106.31341604622268, "episode_avg_len": 17.01761252446184, "episode_std_avg_len": 1.4726108948277619, "step_rewards": -0.8101368211559655, "step_value_ests": 33.27588717781687, "step_values": -3.909451408235354, "step_td_err": 105.70501430104287}