{"dim0": -0.6, "dim1": -0.8, "scale": 15, "episode_rewards": -26.50674341795597, "episode_std_rewards": 0.24897722040164752, "episode_value_ests": 8.431122743876516, "episode_values": -12.895306344560549, "episode_td_err": 341.0924159626462, "episode_avg_len": 12.32741617357002, "episode_std_avg_len": 0.747067132306288, "step_rewards": -2.1502270260645884, "step_value_ests": 8.34981036434129, "step_values": -12.902335391930334, "step_td_err": 340.4225119266978}