{"dim0": -0.6, "dim1": 0.8666666666666667, "scale": 15, "episode_rewards": -13.692982795319816, "episode_std_rewards": 0.19550736537157046, "episode_value_ests": 8.924085736448363, "episode_values": -6.6987954530998435, "episode_td_err": 290.11961999090636, "episode_avg_len": 15.0770390471883, "episode_std_avg_len": 0.9402978064717248, "step_rewards": -0.9082010567501584, "step_value_ests": 8.892365734199558, "step_values": -6.7061472863751215, "step_td_err": 289.1279081762499}