{"dim0": -0.6, "dim1": 0.3333333333333333, "scale": 15, "episode_rewards": -12.043044398650379, "episode_std_rewards": 0.16240319890560354, "episode_value_ests": 20.161439407876237, "episode_values": -4.57583738937064, "episode_td_err": 217.28916490930445, "episode_avg_len": 15.559670141590166, "episode_std_avg_len": 0.8326489436571067, "step_rewards": -0.7739909836815863, "step_value_ests": 20.07191752837401, "step_values": -4.558966310754278, "step_td_err": 217.09933489653048}