{"dim0": -0.6, "dim1": 0.4, "scale": 15, "episode_rewards": 6.180225684163393, "episode_std_rewards": 0.15225077476770738, "episode_value_ests": 58.96508329044532, "episode_values": 2.615920836008981, "episode_td_err": 51.69113526001597, "episode_avg_len": 55.35279468732706, "episode_std_avg_len": 31.69786455360831, "step_rewards": 0.11165155651261717, "step_value_ests": 61.170932647503264, "step_values": 3.0970884157030274, "step_td_err": 38.66989619149542}