{"dim0": -0.6, "dim1": -0.26666666666666666, "scale": 15, "episode_rewards": -15.19249812902243, "episode_std_rewards": 0.24831178407744023, "episode_value_ests": 13.010462305166966, "episode_values": -7.5775914015965515, "episode_td_err": 342.22926008753103, "episode_avg_len": 13.39748141201688, "episode_std_avg_len": 1.7308582087304094, "step_rewards": -1.1339816538499177, "step_value_ests": 12.8259285123275, "step_values": -7.526199833194107, "step_td_err": 339.13201409723354}