{"dim0": -0.6, "dim1": -0.5333333333333333, "scale": 15, "episode_rewards": -69.41995858036191, "episode_std_rewards": 0.3160917517029547, "episode_value_ests": 47.7749463070122, "episode_values": -21.61466255931155, "episode_td_err": 44.10047043295736, "episode_avg_len": 82.60487200660612, "episode_std_avg_len": 72.31611511103458, "step_rewards": -0.8403857653191475, "step_value_ests": 46.34763382419161, "step_values": -27.64546684596463, "step_td_err": 24.61383384288189}