{"dim0": -0.6, "dim1": 0.2, "scale": 15, "episode_rewards": -12.963042867927305, "episode_std_rewards": 0.17139656495220731, "episode_value_ests": 26.033441117176952, "episode_values": -4.506066811167596, "episode_td_err": 151.7466122709236, "episode_avg_len": 15.827490701907099, "episode_std_avg_len": 0.9627849978770829, "step_rewards": -0.8190207223666448, "step_value_ests": 26.056405965842046, "step_values": -4.462991931032246, "step_td_err": 151.26994461107085}