{"dim0": -0.6, "dim1": 0.9333333333333333, "scale": 15, "episode_rewards": -14.709457056854037, "episode_std_rewards": 0.21347262347002158, "episode_value_ests": 8.355478550234066, "episode_values": -7.401360236367345, "episode_td_err": 292.75927611504306, "episode_avg_len": 15.012760846719711, "episode_std_avg_len": 1.1258395474880105, "step_rewards": -0.9797969345570473, "step_value_ests": 8.311100906626582, "step_values": -7.40632178358595, "step_td_err": 291.5292099123842}