{"dim0": -0.6, "dim1": -1.0, "scale": 15, "episode_rewards": -116.0117390559531, "episode_std_rewards": 0.31791456696950965, "episode_value_ests": 48.670851841516445, "episode_values": -38.04727466504102, "episode_td_err": 38.65525565344799, "episode_avg_len": 84.83969465648855, "episode_std_avg_len": 52.82379612501257, "step_rewards": -1.367422873522571, "step_value_ests": 48.148443366486426, "step_values": -45.13346857852588, "step_td_err": 26.07481063538297}