{"dim0": -0.6, "dim1": -0.4666666666666667, "scale": 15, "episode_rewards": -19.116852500290403, "episode_std_rewards": 0.23728629181680075, "episode_value_ests": 9.8746181163743, "episode_values": -9.324459331481009, "episode_td_err": 342.81814948017757, "episode_avg_len": 12.907137325761488, "episode_std_avg_len": 0.8844352860175768, "step_rewards": -1.4811070819038148, "step_value_ests": 9.800192810201327, "step_values": -9.319490586020697, "step_td_err": 341.97289159505414}