{"dim0": 0.0, "dim1": -0.2, "scale": 15, "episode_rewards": 6.012855176766969, "episode_std_rewards": 0.15264874055435962, "episode_value_ests": 58.86622869680819, "episode_values": 2.513887288411233, "episode_td_err": 52.76348807824434, "episode_avg_len": 54.65382513661202, "episode_std_avg_len": 31.718038843859347, "step_rewards": 0.11001709691384476, "step_value_ests": 61.03462268641769, "step_values": 2.982081533025371, "step_td_err": 39.3757078758647}