{"dim0": 0.0, "dim1": 0.0, "scale": 15, "episode_rewards": 257.67756074350575, "episode_std_rewards": 0.0799302936458505, "episode_value_ests": 59.581513855852165, "episode_values": 31.614513061889877, "episode_td_err": 5.399102271692272, "episode_avg_len": 548.6931506849315, "episode_std_avg_len": 419.96344796222417, "step_rewards": 0.4696205163520774, "step_value_ests": 66.98886537949019, "step_values": 39.85194755742358, "step_td_err": 5.137933455609295}