{"dim0": 0.0, "dim1": 1.0, "scale": 15, "episode_rewards": -2.6127618790470635, "episode_std_rewards": 0.19488934734109972, "episode_value_ests": 37.45076786706066, "episode_values": -0.15273983916781775, "episode_td_err": 53.3874224727541, "episode_avg_len": 21.01618156982242, "episode_std_avg_len": 2.3936342506193116, "step_rewards": -0.12432143633545606, "step_value_ests": 36.96286019420832, "step_values": -0.0022247605648361, "step_td_err": 52.21308154099766}