{"dim0": 0.0, "dim1": -0.4666666666666667, "scale": 15, "episode_rewards": -6.80566105539777, "episode_std_rewards": 0.19972120270184107, "episode_value_ests": 32.945789228415855, "episode_values": -3.3198760611015596, "episode_td_err": 239.72672731771792, "episode_avg_len": 15.935224284917537, "episode_std_avg_len": 1.9487157861456172, "step_rewards": -0.4270828532886877, "step_value_ests": 33.37902045149015, "step_values": -3.285988244641069, "step_td_err": 236.3726419293079}