{"dim0": 0.0, "dim1": 0.0, "scale": 15, "episode_rewards": 435.02937966499013, "episode_std_rewards": 0.06711606376676751, "episode_value_ests": 64.83037839056699, "episode_values": 42.53509600013138, "episode_td_err": 6.781018342633631, "episode_avg_len": 863.8922413793103, "episode_std_avg_len": 292.29248685321744, "step_rewards": 0.5035690319089012, "step_value_ests": 67.33068363331597, "step_values": 45.38775640508536, "step_td_err": 5.744087114677562}