{"dim0": 0.0, "dim1": -0.4, "scale": 15, "episode_rewards": -5.052265256702868, "episode_std_rewards": 0.1967117777829336, "episode_value_ests": 39.39232126703414, "episode_values": -2.2442070949458963, "episode_td_err": 192.5676425970727, "episode_avg_len": 17.538144510698, "episode_std_avg_len": 4.235736035573052, "step_rewards": -0.2880729631131197, "step_value_ests": 40.12116723785084, "step_values": -2.2703021096876834, "step_td_err": 185.6692477695078}