{"dim0": 0.0, "dim1": -0.4666666666666667, "scale": 15, "episode_rewards": 14.023793294435857, "episode_std_rewards": 0.08252216994488319, "episode_value_ests": 35.273283515297784, "episode_values": 9.986503991326632, "episode_td_err": 18.951938969561688, "episode_avg_len": 53.14346439957492, "episode_std_avg_len": 25.281867597759994, "step_rewards": 0.26388556811038516, "step_value_ests": 35.68030919867815, "step_values": 10.062439833596839, "step_td_err": 16.245923972507345}