{"dim0": 0.0, "dim1": 0.13333333333333333, "scale": 15, "episode_rewards": 32.646689866913256, "episode_std_rewards": 0.12150495983141595, "episode_value_ests": 44.92763704752196, "episode_values": 16.07267729852983, "episode_td_err": 12.590565935684168, "episode_avg_len": 54.66138289150041, "episode_std_avg_len": 21.579191523452405, "step_rewards": 0.5972532735169725, "step_value_ests": 45.954271624546344, "step_values": 16.87345045126847, "step_td_err": 10.634285147191989}