{"dim0": 0.0, "dim1": 0.4666666666666667, "scale": 15, "episode_rewards": -0.38098663103113567, "episode_std_rewards": 0.17896255411520548, "episode_value_ests": 25.04102906459107, "episode_values": 0.6799300771427579, "episode_td_err": 190.60914052342386, "episode_avg_len": 18.95697090323192, "episode_std_avg_len": 3.6989403200173263, "step_rewards": -0.020097442411866673, "step_value_ests": 25.60386673096755, "step_values": 0.7724672368371586, "step_td_err": 185.0473585762434}