{"dim0": 0.0, "dim1": -0.06666666666666667, "scale": 15, "episode_rewards": 256.04287004918143, "episode_std_rewards": 0.06789556206498489, "episode_value_ests": 52.17845538059156, "episode_values": 30.431416631827023, "episode_td_err": 6.689986744450155, "episode_avg_len": 575.1580459770115, "episode_std_avg_len": 419.1827513680133, "step_rewards": 0.44516958745529783, "step_value_ests": 62.277970983786076, "step_values": 38.30391202553129, "step_td_err": 5.435909896202022}