{"dim0": 0.0, "dim1": 0.13333333333333333, "scale": 15, "episode_rewards": 50.148911111767056, "episode_std_rewards": 0.16777213935594618, "episode_value_ests": 58.88210687741404, "episode_values": 10.56070695308875, "episode_td_err": 26.7210873006393, "episode_avg_len": 189.69857819905212, "episode_std_avg_len": 151.82130350194802, "step_rewards": 0.2643610278361993, "step_value_ests": 62.22756530672215, "step_values": 16.349294233830868, "step_td_err": 16.54702344051699}