{"dim0": 0.0, "dim1": 0.6666666666666666, "scale": 15, "episode_rewards": -3.7014625226366538, "episode_std_rewards": 0.19755882117885884, "episode_value_ests": 11.142945516611645, "episode_values": -1.5040164427037719, "episode_td_err": 242.40986484781828, "episode_avg_len": 16.790295500335795, "episode_std_avg_len": 1.8210801616045975, "step_rewards": -0.2204524942734109, "step_value_ests": 11.16129363541932, "step_values": -1.458846178265216, "step_td_err": 240.98501297311157}