{"dim0": 0.0, "dim1": 0.06666666666666667, "scale": 15, "episode_rewards": 336.65627930970027, "episode_std_rewards": 0.16854880655828677, "episode_value_ests": 66.33144875613543, "episode_values": 34.837060851884516, "episode_td_err": 12.04430213711897, "episode_avg_len": 736.0992647058823, "episode_std_avg_len": 336.03576884110987, "step_rewards": 0.45735173970621407, "step_value_ests": 68.0830813159653, "step_values": 40.47734237530153, "step_td_err": 6.858870334295082}