{"dim0": 0.0, "dim1": 0.4, "scale": 15, "episode_rewards": 1.0844023507398273, "episode_std_rewards": 0.17450566701540324, "episode_value_ests": 31.023957350568256, "episode_values": 1.5497024499258227, "episode_td_err": 149.75516052183457, "episode_avg_len": 21.457783499624504, "episode_std_avg_len": 6.4085391701514585, "step_rewards": 0.050536550094225884, "step_value_ests": 31.90657301931205, "step_values": 1.743455077661541, "step_td_err": 139.7745539019117}