{"dim0": 0.0, "dim1": 0.06666666666666667, "scale": 15, "episode_rewards": 46.85490503917025, "episode_std_rewards": 0.12185116283938578, "episode_value_ests": 47.169537881678764, "episode_values": 18.85651062861026, "episode_td_err": 7.151904158951102, "episode_avg_len": 87.2131647776809, "episode_std_avg_len": 45.216821263844956, "step_rewards": 0.5372457834618231, "step_value_ests": 48.8618107114778, "step_values": 20.420831979635157, "step_td_err": 5.765506175954061}