{"dim0": 0.0, "dim1": 0.3333333333333333, "scale": 15, "episode_rewards": 14.177778633050993, "episode_std_rewards": 0.15803291600041408, "episode_value_ests": 42.74140880726614, "episode_values": 9.193940565903379, "episode_td_err": 27.403261552865384, "episode_avg_len": 29.345803990610328, "episode_std_avg_len": 7.556127422089792, "step_rewards": 0.48312796737780317, "step_value_ests": 42.81543500669507, "step_values": 9.71886294740834, "step_td_err": 26.425957046881187}