{"dim0": 0.0, "dim1": 0.4, "scale": 15, "episode_rewards": 10.568415829365474, "episode_std_rewards": 0.17615583779131982, "episode_value_ests": 42.83619321236912, "episode_values": 7.277509890131554, "episode_td_err": 31.066704040461385, "episode_avg_len": 26.449880983866702, "episode_std_avg_len": 5.7469045161004795, "step_rewards": 0.39956383303999576, "step_value_ests": 42.77334144600518, "step_values": 7.745889187436664, "step_td_err": 30.018631454692}