{"dim0": 0.0, "dim1": -0.6, "scale": 15, "episode_rewards": -9.488293417160474, "episode_std_rewards": 0.21798281222144242, "episode_value_ests": 22.920512205151518, "episode_values": -4.680152792687182, "episode_td_err": 293.1261398947565, "episode_avg_len": 14.667277794074508, "episode_std_avg_len": 1.9519649476659908, "step_rewards": -0.6469021416498764, "step_value_ests": 22.933199828857095, "step_values": -4.583385035092983, "step_td_err": 291.08881570748713}