{"dim0": 0.0, "dim1": 0.6666666666666666, "scale": 15, "episode_rewards": 2.7283374454158897, "episode_std_rewards": 0.19921169000827837, "episode_value_ests": 40.845730356377516, "episode_values": 2.7374439783450986, "episode_td_err": 41.71288839766538, "episode_avg_len": 22.463274932614556, "episode_std_avg_len": 2.767535590749511, "step_rewards": 0.1214576883201746, "step_value_ests": 40.674186755539274, "step_values": 2.9825261001165098, "step_td_err": 40.62449380117038}