{"dim0": 0.0, "dim1": -0.8666666666666667, "scale": 15, "episode_rewards": -15.221723565146133, "episode_std_rewards": 0.24728361410658364, "episode_value_ests": 13.003107393968687, "episode_values": -7.599084746365153, "episode_td_err": 342.20960673138524, "episode_avg_len": 13.358803099118354, "episode_std_avg_len": 1.5566708070661615, "step_rewards": -1.1394526479809204, "step_value_ests": 12.855340013465948, "step_values": -7.555693375694906, "step_td_err": 339.67020916937264}