{"dim0": 0.0, "dim1": 0.7333333333333333, "scale": 15, "episode_rewards": -4.669582503786953, "episode_std_rewards": 0.20617946899872766, "episode_value_ests": 8.435539432620446, "episode_values": -2.105683047921002, "episode_td_err": 248.98302865839904, "episode_avg_len": 16.508955839867934, "episode_std_avg_len": 1.9614901284085915, "step_rewards": -0.282851474622656, "step_value_ests": 8.367656361491042, "step_values": -2.0508607934219314, "step_td_err": 247.26101430346787}