{"dim0": 0.0, "dim1": -0.8, "scale": 15, "episode_rewards": -13.689507853753412, "episode_std_rewards": 0.2524725617337703, "episode_value_ests": 14.712133343415553, "episode_values": -6.776446302732657, "episode_td_err": 325.5668986859242, "episode_avg_len": 13.686191323388531, "episode_std_avg_len": 2.2465836083872914, "step_rewards": -1.0002423267574239, "step_value_ests": 14.48689359798234, "step_values": -6.666619254325731, "step_td_err": 321.7814900699025}