{"dim0": 0.0, "dim1": -0.6666666666666666, "scale": 15, "episode_rewards": -10.816175381111133, "episode_std_rewards": 0.23215466429064274, "episode_value_ests": 19.42800271927943, "episode_values": -5.332184931424346, "episode_td_err": 307.84943239943783, "episode_avg_len": 14.231907777698712, "episode_std_avg_len": 1.9697277133699138, "step_rewards": -0.7599947631799578, "step_value_ests": 19.336776596977646, "step_values": -5.232480101145377, "step_td_err": 305.54839129217265}