{"dim0": 0.0, "dim1": -0.8666666666666667, "scale": 15, "episode_rewards": -6.595790347081419, "episode_std_rewards": 0.12307420593167548, "episode_value_ests": 36.17312290910879, "episode_values": 2.8743834932466186, "episode_td_err": 26.269371418291495, "episode_avg_len": 38.03572786012923, "episode_std_avg_len": 13.804502451888077, "step_rewards": -0.17341038855195473, "step_value_ests": 36.37450462257081, "step_values": 2.6528770113206153, "step_td_err": 25.09686714414351}