{"dim0": 0.0, "dim1": -0.4, "scale": 15, "episode_rewards": 18.003673224587903, "episode_std_rewards": 0.08077987826603092, "episode_value_ests": 34.986299250375, "episode_values": 11.14450680492997, "episode_td_err": 17.342585007684665, "episode_avg_len": 58.15, "episode_std_avg_len": 30.194430989682477, "step_rewards": 0.30960745012189, "step_value_ests": 35.529966376769686, "step_values": 11.366489448398475, "step_td_err": 14.402904038055716}