{"dim0": 0.0, "dim1": 0.2, "scale": 15, "episode_rewards": 12.469175082040843, "episode_std_rewards": 0.15556782782263334, "episode_value_ests": 50.62566613735444, "episode_values": 4.413792592516289, "episode_td_err": 42.55524257446929, "episode_avg_len": 68.63967055593686, "episode_std_avg_len": 40.0197602790758, "step_rewards": 0.1816613480374921, "step_value_ests": 53.182875022286474, "step_values": 5.576728775263164, "step_td_err": 32.920010416604576}