{"dim0": 0.0, "dim1": -0.5333333333333333, "scale": 15, "episode_rewards": 10.170542772998937, "episode_std_rewards": 0.08721386553947379, "episode_value_ests": 35.42405910162425, "episode_values": 8.810772933895187, "episode_td_err": 20.403304187784293, "episode_avg_len": 49.00612444879961, "episode_std_avg_len": 19.144137553504756, "step_rewards": 0.20753615772299785, "step_value_ests": 35.70796017887588, "step_values": 8.814657145952067, "step_td_err": 18.17311270314458}