{"dim0": 0.0, "dim1": -0.9333333333333333, "scale": 15, "episode_rewards": -16.520688558276426, "episode_std_rewards": 0.24111914055873926, "episode_value_ests": 11.65834638872871, "episode_values": -8.203492189094945, "episode_td_err": 348.67723002936094, "episode_avg_len": 13.180440226703572, "episode_std_avg_len": 1.4016680891493376, "step_rewards": -1.2534246409164325, "step_value_ests": 11.525867163068206, "step_values": -8.174914831522683, "step_td_err": 346.53072398066536}