{"dim0": 0.0, "dim1": 0.26666666666666666, "scale": 15, "episode_rewards": 5.919059262272393, "episode_std_rewards": 0.16100117034227732, "episode_value_ests": 43.41156163358986, "episode_values": 3.2505683868717377, "episode_td_err": 66.42306350860311, "episode_avg_len": 38.86263843015349, "episode_std_avg_len": 18.750008796682703, "step_rewards": 0.15230719017985667, "step_value_ests": 45.2306360852963, "step_values": 3.662360158954368, "step_td_err": 53.613458736970074}