{"dim0": 0.0, "dim1": -1.0, "scale": 15, "episode_rewards": -17.766800716537162, "episode_std_rewards": 0.23993560025468366, "episode_value_ests": 10.789398049417276, "episode_values": -8.738937830128604, "episode_td_err": 343.02601111957034, "episode_avg_len": 13.020963541666667, "episode_std_avg_len": 1.1436318740110925, "step_rewards": -1.3644766502635515, "step_value_ests": 10.698424595580816, "step_values": -8.723739238617785, "step_td_err": 341.75908286652106}