{"dim0": 0.0, "dim1": -0.26666666666666666, "scale": 15, "episode_rewards": 34.4927055912709, "episode_std_rewards": 0.08128588153109877, "episode_value_ests": 35.538746075607634, "episode_values": 14.034318590993541, "episode_td_err": 12.064698106931061, "episode_avg_len": 101.46052631578948, "episode_std_avg_len": 132.66582115129458, "step_rewards": 0.33996182400941355, "step_value_ests": 40.650705740334864, "step_values": 16.19693580013167, "step_td_err": 7.684711193304238}