{"dim0": 0.0, "dim1": -0.13333333333333333, "scale": 15, "episode_rewards": 24.723423075940126, "episode_std_rewards": 0.13942861387639, "episode_value_ests": 65.08564985202611, "episode_values": 6.369401673001934, "episode_td_err": 26.64566897518284, "episode_avg_len": 136.02919212491514, "episode_std_avg_len": 99.80486645339049, "step_rewards": 0.1817508631032425, "step_value_ests": 66.99132291015843, "step_values": 8.237120301814446, "step_td_err": 16.97778082824313}