{"dim0": 0.0, "dim1": 0.7333333333333333, "scale": 15, "episode_rewards": 1.4058113480493162, "episode_std_rewards": 0.20033107088837687, "episode_value_ests": 40.081196614304915, "episode_values": 1.9683851975555455, "episode_td_err": 44.4266390555883, "episode_avg_len": 21.97923076923077, "episode_std_avg_len": 2.2469778143973547, "step_rewards": 0.06396089848682711, "step_value_ests": 39.87356310589728, "step_values": 2.1723950964369285, "step_td_err": 43.11442214071884}