{"dim0": 0.0, "dim1": 0.4666666666666667, "scale": 15, "episode_rewards": 7.864649791457854, "episode_std_rewards": 0.18130683406248335, "episode_value_ests": 42.64808579248846, "episode_values": 5.744546728321278, "episode_td_err": 33.87150151214753, "episode_avg_len": 24.805159369961554, "episode_std_avg_len": 4.695924401715969, "step_rewards": 0.3170570152023193, "step_value_ests": 42.55314407384502, "step_values": 6.125741933766607, "step_td_err": 33.08676946740346}