{"dim0": 0.0, "dim1": 0.5333333333333333, "scale": 15, "episode_rewards": -1.5815815930725912, "episode_std_rewards": 0.18767838788006225, "episode_value_ests": 19.461881159483777, "episode_values": -0.09678399959933989, "episode_td_err": 217.81954862505938, "episode_avg_len": 17.786305024455313, "episode_std_avg_len": 2.406111437985016, "step_rewards": -0.08892131282455758, "step_value_ests": 19.74662122111083, "step_values": -0.04547478365621041, "step_td_err": 215.09367811155568}