{"dim0": 0.0, "dim1": 0.9333333333333333, "scale": 15, "episode_rewards": -1.7354297613441898, "episode_std_rewards": 0.1964380302125273, "episode_value_ests": 37.929670371621015, "episode_values": 0.2693815462684669, "episode_td_err": 50.818095100424316, "episode_avg_len": 21.256350302901478, "episode_std_avg_len": 2.2649858301680643, "step_rewards": -0.08164288490801287, "step_value_ests": 37.549434102319296, "step_values": 0.43217331405035164, "step_td_err": 49.65690028270682}