{"dim0": 0.0, "dim1": 0.3333333333333333, "scale": 15, "episode_rewards": 3.2521911736605285, "episode_std_rewards": 0.16653660557261954, "episode_value_ests": 37.55906984362307, "episode_values": 2.5701163531598463, "episode_td_err": 104.58258818047753, "episode_avg_len": 26.970604099244877, "episode_std_avg_len": 11.07144099853002, "step_rewards": 0.1205828079227778, "step_value_ests": 38.915744524734706, "step_values": 2.904252297318981, "step_td_err": 90.54117009754884}