{"dim0": 0.0, "dim1": 0.9333333333333333, "scale": 15, "episode_rewards": -7.577474257779928, "episode_std_rewards": 0.23445593435429457, "episode_value_ests": 2.728320160244824, "episode_values": -3.8955399048700152, "episode_td_err": 263.331686525095, "episode_avg_len": 15.83562945368171, "episode_std_avg_len": 2.225611497026428, "step_rewards": -0.47850792922021806, "step_value_ests": 2.625847521926095, "step_values": -3.850077537013547, "step_td_err": 260.7877217187209}