{"dim0": 0.0, "dim1": 0.6, "scale": 15, "episode_rewards": -2.6732825216757345, "episode_std_rewards": 0.19164530505342614, "episode_value_ests": 14.830620384176914, "episode_values": -0.8326143246879697, "episode_td_err": 234.95893729872785, "episode_avg_len": 17.17327837884252, "episode_std_avg_len": 1.8938044506300418, "step_rewards": -0.155665241237178, "step_value_ests": 14.916951105347573, "step_values": -0.7869217738427092, "step_td_err": 233.43821764269043}