{"dim0": 0.0, "dim1": -0.9333333333333333, "scale": 15, "episode_rewards": -9.613933030997314, "episode_std_rewards": 0.13262046384067433, "episode_value_ests": 36.246170132076124, "episode_values": 1.6822731103298645, "episode_td_err": 27.30710833062826, "episode_avg_len": 36.527757487216945, "episode_std_avg_len": 9.275496722880236, "step_rewards": -0.263195271003476, "step_value_ests": 36.32856448772136, "step_values": 1.561899883157015, "step_td_err": 26.45786240508031}