{"dim0": 0.0, "dim1": 1.0, "scale": 15, "episode_rewards": -8.515563798411087, "episode_std_rewards": 0.24111412260146675, "episode_value_ests": 1.1369855486321778, "episode_values": -4.485543247019777, "episode_td_err": 266.6136357650745, "episode_avg_len": 15.624638700101555, "episode_std_avg_len": 2.174580781301837, "step_rewards": -0.5450086854396025, "step_value_ests": 1.069903679398175, "step_values": -4.433774704521922, "step_td_err": 263.91157190190364}