{"dim0": 0.0, "dim1": -0.7333333333333333, "scale": 15, "episode_rewards": -0.05142806902732988, "episode_std_rewards": 0.10604647944719738, "episode_value_ests": 35.971713118183914, "episode_values": 5.308877684950089, "episode_td_err": 24.234129861599673, "episode_avg_len": 41.16834739658366, "episode_std_avg_len": 12.79580068996477, "step_rewards": -0.0012492138324599745, "step_value_ests": 36.130642880745626, "step_values": 5.214407777154504, "step_td_err": 22.81761661185282}