{"dim0": 0.0, "dim1": -0.2, "scale": 15, "episode_rewards": 61.3123637456808, "episode_std_rewards": 0.08237095861305713, "episode_value_ests": 37.795412335034676, "episode_values": 16.603507339109125, "episode_td_err": 8.932302889446012, "episode_avg_len": 178.29679144385025, "episode_std_avg_len": 253.0386388178754, "step_rewards": 0.3438781104762026, "step_value_ests": 48.31825775816546, "step_values": 21.80038461822056, "step_td_err": 5.6524336002265905}