{"dim0": 0.0, "dim1": -0.7333333333333333, "scale": 15, "episode_rewards": -12.351111277421413, "episode_std_rewards": 0.24764757901425222, "episode_value_ests": 16.572000829502766, "episode_values": -6.134093290278024, "episode_td_err": 322.18344820011794, "episode_avg_len": 13.926403007937614, "episode_std_avg_len": 1.9998469510335393, "step_rewards": -0.8868845221829116, "step_value_ests": 16.382877851689276, "step_values": -6.0469740091714, "step_td_err": 318.8851883132017}