{"dim0": 0.0, "dim1": -1.0, "scale": 15, "episode_rewards": -12.993491684840395, "episode_std_rewards": 0.14274551731363266, "episode_value_ests": 36.35627098589485, "episode_values": 0.38326625838701445, "episode_td_err": 28.1143362178924, "episode_avg_len": 35.56578947368421, "episode_std_avg_len": 12.606401049499736, "step_rewards": -0.3653367991298076, "step_value_ests": 36.557556944965555, "step_values": 0.04763609839255918, "step_td_err": 27.134416728533004}