{"dim0": 0.0, "dim1": -0.3333333333333333, "scale": 15, "episode_rewards": 23.926646921095944, "episode_std_rewards": 0.08603683601752565, "episode_value_ests": 34.93139532603018, "episode_values": 12.420339494327878, "episode_td_err": 15.029898930065633, "episode_avg_len": 71.87890765361121, "episode_std_avg_len": 60.610898267700655, "step_rewards": 0.33287438140267656, "step_value_ests": 36.67281891550341, "step_values": 13.119364015536261, "step_td_err": 11.120317113796641}