{"dim0": 0.0, "dim1": 0.5333333333333333, "scale": 15, "episode_rewards": 5.854986696870881, "episode_std_rewards": 0.193646519038197, "episode_value_ests": 42.20273665690241, "episode_values": 4.575338490994346, "episode_td_err": 36.7685375057063, "episode_avg_len": 23.760988358279878, "episode_std_avg_len": 3.9017864909502826, "step_rewards": 0.24641174889640574, "step_value_ests": 42.063358934397826, "step_values": 4.912611521906217, "step_td_err": 35.87602311994448}