{"dim0": 0.0, "dim1": -0.26666666666666666, "scale": 15, "episode_rewards": 0.5103474549351241, "episode_std_rewards": 0.17134605667865865, "episode_value_ests": 52.71032229605381, "episode_values": 0.7040370866224117, "episode_td_err": 90.31784342950701, "episode_avg_len": 31.769218551461247, "episode_std_avg_len": 16.543211267270834, "step_rewards": 0.016064211781238492, "step_value_ests": 54.47682779412999, "step_values": 1.0098871478967582, "step_td_err": 74.73128813822778}