{"dim0": 0.0, "dim1": 0.6, "scale": 15, "episode_rewards": 4.243128226907384, "episode_std_rewards": 0.19416856183754386, "episode_value_ests": 41.599973722119636, "episode_values": 3.617749485030913, "episode_td_err": 39.61135219943508, "episode_avg_len": 22.993447522703757, "episode_std_avg_len": 3.160580038700432, "step_rewards": 0.1845364085884778, "step_value_ests": 41.44825935251545, "step_values": 3.900351023693681, "step_td_err": 38.566005785701776}