{"dim0": 0.06666666666666667, "dim1": 0.9333333333333333, "scale": 15, "episode_rewards": -2.6336650757440903, "episode_std_rewards": 0.1946706488561787, "episode_value_ests": 37.35248658194869, "episode_values": -0.16198121858531903, "episode_td_err": 53.052666136737315, "episode_avg_len": 21.0599136569443, "episode_std_avg_len": 2.333085578193195, "step_rewards": -0.12505583444667473, "step_value_ests": 36.89699305071593, "step_values": -0.01724709508245002, "step_td_err": 51.98931417415739}