{"dim0": 0.06666666666666667, "dim1": -0.8666666666666667, "scale": 15, "episode_rewards": -6.669521300901916, "episode_std_rewards": 0.16985420271980117, "episode_value_ests": 35.17663563482216, "episode_values": 2.444576493354475, "episode_td_err": 29.836628800396284, "episode_avg_len": 31.237701077619867, "episode_std_avg_len": 5.630873305343609, "step_rewards": -0.21350871129502771, "step_value_ests": 35.01393452752749, "step_values": 2.6279631961526397, "step_td_err": 29.31637123543028}