{"dim0": 0.06666666666666667, "dim1": -0.26666666666666666, "scale": 15, "episode_rewards": 24.586253480871825, "episode_std_rewards": 0.08498426339219525, "episode_value_ests": 32.4616564529472, "episode_values": 13.2546433381525, "episode_td_err": 20.042892449282338, "episode_avg_len": 57.839502602660495, "episode_std_avg_len": 35.41236025055215, "step_rewards": 0.42507719421053436, "step_value_ests": 32.74379771018219, "step_values": 13.997595482608583, "step_td_err": 16.670489874990622}