{"dim0": 0.06666666666666667, "dim1": 0.5333333333333333, "scale": 15, "episode_rewards": 4.171370689295301, "episode_std_rewards": 0.19505550325315224, "episode_value_ests": 41.5349980559118, "episode_values": 3.580796607788521, "episode_td_err": 39.22072473128109, "episode_avg_len": 22.941500344115624, "episode_std_avg_len": 2.9883954876612884, "step_rewards": 0.18182641181814582, "step_value_ests": 41.39450484982302, "step_values": 3.8467762658058438, "step_td_err": 38.28526538218448}