{"dim0": 0.06666666666666667, "dim1": 0.6, "scale": 15, "episode_rewards": 2.789294686831094, "episode_std_rewards": 0.1997118532139191, "episode_value_ests": 40.785092556625656, "episode_values": 2.7651640253622207, "episode_td_err": 41.72692983884506, "episode_avg_len": 22.447586980920313, "episode_std_avg_len": 2.6568215383948472, "step_rewards": 0.12425810797400627, "step_value_ests": 40.599219615573624, "step_values": 3.0028563748630828, "step_td_err": 40.55657877340089}