{"dim0": 0.06666666666666667, "dim1": -0.9333333333333333, "scale": 15, "episode_rewards": -9.571617428572136, "episode_std_rewards": 0.17185116646318005, "episode_value_ests": 35.245650160090875, "episode_values": 1.2371051302956069, "episode_td_err": 30.577132509135616, "episode_avg_len": 30.498932601402867, "episode_std_avg_len": 5.1814218254258515, "step_rewards": -0.3138345054125556, "step_value_ests": 35.09270736554624, "step_values": 1.3905559876953684, "step_td_err": 30.150254413325015}