{"dim0": 0.06666666666666667, "dim1": -1.0, "scale": 15, "episode_rewards": -16.439555702719428, "episode_std_rewards": 0.24352062203068706, "episode_value_ests": 11.885715776286562, "episode_values": -8.14091301495016, "episode_td_err": 339.67406548060865, "episode_avg_len": 13.182639071974691, "episode_std_avg_len": 1.4614500402385446, "step_rewards": -1.2470610484715994, "step_value_ests": 11.76111487334984, "step_values": -8.101843831478565, "step_td_err": 337.66615238937527}