{"dim0": 0.06666666666666667, "dim1": 0.13333333333333333, "scale": 15, "episode_rewards": 24.577419337899357, "episode_std_rewards": 0.1255084607131017, "episode_value_ests": 43.47733519385161, "episode_values": 13.643241550711576, "episode_td_err": 18.68067213498935, "episode_avg_len": 40.94431934493347, "episode_std_avg_len": 13.26767842003591, "step_rewards": 0.6002644501389328, "step_value_ests": 44.10132895212551, "step_values": 14.28953546817335, "step_td_err": 16.888659870187485}