{"dim0": 0.06666666666666667, "dim1": -0.13333333333333333, "scale": 15, "episode_rewards": 201.55044130921237, "episode_std_rewards": 0.12227653439959928, "episode_value_ests": 68.90621695814065, "episode_values": 23.531742321220353, "episode_td_err": 11.01935366042985, "episode_avg_len": 594.3520710059172, "episode_std_avg_len": 345.68250432656566, "step_rewards": 0.33910951293245484, "step_value_ests": 70.20723492090838, "step_values": 28.413378455593, "step_td_err": 6.399760967714418}