{"dim0": 0.06666666666666667, "dim1": -0.06666666666666667, "scale": 15, "episode_rewards": 168.6502222767742, "episode_std_rewards": 0.07555042550827044, "episode_value_ests": 45.00740062874288, "episode_values": 26.080947694614032, "episode_td_err": 10.408125857743427, "episode_avg_len": 369.6390423572744, "episode_std_avg_len": 374.5098583243705, "step_rewards": 0.4562565177132058, "step_value_ests": 56.49624499918469, "step_values": 36.62472791755549, "step_td_err": 6.861105495376596}