{"dim0": 0.06666666666666667, "dim1": -0.06666666666666667, "scale": 15, "episode_rewards": 249.13093518958686, "episode_std_rewards": 0.11341435621022977, "episode_value_ests": 59.20137321117896, "episode_values": 30.702680579850494, "episode_td_err": 5.975365244101416, "episode_avg_len": 536.5267379679144, "episode_std_avg_len": 422.0776319114143, "step_rewards": 0.46434020442888996, "step_value_ests": 66.73503576016478, "step_values": 39.40097931801645, "step_td_err": 5.126817424943832}