{"dim0": 0.06666666666666667, "dim1": -0.4, "scale": 15, "episode_rewards": -2.825375775357277, "episode_std_rewards": 0.187569426077653, "episode_value_ests": 46.16685991340676, "episode_values": -0.939483211702951, "episode_td_err": 138.66698163584022, "episode_avg_len": 21.65057371725482, "episode_std_avg_len": 8.980301576565934, "step_rewards": -0.1304988871082683, "step_value_ests": 47.276648903529264, "step_values": -0.9337813816864465, "step_td_err": 126.44263014535868}