{"dim0": 0.06666666666666667, "dim1": -0.8666666666666667, "scale": 15, "episode_rewards": -13.774747796219525, "episode_std_rewards": 0.24919213953408434, "episode_value_ests": 14.521093498766739, "episode_values": -6.857911408962148, "episode_td_err": 333.3019054651655, "episode_avg_len": 13.669879023990157, "episode_std_avg_len": 2.0307511470304536, "step_rewards": -1.0076715216020073, "step_value_ests": 14.304946590935797, "step_values": -6.78075356457718, "step_td_err": 329.6201321225236}