{"dim0": 0.06666666666666667, "dim1": 0.2, "scale": 15, "episode_rewards": 20.057203273443687, "episode_std_rewards": 0.16385250760231987, "episode_value_ests": 54.94722229758255, "episode_values": 6.357178018220886, "episode_td_err": 43.838059833097276, "episode_avg_len": 88.7090909090909, "episode_std_avg_len": 55.913645660195584, "step_rewards": 0.22610087723701633, "step_value_ests": 57.60192732220908, "step_values": 8.712066505555255, "step_td_err": 33.71216117353885}