{"dim0": 0.06666666666666667, "dim1": -0.26666666666666666, "scale": 15, "episode_rewards": 6.047581530378824, "episode_std_rewards": 0.14720846834671783, "episode_value_ests": 59.22666651044675, "episode_values": 2.534986316709159, "episode_td_err": 51.494069519896435, "episode_avg_len": 55.8042387060792, "episode_std_avg_len": 32.49685117343553, "step_rewards": 0.10837136516155023, "step_value_ests": 61.416720610294426, "step_values": 2.9220964868338632, "step_td_err": 38.03938973194284}