{"dim0": 0.06666666666666667, "dim1": 0.6666666666666666, "scale": 15, "episode_rewards": -3.5024270344065886, "episode_std_rewards": 0.20559636389033095, "episode_value_ests": 11.37433427843465, "episode_values": -1.5551912304824027, "episode_td_err": 240.59982384934548, "episode_avg_len": 16.89122540325986, "episode_std_avg_len": 1.8542878526639295, "step_rewards": -0.20735186173826387, "step_value_ests": 11.45517515390221, "step_values": -1.5142225211345293, "step_td_err": 239.22358949465368}