{"dim0": 0.06666666666666667, "dim1": 0.26666666666666666, "scale": 15, "episode_rewards": 8.543395123253067, "episode_std_rewards": 0.16108531014294988, "episode_value_ests": 47.08526932252069, "episode_values": 3.997139772123518, "episode_td_err": 65.07822231397567, "episode_avg_len": 46.85219020847974, "episode_std_avg_len": 22.52763708036905, "step_rewards": 0.1823478280361545, "step_value_ests": 49.31592638253036, "step_values": 4.596831821733969, "step_td_err": 53.76398662564714}