{"dim0": 0.06666666666666667, "dim1": 0.9333333333333333, "scale": 15, "episode_rewards": -7.335993176204982, "episode_std_rewards": 0.2442686403169398, "episode_value_ests": 1.366098092918978, "episode_values": -3.8898086926677657, "episode_td_err": 262.0858092337464, "episode_avg_len": 15.86021249603552, "episode_std_avg_len": 2.3078307281341406, "step_rewards": -0.4625406612955983, "step_value_ests": 1.3051077707623757, "step_values": -3.8081555734620136, "step_td_err": 259.6679345210198}