{"dim0": 0.06666666666666667, "dim1": 0.3333333333333333, "scale": 15, "episode_rewards": 4.6659639933634205, "episode_std_rewards": 0.1678708046921284, "episode_value_ests": 39.914407956512946, "episode_values": 2.912882341251545, "episode_td_err": 98.47100030125429, "episode_avg_len": 31.427179890023567, "episode_std_avg_len": 12.947555692481185, "step_rewards": 0.14846906434785173, "step_value_ests": 41.78854247128756, "step_values": 3.38076392982097, "step_td_err": 85.21351201439464}