{"dim0": 0.06666666666666667, "dim1": -0.8, "scale": 15, "episode_rewards": -3.74338079022619, "episode_std_rewards": 0.15778710192445475, "episode_value_ests": 34.88562303283437, "episode_values": 3.6548102604691346, "episode_td_err": 29.055788556759172, "episode_avg_len": 32.29517196835136, "episode_std_avg_len": 6.307969344826004, "step_rewards": -0.11591146793999517, "step_value_ests": 34.71557206646368, "step_values": 3.8311376835712205, "step_td_err": 28.528256450914206}