{"dim0": 0.06666666666666667, "dim1": 0.2, "scale": 15, "episode_rewards": 18.813064242858434, "episode_std_rewards": 0.13681146217764684, "episode_value_ests": 42.866874075076595, "episode_values": 11.37655636587606, "episode_td_err": 23.5570108529391, "episode_avg_len": 33.869602032176125, "episode_std_avg_len": 9.623950450840494, "step_rewards": 0.5554557217703953, "step_value_ests": 43.18583710284591, "step_values": 11.962779696817941, "step_td_err": 22.128231481499807}