{"dim0": 0.06666666666666667, "dim1": 0.5333333333333333, "scale": 15, "episode_rewards": -1.2249435694429305, "episode_std_rewards": 0.1918255312927214, "episode_value_ests": 20.529498223991084, "episode_values": -0.08112884977079002, "episode_td_err": 212.4671671238346, "episode_avg_len": 18.34449234155737, "episode_std_avg_len": 3.089512468638735, "step_rewards": -0.0667744599651831, "step_value_ests": 21.00468972364349, "step_values": -0.01200670436887088, "step_td_err": 208.63738793279975}