{"dim0": 0.06666666666666667, "dim1": 0.06666666666666667, "scale": 15, "episode_rewards": 356.76291684208417, "episode_std_rewards": 0.14422977380277202, "episode_value_ests": 65.21474146778995, "episode_values": 40.261914691797706, "episode_td_err": 14.866131231549582, "episode_avg_len": 654.8366013071895, "episode_std_avg_len": 373.27099370132646, "step_rewards": 0.5448121197408811, "step_value_ests": 67.74933768333295, "step_values": 47.850128520070236, "step_td_err": 8.31183810151292}