{"dim0": 0.06666666666666667, "dim1": 0.6, "scale": 15, "episode_rewards": -2.4166174616909166, "episode_std_rewards": 0.1981664111178618, "episode_value_ests": 15.366137846582307, "episode_values": -0.8361272156978482, "episode_td_err": 232.5598423476958, "episode_avg_len": 17.45979921431689, "episode_std_avg_len": 2.2754307546054187, "step_rewards": -0.1384103810145371, "step_value_ests": 15.564070742451438, "step_values": -0.7890506825784982, "step_td_err": 230.50517003771657}