{"dim0": 0.06666666666666667, "dim1": -0.3333333333333333, "scale": 15, "episode_rewards": 0.41920642354992554, "episode_std_rewards": 0.1725002517958851, "episode_value_ests": 52.30590944280069, "episode_values": 0.6716508589337978, "episode_td_err": 92.09626026817303, "episode_avg_len": 31.503701370294536, "episode_std_avg_len": 16.66747961852062, "step_rewards": 0.013306576856559579, "step_value_ests": 54.146059299733295, "step_values": 0.9915601461819789, "step_td_err": 76.19022209611175}