{"dim0": 0.06666666666666667, "dim1": 0.0, "scale": 15, "episode_rewards": 47.396936765809265, "episode_std_rewards": 0.11978622089965131, "episode_value_ests": 47.36488249820166, "episode_values": 19.045093642558612, "episode_td_err": 6.934335222114853, "episode_avg_len": 88.03873239436619, "episode_std_avg_len": 46.21532098955739, "step_rewards": 0.5383645979078443, "step_value_ests": 49.04204340308335, "step_values": 20.61180625383797, "step_td_err": 5.659205829005525}