{"dim0": 0.06666666666666667, "dim1": 0.4666666666666667, "scale": 15, "episode_rewards": 0.18268665000426587, "episode_std_rewards": 0.18537607733908348, "episode_value_ests": 26.37342784671404, "episode_values": 0.7876568364149419, "episode_td_err": 183.72667014393195, "episode_avg_len": 20.305685279187816, "episode_std_avg_len": 5.094264532724739, "step_rewards": 0.008996822687462285, "step_value_ests": 27.22736251594873, "step_values": 0.925855852771596, "step_td_err": 175.8195234204154}