{"dim0": 0.06666666666666667, "dim1": 0.7333333333333333, "scale": 15, "episode_rewards": 0.23530714576830472, "episode_std_rewards": 0.19698283334552644, "episode_value_ests": 39.28981534509511, "episode_values": 1.300677818220649, "episode_td_err": 46.277240950564064, "episode_avg_len": 21.69465234841089, "episode_std_avg_len": 2.1183511210477666, "step_rewards": 0.010846320189387165, "step_value_ests": 39.05192537738567, "step_values": 1.4830773081874524, "step_td_err": 45.10355506070966}