{"dim0": 0.06666666666666667, "dim1": -0.9333333333333333, "scale": 15, "episode_rewards": -15.240469929674394, "episode_std_rewards": 0.24970565794262142, "episode_value_ests": 12.990185803218484, "episode_values": -7.60938435444928, "episode_td_err": 341.5596830430317, "episode_avg_len": 13.399504220822726, "episode_std_avg_len": 1.7067771748189788, "step_rewards": -1.1373905838986804, "step_value_ests": 12.799552325469831, "step_values": -7.559160742454125, "step_td_err": 338.4724358294498}