{"dim0": 0.06666666666666667, "dim1": -0.8, "scale": 15, "episode_rewards": -12.197070674352796, "episode_std_rewards": 0.2436187939351845, "episode_value_ests": 16.789913026885806, "episode_values": -6.0137407138616625, "episode_td_err": 317.5508139123458, "episode_avg_len": 13.951381138392858, "episode_std_avg_len": 2.216911849456426, "step_rewards": -0.8742554269976635, "step_value_ests": 16.61937087299438, "step_values": -5.897405647032296, "step_td_err": 314.26342379004745}