{"dim0": 0.06666666666666667, "dim1": 1.0, "scale": 15, "episode_rewards": -8.455185487385679, "episode_std_rewards": 0.2503075274165014, "episode_value_ests": -0.7333723556014677, "episode_values": -4.580897566016685, "episode_td_err": 264.2368606082218, "episode_avg_len": 15.628897397827616, "episode_std_avg_len": 2.1836562445183327, "step_rewards": -0.5409969284564459, "step_value_ests": -0.7620233673572857, "step_values": -4.51813782639697, "step_td_err": 261.73910994516444}