{"dim0": 0.06666666666666667, "dim1": 0.8666666666666667, "scale": 15, "episode_rewards": -1.7057857316762863, "episode_std_rewards": 0.19845595561755536, "episode_value_ests": 37.98934032081744, "episode_values": 0.30526200894605887, "episode_td_err": 50.93515480387484, "episode_avg_len": 21.24129141886151, "episode_std_avg_len": 2.276962165028526, "step_rewards": -0.08030518004011795, "step_value_ests": 37.592616787161006, "step_values": 0.46891339097798734, "step_td_err": 49.73668937661247}