{"dim0": 0.06666666666666667, "dim1": 0.4, "scale": 15, "episode_rewards": 7.905227510591379, "episode_std_rewards": 0.18467983434943866, "episode_value_ests": 42.66736100085873, "episode_values": 5.774298568234176, "episode_td_err": 33.88942176397671, "episode_avg_len": 24.822908910399605, "episode_std_avg_len": 4.647680027392602, "step_rewards": 0.31846499292754, "step_value_ests": 42.56964318978451, "step_values": 6.164481298731766, "step_td_err": 33.047512173217854}