{"dim0": 0.06666666666666667, "dim1": -0.3333333333333333, "scale": 15, "episode_rewards": 19.201661320160177, "episode_std_rewards": 0.088008551837668, "episode_value_ests": 32.49524739340494, "episode_values": 11.930033218055195, "episode_td_err": 22.98956309831948, "episode_avg_len": 47.965947242206234, "episode_std_avg_len": 18.75905002700515, "step_rewards": 0.40031860985045314, "step_value_ests": 32.43047257921875, "step_values": 12.246727583896423, "step_td_err": 20.959594547099414}