{"dim0": 0.06666666666666667, "dim1": 0.0, "scale": 15, "episode_rewards": 322.79297809703553, "episode_std_rewards": 0.06648168789125071, "episode_value_ests": 57.405752361571345, "episode_values": 37.50888520946525, "episode_td_err": 10.413070386980522, "episode_avg_len": 612.1128048780488, "episode_std_avg_len": 396.62593279782203, "step_rewards": 0.5273423060661925, "step_value_ests": 63.96803320800228, "step_values": 45.89777845311896, "step_td_err": 6.959714848150282}