{"dim0": 0.06666666666666667, "dim1": -0.13333333333333333, "scale": 15, "episode_rewards": 71.13797796212283, "episode_std_rewards": 0.09545280751469157, "episode_value_ests": 36.64830333036133, "episode_values": 18.1022727425117, "episode_td_err": 13.684146463133494, "episode_avg_len": 173.37521663778162, "episode_std_avg_len": 258.2292026170262, "step_rewards": 0.4103122657417956, "step_value_ests": 47.153054842684966, "step_values": 26.7167386342628, "step_td_err": 7.880537890473597}