{"dim0": 0.06666666666666667, "dim1": -0.2, "scale": 15, "episode_rewards": 25.31754130461143, "episode_std_rewards": 0.1409646952096496, "episode_value_ests": 65.23795678022715, "episode_values": 6.51739241480671, "episode_td_err": 26.38759871286764, "episode_avg_len": 137.2400548696845, "episode_std_avg_len": 95.44381918475979, "step_rewards": 0.1844763274734301, "step_value_ests": 67.06839614091093, "step_values": 8.485411491837537, "step_td_err": 17.087166622632086}