{"dim0": 0.06666666666666667, "dim1": -1.0, "scale": 15, "episode_rewards": -12.498265056295603, "episode_std_rewards": 0.18854312715837343, "episode_value_ests": 35.48286733182919, "episode_values": -0.02749664790342046, "episode_td_err": 31.537590838949065, "episode_avg_len": 29.545347119645495, "episode_std_avg_len": 4.7147679366377035, "step_rewards": -0.4230197399842079, "step_value_ests": 35.33935811863063, "step_values": 0.13736149806903467, "step_td_err": 31.02903144971477}