{"dim0": 0.06666666666666667, "dim1": -0.6666666666666666, "scale": 15, "episode_rewards": 2.2071105367558377, "episode_std_rewards": 0.13423488935507344, "episode_value_ests": 34.41616466413976, "episode_values": 6.0653120566785, "episode_td_err": 27.625006329687032, "episode_avg_len": 34.578492392807746, "episode_std_avg_len": 7.166638896987739, "step_rewards": 0.0638289984329945, "step_value_ests": 34.25361757077768, "step_values": 6.261184813800154, "step_td_err": 27.084532360139644}