{"dim0": 0.06666666666666667, "dim1": 0.4666666666666667, "scale": 15, "episode_rewards": 5.808066865680758, "episode_std_rewards": 0.19346491580332884, "episode_value_ests": 42.224177401365594, "episode_values": 4.548366081939226, "episode_td_err": 36.97240470201446, "episode_avg_len": 23.709933617828355, "episode_std_avg_len": 3.7846425394733796, "step_rewards": 0.2449634385021417, "step_value_ests": 42.08125787131143, "step_values": 4.87218416107103, "step_td_err": 35.981262288587985}