{"dim0": 0.06666666666666667, "dim1": 0.13333333333333333, "scale": 15, "episode_rewards": 128.4488492863548, "episode_std_rewards": 0.18788977984190539, "episode_value_ests": 63.41715094159759, "episode_values": 20.850090207487014, "episode_td_err": 24.458770894844218, "episode_avg_len": 325.6991869918699, "episode_std_avg_len": 268.8965991905617, "step_rewards": 0.39437878391007813, "step_value_ests": 66.52826846761076, "step_values": 30.441424655840564, "step_td_err": 13.127927046526999}