{"dim0": 0.06666666666666667, "dim1": 0.26666666666666666, "scale": 15, "episode_rewards": 14.246643104435988, "episode_std_rewards": 0.15889400679151694, "episode_value_ests": 42.752883364245776, "episode_values": 9.230166847973392, "episode_td_err": 27.569696102399913, "episode_avg_len": 29.408616379944124, "episode_std_avg_len": 7.59132464289783, "step_rewards": 0.48443772125749546, "step_value_ests": 42.82664327568015, "step_values": 9.76720504237404, "step_td_err": 26.497561215417498}