{"dim0": 0.06666666666666667, "dim1": -0.5333333333333333, "scale": 15, "episode_rewards": 8.470114071500882, "episode_std_rewards": 0.1143844737341943, "episode_value_ests": 33.68657573576517, "episode_values": 8.409880507629076, "episode_td_err": 26.308822627440186, "episode_avg_len": 37.96735003796507, "episode_std_avg_len": 9.422347627593172, "step_rewards": 0.22308941927817652, "step_value_ests": 33.5439258899314, "step_values": 8.622066839061658, "step_td_err": 25.499989202311095}