{"dim0": 0.06666666666666667, "dim1": -0.5333333333333333, "scale": 15, "episode_rewards": -6.736628978185305, "episode_std_rewards": 0.19479593541877427, "episode_value_ests": 33.00685613246912, "episode_values": -3.254026311524407, "episode_td_err": 237.81223735877933, "episode_avg_len": 15.982819242448457, "episode_std_avg_len": 2.0501407377738903, "step_rewards": -0.42149190802919323, "step_value_ests": 33.407551984039245, "step_values": -3.2233439446250274, "step_td_err": 234.6904697943342}