{"dim0": 0.06666666666666667, "dim1": -0.4666666666666667, "scale": 15, "episode_rewards": 11.736701282881162, "episode_std_rewards": 0.10483072312971763, "episode_value_ests": 33.31247393142162, "episode_values": 9.569139735204939, "episode_td_err": 25.368001271666486, "episode_avg_len": 40.286807653575025, "episode_std_avg_len": 11.160132484868655, "step_rewards": 0.29132864990953566, "step_value_ests": 33.15877185745837, "step_values": 9.790290723876684, "step_td_err": 24.279074080452574}