{"dim0": 0.06666666666666667, "dim1": -0.6666666666666666, "scale": 15, "episode_rewards": -9.593888209196287, "episode_std_rewards": 0.2164852627476625, "episode_value_ests": 22.858644835392543, "episode_values": -4.787297913868629, "episode_td_err": 298.0892253497284, "episode_avg_len": 14.613838959520677, "episode_std_avg_len": 1.7040696853996735, "step_rewards": -0.6564933578213564, "step_value_ests": 22.890815454434758, "step_values": -4.7176513954734824, "step_td_err": 296.16834487076875}