{"dim0": 0.06666666666666667, "dim1": 0.8, "scale": 15, "episode_rewards": -0.7961438696388619, "episode_std_rewards": 0.19684607080545943, "episode_value_ests": 38.52738925915508, "episode_values": 0.7465935312951218, "episode_td_err": 48.4443155023477, "episode_avg_len": 21.497957867583835, "episode_std_avg_len": 2.1227881918828295, "step_rewards": -0.03703346497107731, "step_value_ests": 38.243482663502384, "step_values": 0.9166396806079106, "step_td_err": 47.26364008319742}