{"dim0": 0.06666666666666667, "dim1": -0.4666666666666667, "scale": 15, "episode_rewards": -5.015384187346002, "episode_std_rewards": 0.19574421842434955, "episode_value_ests": 39.53643645878147, "episode_values": -2.224722158901135, "episode_td_err": 192.5186955507877, "episode_avg_len": 17.52747349049163, "episode_std_avg_len": 4.119502862598861, "step_rewards": -0.2861441604842116, "step_value_ests": 40.26457958552863, "step_values": -2.224228394226948, "step_td_err": 185.79804429821806}