{"dim0": 0.06666666666666667, "dim1": 1.0, "scale": 15, "episode_rewards": -3.434972119752815, "episode_std_rewards": 0.19468108125586325, "episode_value_ests": 36.917139526747434, "episode_values": -0.5268593673205476, "episode_td_err": 55.45714180415897, "episode_avg_len": 20.89334586858874, "episode_std_avg_len": 2.530996728722757, "step_rewards": -0.16440507620739606, "step_value_ests": 36.34191342348507, "step_values": -0.3860500837475988, "step_td_err": 54.31730414101226}