{"dim0": 0.06666666666666667, "dim1": -0.6, "scale": 15, "episode_rewards": 5.3227295446092855, "episode_std_rewards": 0.12152667351276035, "episode_value_ests": 34.06485954417787, "episode_values": 7.254576568926742, "episode_td_err": 26.942935070185506, "episode_avg_len": 36.10649819494585, "episode_std_avg_len": 8.031022499931193, "step_rewards": 0.147417495761313, "step_value_ests": 33.88643538353652, "step_values": 7.447434929617664, "step_td_err": 26.321094625462816}