{"dim0": 0.06666666666666667, "dim1": 0.8, "scale": 15, "episode_rewards": -5.446295243316692, "episode_std_rewards": 0.21935886741844315, "episode_value_ests": 5.57939616679488, "episode_values": -2.745656176340545, "episode_td_err": 251.67475419788474, "episode_avg_len": 16.264861348296332, "episode_std_avg_len": 1.8115301781786266, "step_rewards": -0.3348503947675623, "step_value_ests": 5.56046448240902, "step_values": -2.700954100785461, "step_td_err": 250.14130973896928}