{"dim0": 0.06666666666666667, "dim1": 0.8666666666666667, "scale": 15, "episode_rewards": -6.396252149760411, "episode_std_rewards": 0.23275305381235542, "episode_value_ests": 3.396913770116852, "episode_values": -3.3239762067024237, "episode_td_err": 258.1103643142329, "episode_avg_len": 16.13016129032258, "episode_std_avg_len": 2.2961032852565837, "step_rewards": -0.39653987549386094, "step_value_ests": 3.3000008699366354, "step_values": -3.258492489174806, "step_td_err": 255.9031032752931}