{"dim0": 0.06666666666666667, "dim1": 0.06666666666666667, "scale": 15, "episode_rewards": 32.200832724098845, "episode_std_rewards": 0.11902119773780565, "episode_value_ests": 44.703482527991014, "episode_values": 15.954351512650732, "episode_td_err": 12.672061378128644, "episode_avg_len": 53.548326639892906, "episode_std_avg_len": 19.668654361750523, "step_rewards": 0.601341530999581, "step_value_ests": 45.60956101811927, "step_values": 16.727997252615285, "step_td_err": 10.80362083876696}