{"dim0": 0.6666666666666666, "dim1": -0.5333333333333333, "scale": 15, "episode_rewards": -10.700760489767026, "episode_std_rewards": 0.14275214918531337, "episode_value_ests": 32.44755775578641, "episode_values": -5.814366458177152, "episode_td_err": 68.92192417946838, "episode_avg_len": 18.211508695256306, "episode_std_avg_len": 0.8068306055493519, "step_rewards": -0.5875823177985433, "step_value_ests": 32.421015070204994, "step_values": -5.800634280046171, "step_td_err": 68.82131878988838}