{"dim0": 0.6666666666666666, "dim1": -0.9333333333333333, "scale": 15, "episode_rewards": -18.974001363950723, "episode_std_rewards": 0.15377522738987648, "episode_value_ests": 32.52277451118698, "episode_values": -9.058460733485703, "episode_td_err": 76.34356045491207, "episode_avg_len": 18.126064890338952, "episode_std_avg_len": 0.4879965495442506, "step_rewards": -1.046779953549858, "step_value_ests": 32.51992621152965, "step_values": -9.049591481132913, "step_td_err": 76.30260976146991}