{"dim0": 0.6666666666666666, "dim1": 0.6666666666666666, "scale": 15, "episode_rewards": -9.917579088077114, "episode_std_rewards": 0.23623196728818663, "episode_value_ests": -8.053701047387396, "episode_values": -5.963603109583489, "episode_td_err": 301.1693049186522, "episode_avg_len": 19.38408606319054, "episode_std_avg_len": 4.177711409817963, "step_rewards": -0.5116351142760415, "step_value_ests": -7.706106949771918, "step_values": -6.0023917824881945, "step_td_err": 290.2854639618608}