{"dim0": 0.6666666666666666, "dim1": 0.0, "scale": 15, "episode_rewards": 2.8758233095914796, "episode_std_rewards": 0.19757829749776695, "episode_value_ests": 40.76145180872524, "episode_values": 2.8211111564760274, "episode_td_err": 41.50605080730804, "episode_avg_len": 22.48959856066569, "episode_std_avg_len": 2.618436821322088, "step_rewards": 0.12787348346098512, "step_value_ests": 40.596765938158335, "step_values": 3.058062485695595, "step_td_err": 40.45942152398521}