{"dim0": 0.6666666666666666, "dim1": 0.4, "scale": 15, "episode_rewards": -3.4070049442286616, "episode_std_rewards": 0.19511252567784468, "episode_value_ests": 36.994742853373594, "episode_values": -0.5362636758353508, "episode_td_err": 55.69219798884564, "episode_avg_len": 20.839949984370115, "episode_std_avg_len": 2.5555445358983953, "step_rewards": -0.1634843148272382, "step_value_ests": 36.399302843909545, "step_values": -0.3988153225131285, "step_td_err": 54.48473449780519}