{"dim0": 0.6666666666666666, "dim1": 0.6, "scale": 15, "episode_rewards": -5.63955248582298, "episode_std_rewards": 0.20196583230715912, "episode_value_ests": 36.7719365988812, "episode_values": -1.5480455868447776, "episode_td_err": 62.97819781927274, "episode_avg_len": 19.96875, "episode_std_avg_len": 3.194744379189456, "step_rewards": -0.28241890382838086, "step_value_ests": 35.63466192137778, "step_values": -1.452175168704164, "step_td_err": 61.258421473162635}