{"dim0": 0.6666666666666666, "dim1": 0.13333333333333333, "scale": 15, "episode_rewards": -1.764933162099141, "episode_std_rewards": 0.29219403123390525, "episode_value_ests": 35.33370299854093, "episode_values": -1.277447467336401, "episode_td_err": 100.02429430831958, "episode_avg_len": 68.79092159559835, "episode_std_avg_len": 35.65411979996837, "step_rewards": -0.025656483750496402, "step_value_ests": 33.477957417912506, "step_values": 1.3252779363988143, "step_td_err": 83.93453729856459}