{"dim0": 0.6666666666666666, "dim1": -0.26666666666666666, "scale": 15, "episode_rewards": 10.672480319944954, "episode_std_rewards": 0.17364944054931167, "episode_value_ests": 42.79432165626245, "episode_values": 7.328182626939559, "episode_td_err": 30.66987546092171, "episode_avg_len": 26.63776801171927, "episode_std_avg_len": 6.049962100367609, "step_rewards": 0.4006521986094932, "step_value_ests": 42.758642578139245, "step_values": 7.799753573085509, "step_td_err": 29.827949726791893}