{"dim0": 0.6666666666666666, "dim1": -0.4, "scale": 15, "episode_rewards": -8.324206095446268, "episode_std_rewards": 0.14386173617787804, "episode_value_ests": 32.21073341636844, "episode_values": -4.949593337992478, "episode_td_err": 64.59732523593611, "episode_avg_len": 18.415615505017954, "episode_std_avg_len": 1.1354258017378724, "step_rewards": -0.4520188908797568, "step_value_ests": 32.15024121729545, "step_values": -4.9314853052486844, "step_td_err": 64.44519280265939}