{"dim0": 0.6666666666666666, "dim1": 0.06666666666666667, "scale": 15, "episode_rewards": 1.4537584459279402, "episode_std_rewards": 0.19988661719745907, "episode_value_ests": 40.068431272987816, "episode_values": 2.0184768834279683, "episode_td_err": 43.893644643897, "episode_avg_len": 22.01518987341772, "episode_std_avg_len": 2.2888763047184124, "step_rewards": 0.06603433603283537, "step_value_ests": 39.86866611404055, "step_values": 2.2271920015736244, "step_td_err": 42.701285013219575}