{"dim0": 0.6666666666666666, "dim1": -0.4666666666666667, "scale": 15, "episode_rewards": -9.508107318960523, "episode_std_rewards": 0.14225020973234911, "episode_value_ests": 32.29454782765057, "episode_values": -5.387657334335582, "episode_td_err": 66.81575959073828, "episode_avg_len": 18.282815356489944, "episode_std_avg_len": 0.897333511163926, "step_rewards": -0.5200570663524959, "step_value_ests": 32.25698438565563, "step_values": -5.372785149212975, "step_td_err": 66.6958152975983}