{"dim0": 0.6666666666666666, "dim1": 0.13333333333333333, "scale": 15, "episode_rewards": 0.3331706692679842, "episode_std_rewards": 0.19773368827238966, "episode_value_ests": 39.3092244299507, "episode_values": 1.3791772148077739, "episode_td_err": 46.30737930183385, "episode_avg_len": 21.750652457590256, "episode_std_avg_len": 2.237508121326686, "step_rewards": 0.015317732188384019, "step_value_ests": 39.06350186564958, "step_values": 1.5688078320033731, "step_td_err": 44.9996962053299}