{"dim0": 0.6666666666666666, "dim1": -0.06666666666666667, "scale": 15, "episode_rewards": -2.99560984775457, "episode_std_rewards": 0.2382833148089864, "episode_value_ests": 28.68200549655113, "episode_values": -1.9681603546109414, "episode_td_err": 54.392421493172684, "episode_avg_len": 30.90990573327152, "episode_std_avg_len": 14.195896785954979, "step_rewards": -0.09691423434300825, "step_value_ests": 27.616343663855787, "step_values": -1.3248408964803726, "step_td_err": 53.822002011224804}