{"dim0": 0.6666666666666666, "dim1": 0.26666666666666666, "scale": 15, "episode_rewards": -1.7677198998707733, "episode_std_rewards": 0.19357109144853518, "episode_value_ests": 37.87344317503412, "episode_values": 0.2565463476528906, "episode_td_err": 50.87257888526662, "episode_avg_len": 21.260735544217688, "episode_std_avg_len": 2.2214126786589374, "step_rewards": -0.0831448138844633, "step_value_ests": 37.50882743978288, "step_values": 0.41259708044115645, "step_td_err": 49.749179456127784}