{"dim0": 0.6666666666666666, "dim1": 0.8666666666666667, "scale": 15, "episode_rewards": -11.997193798898003, "episode_std_rewards": 0.25353194030711174, "episode_value_ests": -16.79987976830347, "episode_values": -6.899245806657502, "episode_td_err": 382.7617497403893, "episode_avg_len": 16.807394957983192, "episode_std_avg_len": 2.745210485320584, "step_rewards": -0.713804478855277, "step_value_ests": -16.918379986571004, "step_values": -6.879209075851239, "step_td_err": 372.0442834182668}