{"dim0": 0.6666666666666666, "dim1": -0.8, "scale": 15, "episode_rewards": 26.43728932873116, "episode_std_rewards": 0.13752496135806858, "episode_value_ests": 65.36400769694976, "episode_values": 6.815401718446276, "episode_td_err": 25.770483008469935, "episode_avg_len": 140.0581232492997, "episode_std_avg_len": 99.94633075131611, "step_rewards": 0.18875941441592425, "step_value_ests": 67.19383865759102, "step_values": 8.934303114415343, "step_td_err": 16.63700097020133}