{"dim0": 0.6666666666666666, "dim1": -0.3333333333333333, "scale": 15, "episode_rewards": 14.251131660056895, "episode_std_rewards": 0.1589172062778028, "episode_value_ests": 42.78403761059988, "episode_values": 9.214246186402457, "episode_td_err": 27.60467962959504, "episode_avg_len": 29.339542387797007, "episode_std_avg_len": 7.2820130994337084, "step_rewards": 0.4857312180160066, "step_value_ests": 42.864382627583794, "step_values": 9.74047401441039, "step_td_err": 26.490312992879662}