{"dim0": 0.6666666666666666, "dim1": 0.8666666666666667, "scale": 15, "episode_rewards": -8.275437689458103, "episode_std_rewards": 0.22327056178644777, "episode_value_ests": 38.566252213112485, "episode_values": -2.8085179514542316, "episode_td_err": 72.7906685060917, "episode_avg_len": 18.24539317642766, "episode_std_avg_len": 3.8618722087014943, "step_rewards": -0.45356313286521266, "step_value_ests": 36.65246651015566, "step_values": -2.763310180493348, "step_td_err": 69.80906613580956}