{"dim0": 0.6666666666666666, "dim1": 0.2, "scale": 15, "episode_rewards": -10.442851562318538, "episode_std_rewards": 0.266735585093664, "episode_value_ests": 39.740551216783544, "episode_values": -6.318537835574947, "episode_td_err": 139.307070884818, "episode_avg_len": 68.84716006884682, "episode_std_avg_len": 43.65851739140979, "step_rewards": -0.1516816605343741, "step_value_ests": 38.89401722971017, "step_values": -4.07692669681256, "step_td_err": 115.98381940126401}