{"dim0": 0.6666666666666666, "dim1": -0.2, "scale": 15, "episode_rewards": -5.065033863334007, "episode_std_rewards": 0.1773327910570196, "episode_value_ests": 30.806740370078145, "episode_values": -3.5255523579147865, "episode_td_err": 56.222557277595406, "episode_avg_len": 20.55791962174941, "episode_std_avg_len": 4.8963101041236206, "step_rewards": -0.24637871713319745, "step_value_ests": 30.241039879628122, "step_values": -3.342451432818763, "step_td_err": 55.59649119439544}