{"dim0": 0.6666666666666666, "dim1": -0.6, "scale": 15, "episode_rewards": 47.15959697060407, "episode_std_rewards": 0.12314190855778752, "episode_value_ests": 47.21304796179159, "episode_values": 18.922392980373736, "episode_td_err": 7.10010112501771, "episode_avg_len": 88.11404667547336, "episode_std_avg_len": 46.95558232565788, "step_rewards": 0.5352108857773183, "step_value_ests": 49.00065910437161, "step_values": 20.549905351378527, "step_td_err": 5.716790243028299}