{"dim0": 0.6666666666666666, "dim1": -0.6666666666666666, "scale": 15, "episode_rewards": 264.7245782246798, "episode_std_rewards": 0.09517952551643781, "episode_value_ests": 59.789422424355166, "episode_values": 31.97411669530396, "episode_td_err": 5.683924097683857, "episode_avg_len": 560.3165266106442, "episode_std_avg_len": 422.2660266821099, "step_rewards": 0.4724554169872506, "step_value_ests": 67.15892478625047, "step_values": 40.10876523771637, "step_td_err": 5.203164162562653}