{"dim0": 0.6666666666666666, "dim1": -0.06666666666666667, "scale": 15, "episode_rewards": 4.281164690340289, "episode_std_rewards": 0.19544088791959807, "episode_value_ests": 41.555765858135544, "episode_values": 3.652197310581808, "episode_td_err": 39.33539451625806, "episode_avg_len": 23.00414031052329, "episode_std_avg_len": 3.1791415318730953, "step_rewards": 0.18610409398267588, "step_value_ests": 41.39951626744062, "step_values": 3.9195949711145506, "step_td_err": 38.290898772966585}