{"dim0": 0.6666666666666666, "dim1": -1.0, "scale": 15, "episode_rewards": -2.8344231075063417, "episode_std_rewards": 0.19007214973390388, "episode_value_ests": 46.07912399051018, "episode_values": -0.9349547604046515, "episode_td_err": 141.05321784676386, "episode_avg_len": 21.369230769230768, "episode_std_avg_len": 8.722073496305262, "step_rewards": -0.13264039020008078, "step_value_ests": 47.27221925430963, "step_values": -0.9071187165212221, "step_td_err": 129.059888265893}