{"dim0": 0.6666666666666666, "dim1": -0.13333333333333333, "scale": 15, "episode_rewards": -4.005378312093822, "episode_std_rewards": 0.2070783779946781, "episode_value_ests": 29.811887577141956, "episode_values": -2.8185503030553294, "episode_td_err": 54.024427194857545, "episode_avg_len": 24.021258707662742, "episode_std_avg_len": 9.063692455255854, "step_rewards": -0.16674306541713874, "step_value_ests": 28.79078543211907, "step_values": -2.4166150916279068, "step_td_err": 53.20333474409106}