{"dim0": 0.6666666666666666, "dim1": 0.5333333333333333, "scale": 15, "episode_rewards": -10.148126388079548, "episode_std_rewards": 0.22444260973586927, "episode_value_ests": 2.2327135752691722, "episode_values": -6.23958046319427, "episode_td_err": 243.0642354888125, "episode_avg_len": 23.580219262053518, "episode_std_avg_len": 6.4241249371844455, "step_rewards": -0.4303660740089227, "step_value_ests": 3.4611892706801464, "step_values": -6.351961043821922, "step_td_err": 234.67936504943842}