{"dim0": 0.6666666666666666, "dim1": 0.2, "scale": 15, "episode_rewards": -0.7822928128285845, "episode_std_rewards": 0.1958307920142291, "episode_value_ests": 38.560197810669024, "episode_values": 0.7622024470156841, "episode_td_err": 48.55953676200852, "episode_avg_len": 21.467425136846625, "episode_std_avg_len": 2.120380653821694, "step_rewards": -0.0364409242301658, "step_value_ests": 38.26458003203298, "step_values": 0.9299845028117959, "step_td_err": 47.35845045371292}