{"dim0": 0.6666666666666666, "dim1": 0.5333333333333333, "scale": 15, "episode_rewards": -5.013369883650989, "episode_std_rewards": 0.19690136333055863, "episode_value_ests": 36.59879730619542, "episode_values": -1.24769980511738, "episode_td_err": 60.53363547992815, "episode_avg_len": 20.340384419810842, "episode_std_avg_len": 2.947138144513219, "step_rewards": -0.2464737037500696, "step_value_ests": 35.69093327572117, "step_values": -1.1401329968608995, "step_td_err": 59.132368338831995}