{"dim0": 0.6666666666666666, "dim1": -0.26666666666666666, "scale": 15, "episode_rewards": -6.099672656214853, "episode_std_rewards": 0.15761705043207164, "episode_value_ests": 31.54325830942472, "episode_values": -4.073614619797974, "episode_td_err": 58.90759798839219, "episode_avg_len": 19.15504692587627, "episode_std_avg_len": 2.5984904754687723, "step_rewards": -0.3184368422493863, "step_value_ests": 31.31408723203579, "step_values": -4.007499698445597, "step_td_err": 58.56796977929577}