{"dim0": 0.6666666666666666, "dim1": 0.4666666666666667, "scale": 15, "episode_rewards": -10.59631883336444, "episode_std_rewards": 0.22171869260523863, "episode_value_ests": 10.182125441741226, "episode_values": -6.581909027527628, "episode_td_err": 216.15081535100956, "episode_avg_len": 27.178828645196358, "episode_std_avg_len": 8.373635346897125, "step_rewards": -0.38987400714332315, "step_value_ests": 11.885210396258916, "step_values": -6.71129439576649, "step_td_err": 208.67632628336312}