{"dim0": 0.6666666666666666, "dim1": 0.8, "scale": 15, "episode_rewards": -7.6932998983848, "episode_std_rewards": 0.2147816443818772, "episode_value_ests": 37.72406440419131, "episode_values": -2.515188998569649, "episode_td_err": 70.07790892252719, "episode_avg_len": 18.805848063181646, "episode_std_avg_len": 3.7205415106186837, "step_rewards": -0.40909082496773175, "step_value_ests": 36.01014632420529, "step_values": -2.460299976490968, "step_td_err": 67.51593367954911}