{"dim0": 0.6666666666666666, "dim1": -0.13333333333333333, "scale": 15, "episode_rewards": 5.845669072083877, "episode_std_rewards": 0.1939204316206689, "episode_value_ests": 42.236631839017484, "episode_values": 4.57051227734801, "episode_td_err": 37.235235406720996, "episode_avg_len": 23.686049265750828, "episode_std_avg_len": 3.7523514907994886, "step_rewards": 0.2467979782739244, "step_value_ests": 42.092312695168516, "step_values": 4.894430672933395, "step_td_err": 36.14094940553054}