{"dim0": 0.6666666666666666, "dim1": -0.8, "scale": 15, "episode_rewards": -15.993552474951613, "episode_std_rewards": 0.14930493283927065, "episode_value_ests": 32.57962032226425, "episode_values": -7.859597980572812, "episode_td_err": 74.28177837404255, "episode_avg_len": 18.122689380210222, "episode_std_avg_len": 0.5818225245641424, "step_rewards": -0.8825154004138258, "step_value_ests": 32.57117826070544, "step_values": -7.8485515623962785, "step_td_err": 74.22749954914698}