{"dim0": 0.6666666666666666, "dim1": -0.2, "scale": 15, "episode_rewards": 7.940036350195056, "episode_std_rewards": 0.18591541771976494, "episode_value_ests": 42.69389991236086, "episode_values": 5.7878014642957, "episode_td_err": 34.45937527189176, "episode_avg_len": 24.871425018652076, "episode_std_avg_len": 4.888804000951791, "step_rewards": 0.31924332217556917, "step_value_ests": 42.59341742276684, "step_values": 6.184150179279819, "step_td_err": 33.47923609111434}