{"dim0": 0.6666666666666666, "dim1": 0.06666666666666667, "scale": 15, "episode_rewards": 0.0707103393977256, "episode_std_rewards": 0.27651910201995406, "episode_value_ests": 30.88840939830974, "episode_values": 0.19112888684793825, "episode_td_err": 72.38475937173038, "episode_avg_len": 56.48164878599661, "episode_std_avg_len": 26.3611514721392, "step_rewards": 0.001251917054787832, "step_value_ests": 29.7546265354184, "step_values": 1.7732738771813945, "step_td_err": 64.98163778471971}