{"dim0": 0.6666666666666666, "dim1": 0.4666666666666667, "scale": 15, "episode_rewards": -4.151789489817732, "episode_std_rewards": 0.19728443475421678, "episode_value_ests": 36.75049326708397, "episode_values": -0.8709025174654782, "episode_td_err": 58.07357571962162, "episode_avg_len": 20.59742533470649, "episode_std_avg_len": 2.751262899480237, "step_rewards": -0.20156837188879145, "step_value_ests": 36.00980217662357, "step_values": -0.7459934522494523, "step_td_err": 56.803615936419966}