{"dim0": 0.6666666666666666, "dim1": 0.0, "scale": 15, "episode_rewards": -1.5442134438698132, "episode_std_rewards": 0.2615343350179139, "episode_value_ests": 28.90077962393858, "episode_values": -0.8295741300872089, "episode_td_err": 59.464379111667824, "episode_avg_len": 41.43040596520298, "episode_std_avg_len": 19.88251333345235, "step_rewards": -0.03727246711429243, "step_value_ests": 27.894211109349964, "step_values": 0.14746036862888184, "step_td_err": 57.25789562925812}