{"dim0": 0.6666666666666666, "dim1": -0.8666666666666667, "scale": 15, "episode_rewards": -17.456885581526354, "episode_std_rewards": 0.1514946398175358, "episode_value_ests": 32.51910970307088, "episode_values": -8.452855631234089, "episode_td_err": 75.22579657745247, "episode_avg_len": 18.113928636116647, "episode_std_avg_len": 0.568976826604191, "step_rewards": -0.9637271920526262, "step_value_ests": 32.51213885361958, "step_values": -8.441611542490987, "step_td_err": 75.17565223898039}