{"dim0": 0.6666666666666666, "dim1": 0.9333333333333333, "scale": 15, "episode_rewards": -8.869330704179662, "episode_std_rewards": 0.22919187482527817, "episode_value_ests": 39.18612756164928, "episode_values": -3.0956507204119177, "episode_td_err": 75.37322613518144, "episode_avg_len": 17.776375433294817, "episode_std_avg_len": 3.9604452663637812, "step_rewards": -0.4989392093715332, "step_value_ests": 37.13337473267186, "step_values": -3.0611193922447115, "step_td_err": 71.99587667276302}