{"dim0": 0.6666666666666666, "dim1": -0.4666666666666667, "scale": 15, "episode_rewards": 24.547723273047144, "episode_std_rewards": 0.12306594078173277, "episode_value_ests": 43.509704613018314, "episode_values": 13.633216456846807, "episode_td_err": 18.708642621225263, "episode_avg_len": 41.098417916581056, "episode_std_avg_len": 13.59742794828136, "step_rewards": 0.597291197993863, "step_value_ests": 44.16419985379792, "step_values": 14.280544692485744, "step_td_err": 16.868666816499037}