{"dim0": 0.6666666666666666, "dim1": 0.7333333333333333, "scale": 15, "episode_rewards": -7.085360316189556, "episode_std_rewards": 0.21076658348077731, "episode_value_ests": 37.38886755699973, "episode_values": -2.2068428621766527, "episode_td_err": 67.55139764471227, "episode_avg_len": 19.206548876512386, "episode_std_avg_len": 3.5843523074679053, "step_rewards": -0.3689033548788255, "step_value_ests": 35.853992423442016, "step_values": -2.137673253385218, "step_td_err": 65.28904631916475}