{"dim0": 0.6666666666666666, "dim1": -0.3333333333333333, "scale": 15, "episode_rewards": -7.24764273602005, "episode_std_rewards": 0.14818723712310333, "episode_value_ests": 31.961034440407655, "episode_values": -4.5440993392190245, "episode_td_err": 61.937432996263496, "episode_avg_len": 18.634491754402312, "episode_std_avg_len": 1.3816593952489402, "step_rewards": -0.3889369686891422, "step_value_ests": 31.86320765875239, "step_values": -4.516466853079604, "step_td_err": 61.71491206366842}