{"dim0": 0.6666666666666666, "dim1": -0.4, "scale": 15, "episode_rewards": 18.674079970583172, "episode_std_rewards": 0.1449229242855928, "episode_value_ests": 42.86560711471854, "episode_values": 11.28394261973045, "episode_td_err": 23.81095375187156, "episode_avg_len": 33.63359677148142, "episode_std_avg_len": 9.758722065858725, "step_rewards": 0.5552210219282074, "step_value_ests": 43.160842921142226, "step_values": 11.860437295999272, "step_td_err": 22.438837589898235}