{"dim0": 0.6666666666666666, "dim1": -0.5333333333333333, "scale": 15, "episode_rewards": 32.41598590871469, "episode_std_rewards": 0.11790125549637655, "episode_value_ests": 44.811635690347984, "episode_values": 16.045428907675472, "episode_td_err": 12.597100955133532, "episode_avg_len": 54.20373882416689, "episode_std_avg_len": 20.47980938292491, "step_rewards": 0.5980396668552673, "step_value_ests": 45.75487031349632, "step_values": 16.751590658234008, "step_td_err": 10.82250538406061}