{"dim0": 0.6666666666666666, "dim1": -1.0, "scale": 15, "episode_rewards": -20.549953156974645, "episode_std_rewards": 0.15756512828745298, "episode_value_ests": 32.48208688747467, "episode_values": -9.724945384797085, "episode_td_err": 77.29892953849821, "episode_avg_len": 18.1252378794744, "episode_std_avg_len": 0.47127945763871465, "step_rewards": -1.1337756388977422, "step_value_ests": 32.47925503555864, "step_values": -9.715270537494977, "step_td_err": 77.26100771359505}