{"dim0": 0.6666666666666666, "dim1": 1.0, "scale": 15, "episode_rewards": -14.176404727974308, "episode_std_rewards": 0.2556846508867647, "episode_value_ests": -20.73132709575157, "episode_values": -7.88069968291129, "episode_td_err": 425.57267604743936, "episode_avg_len": 15.947297081805134, "episode_std_avg_len": 2.3091161709442805, "step_rewards": -0.888953448051626, "step_value_ests": -20.943006232737208, "step_values": -7.864404758532623, "step_td_err": 415.9531949931169}