{"dim0": 0.6666666666666666, "dim1": -0.7333333333333333, "scale": 15, "episode_rewards": 204.48475616865568, "episode_std_rewards": 0.10263547861872126, "episode_value_ests": 69.21790365531173, "episode_values": 24.583934449246723, "episode_td_err": 9.383984348057325, "episode_avg_len": 594.8308605341247, "episode_std_avg_len": 320.89768079593387, "step_rewards": 0.34376958180185857, "step_value_ests": 70.28622194902779, "step_values": 28.581273086552002, "step_td_err": 6.305011268860026}