{"dim0": 0.6666666666666666, "dim1": 0.6666666666666666, "scale": 15, "episode_rewards": -6.337589814311468, "episode_std_rewards": 0.2067287183137834, "episode_value_ests": 36.85632391074211, "episode_values": -1.870457138777494, "episode_td_err": 65.0119630189753, "episode_avg_len": 19.667813944340644, "episode_std_avg_len": 3.381034892170911, "step_rewards": -0.3222315317933487, "step_value_ests": 35.55896875607219, "step_values": -1.7829596044623461, "step_td_err": 63.121181275054724}