{"dim0": 0.6666666666666666, "dim1": -0.9333333333333333, "scale": 15, "episode_rewards": 0.543183523482317, "episode_std_rewards": 0.17360296374074888, "episode_value_ests": 52.48302749556674, "episode_values": 0.7394644262427351, "episode_td_err": 90.75777996322394, "episode_avg_len": 31.61229650703335, "episode_std_avg_len": 16.474155913915116, "step_rewards": 0.017182665718748567, "step_value_ests": 54.30638829350311, "step_values": 1.0631842488766443, "step_td_err": 75.03002329016341}