{"dim0": 0.6666666666666666, "dim1": 0.6, "scale": 15, "episode_rewards": -9.706583835208399, "episode_std_rewards": 0.23157228479911834, "episode_value_ests": -3.5569134500186768, "episode_values": -5.91993633327597, "episode_td_err": 269.09213349854934, "episode_avg_len": 21.105835179909253, "episode_std_avg_len": 5.119886427257989, "step_rewards": -0.4599004849828517, "step_value_ests": -2.861977766972877, "step_values": -5.979597882146812, "step_td_err": 259.13305084741256}