{"dim0": 0.6666666666666666, "dim1": -0.8666666666666667, "scale": 15, "episode_rewards": 5.811561249616071, "episode_std_rewards": 0.1532360791345389, "episode_value_ests": 58.75322108828731, "episode_values": 2.460173730969603, "episode_td_err": 52.114876606489524, "episode_avg_len": 54.81337352699369, "episode_std_avg_len": 32.01210679519033, "step_rewards": 0.10602451328331539, "step_value_ests": 60.98251157410633, "step_values": 2.933468295997217, "step_td_err": 38.85610562969628}