{"dim0": 0.7333333333333333, "dim1": -1.0, "scale": 15, "episode_rewards": 0.37650881230615163, "episode_std_rewards": 0.17259470414136485, "episode_value_ests": 52.248240568440515, "episode_values": 0.6583332110760515, "episode_td_err": 92.37591118388373, "episode_avg_len": 31.364748314254353, "episode_std_avg_len": 16.165414323908017, "step_rewards": 0.01200420320717318, "step_value_ests": 54.10415610691933, "step_values": 0.9603235530368363, "step_td_err": 76.50470915734563}