{"dim0": 0.7333333333333333, "dim1": -0.8666666666666667, "scale": 15, "episode_rewards": -18.01031170317475, "episode_std_rewards": 0.1556291020031988, "episode_value_ests": 31.94359074024879, "episode_values": -9.047407606502755, "episode_td_err": 75.87168196594013, "episode_avg_len": 17.897360178970917, "episode_std_avg_len": 0.5584632257558847, "step_rewards": -1.0063110717488128, "step_value_ests": 31.93538290811918, "step_values": -9.037543711671919, "step_td_err": 75.85063767777834}