{"dim0": 0.7333333333333333, "dim1": 0.06666666666666667, "scale": 15, "episode_rewards": 0.25197741197822837, "episode_std_rewards": 0.19950677961663996, "episode_value_ests": 39.29740346195212, "episode_values": 1.3287545189132441, "episode_td_err": 46.12978468676351, "episode_avg_len": 21.706859127414802, "episode_std_avg_len": 2.107055202439754, "step_rewards": 0.011608193083079074, "step_value_ests": 39.05810425165979, "step_values": 1.5131037452585894, "step_td_err": 44.91744521652331}