{"dim0": 0.7333333333333333, "dim1": -0.4666666666666667, "scale": 15, "episode_rewards": 18.792759855104308, "episode_std_rewards": 0.1428568510767396, "episode_value_ests": 42.92366719598275, "episode_values": 11.34735329033532, "episode_td_err": 23.716520194756118, "episode_avg_len": 33.77976693126161, "episode_std_avg_len": 10.304228984094678, "step_rewards": 0.5563318389184171, "step_value_ests": 43.24070446267854, "step_values": 11.938557794811782, "step_td_err": 22.23467118029067}