{"dim0": 0.7333333333333333, "dim1": -0.4, "scale": 15, "episode_rewards": 14.130217244232652, "episode_std_rewards": 0.1638413972840796, "episode_value_ests": 42.793481936971574, "episode_values": 9.169494420189892, "episode_td_err": 27.35847582982353, "episode_avg_len": 29.35608395714076, "episode_std_avg_len": 7.542804514517185, "step_rewards": 0.48133863034533014, "step_value_ests": 42.88725757526339, "step_values": 9.715185065793738, "step_td_err": 26.2620402901894}