{"dim0": 0.7333333333333333, "dim1": -0.7333333333333333, "scale": 15, "episode_rewards": 260.6354278386062, "episode_std_rewards": 0.0869578290101779, "episode_value_ests": 59.789800674878016, "episode_values": 31.51789838407928, "episode_td_err": 5.716065665074725, "episode_avg_len": 554.9558011049724, "episode_std_avg_len": 427.3015719671222, "step_rewards": 0.46965078537724086, "step_value_ests": 67.24316760466299, "step_values": 39.984226857819905, "step_td_err": 5.306829974909428}