{"dim0": 0.7333333333333333, "dim1": -0.5333333333333333, "scale": 15, "episode_rewards": -11.222238057092406, "episode_std_rewards": 0.14702723207615231, "episode_value_ests": 31.218811402707104, "episode_values": -6.406539728140935, "episode_td_err": 67.19544378964893, "episode_avg_len": 17.966223499820337, "episode_std_avg_len": 0.8937087994686049, "step_rewards": -0.6246297702577633, "step_value_ests": 31.17633617680669, "step_values": -6.394365996001637, "step_td_err": 67.09857173407855}