{"dim0": 0.7333333333333333, "dim1": 0.7333333333333333, "scale": 15, "episode_rewards": -7.653976687173231, "episode_std_rewards": 0.2173259395049017, "episode_value_ests": 37.88186081106868, "episode_values": -2.5050141886928925, "episode_td_err": 70.13706279248096, "episode_avg_len": 18.75933220784093, "episode_std_avg_len": 3.7360438286408524, "step_rewards": -0.40800901665220585, "step_value_ests": 36.146953782171565, "step_values": -2.4487507487494797, "step_td_err": 67.49733417822843}