{"dim0": 0.7333333333333333, "dim1": -0.4, "scale": 15, "episode_rewards": -8.865118108093128, "episode_std_rewards": 0.14956207665158686, "episode_value_ests": 30.383916617421434, "episode_values": -5.518543221407149, "episode_td_err": 61.26292786520158, "episode_avg_len": 18.208394027676622, "episode_std_avg_len": 1.2063193219478638, "step_rewards": -0.48686985214721384, "step_value_ests": 30.297256225950743, "step_values": -5.498826184558274, "step_td_err": 61.06988392024829}