{"dim0": 0.7333333333333333, "dim1": 0.0, "scale": 15, "episode_rewards": 1.414846156957734, "episode_std_rewards": 0.19646187156662717, "episode_value_ests": 40.10104574438354, "episode_values": 1.9970681674872401, "episode_td_err": 44.20561803218513, "episode_avg_len": 21.9934022432373, "episode_std_avg_len": 2.2203153655946375, "step_rewards": 0.06433048153760666, "step_value_ests": 39.90557091618749, "step_values": 2.195227645802928, "step_td_err": 42.98414375024279}