{"dim0": 0.7333333333333333, "dim1": -0.13333333333333333, "scale": 15, "episode_rewards": -4.484609891940315, "episode_std_rewards": 0.21506652318464445, "episode_value_ests": 26.128091368724945, "episode_values": -3.042393164325604, "episode_td_err": 50.57021412201131, "episode_avg_len": 25.135101168782203, "episode_std_avg_len": 10.212285921529219, "step_rewards": -0.17842020455084545, "step_value_ests": 24.786277051597537, "step_values": -2.5861919693121296, "step_td_err": 49.53716013873352}