{"dim0": 0.7333333333333333, "dim1": -0.2, "scale": 15, "episode_rewards": -5.653028136468214, "episode_std_rewards": 0.18652780667093158, "episode_value_ests": 27.729307182739692, "episode_values": -3.9388785164096007, "episode_td_err": 52.1599070058088, "episode_avg_len": 20.977031987414787, "episode_std_avg_len": 5.8441385979720435, "step_rewards": -0.26948655748152356, "step_value_ests": 26.937895097184153, "step_values": -3.7434674319698846, "step_td_err": 51.34983647115598}