{"dim0": 0.7333333333333333, "dim1": 0.5333333333333333, "scale": 15, "episode_rewards": -10.42658253647026, "episode_std_rewards": 0.23389939284130343, "episode_value_ests": 0.8975693521393047, "episode_values": -6.0524482346535855, "episode_td_err": 235.83469340086938, "episode_avg_len": 24.37611212675198, "episode_std_avg_len": 6.794747567990812, "step_rewards": -0.4277377164271996, "step_value_ests": 1.9643242809183805, "step_values": -6.054400638596942, "step_td_err": 225.58061531272085}