{"dim0": 0.7333333333333333, "dim1": -0.9333333333333333, "scale": 15, "episode_rewards": 6.417618386235208, "episode_std_rewards": 0.15646806438350955, "episode_value_ests": 58.98689708574968, "episode_values": 2.655541429346157, "episode_td_err": 51.46400852748585, "episode_avg_len": 55.885163453478626, "episode_std_avg_len": 31.927629300703934, "step_rewards": 0.11483581669359397, "step_value_ests": 61.2093150797698, "step_values": 3.1512991941274477, "step_td_err": 38.59995819268421}