{"dim0": 0.7333333333333333, "dim1": 0.8666666666666667, "scale": 15, "episode_rewards": -12.656243190754026, "episode_std_rewards": 0.24346703353294116, "episode_value_ests": -17.616327497892456, "episode_values": -7.094088968259171, "episode_td_err": 389.83273564370677, "episode_avg_len": 17.161561561561562, "episode_std_avg_len": 2.9790168449455416, "step_rewards": -0.7374761990832733, "step_value_ests": -17.72528823237164, "step_values": -7.0729433643863295, "step_td_err": 377.72895357168494}