{"dim0": 0.7333333333333333, "dim1": -0.6666666666666666, "scale": 15, "episode_rewards": -13.806380476009045, "episode_std_rewards": 0.1480935767683667, "episode_value_ests": 31.683235603957506, "episode_values": -7.374496567258607, "episode_td_err": 71.57468393793106, "episode_avg_len": 17.906974662010924, "episode_std_avg_len": 0.8030264778969253, "step_rewards": -0.7710057525964362, "step_value_ests": 31.65585935561114, "step_values": -7.36263277878439, "step_td_err": 71.51706114810595}