{"dim0": 0.7333333333333333, "dim1": 0.3333333333333333, "scale": 15, "episode_rewards": -13.521444574700004, "episode_std_rewards": 0.23025634254104924, "episode_value_ests": 24.99973506788234, "episode_values": -7.840863545624946, "episode_td_err": 178.15316743332903, "episode_avg_len": 43.44309296264118, "episode_std_avg_len": 22.9836477697448, "step_rewards": -0.31124497941082946, "step_value_ests": 27.1532126880083, "step_values": -7.570875635884888, "step_td_err": 160.9633366565251}