{"dim0": 0.7333333333333333, "dim1": -0.2, "scale": 15, "episode_rewards": 5.876622845172878, "episode_std_rewards": 0.19266174175655604, "episode_value_ests": 42.19603743081132, "episode_values": 4.603189194200299, "episode_td_err": 36.83244284608295, "episode_avg_len": 23.788891531874405, "episode_std_avg_len": 4.120887975381842, "step_rewards": 0.2470322266718007, "step_value_ests": 42.05549848627133, "step_values": 4.930424355521379, "step_td_err": 35.97411062036667}