{"dim0": 0.7333333333333333, "dim1": -0.26666666666666666, "scale": 15, "episode_rewards": 7.901504040608526, "episode_std_rewards": 0.18297275526444495, "episode_value_ests": 42.60230094982889, "episode_values": 5.763966058258533, "episode_td_err": 33.72607334721947, "episode_avg_len": 24.855349819808623, "episode_std_avg_len": 4.600339125366784, "step_rewards": 0.3178995305997011, "step_value_ests": 42.502896259871434, "step_values": 6.138522084464039, "step_td_err": 33.00635488821297}