{"dim0": 0.7333333333333333, "dim1": -0.13333333333333333, "scale": 15, "episode_rewards": 4.2521132608972945, "episode_std_rewards": 0.19500230968743731, "episode_value_ests": 41.56257621162992, "episode_values": 3.6271594613108693, "episode_td_err": 39.3446650070336, "episode_avg_len": 22.95787419651056, "episode_std_avg_len": 3.106495531821024, "step_rewards": 0.1852137190273299, "step_value_ests": 41.412605844067535, "step_values": 3.8959499148730017, "step_td_err": 38.26867600978104}