{"dim0": 0.7333333333333333, "dim1": 0.4, "scale": 15, "episode_rewards": -4.221183581762191, "episode_std_rewards": 0.19251276562825353, "episode_value_ests": 36.63314628666407, "episode_values": -0.888846024297393, "episode_td_err": 57.980555131559086, "episode_avg_len": 20.63863378392323, "episode_std_avg_len": 2.735068572090216, "step_rewards": -0.20452824668318625, "step_value_ests": 35.90207180204325, "step_values": -0.7653045049308016, "step_td_err": 56.77076601754934}