{"dim0": 0.7333333333333333, "dim1": 0.26666666666666666, "scale": 15, "episode_rewards": -14.394122042901598, "episode_std_rewards": 0.24291053304148394, "episode_value_ests": 31.821357380343034, "episode_values": -8.141937213953183, "episode_td_err": 161.03519357450386, "episode_avg_len": 62.014564611093896, "episode_std_avg_len": 43.13390453363919, "step_rewards": -0.23210873337852328, "step_value_ests": 32.84056467151202, "step_values": -6.840875500768666, "step_td_err": 135.84003937774528}