{"dim0": 0.7333333333333333, "dim1": 0.3333333333333333, "scale": 15, "episode_rewards": -3.3872837227331156, "episode_std_rewards": 0.19519764846540538, "episode_value_ests": 36.97134688072324, "episode_values": -0.5044392796568725, "episode_td_err": 55.4953571513873, "episode_avg_len": 20.85785796224841, "episode_std_avg_len": 2.556714303205201, "step_rewards": -0.16239844613305524, "step_value_ests": 36.37013530932897, "step_values": -0.3660651473805671, "step_td_err": 54.31241668215864}