{"dim0": 0.7333333333333333, "dim1": 0.8, "scale": 15, "episode_rewards": -11.724307764292625, "episode_std_rewards": 0.23911776913515187, "episode_value_ests": -15.059225852544298, "episode_values": -6.645746504057193, "episode_td_err": 364.7483432826943, "episode_avg_len": 17.823812494430086, "episode_std_avg_len": 3.312399129913987, "step_rewards": -0.6577889981706468, "step_value_ests": -15.079762265404536, "step_values": -6.619646728643628, "step_td_err": 352.59574743266916}