{"dim0": 0.7333333333333333, "dim1": 0.9333333333333333, "scale": 15, "episode_rewards": -13.62602203317417, "episode_std_rewards": 0.24498755426794575, "episode_value_ests": -19.72954750548063, "episode_values": -7.565324091012326, "episode_td_err": 411.70618839359037, "episode_avg_len": 16.644253973537488, "episode_std_avg_len": 2.769263076330236, "step_rewards": -0.8186622275073445, "step_value_ests": -19.94592773334618, "step_values": -7.552455775417771, "step_td_err": 400.00995493116795}