{"dim0": 0.7333333333333333, "dim1": -0.5333333333333333, "scale": 15, "episode_rewards": 24.518820981094827, "episode_std_rewards": 0.12190832998205639, "episode_value_ests": 43.462472886284104, "episode_values": 13.614718173621029, "episode_td_err": 18.94860377270173, "episode_avg_len": 40.961089494163424, "episode_std_avg_len": 13.476753956170032, "step_rewards": 0.5985881060265384, "step_value_ests": 44.09814206841026, "step_values": 14.235733712467043, "step_td_err": 17.134700292311685}