{"dim0": 0.7333333333333333, "dim1": -0.4666666666666667, "scale": 15, "episode_rewards": -10.076936616518866, "episode_std_rewards": 0.14969839748337907, "episode_value_ests": 30.858670800075565, "episode_values": -5.982132310083784, "episode_td_err": 64.26993995493805, "episode_avg_len": 18.04438830747023, "episode_std_avg_len": 0.8865733787417706, "step_rewards": -0.5584526582343109, "step_value_ests": 30.80821874552671, "step_values": -5.9693339779411225, "step_td_err": 64.14932643085628}