{"dim0": 0.7333333333333333, "dim1": 0.0, "scale": 15, "episode_rewards": -0.9449624399568067, "episode_std_rewards": 0.2798896444349892, "episode_value_ests": 23.846567819994522, "episode_values": -0.31846515188694596, "episode_td_err": 55.263358783581474, "episode_avg_len": 45.28277111161422, "episode_std_avg_len": 21.90750628284916, "step_rewards": -0.020868034724015393, "step_value_ests": 22.681705300449718, "step_values": 0.8733287129765055, "step_td_err": 52.170350673707425}