{"dim0": 0.7333333333333333, "dim1": -0.9333333333333333, "scale": 15, "episode_rewards": -19.46063684881907, "episode_std_rewards": 0.15746065516374283, "episode_value_ests": 31.933462129, "episode_values": -9.63881976020207, "episode_td_err": 77.0007048804909, "episode_avg_len": 17.893540883879048, "episode_std_avg_len": 0.5760560290120295, "step_rewards": -1.0875788629600907, "step_value_ests": 31.922917005156506, "step_values": -9.629579692130855, "step_td_err": 76.98082277006658}