{"dim0": 0.7333333333333333, "dim1": 0.8666666666666667, "scale": 15, "episode_rewards": -8.923293790096317, "episode_std_rewards": 0.2294173409704943, "episode_value_ests": 39.35956505265889, "episode_values": -3.1352012525129505, "episode_td_err": 75.45277721830739, "episode_avg_len": 17.7090490525943, "episode_std_avg_len": 3.9593956371493517, "step_rewards": -0.5038832838282241, "step_value_ests": 37.28689799555336, "step_values": -3.102895043969462, "step_td_err": 72.11246813028541}