{"dim0": 0.7333333333333333, "dim1": 0.26666666666666666, "scale": 15, "episode_rewards": -2.608844252455468, "episode_std_rewards": 0.1949699181761485, "episode_value_ests": 37.372414938143365, "episode_values": -0.15399644102251453, "episode_td_err": 53.151087828023876, "episode_avg_len": 21.057058637751343, "episode_std_avg_len": 2.36168208923059, "step_rewards": -0.12389404889523845, "step_value_ests": 36.90690703860019, "step_values": -0.006181845209117858, "step_td_err": 52.064585876832936}