{"dim0": 0.7333333333333333, "dim1": -0.6666666666666666, "scale": 15, "episode_rewards": 47.39794898438922, "episode_std_rewards": 0.11843269642157672, "episode_value_ests": 47.260824527224216, "episode_values": 18.98155019649772, "episode_td_err": 7.0937566136312595, "episode_avg_len": 88.44076038903626, "episode_std_avg_len": 47.3462590003859, "step_rewards": 0.5359287818862422, "step_value_ests": 49.03299728254365, "step_values": 20.64963738283334, "step_td_err": 5.68804758792696}