{"dim0": 0.7333333333333333, "dim1": 0.2, "scale": 15, "episode_rewards": -1.72767483672266, "episode_std_rewards": 0.1991292003475615, "episode_value_ests": 37.88032249645759, "episode_values": 0.27673120813842045, "episode_td_err": 51.071617727542964, "episode_avg_len": 21.297944840805027, "episode_std_avg_len": 2.3020815407441737, "step_rewards": -0.081119321588841, "step_value_ests": 37.51379397914645, "step_values": 0.44383842043496374, "step_td_err": 49.83583167433956}