{"dim0": 0.7333333333333333, "dim1": 0.6666666666666666, "scale": 15, "episode_rewards": -10.500100775556012, "episode_std_rewards": 0.23622920529487462, "episode_value_ests": -8.607603770893382, "episode_values": -6.035675306505002, "episode_td_err": 300.06554776202483, "episode_avg_len": 20.088790678987547, "episode_std_avg_len": 4.532166064102346, "step_rewards": -0.5226845629159199, "step_value_ests": -8.269643812398185, "step_values": -6.016007783060265, "step_td_err": 288.3966968202658}