{"dim0": 0.7333333333333333, "dim1": -0.6, "scale": 15, "episode_rewards": 32.48108913762237, "episode_std_rewards": 0.11091147927090264, "episode_value_ests": 44.95714987302075, "episode_values": 16.09190838768105, "episode_td_err": 12.383857905842786, "episode_avg_len": 54.35461956521739, "episode_std_avg_len": 20.67211825684138, "step_rewards": 0.597577342964381, "step_value_ests": 45.951896747582374, "step_values": 16.866861780056443, "step_td_err": 10.565410319473283}