{"dim0": 0.7333333333333333, "dim1": -0.26666666666666666, "scale": 15, "episode_rewards": -6.677925202773824, "episode_std_rewards": 0.16637850784517913, "episode_value_ests": 28.978179364600226, "episode_values": -4.565227480430474, "episode_td_err": 54.88566098232768, "episode_avg_len": 19.14704192992533, "episode_std_avg_len": 2.950613723866014, "step_rewards": -0.34877059481113626, "step_value_ests": 28.66119576806182, "step_values": -4.492207652127223, "step_td_err": 54.50956809135751}