{"dim0": 0.7333333333333333, "dim1": -0.8, "scale": 15, "episode_rewards": -16.549808084901354, "episode_std_rewards": 0.15208281075356533, "episode_value_ests": 31.886039186174052, "episode_values": -8.468532405451917, "episode_td_err": 74.50823313207817, "episode_avg_len": 17.875323978907854, "episode_std_avg_len": 0.5814695150268613, "step_rewards": -0.9258466086785025, "step_value_ests": 31.87610499320955, "step_values": -8.457493160107514, "step_td_err": 74.48960131745187}