{"dim0": 0.7333333333333333, "dim1": 0.6, "scale": 15, "episode_rewards": -6.411801007800012, "episode_std_rewards": 0.20377296589101598, "episode_value_ests": 36.93983955404939, "episode_values": -1.891828504826961, "episode_td_err": 65.27568660587868, "episode_avg_len": 19.647838899803535, "episode_std_avg_len": 3.3793621661316053, "step_rewards": -0.3263361960823144, "step_value_ests": 35.62482566949389, "step_values": -1.8126060468192873, "step_td_err": 63.40714992914005}