{"dim0": 0.7333333333333333, "dim1": 0.13333333333333333, "scale": 15, "episode_rewards": -0.7641568182951849, "episode_std_rewards": 0.19870788692984986, "episode_value_ests": 38.57776906887946, "episode_values": 0.7572231915135982, "episode_td_err": 48.68278027694176, "episode_avg_len": 21.465872504829363, "episode_std_avg_len": 2.1769896435656944, "step_rewards": -0.035598684289365176, "step_value_ests": 38.264664326249715, "step_values": 0.9316956332654307, "step_td_err": 47.40922632081683}