{"dim0": 0.7333333333333333, "dim1": 0.4, "scale": 15, "episode_rewards": -12.113303323092614, "episode_std_rewards": 0.23223684453431573, "episode_value_ests": 16.625175043656164, "episode_values": -7.07624395930543, "episode_td_err": 190.14895030355413, "episode_avg_len": 33.947216564833674, "episode_std_avg_len": 13.726603771944434, "step_rewards": -0.3568275855535364, "step_value_ests": 18.761992369028743, "step_values": -7.049531302339238, "step_td_err": 179.24296932413276}