{"dim0": 0.7333333333333333, "dim1": -1.0, "scale": 15, "episode_rewards": -21.092427441374486, "episode_std_rewards": 0.16228960903194037, "episode_value_ests": 31.942473108448883, "episode_values": -10.315294100307545, "episode_td_err": 78.36806083683253, "episode_avg_len": 17.91606950913651, "episode_std_avg_len": 0.5249385429266517, "step_rewards": -1.1772910029523025, "step_value_ests": 31.936363278739236, "step_values": -10.305851668874064, "step_td_err": 78.35710254754036}