{"dim0": 0.7333333333333333, "dim1": 0.5333333333333333, "scale": 15, "episode_rewards": -5.6630027721607625, "episode_std_rewards": 0.20351488751367935, "episode_value_ests": 36.76620018080737, "episode_values": -1.5468298174047057, "episode_td_err": 62.910365830678224, "episode_avg_len": 19.993002798880447, "episode_std_avg_len": 3.2001960124006548, "step_rewards": -0.28324923620167125, "step_value_ests": 35.638693410580736, "step_values": -1.4442553605760098, "step_td_err": 61.18314755884751}