{"dim0": 0.7333333333333333, "dim1": -0.6, "scale": 15, "episode_rewards": -12.51905689597983, "episode_std_rewards": 0.14590538855106808, "episode_value_ests": 31.503140664390187, "episode_values": -6.896184281296313, "episode_td_err": 69.41052350877878, "episode_avg_len": 17.919810052862648, "episode_std_avg_len": 0.8821432346484264, "step_rewards": -0.6986154908477916, "step_value_ests": 31.467009088551684, "step_values": -6.881739422077222, "step_td_err": 69.32790953517134}