{"dim0": 0.7333333333333333, "dim1": -0.8666666666666667, "scale": 15, "episode_rewards": 25.587071734024185, "episode_std_rewards": 0.14052821413260436, "episode_value_ests": 65.22410330837369, "episode_values": 6.5297926923753975, "episode_td_err": 27.017525918897025, "episode_avg_len": 139.00277777777777, "episode_std_avg_len": 95.58599963183565, "step_rewards": 0.1840759741861415, "step_value_ests": 67.05457951066947, "step_values": 8.528627708102565, "step_td_err": 17.266804354535306}