{"dim0": 0.7333333333333333, "dim1": 0.2, "scale": 15, "episode_rewards": -6.1913971760833055, "episode_std_rewards": 0.3006561702708062, "episode_value_ests": 32.57253663943547, "episode_values": -4.214028531932477, "episode_td_err": 129.4022808696335, "episode_avg_len": 81.79959100204499, "episode_std_avg_len": 55.53957596894511, "step_rewards": -0.0756898304776184, "step_value_ests": 30.822858858938368, "step_values": -0.11155994334519294, "step_td_err": 100.46891954623987}