{"dim0": 0.7333333333333333, "dim1": -0.3333333333333333, "scale": 15, "episode_rewards": 10.600376891903323, "episode_std_rewards": 0.17462102594911227, "episode_value_ests": 42.83065958535715, "episode_values": 7.292449124841568, "episode_td_err": 30.934389957997773, "episode_avg_len": 26.57786340685623, "episode_std_avg_len": 6.00999999384919, "step_rewards": 0.39884232715142814, "step_value_ests": 42.80578122341369, "step_values": 7.76310551113245, "step_td_err": 30.01110258814758}