{"dim0": 0.7333333333333333, "dim1": 1.0, "scale": 15, "episode_rewards": -14.619812764083633, "episode_std_rewards": 0.24679084903739842, "episode_value_ests": -21.434871949869923, "episode_values": -7.999841404789094, "episode_td_err": 431.4133188220002, "episode_avg_len": 16.236645559344048, "episode_std_avg_len": 2.6359015151814766, "step_rewards": -0.9004207618284835, "step_value_ests": -21.69748538110951, "step_values": -8.008466148032443, "step_td_err": 420.33291767516613}