{"dim0": 0.7333333333333333, "dim1": 0.13333333333333333, "scale": 15, "episode_rewards": 2.212353293042569, "episode_std_rewards": 0.32176091565516524, "episode_value_ests": 28.07530683088946, "episode_values": 0.7787028153440629, "episode_td_err": 90.65991984584689, "episode_avg_len": 74.82416760194538, "episode_std_avg_len": 39.89080380861186, "step_rewards": 0.029567362577449498, "step_value_ests": 26.034645555554377, "step_values": 4.373140360464473, "step_td_err": 72.18803535062702}