{"dim0": 0.7333333333333333, "dim1": 0.6, "scale": 15, "episode_rewards": -10.330028042123061, "episode_std_rewards": 0.23190060712068924, "episode_value_ests": -4.326215778196107, "episode_values": -5.983860714840623, "episode_td_err": 266.80045077684446, "episode_avg_len": 21.978901098901098, "episode_std_avg_len": 5.570841957110046, "step_rewards": -0.46999747601755854, "step_value_ests": -3.6494503958259297, "step_values": -5.984735030611828, "step_td_err": 255.6608521527669}