{"dim0": 0.7333333333333333, "dim1": 0.06666666666666667, "scale": 15, "episode_rewards": 1.6615262324378768, "episode_std_rewards": 0.3036629730774449, "episode_value_ests": 24.930834371348684, "episode_values": 1.1377723489379623, "episode_td_err": 65.71020531746039, "episode_avg_len": 59.51085986313597, "episode_std_avg_len": 28.152673055732734, "step_rewards": 0.027919714758937807, "step_value_ests": 23.55474029035425, "step_values": 3.176330850665193, "step_td_err": 57.14814800244904}