{"dim0": 0.7333333333333333, "dim1": 0.6666666666666666, "scale": 15, "episode_rewards": -7.049475901239994, "episode_std_rewards": 0.20905537009024847, "episode_value_ests": 37.30069279664893, "episode_values": -2.19710590025737, "episode_td_err": 67.54110423831838, "episode_avg_len": 19.228033070563352, "episode_std_avg_len": 3.5749333675804693, "step_rewards": -0.3666249103779732, "step_value_ests": 35.775985405497664, "step_values": -2.1280135244718728, "step_td_err": 65.3093941517373}