{"dim0": 0.7333333333333333, "dim1": -0.8, "scale": 15, "episode_rewards": 193.53042766848583, "episode_std_rewards": 0.11254035557814446, "episode_value_ests": 69.00644039572994, "episode_values": 23.80727372277472, "episode_td_err": 10.475856971873332, "episode_avg_len": 563.4957746478873, "episode_std_avg_len": 345.3735954074683, "step_rewards": 0.34344610266051695, "step_value_ests": 70.28575270954366, "step_values": 28.66273471249603, "step_td_err": 6.406858452251654}