{"dim0": 0.7333333333333333, "dim1": 0.9333333333333333, "scale": 15, "episode_rewards": -9.443531046394108, "episode_std_rewards": 0.2373520871109513, "episode_value_ests": 40.109386614142494, "episode_values": -3.4114839746438848, "episode_td_err": 78.6011013784375, "episode_avg_len": 17.18065458293961, "episode_std_avg_len": 3.966021426116642, "step_rewards": -0.5496607245553691, "step_value_ests": 37.965860212511124, "step_values": -3.379983010323159, "step_td_err": 74.75622769141899}