{"dim0": 0.7333333333333333, "dim1": 0.8, "scale": 15, "episode_rewards": -8.305000172501257, "episode_std_rewards": 0.2260107890731453, "episode_value_ests": 38.67413386513602, "episode_values": -2.829033677945397, "episode_td_err": 72.73361433656281, "episode_avg_len": 18.206645425580337, "episode_std_avg_len": 3.8846466093294567, "step_rewards": -0.4561521344746316, "step_value_ests": 36.74444161516726, "step_values": -2.7803986978525312, "step_td_err": 69.68118541330726}