{"dim0": 0.8, "dim1": 0.6666666666666666, "scale": 15, "episode_rewards": -11.150045477689128, "episode_std_rewards": 0.23325673821047602, "episode_value_ests": -9.346035239836334, "episode_values": -6.174185753722806, "episode_td_err": 306.04080185985896, "episode_avg_len": 20.78148379052369, "episode_std_avg_len": 4.838255230487527, "step_rewards": -0.5365375056988724, "step_value_ests": -9.055566710028144, "step_values": -6.118876117196685, "step_td_err": 293.63832074274495}