{"dim0": 0.8, "dim1": -0.8, "scale": 15, "episode_rewards": 260.3653910992467, "episode_std_rewards": 0.07684404763285184, "episode_value_ests": 59.42125052456977, "episode_values": 31.688526595050835, "episode_td_err": 5.209214247447077, "episode_avg_len": 556.0472222222222, "episode_std_avg_len": 426.64593112772036, "step_rewards": 0.46824330865048847, "step_value_ests": 66.94909173025063, "step_values": 39.78691289916413, "step_td_err": 5.123736231251474}