{"dim0": 0.8, "dim1": 0.7333333333333333, "scale": 15, "episode_rewards": -11.71204220099166, "episode_std_rewards": 0.235401351262693, "episode_value_ests": -12.701159428876897, "episode_values": -6.508585571026984, "episode_td_err": 342.9465477610028, "episode_avg_len": 19.254235656526763, "episode_std_avg_len": 4.04112908254057, "step_rewards": -0.6082839334638316, "step_value_ests": -12.549183562540328, "step_values": -6.453715435191119, "step_td_err": 330.10966808400826}