{"dim0": 0.8, "dim1": -0.2, "scale": 15, "episode_rewards": 4.218151941572089, "episode_std_rewards": 0.19436683899793106, "episode_value_ests": 41.52237772417819, "episode_values": 3.6063744765263044, "episode_td_err": 39.38386030986913, "episode_avg_len": 22.9981602851558, "episode_std_avg_len": 3.1042218034491205, "step_rewards": 0.18341258123566961, "step_value_ests": 41.37503859372931, "step_values": 3.8780441267928047, "step_td_err": 38.39536376809533}