{"dim0": 0.8, "dim1": 0.6, "scale": 15, "episode_rewards": -10.90230602215364, "episode_std_rewards": 0.23684590897103674, "episode_value_ests": -5.134101935243832, "episode_values": -6.006337121728303, "episode_td_err": 269.92836418735135, "episode_avg_len": 22.642363862787274, "episode_std_avg_len": 5.688061102711449, "step_rewards": -0.4815003454684155, "step_value_ests": -4.595812165333033, "step_values": -5.944481297163404, "step_td_err": 258.22641655605486}