{"dim0": 0.8, "dim1": -0.13333333333333333, "scale": 15, "episode_rewards": 2.65039957953616, "episode_std_rewards": 0.19970993715135732, "episode_value_ests": 40.84629139921007, "episode_values": 2.694532610404724, "episode_td_err": 42.193671737444596, "episode_avg_len": 22.396528555431132, "episode_std_avg_len": 2.6742288060656487, "step_rewards": 0.11833974952754191, "step_value_ests": 40.67085830430577, "step_values": 2.9279526701437186, "step_td_err": 40.96741882404667}