{"dim0": 0.8, "dim1": 0.06666666666666667, "scale": 15, "episode_rewards": 4.186660674111399, "episode_std_rewards": 0.29682912298991965, "episode_value_ests": 19.050718882460288, "episode_values": 2.8706153460306085, "episode_td_err": 53.756818401077254, "episode_avg_len": 59.12178539757612, "episode_std_avg_len": 26.473282949866988, "step_rewards": 0.07081417866455442, "step_value_ests": 18.227450401859674, "step_values": 4.827559912555215, "step_td_err": 47.24864001062798}