{"dim0": 0.8, "dim1": -0.9333333333333333, "scale": 15, "episode_rewards": -20.030228651388715, "episode_std_rewards": 0.16110016343414452, "episode_value_ests": 31.3890778607623, "episode_values": -10.230914830727805, "episode_td_err": 76.41420371897068, "episode_avg_len": 17.7038151721696, "episode_std_avg_len": 0.6843620257735851, "step_rewards": -1.1314074653736914, "step_value_ests": 31.372234902710318, "step_values": -10.22100751709199, "step_td_err": 76.40734119492556}