{"dim0": 0.8, "dim1": 0.7333333333333333, "scale": 15, "episode_rewards": -8.320787495906535, "episode_std_rewards": 0.22251637823852208, "episode_value_ests": 38.55793336242042, "episode_values": -2.824517004961691, "episode_td_err": 72.75283047555789, "episode_avg_len": 18.23698367830765, "episode_std_avg_len": 3.847592048055167, "step_rewards": -0.4562589758636382, "step_value_ests": 36.653881070349584, "step_values": -2.7835192343513846, "step_td_err": 69.86330180368229}