{"dim0": 0.8, "dim1": -0.6666666666666666, "scale": 15, "episode_rewards": -14.35805374214696, "episode_std_rewards": 0.15150420304492204, "episode_value_ests": 30.628495880040155, "episode_values": -7.981140886017244, "episode_td_err": 68.9081687201873, "episode_avg_len": 17.672528055138287, "episode_std_avg_len": 0.8696216683722549, "step_rewards": -0.8124504709993857, "step_value_ests": 30.58923112896204, "step_values": -7.96990540084852, "step_td_err": 68.84594672457335}