{"dim0": 0.8, "dim1": -0.06666666666666667, "scale": 15, "episode_rewards": 1.5598174139582868, "episode_std_rewards": 0.20110372739697965, "episode_value_ests": 40.02588049243765, "episode_values": 2.071428927001695, "episode_td_err": 43.89395892857227, "episode_avg_len": 22.07449508884229, "episode_std_avg_len": 2.4345015721416408, "step_rewards": 0.07066152171003483, "step_value_ests": 39.82047672942242, "step_values": 2.28297044734404, "step_td_err": 42.681730946492415}