{"dim0": 0.8, "dim1": -0.26666666666666666, "scale": 15, "episode_rewards": 5.914612042679698, "episode_std_rewards": 0.1936499399824208, "episode_value_ests": 42.19456027688992, "episode_values": 4.594265982835622, "episode_td_err": 37.28803902696872, "episode_avg_len": 23.775228812552005, "episode_std_avg_len": 3.871923730841792, "step_rewards": 0.24877203451169777, "step_value_ests": 42.045155295998086, "step_values": 4.934229433508727, "step_td_err": 36.24182931526757}