{"dim0": 0.8, "dim1": 0.5333333333333333, "scale": 15, "episode_rewards": -10.861104229183342, "episode_std_rewards": 0.23556767922201047, "episode_value_ests": -0.03809766341574992, "episode_values": -5.930080843901906, "episode_td_err": 232.4130909296382, "episode_avg_len": 25.484709480122323, "episode_std_avg_len": 7.326468196244552, "step_rewards": -0.42618120632902773, "step_value_ests": 0.9938987740526624, "step_values": -5.846751607268946, "step_td_err": 221.37430846270405}