{"dim0": 0.8, "dim1": -0.3333333333333333, "scale": 15, "episode_rewards": -8.094590343131896, "episode_std_rewards": 0.16127033622687093, "episode_value_ests": 27.311649655013976, "episode_values": -5.384567557159084, "episode_td_err": 53.5787697790831, "episode_avg_len": 18.490524174909865, "episode_std_avg_len": 1.7064088780059783, "step_rewards": -0.43776965252913685, "step_value_ests": 27.10736492220882, "step_values": -5.351036105570993, "step_td_err": 53.27056003477617}