{"dim0": 0.8, "dim1": -0.3333333333333333, "scale": 15, "episode_rewards": 7.890916883538652, "episode_std_rewards": 0.18554862078587772, "episode_value_ests": 42.67844472375402, "episode_values": 5.777111987737936, "episode_td_err": 34.39376355102103, "episode_avg_len": 24.8579418344519, "episode_std_avg_len": 4.789719751886643, "step_rewards": 0.3174404758081067, "step_value_ests": 42.558637188005335, "step_values": 6.16845816572019, "step_td_err": 33.43245488336139}