{"dim0": 0.8, "dim1": -0.4666666666666667, "scale": 15, "episode_rewards": -10.476091048459883, "episode_std_rewards": 0.15439237861793428, "episode_value_ests": 29.07809377693407, "episode_values": -6.452499383111418, "episode_td_err": 60.30952999194242, "episode_avg_len": 17.921774193548387, "episode_std_avg_len": 1.2079006964070442, "step_rewards": -0.584545421414312, "step_value_ests": 28.979223517912832, "step_values": -6.4358026293856705, "step_td_err": 60.1226346538338}