{"dim0": 0.8, "dim1": 0.8, "scale": 15, "episode_rewards": -8.85199256846923, "episode_std_rewards": 0.2303622499565852, "episode_value_ests": 39.382525976705026, "episode_values": -3.1045812346401274, "episode_td_err": 75.652815675442, "episode_avg_len": 17.687212592854618, "episode_std_avg_len": 3.9364948135083453, "step_rewards": -0.5004741432262373, "step_value_ests": 37.32351129024399, "step_values": -3.072181118261793, "step_td_err": 72.24948372017685}