{"dim0": 0.8, "dim1": 0.8, "scale": 15, "episode_rewards": -12.393865013366927, "episode_std_rewards": 0.23452927953648053, "episode_value_ests": -15.701919911977205, "episode_values": -6.841826686071726, "episode_td_err": 371.06766825904106, "episode_avg_len": 18.251870779339296, "episode_std_avg_len": 3.6181191707979936, "step_rewards": -0.6790462831567108, "step_value_ests": -15.749660895560655, "step_values": -6.810974547087875, "step_td_err": 357.7867641521246}