{"dim0": 0.8, "dim1": -0.8666666666666667, "scale": 15, "episode_rewards": 208.4008396279697, "episode_std_rewards": 0.11505113271820887, "episode_value_ests": 69.05999091560047, "episode_values": 24.486178476175937, "episode_td_err": 10.106232489075364, "episode_avg_len": 608.7636363636364, "episode_std_avg_len": 338.78645980079045, "step_rewards": 0.3423345731897238, "step_value_ests": 70.22935872189365, "step_values": 28.703651674226393, "step_td_err": 6.40608271242984}