{"dim0": 0.8, "dim1": 1.0, "scale": 15, "episode_rewards": -10.472598493845648, "episode_std_rewards": 0.24815842654682413, "episode_value_ests": 41.87515433942471, "episode_values": -3.969714631939862, "episode_td_err": 84.51692791655653, "episode_avg_len": 16.043554985160824, "episode_std_avg_len": 3.847178451283448, "step_rewards": -0.6527604700786126, "step_value_ests": 39.73257681928724, "step_values": -3.9487265221009578, "step_td_err": 80.13551945592624}