{"dim0": 0.8, "dim1": -0.06666666666666667, "scale": 15, "episode_rewards": -2.4305340946275553, "episode_std_rewards": 0.24777837030249567, "episode_value_ests": 20.336824592541117, "episode_values": -1.244607638095891, "episode_td_err": 45.155664127003526, "episode_avg_len": 33.69991575400169, "episode_std_avg_len": 16.310284070579375, "step_rewards": -0.07212285372965488, "step_value_ests": 18.780208380844066, "step_values": -0.25637888870442704, "step_td_err": 43.10142352828505}