{"dim0": 0.8, "dim1": -0.8666666666666667, "scale": 15, "episode_rewards": -18.545919153450384, "episode_std_rewards": 0.1590644419974793, "episode_value_ests": 31.314136525353838, "episode_values": -9.648206717107367, "episode_td_err": 75.0860557723644, "episode_avg_len": 17.662133521723774, "episode_std_avg_len": 0.6774697646876794, "step_rewards": -1.0500384413151214, "step_value_ests": 31.298065658145674, "step_values": -9.638417116141477, "step_td_err": 75.08846549330015}