{"dim0": 0.8, "dim1": -1.0, "scale": 15, "episode_rewards": -21.530968815415967, "episode_std_rewards": 0.16551391248542185, "episode_value_ests": 31.41350634837632, "episode_values": -10.85737825005475, "episode_td_err": 77.60640944378561, "episode_avg_len": 17.707569721115537, "episode_std_avg_len": 0.6444576107980294, "step_rewards": -1.2159189066888827, "step_value_ests": 31.40053719564577, "step_values": -10.847319078159988, "step_td_err": 77.60700604624205}