{"dim0": 0.8, "dim1": -0.4, "scale": 15, "episode_rewards": 10.510530707181658, "episode_std_rewards": 0.1759894257166155, "episode_value_ests": 42.84816814312751, "episode_values": 7.238677767284744, "episode_td_err": 30.888969438800626, "episode_avg_len": 26.555762081784387, "episode_std_avg_len": 6.095927049810216, "step_rewards": 0.39579096524558915, "step_value_ests": 42.81604173931824, "step_values": 7.7192828770835655, "step_td_err": 29.905249429682968}