{"dim0": 0.8, "dim1": 0.06666666666666667, "scale": 15, "episode_rewards": -0.833142496321327, "episode_std_rewards": 0.19768090820548598, "episode_value_ests": 38.5669405071019, "episode_values": 0.7471177747379378, "episode_td_err": 48.58734137980063, "episode_avg_len": 21.462817898916192, "episode_std_avg_len": 2.1362252080474113, "step_rewards": -0.03881794553935987, "step_value_ests": 38.27418704266284, "step_values": 0.9190954439940641, "step_td_err": 47.358459668170276}