{"dim0": 0.8, "dim1": -0.2, "scale": 15, "episode_rewards": -5.911942571504283, "episode_std_rewards": 0.19225144363135002, "episode_value_ests": 24.571164686108638, "episode_values": -4.005133387068539, "episode_td_err": 48.1143659551645, "episode_avg_len": 21.279072241727842, "episode_std_avg_len": 6.195033803367778, "step_rewards": -0.2778289628582152, "step_value_ests": 23.6864858267954, "step_values": -3.778105320254184, "step_td_err": 47.21295038689876}