{"dim0": 0.8, "dim1": -0.6, "scale": 15, "episode_rewards": -12.964558869487403, "episode_std_rewards": 0.15038054433131648, "episode_value_ests": 30.278443549891783, "episode_values": -7.424083555209053, "episode_td_err": 66.57814759262648, "episode_avg_len": 17.712982642578815, "episode_std_avg_len": 0.9987051812314747, "step_rewards": -0.731924099463799, "step_value_ests": 30.22288750400693, "step_values": -7.4117430641986015, "step_td_err": 66.48265037284058}