{"dim0": 0.8, "dim1": -0.7333333333333333, "scale": 15, "episode_rewards": -15.736474370802702, "episode_std_rewards": 0.1539884085908205, "episode_value_ests": 30.954377443182402, "episode_values": -8.520558717638302, "episode_td_err": 71.5448809929875, "episode_avg_len": 17.65389707829464, "episode_std_avg_len": 0.8638404706453634, "step_rewards": -0.89138813379345, "step_value_ests": 30.923039786762036, "step_values": -8.509495406536905, "step_td_err": 71.50648008737585}