{"dim0": 0.8, "dim1": -0.13333333333333333, "scale": 15, "episode_rewards": -4.664088449657276, "episode_std_rewards": 0.2183508552083617, "episode_value_ests": 22.630137927599517, "episode_values": -2.968387304048157, "episode_td_err": 45.89815061124318, "episode_avg_len": 25.375190258751903, "episode_std_avg_len": 10.495814604058447, "step_rewards": -0.18380506321715684, "step_value_ests": 21.27873078788555, "step_values": -2.477937570668211, "step_td_err": 44.685541444893}