{"dim0": 0.8, "dim1": -0.6666666666666666, "scale": 15, "episode_rewards": 32.155725592574946, "episode_std_rewards": 0.12066542643097547, "episode_value_ests": 44.754661520623266, "episode_values": 15.955466749437987, "episode_td_err": 12.695582451512681, "episode_avg_len": 53.802582033351264, "episode_std_avg_len": 20.501309311580606, "step_rewards": 0.5976613831031786, "step_value_ests": 45.72400573165932, "step_values": 16.717474285513198, "step_td_err": 10.766670336055638}