{"dim0": 0.8, "dim1": 1.0, "scale": 15, "episode_rewards": -14.99936286707264, "episode_std_rewards": 0.23952839184562666, "episode_value_ests": -21.994096956790358, "episode_values": -8.090101583286838, "episode_td_err": 442.11868448759185, "episode_avg_len": 16.41073186741057, "episode_std_avg_len": 2.7092730589624194, "step_rewards": -0.9139971933158746, "step_value_ests": -22.24314574107002, "step_values": -8.09750620751079, "step_td_err": 430.049293382585}