{"dim0": 0.8, "dim1": 0.2, "scale": 15, "episode_rewards": -2.5578320410793745, "episode_std_rewards": 0.1952324623381047, "episode_value_ests": 37.402345748550665, "episode_values": -0.13139449860598865, "episode_td_err": 53.34607546403377, "episode_avg_len": 21.05041574571098, "episode_std_avg_len": 2.393700527713876, "step_rewards": -0.12150981111147569, "step_value_ests": 36.918847454015015, "step_values": 0.017921796178200698, "step_td_err": 52.145471368543205}