{"dim0": 0.8, "dim1": 0.4, "scale": 15, "episode_rewards": -4.955469555731955, "episode_std_rewards": 0.1981698374716701, "episode_value_ests": 36.54931444712505, "episode_values": -1.2240514278482175, "episode_td_err": 60.23405189527886, "episode_avg_len": 20.36068410872442, "episode_std_avg_len": 2.946450995810131, "step_rewards": -0.24338423646622798, "step_value_ests": 35.639864592175655, "step_values": -1.1129465691138998, "step_td_err": 58.84178961523654}