{"dim0": 0.8, "dim1": -0.6, "scale": 15, "episode_rewards": 24.608665514587052, "episode_std_rewards": 0.12445330381146379, "episode_value_ests": 43.56135953368557, "episode_values": 13.664042925561482, "episode_td_err": 18.655764758263317, "episode_avg_len": 41.27218324391251, "episode_std_avg_len": 13.678385260662171, "step_rewards": 0.596253059091967, "step_value_ests": 44.17393490297997, "step_values": 14.265989183264804, "step_td_err": 16.927701646148925}