{"dim0": 0.8, "dim1": 0.13333333333333333, "scale": 15, "episode_rewards": -1.7663671318612584, "episode_std_rewards": 0.1968919639316064, "episode_value_ests": 37.978892038243686, "episode_values": 0.2576296889399238, "episode_td_err": 51.33997164549989, "episode_avg_len": 21.225830414942163, "episode_std_avg_len": 2.2604816845873783, "step_rewards": -0.0832178104380691, "step_value_ests": 37.58394244274961, "step_values": 0.41842903785670943, "step_td_err": 50.07888929552352}