{"dim0": 0.8, "dim1": 0.9333333333333333, "scale": 15, "episode_rewards": -14.004819205209229, "episode_std_rewards": 0.2347271630445455, "episode_value_ests": -20.254723074806044, "episode_values": -7.627539115481799, "episode_td_err": 423.89650797103843, "episode_avg_len": 16.82710752145381, "episode_std_avg_len": 2.8112671127898494, "step_rewards": -0.8322772756609363, "step_value_ests": -20.428704951287365, "step_values": -7.615530229747432, "step_td_err": 411.4231996920766}