{"dim0": 0.8, "dim1": 0.0, "scale": 15, "episode_rewards": 0.24802251646721168, "episode_std_rewards": 0.19935562573817603, "episode_value_ests": 39.337773529653994, "episode_values": 1.3113378465636694, "episode_td_err": 46.64116479721292, "episode_avg_len": 21.68611080993169, "episode_std_avg_len": 2.324118712254951, "step_rewards": 0.011436929315773099, "step_value_ests": 39.073191368782986, "step_values": 1.502274835524271, "step_td_err": 45.32397553458224}