{"dim0": 0.8, "dim1": 0.0, "scale": 15, "episode_rewards": 0.43241062158976595, "episode_std_rewards": 0.27261735435011514, "episode_value_ests": 18.97433098334551, "episode_values": 0.6886956539263311, "episode_td_err": 47.082651841917226, "episode_avg_len": 45.01733063245555, "episode_std_avg_len": 21.475892747143504, "step_rewards": 0.009605425633078665, "step_value_ests": 17.870547000145997, "step_values": 1.979714921704494, "step_td_err": 44.32994784294512}