{"dim0": 0.8, "dim1": -0.5333333333333333, "scale": 15, "episode_rewards": -11.688539619514406, "episode_std_rewards": 0.152424814993697, "episode_value_ests": 29.721741390891513, "episode_values": -6.927442607657356, "episode_td_err": 63.388016384531674, "episode_avg_len": 17.801441794232822, "episode_std_avg_len": 1.1301090091825587, "step_rewards": -0.6566063442850552, "step_value_ests": 29.647423160065593, "step_values": -6.913034273927801, "step_td_err": 63.242469264828465}