{"dim0": 0.8, "dim1": 0.4666666666666667, "scale": 15, "episode_rewards": -5.692061939516068, "episode_std_rewards": 0.1993567069843336, "episode_value_ests": 36.74040058550439, "episode_values": -1.5757723600741975, "episode_td_err": 62.932457873002946, "episode_avg_len": 19.99360255897641, "episode_std_avg_len": 3.215839300620366, "step_rewards": -0.2846941626815792, "step_value_ests": 35.60363698957039, "step_values": -1.47466198701237, "step_td_err": 61.216525977196994}