{"dim0": 0.8, "dim1": -0.7333333333333333, "scale": 15, "episode_rewards": 48.04840179179621, "episode_std_rewards": 0.11728570514510926, "episode_value_ests": 47.36029377011577, "episode_values": 19.148251701456353, "episode_td_err": 6.952969972659846, "episode_avg_len": 89.95593525179856, "episode_std_avg_len": 48.573887210409886, "step_rewards": 0.5341326468042645, "step_value_ests": 49.15183758472852, "step_values": 20.819435774321146, "step_td_err": 5.571696691246137}