{"dim0": 0.8, "dim1": 0.26666666666666666, "scale": 15, "episode_rewards": -3.4275927228508527, "episode_std_rewards": 0.19625620966284194, "episode_value_ests": 36.95332651244477, "episode_values": -0.5294546241155976, "episode_td_err": 55.570179195800044, "episode_avg_len": 20.85455114169534, "episode_std_avg_len": 2.5473536091475433, "step_rewards": -0.16435706045947587, "step_value_ests": 36.36019931771395, "step_values": -0.3951103318165417, "step_td_err": 54.436470788417004}