{"dim0": 0.8, "dim1": 0.6666666666666666, "scale": 15, "episode_rewards": -7.733108098561435, "episode_std_rewards": 0.2175792901018599, "episode_value_ests": 37.80662936118601, "episode_values": -2.5451703302103073, "episode_td_err": 70.30810322031907, "episode_avg_len": 18.778142897380526, "episode_std_avg_len": 3.7573918842846408, "step_rewards": -0.4118143173593684, "step_value_ests": 36.054787142743656, "step_values": -2.4884574266818147, "step_td_err": 67.68383788792028}