{"dim0": 0.8, "dim1": 0.2, "scale": 15, "episode_rewards": -0.6297860548658918, "episode_std_rewards": 0.33121442248693095, "episode_value_ests": 25.440760425777643, "episode_values": -0.931630437852505, "episode_td_err": 108.19916178187994, "episode_avg_len": 88.08102157639806, "episode_std_avg_len": 58.41651523606095, "step_rewards": -0.007150076640739683, "step_value_ests": 23.85837177219043, "step_values": 3.7981391483406908, "step_td_err": 81.95233100406173}