{"dim0": 0.8, "dim1": 0.9333333333333333, "scale": 15, "episode_rewards": -10.014505355202008, "episode_std_rewards": 0.24345682699623117, "episode_value_ests": 41.05528020177294, "episode_values": -3.7074749249351115, "episode_td_err": 81.77139250049547, "episode_avg_len": 16.568966945572033, "episode_std_avg_len": 3.939379251931518, "step_rewards": -0.6044133824455683, "step_value_ests": 38.87789526109764, "step_values": -3.6844057701889303, "step_td_err": 77.58876134921658}