{"dim0": 0.8, "dim1": 0.6, "scale": 15, "episode_rewards": -7.011415947583652, "episode_std_rewards": 0.2082320795565234, "episode_value_ests": 37.31755133562901, "episode_values": -2.172365387480321, "episode_td_err": 67.3025724962827, "episode_avg_len": 19.219563755164792, "episode_std_avg_len": 3.600674920711393, "step_rewards": -0.3648061962748506, "step_value_ests": 35.78443456279643, "step_values": -2.10539844842403, "step_td_err": 65.15397884754586}