{"dim0": 0.8, "dim1": 0.13333333333333333, "scale": 15, "episode_rewards": 5.723788979050628, "episode_std_rewards": 0.3240801586074687, "episode_value_ests": 21.366677415647363, "episode_values": 3.216122722582574, "episode_td_err": 71.95737498795978, "episode_avg_len": 75.76174242424243, "episode_std_avg_len": 38.04146031666718, "step_rewards": 0.07554985928120782, "step_value_ests": 20.236022382077177, "step_values": 6.370414548957326, "step_td_err": 58.902439196894974}