{"dim0": 0.8, "dim1": 0.4666666666666667, "scale": 15, "episode_rewards": -11.151647210514646, "episode_std_rewards": 0.24246936068952385, "episode_value_ests": 6.5171478298432675, "episode_values": -6.084283232593519, "episode_td_err": 204.12022498803654, "episode_avg_len": 29.356524291795097, "episode_std_avg_len": 10.078373362930586, "step_rewards": -0.37986946614219713, "step_value_ests": 8.092652946914429, "step_values": -5.954414640650201, "step_td_err": 192.82310585893978}