{"dim0": 0.8, "dim1": -0.4, "scale": 15, "episode_rewards": -9.333326816968743, "episode_std_rewards": 0.15807114358862492, "episode_value_ests": 28.3260550549413, "episode_values": -5.9757182453040425, "episode_td_err": 57.15524955036286, "episode_avg_len": 18.1221346380357, "episode_std_avg_len": 1.304481806380335, "step_rewards": -0.5150235887432081, "step_value_ests": 28.19568239380627, "step_values": -5.957609505534323, "step_td_err": 56.916698608249}