{"dim0": 0.8, "dim1": -0.5333333333333333, "scale": 15, "episode_rewards": 18.71731378730085, "episode_std_rewards": 0.13616057625933703, "episode_value_ests": 42.81933749346557, "episode_values": 11.329353419341729, "episode_td_err": 23.47472577244034, "episode_avg_len": 33.628950907868195, "episode_std_avg_len": 9.446768844575134, "step_rewards": 0.5565833391169376, "step_value_ests": 43.12687420050929, "step_values": 11.890661890771122, "step_td_err": 22.167517079537983}