{"dim0": 0.8, "dim1": 0.5333333333333333, "scale": 15, "episode_rewards": -6.363747329251429, "episode_std_rewards": 0.20546230935562143, "episode_value_ests": 36.98329727988636, "episode_values": -1.8929871958461126, "episode_td_err": 65.12193732667512, "episode_avg_len": 19.610550053926854, "episode_std_avg_len": 3.403209077347346, "step_rewards": -0.3245063148025845, "step_value_ests": 35.648949891974006, "step_values": -1.81057759074751, "step_td_err": 63.23343371178641}