{"dim0": 0.8, "dim1": -0.8, "scale": 15, "episode_rewards": -17.053598167358956, "episode_std_rewards": 0.15611461564780058, "episode_value_ests": 31.142779938929102, "episode_values": -9.04154015312428, "episode_td_err": 73.15859817585563, "episode_avg_len": 17.65242718446602, "episode_std_avg_len": 0.7193737011027255, "step_rewards": -0.9660766754141307, "step_value_ests": 31.12308876702915, "step_values": -9.032346457638887, "step_td_err": 73.15110899997252}