{"dim0": 0.8, "dim1": 0.26666666666666666, "scale": 15, "episode_rewards": -11.50365258984407, "episode_std_rewards": 0.2662333923178201, "episode_value_ests": 26.64157332841874, "episode_values": -6.3575007520546825, "episode_td_err": 145.1381553986401, "episode_avg_len": 74.99287589051369, "episode_std_avg_len": 57.111954548252676, "step_rewards": -0.15339660538740904, "step_value_ests": 26.970182628544983, "step_values": -3.590409768178973, "step_td_err": 117.72045778864275}