{"dim0": 0.8, "dim1": -0.9333333333333333, "scale": 15, "episode_rewards": 24.6612936836989, "episode_std_rewards": 0.14404068866345485, "episode_value_ests": 65.17012923781937, "episode_values": 6.3445945691341565, "episode_td_err": 26.56997641378349, "episode_avg_len": 140.28330995792427, "episode_std_avg_len": 102.23551565446296, "step_rewards": 0.1757963487680442, "step_value_ests": 66.9634926482068, "step_values": 8.148215859796283, "step_td_err": 16.878500490632526}