{"dim0": 0.8, "dim1": 0.3333333333333333, "scale": 15, "episode_rewards": -13.152796041032305, "episode_std_rewards": 0.24492822937248487, "episode_value_ests": 21.077920666273204, "episode_values": -7.148340236606805, "episode_td_err": 162.87047338071991, "episode_avg_len": 49.22244094488189, "episode_std_avg_len": 30.455098424172593, "step_rewards": -0.2672113732791206, "step_value_ests": 23.132660009712577, "step_values": -6.322017352761314, "step_td_err": 145.1045085916579}