{"dim0": 0.8666666666666667, "dim1": 0.6666666666666666, "scale": 15, "episode_rewards": -8.317209684802478, "episode_std_rewards": 0.2241556016934741, "episode_value_ests": 38.57532866118971, "episode_values": -2.8205799961514986, "episode_td_err": 72.80746097879589, "episode_avg_len": 18.2434552585971, "episode_std_avg_len": 3.877175871760799, "step_rewards": -0.4559010103572925, "step_value_ests": 36.657003796758104, "step_values": -2.778626376045357, "step_td_err": 69.79523577952949}