{"dim0": 0.8666666666666667, "dim1": 0.2, "scale": 15, "episode_rewards": -3.431370155575235, "episode_std_rewards": 0.19490188341600875, "episode_value_ests": 36.91195096246448, "episode_values": -0.5193978740897317, "episode_td_err": 55.49172142393342, "episode_avg_len": 20.872469213107912, "episode_std_avg_len": 2.531582133027821, "step_rewards": -0.1643969441536095, "step_value_ests": 36.33036959550172, "step_values": -0.38374750011946135, "step_td_err": 54.40064982024966}