{"dim0": 0.8666666666666667, "dim1": -0.26666666666666666, "scale": 15, "episode_rewards": 4.229092110428176, "episode_std_rewards": 0.19536248703118228, "episode_value_ests": 41.56514156625165, "episode_values": 3.6264761573030633, "episode_td_err": 39.5216570879715, "episode_avg_len": 22.97392602802665, "episode_std_avg_len": 3.0826556809616723, "step_rewards": 0.18408225504291112, "step_value_ests": 41.40074963648577, "step_values": 3.8866817209328484, "step_td_err": 38.41974482845602}