{"dim0": 0.8666666666666667, "dim1": 0.7333333333333333, "scale": 15, "episode_rewards": -8.819136529723332, "episode_std_rewards": 0.22784024584102014, "episode_value_ests": 39.253105384611075, "episode_values": -3.0735712550450343, "episode_td_err": 75.19558663970852, "episode_avg_len": 17.73871396895787, "episode_std_avg_len": 3.943911093034492, "step_rewards": -0.4971688784855831, "step_value_ests": 37.20893129470413, "step_values": -3.0400554615659736, "step_td_err": 71.85422946436374}