{"dim0": 0.8666666666666667, "dim1": -0.8, "scale": 15, "episode_rewards": 47.121820052012545, "episode_std_rewards": 0.12538552223804628, "episode_value_ests": 47.1910336332871, "episode_values": 18.969660825090077, "episode_td_err": 7.195329556033282, "episode_avg_len": 87.95866314863676, "episode_std_avg_len": 45.10410178142585, "step_rewards": 0.535726878572311, "step_value_ests": 48.87797033419344, "step_values": 20.51449794769556, "step_td_err": 5.737214731073805}