{"dim0": 0.8666666666666667, "dim1": -0.2, "scale": 15, "episode_rewards": 2.780613116309217, "episode_std_rewards": 0.19887209742778855, "episode_value_ests": 40.82150803123773, "episode_values": 2.767264747249474, "episode_td_err": 41.62904199620584, "episode_avg_len": 22.42605673281758, "episode_std_avg_len": 2.6474455363741494, "step_rewards": 0.12399028279635788, "step_value_ests": 40.650158749617646, "step_values": 3.0039977614317888, "step_td_err": 40.5055087592834}