{"dim0": 0.8666666666666667, "dim1": -0.6666666666666666, "scale": 15, "episode_rewards": 24.46100611258443, "episode_std_rewards": 0.1234502748596092, "episode_value_ests": 43.4455201877647, "episode_values": 13.625341603086968, "episode_td_err": 18.809398398272617, "episode_avg_len": 40.927767546552076, "episode_std_avg_len": 13.661788510464952, "step_rewards": 0.5976628479616433, "step_value_ests": 44.10593914142101, "step_values": 14.272153950166015, "step_td_err": 16.94213478561511}