{"dim0": 0.8666666666666667, "dim1": 0.8666666666666667, "scale": 15, "episode_rewards": -13.641418375535471, "episode_std_rewards": 0.2330809854744938, "episode_value_ests": -18.39716926624969, "episode_values": -7.375504516570134, "episode_td_err": 407.55543552052274, "episode_avg_len": 17.737052146151118, "episode_std_avg_len": 3.405743948429075, "step_rewards": -0.7690916316382153, "step_value_ests": -18.508865334713935, "step_values": -7.348053759562387, "step_td_err": 393.92989305617}