{"dim0": 0.8666666666666667, "dim1": -0.7333333333333333, "scale": 15, "episode_rewards": 32.704125227234336, "episode_std_rewards": 0.12469882704953981, "episode_value_ests": 45.0483613719344, "episode_values": 16.172518138072984, "episode_td_err": 12.351147366847012, "episode_avg_len": 54.48515390901662, "episode_std_avg_len": 20.298473874838933, "step_rewards": 0.6002392006058408, "step_value_ests": 46.00222650277413, "step_values": 16.94973597302355, "step_td_err": 10.5145460726946}