{"dim0": 0.8666666666666667, "dim1": 0.6, "scale": 15, "episode_rewards": -11.473517110549816, "episode_std_rewards": 0.23847156820510926, "episode_value_ests": -5.62045475431804, "episode_values": -6.104513922284406, "episode_td_err": 277.8292673707265, "episode_avg_len": 23.236640334572492, "episode_std_avg_len": 6.1478923500933185, "step_rewards": -0.49376833076333393, "step_value_ests": -5.02943646261894, "step_values": -6.022324230630941, "step_td_err": 265.28763607095686}