{"dim0": 0.8666666666666667, "dim1": -0.3333333333333333, "scale": 15, "episode_rewards": -8.397294457217313, "episode_std_rewards": 0.16498794966922672, "episode_value_ests": 24.862845382993736, "episode_values": -5.538314603758447, "episode_td_err": 49.597185431024144, "episode_avg_len": 18.564692778912196, "episode_std_avg_len": 1.802593091583304, "step_rewards": -0.4523260663249906, "step_value_ests": 24.635629662446892, "step_values": -5.505037093301144, "step_td_err": 49.315096170447475}