{"dim0": 0.8666666666666667, "dim1": -0.4666666666666667, "scale": 15, "episode_rewards": -10.90008719971856, "episode_std_rewards": 0.1583657433208874, "episode_value_ests": 27.056139713532602, "episode_values": -6.845611136182253, "episode_td_err": 55.57262677317952, "episode_avg_len": 17.861046615467046, "episode_std_avg_len": 1.2070737412266703, "step_rewards": -0.6102714714533841, "step_value_ests": 26.92736820341966, "step_values": -6.8247091793251125, "step_td_err": 55.342244902331906}