{"dim0": 0.8666666666666667, "dim1": -0.8666666666666667, "scale": 15, "episode_rewards": -19.024709555534454, "episode_std_rewards": 0.1608576330166353, "episode_value_ests": 30.489603121311692, "episode_values": -10.193014983199546, "episode_td_err": 72.35312766724243, "episode_avg_len": 17.462196612537106, "episode_std_avg_len": 0.7946659047860861, "step_rewards": -1.0894797474606106, "step_value_ests": 30.467571273380223, "step_values": -10.186585625026698, "step_td_err": 72.35554773640423}