{"dim0": 0.8666666666666667, "dim1": -0.26666666666666666, "scale": 15, "episode_rewards": -7.213515291148884, "episode_std_rewards": 0.17623265811482003, "episode_value_ests": 23.439832023934603, "episode_values": -4.784278410370674, "episode_td_err": 46.73653575105229, "episode_avg_len": 19.359210144226115, "episode_std_avg_len": 3.030065380630754, "step_rewards": -0.3726141323642956, "step_value_ests": 23.056301402641235, "step_values": -4.708614918571245, "step_td_err": 46.36050828559278}