{"dim0": 0.8666666666666667, "dim1": 0.13333333333333333, "scale": 15, "episode_rewards": 4.8342375036573655, "episode_std_rewards": 0.3093146935449996, "episode_value_ests": 16.857290509009353, "episode_values": 3.5323922443240634, "episode_td_err": 61.3956800811096, "episode_avg_len": 66.98058252427184, "episode_std_avg_len": 32.264479073821384, "step_rewards": 0.07217371544813866, "step_value_ests": 16.464911780271393, "step_values": 6.044012908099515, "step_td_err": 52.200228285879874}