{"dim0": 0.8666666666666667, "dim1": 0.8, "scale": 15, "episode_rewards": -12.91590009401159, "episode_std_rewards": 0.23302416027893932, "episode_value_ests": -16.034921823514768, "episode_values": -7.002221665868885, "episode_td_err": 379.3779267728994, "episode_avg_len": 18.53461217681401, "episode_std_avg_len": 3.7967403110219773, "step_rewards": -0.6968529997174052, "step_value_ests": -16.077723868595236, "step_values": -6.964335902181362, "step_td_err": 365.52916835226193}