{"dim0": 0.8666666666666667, "dim1": -0.06666666666666667, "scale": 15, "episode_rewards": -2.254455903784584, "episode_std_rewards": 0.23725264675712437, "episode_value_ests": 17.327304499007866, "episode_values": -0.9556123735335686, "episode_td_err": 41.63404060487104, "episode_avg_len": 31.84161095192614, "episode_std_avg_len": 14.765348119077638, "step_rewards": -0.07080219361979892, "step_value_ests": 15.991977438055391, "step_values": -0.05730105160845566, "step_td_err": 39.79391385697905}