{"dim0": 0.8666666666666667, "dim1": 0.0, "scale": 15, "episode_rewards": 0.5053879149530778, "episode_std_rewards": 0.26139340799302613, "episode_value_ests": 15.623318324332585, "episode_values": 1.0578625483088395, "episode_td_err": 42.053449851742705, "episode_avg_len": 41.54018691588785, "episode_std_avg_len": 19.342784100174296, "step_rewards": 0.012166240753235087, "step_value_ests": 14.693048922228375, "step_values": 2.292454953917379, "step_td_err": 39.5485129467906}