{"dim0": 0.8666666666666667, "dim1": 0.6, "scale": 15, "episode_rewards": -7.708461517060687, "episode_std_rewards": 0.21685744385277128, "episode_value_ests": 37.90909472283819, "episode_values": -2.5318186999296324, "episode_td_err": 70.01040757792715, "episode_avg_len": 18.736206088992976, "episode_std_avg_len": 3.7393427811955244, "step_rewards": -0.4114206195452347, "step_value_ests": 36.171605516708375, "step_values": -2.478833121484909, "step_td_err": 67.4287394495817}