{"dim0": 0.8666666666666667, "dim1": -0.8, "scale": 15, "episode_rewards": -17.60884518483729, "episode_std_rewards": 0.16124606269727623, "episode_value_ests": 30.276832076687228, "episode_values": -9.625813081877372, "episode_td_err": 70.49973921229626, "episode_avg_len": 17.44561709550807, "episode_std_avg_len": 0.8305307157890696, "step_rewards": -1.0093563952731284, "step_value_ests": 30.250373160964124, "step_values": -9.617520497395585, "step_td_err": 70.49138328224109}