{"dim0": 0.8666666666666667, "dim1": 0.4, "scale": 15, "episode_rewards": -11.873821764608861, "episode_std_rewards": 0.24901869621997647, "episode_value_ests": 11.430050107724036, "episode_values": -5.9419566535812764, "episode_td_err": 174.35056959972718, "episode_avg_len": 38.50356111645813, "episode_std_avg_len": 18.7484574103685, "step_rewards": -0.3083824306197346, "step_value_ests": 13.2636959999983, "step_values": -5.419596623190503, "step_td_err": 160.27429237506308}