{"dim0": 0.8666666666666667, "dim1": 0.06666666666666667, "scale": 15, "episode_rewards": -1.6928446198008884, "episode_std_rewards": 0.1953027645046292, "episode_value_ests": 37.93228463186109, "episode_values": 0.3104583107826673, "episode_td_err": 50.8660456174253, "episode_avg_len": 21.283813983186125, "episode_std_avg_len": 2.332845824304456, "step_rewards": -0.0795367137270702, "step_value_ests": 37.53510994245429, "step_values": 0.47624324464505746, "step_td_err": 49.651050056582534}