{"dim0": 0.8666666666666667, "dim1": -0.6, "scale": 15, "episode_rewards": -13.47182618459045, "episode_std_rewards": 0.1581296304568415, "episode_value_ests": 28.743953934077627, "episode_values": -7.947395215896785, "episode_td_err": 62.42694068390986, "episode_avg_len": 17.562296953200455, "episode_std_avg_len": 1.133663035983665, "step_rewards": -0.7670879396066366, "step_value_ests": 28.664271540431685, "step_values": -7.932332626051839, "step_td_err": 62.280461422950054}