{"dim0": 0.8666666666666667, "dim1": 0.4666666666666667, "scale": 15, "episode_rewards": -6.405293500463508, "episode_std_rewards": 0.2055779650823252, "episode_value_ests": 37.0799897370648, "episode_values": -1.9004551908106533, "episode_td_err": 65.25164714201146, "episode_avg_len": 19.57924620655898, "episode_std_avg_len": 3.4100941431546623, "step_rewards": -0.32714709406523307, "step_value_ests": 35.732935515960776, "step_values": -1.81798368613374, "step_td_err": 63.33349616987026}