{"dim0": 0.8666666666666667, "dim1": 0.6666666666666666, "scale": 15, "episode_rewards": -11.805177726641082, "episode_std_rewards": 0.23470705310287204, "episode_value_ests": -9.553447580553348, "episode_values": -6.362594750441445, "episode_td_err": 314.0272641029024, "episode_avg_len": 21.15112098138748, "episode_std_avg_len": 5.075977814555299, "step_rewards": -0.5581348495443518, "step_value_ests": -9.25809865177165, "step_values": -6.29384837789245, "step_td_err": 301.1690509500544}