{"dim0": 0.8666666666666667, "dim1": -0.3333333333333333, "scale": 15, "episode_rewards": 5.883276780895133, "episode_std_rewards": 0.19147776349774645, "episode_value_ests": 42.19828757280395, "episode_values": 4.596966657793441, "episode_td_err": 37.10838888457063, "episode_avg_len": 23.720351043643262, "episode_std_avg_len": 3.7357983417982297, "step_rewards": 0.24802654775515107, "step_value_ests": 42.05732644651033, "step_values": 4.907875557273053, "step_td_err": 36.162197821194894}