{"dim0": 0.8666666666666667, "dim1": -0.4666666666666667, "scale": 15, "episode_rewards": 10.557713606528813, "episode_std_rewards": 0.17362703454923484, "episode_value_ests": 42.832066704136416, "episode_values": 7.266106073594968, "episode_td_err": 30.878465819293062, "episode_avg_len": 26.59013560223345, "episode_std_avg_len": 6.008584084372494, "step_rewards": 0.3970537707841555, "step_value_ests": 42.792413523450705, "step_values": 7.744155257969146, "step_td_err": 29.975738601561794}