{"dim0": 0.8666666666666667, "dim1": 0.26666666666666666, "scale": 15, "episode_rewards": -4.235123788391231, "episode_std_rewards": 0.19368122173890132, "episode_value_ests": 36.70662031037483, "episode_values": -0.8973721148900214, "episode_td_err": 58.14716991027135, "episode_avg_len": 20.602080758137618, "episode_std_avg_len": 2.741767427173592, "step_rewards": -0.205567769494273, "step_value_ests": 35.97188305952785, "step_values": -0.7693172921358392, "step_td_err": 56.914930039582046}