{"dim0": 0.8666666666666667, "dim1": -0.13333333333333333, "scale": 15, "episode_rewards": 1.5227020948500731, "episode_std_rewards": 0.19634097152725005, "episode_value_ests": 40.01738263704678, "episode_values": 2.0577674389383978, "episode_td_err": 43.61588591593964, "episode_avg_len": 22.068741034977382, "episode_std_avg_len": 2.370703122089049, "step_rewards": 0.06899814051180803, "step_value_ests": 39.83248312428721, "step_values": 2.2630871735635587, "step_td_err": 42.51250090049259}