{"dim0": 0.8666666666666667, "dim1": -0.06666666666666667, "scale": 15, "episode_rewards": 0.25793677568754575, "episode_std_rewards": 0.20034354402433707, "episode_value_ests": 39.280889708932364, "episode_values": 1.3423858537151734, "episode_td_err": 46.303281692763214, "episode_avg_len": 21.716395222584147, "episode_std_avg_len": 2.1740055527696738, "step_rewards": 0.011877513419874686, "step_value_ests": 39.03615217564735, "step_values": 1.5312950248316801, "step_td_err": 45.04439275736577}