{"dim0": 0.8666666666666667, "dim1": 0.8, "scale": 15, "episode_rewards": -9.411867369556871, "episode_std_rewards": 0.23436603934665706, "episode_value_ests": 40.30619980420831, "episode_values": -3.4016515822875095, "episode_td_err": 78.91549762795766, "episode_avg_len": 17.095905632960083, "episode_std_avg_len": 3.9735469628863935, "step_rewards": -0.5505334184467681, "step_value_ests": 38.13605859543526, "step_values": -3.3753910467774753, "step_td_err": 75.02379727138435}