{"dim0": 0.8666666666666667, "dim1": 0.4666666666666667, "scale": 15, "episode_rewards": -11.50923353527482, "episode_std_rewards": 0.24422874764223518, "episode_value_ests": 4.914080439507033, "episode_values": -5.9307064700290875, "episode_td_err": 200.85405657976207, "episode_avg_len": 30.559358288770053, "episode_std_avg_len": 11.143533235579705, "step_rewards": -0.3766189533994315, "step_value_ests": 6.230716378060846, "step_values": -5.673060304178384, "step_td_err": 188.89520102515405}