{"dim0": 0.8666666666666667, "dim1": -0.5333333333333333, "scale": 15, "episode_rewards": 14.09436224203939, "episode_std_rewards": 0.16005026810650452, "episode_value_ests": 42.814270501094825, "episode_values": 9.138029769433539, "episode_td_err": 27.584212168521173, "episode_avg_len": 29.26174103877103, "episode_std_avg_len": 7.471543139204948, "step_rewards": 0.4816651963177698, "step_value_ests": 42.90414273987527, "step_values": 9.683610984527187, "step_td_err": 26.511545226915548}