{"dim0": 0.8666666666666667, "dim1": 0.9333333333333333, "scale": 15, "episode_rewards": -14.427248816634478, "episode_std_rewards": 0.23289940190979128, "episode_value_ests": -20.579917586464237, "episode_values": -7.74232419989082, "episode_td_err": 429.0204751083078, "episode_avg_len": 17.078131671078474, "episode_std_avg_len": 3.0854606490831578, "step_rewards": -0.8447791066669651, "step_value_ests": -20.798554109074608, "step_values": -7.743372586525722, "step_td_err": 415.686998234484}