{"dim0": 0.8666666666666667, "dim1": -0.2, "scale": 15, "episode_rewards": -6.040766904364155, "episode_std_rewards": 0.19081608784706916, "episode_value_ests": 21.744547296036075, "episode_values": -3.9056824504534307, "episode_td_err": 45.01673065584738, "episode_avg_len": 21.22572429162687, "episode_std_avg_len": 5.775458885231587, "step_rewards": -0.2845965028739734, "step_value_ests": 20.975254979548314, "step_values": -3.73074644583887, "step_td_err": 44.33297420212537}