{"dim0": 0.8666666666666667, "dim1": 1.0, "scale": 15, "episode_rewards": -15.271502278653308, "episode_std_rewards": 0.237442575832865, "episode_value_ests": -22.383397953313025, "episode_values": -8.09272732180683, "episode_td_err": 448.95515372635, "episode_avg_len": 16.63926788685524, "episode_std_avg_len": 2.877387102139329, "step_rewards": -0.9177989309684444, "step_value_ests": -22.643526817348103, "step_values": -8.104421894518053, "step_td_err": 435.6757501448037}