{"dim0": 0.8666666666666667, "dim1": -0.5333333333333333, "scale": 15, "episode_rewards": -12.17538464474874, "episode_std_rewards": 0.15681446638873378, "episode_value_ests": 27.892482456581117, "episode_values": -7.417720099302107, "episode_td_err": 58.98513892849104, "episode_avg_len": 17.672115214702245, "episode_std_avg_len": 1.0813451157648917, "step_rewards": -0.6889602346310801, "step_value_ests": 27.798751601014786, "step_values": -7.402398474114036, "step_td_err": 58.82137435941318}