{"dim0": 0.8666666666666667, "dim1": 0.3333333333333333, "scale": 15, "episode_rewards": -5.006429905035415, "episode_std_rewards": 0.19719532412686708, "episode_value_ests": 36.56221235108621, "episode_values": -1.2564579728035346, "episode_td_err": 60.38131775067044, "episode_avg_len": 20.344420709998982, "episode_std_avg_len": 2.945125768016675, "step_rewards": -0.24608367947163168, "step_value_ests": 35.644012358062376, "step_values": -1.1531083161532363, "step_td_err": 59.016183990239604}