{"dim0": 0.8666666666666667, "dim1": -0.6, "scale": 15, "episode_rewards": 18.67835708153801, "episode_std_rewards": 0.1422856811622006, "episode_value_ests": 42.923968224007396, "episode_values": 11.305897256822785, "episode_td_err": 23.768307977187227, "episode_avg_len": 33.854096140826, "episode_std_avg_len": 10.098719148904054, "step_rewards": 0.5517310816345511, "step_value_ests": 43.26562817653718, "step_values": 11.913006395512916, "step_td_err": 22.245527271792696}