{"dim0": 0.8666666666666667, "dim1": 0.5333333333333333, "scale": 15, "episode_rewards": -7.058364224568916, "episode_std_rewards": 0.21153492181966543, "episode_value_ests": 37.27182012758617, "episode_values": -2.2088272808029155, "episode_td_err": 67.55552030040026, "episode_avg_len": 19.229016440726852, "episode_std_avg_len": 3.5652135022225555, "step_rewards": -0.3670683961567257, "step_value_ests": 35.75504652644257, "step_values": -2.142520367268594, "step_td_err": 65.35677650941746}