{"dim0": 0.8666666666666667, "dim1": 0.0, "scale": 15, "episode_rewards": -0.7870753771169627, "episode_std_rewards": 0.20052146539630955, "episode_value_ests": 38.63752623866885, "episode_values": 0.77554677901055, "episode_td_err": 48.269496866922175, "episode_avg_len": 21.463354437171372, "episode_std_avg_len": 2.273291543444269, "step_rewards": -0.03667066019064867, "step_value_ests": 38.324862622718015, "step_values": 0.9531437183421122, "step_td_err": 47.13219594465249}