{"dim0": 0.8666666666666667, "dim1": -0.9333333333333333, "scale": 15, "episode_rewards": -20.478884487067546, "episode_std_rewards": 0.16601756288480363, "episode_value_ests": 30.705334063481008, "episode_values": -10.770672208556162, "episode_td_err": 74.31232900865433, "episode_avg_len": 17.485357111635633, "episode_std_avg_len": 0.7150852474432827, "step_rewards": -1.1712019580909716, "step_value_ests": 30.68767246593342, "step_values": -10.762054475710054, "step_td_err": 74.324074234999}