{"dim0": 0.8666666666666667, "dim1": -1.0, "scale": 15, "episode_rewards": -22.070391763669218, "episode_std_rewards": 0.16827955498287037, "episode_value_ests": 30.842335952176793, "episode_values": -11.431194486266369, "episode_td_err": 75.93716899331436, "episode_avg_len": 17.49698189134809, "episode_std_avg_len": 0.6546968234604809, "step_rewards": -1.2613827859410764, "step_value_ests": 30.83034738015389, "step_values": -11.42321299414318, "step_td_err": 75.95815843882608}