{"dim0": 0.8666666666666667, "dim1": -0.7333333333333333, "scale": 15, "episode_rewards": -16.16990540429153, "episode_std_rewards": 0.1597824701858337, "episode_value_ests": 29.794682653623354, "episode_values": -9.041442118571863, "episode_td_err": 67.81074012681133, "episode_avg_len": 17.48780274547521, "episode_std_avg_len": 1.0634972309889763, "step_rewards": -0.9246390549822118, "step_value_ests": 29.73841143792524, "step_values": -9.029131354053584, "step_td_err": 67.732547472102}