{"dim0": 0.8666666666666667, "dim1": -0.9333333333333333, "scale": 15, "episode_rewards": 192.94980234951512, "episode_std_rewards": 0.1336955840235596, "episode_value_ests": 68.82965763584859, "episode_values": 22.92050241387104, "episode_td_err": 10.716918972675359, "episode_avg_len": 581.5843023255813, "episode_std_avg_len": 337.10417596235357, "step_rewards": 0.33176583614441907, "step_value_ests": 70.09463198631529, "step_values": 27.583255003926183, "step_td_err": 6.44845051707932}