{"dim0": 0.8666666666666667, "dim1": -1.0, "scale": 15, "episode_rewards": 25.22806856811357, "episode_std_rewards": 0.14074442595389206, "episode_value_ests": 65.08303943389076, "episode_values": 6.562738761256112, "episode_td_err": 27.604261223566276, "episode_avg_len": 133.21490352628078, "episode_std_avg_len": 98.38496085815767, "step_rewards": 0.18937872490472923, "step_value_ests": 67.12644788837672, "step_values": 8.935317212807316, "step_td_err": 17.346835276151886}