{"dim0": 0.8666666666666667, "dim1": 0.5333333333333333, "scale": 15, "episode_rewards": -11.349388943982223, "episode_std_rewards": 0.23987672140681224, "episode_value_ests": -0.798330966875305, "episode_values": -5.951032796865056, "episode_td_err": 239.68479090664812, "episode_avg_len": 25.951732191514207, "episode_std_avg_len": 7.747809447574263, "step_rewards": -0.43732683661452426, "step_value_ests": 0.0590189464306463, "step_values": -5.838565079980675, "step_td_err": 227.7814757751265}