{"dim0": 0.8666666666666667, "dim1": 0.26666666666666666, "scale": 15, "episode_rewards": -8.35684350107147, "episode_std_rewards": 0.2927462983315497, "episode_value_ests": 21.260956208930967, "episode_values": -4.18232399693693, "episode_td_err": 127.2156360199811, "episode_avg_len": 85.47564102564102, "episode_std_avg_len": 67.56979807405504, "step_rewards": -0.09776871399612645, "step_value_ests": 21.734643790829985, "step_values": -0.7611072394418461, "step_td_err": 102.03136175033235}