{"dim0": 0.8666666666666667, "dim1": 0.4, "scale": 15, "episode_rewards": -5.696099109687936, "episode_std_rewards": 0.19811407002663378, "episode_value_ests": 36.65780770803783, "episode_values": -1.5663598879344327, "episode_td_err": 62.5675628236557, "episode_avg_len": 20.024128954745695, "episode_std_avg_len": 3.165429263638401, "step_rewards": -0.28446176722897937, "step_value_ests": 35.55433380488307, "step_values": -1.4715475182898126, "step_td_err": 60.988276845440225}