{"dim0": 0.8666666666666667, "dim1": 0.13333333333333333, "scale": 15, "episode_rewards": -2.5647688536623217, "episode_std_rewards": 0.19749626854444755, "episode_value_ests": 37.35826599375728, "episode_values": -0.11249922875671417, "episode_td_err": 53.55093623153084, "episode_avg_len": 21.09025727541122, "episode_std_avg_len": 2.3621581664477715, "step_rewards": -0.12160917812285502, "step_value_ests": 36.89328600966434, "step_values": 0.04155683241297218, "step_td_err": 52.30146756510833}