{"dim0": 0.8666666666666667, "dim1": -0.4, "scale": 15, "episode_rewards": -9.70554966315174, "episode_std_rewards": 0.16332169454095047, "episode_value_ests": 26.005234129843956, "episode_values": -6.261025276173431, "episode_td_err": 52.55206007818391, "episode_avg_len": 18.14460673137984, "episode_std_avg_len": 1.2919719061059933, "step_rewards": -0.5348999736856607, "step_value_ests": 25.84413262223521, "step_values": -6.235575505141976, "step_td_err": 52.30593495424303}