{"dim0": 0.8666666666666667, "dim1": -0.6666666666666666, "scale": 15, "episode_rewards": -14.80935215323605, "episode_std_rewards": 0.15669796463424893, "episode_value_ests": 29.251564603678606, "episode_values": -8.500812233524782, "episode_td_err": 65.05114617253084, "episode_avg_len": 17.506258205689278, "episode_std_avg_len": 1.113348588690055, "step_rewards": -0.8459461741757714, "step_value_ests": 29.183550598606956, "step_values": -8.487690803513996, "step_td_err": 64.93907113753824}