{"dim0": 0.9333333333333333, "dim1": 0.6, "scale": 15, "episode_rewards": -11.946835436004374, "episode_std_rewards": 0.2396718175007864, "episode_value_ests": -5.7572441044585005, "episode_values": -6.169944832196471, "episode_td_err": 281.4358691495738, "episode_avg_len": 23.77546653987876, "episode_std_avg_len": 6.5404669457188795, "step_rewards": -0.5024858467431486, "step_value_ests": -5.279921300783633, "step_values": -6.079567054757139, "step_td_err": 268.82049821096393}