{"dim0": 0.9333333333333333, "dim1": 0.8666666666666667, "scale": 15, "episode_rewards": -13.922428154341278, "episode_std_rewards": 0.23115894847181948, "episode_value_ests": -18.465314696768694, "episode_values": -7.397619108571042, "episode_td_err": 414.1656729912667, "episode_avg_len": 17.888560951614345, "episode_std_avg_len": 3.538955491323035, "step_rewards": -0.7782866487695229, "step_value_ests": -18.56137840414854, "step_values": -7.376127206169754, "step_td_err": 400.03136989149647}