{"dim0": 0.9333333333333333, "dim1": 0.8, "scale": 15, "episode_rewards": -13.290582466691607, "episode_std_rewards": 0.23179036407575168, "episode_value_ests": -16.0128799697225, "episode_values": -7.0854761011923575, "episode_td_err": 386.9580638259181, "episode_avg_len": 18.808538649614444, "episode_std_avg_len": 4.0172210717402725, "step_rewards": -0.7066249385070674, "step_value_ests": -16.01720205389418, "step_values": -7.054676576041972, "step_td_err": 372.80251838835534}