{"dim0": 0.9333333333333333, "dim1": -0.3333333333333333, "scale": 15, "episode_rewards": 4.151624446059732, "episode_std_rewards": 0.1953349118718065, "episode_value_ests": 41.609047131090406, "episode_values": 3.55898973364387, "episode_td_err": 39.765107851959726, "episode_avg_len": 22.937155963302754, "episode_std_avg_len": 3.0634640678391354, "step_rewards": 0.18099996585025332, "step_value_ests": 41.45405646520802, "step_values": 3.8285437848413197, "step_td_err": 38.715796903249796}