{"dim0": 0.9333333333333333, "dim1": 0.4, "scale": 15, "episode_rewards": -6.329662682327564, "episode_std_rewards": 0.20270540173099408, "episode_value_ests": 36.90619114751003, "episode_values": -1.8654151966906183, "episode_td_err": 65.04750863480268, "episode_avg_len": 19.636559984292166, "episode_std_avg_len": 3.3706577547085015, "step_rewards": -0.3223407097470656, "step_value_ests": 35.59690879282877, "step_values": -1.7877974343000065, "step_td_err": 63.19513433336022}