{"dim0": 0.9333333333333333, "dim1": -0.2, "scale": 15, "episode_rewards": 1.4764740543259571, "episode_std_rewards": 0.19753701949281174, "episode_value_ests": 40.06713975090611, "episode_values": 2.018488653024417, "episode_td_err": 44.327071855497145, "episode_avg_len": 22.036135286989094, "episode_std_avg_len": 2.307240988962052, "step_rewards": 0.06700240469106754, "step_value_ests": 39.86638929493532, "step_values": 2.22375395134455, "step_td_err": 43.06159307556272}