{"dim0": 0.9333333333333333, "dim1": 0.13333333333333333, "scale": 15, "episode_rewards": -3.419874213304381, "episode_std_rewards": 0.19545090278108537, "episode_value_ests": 37.00664328108725, "episode_values": -0.5160877192627998, "episode_td_err": 55.60039141015973, "episode_avg_len": 20.848134250573274, "episode_std_avg_len": 2.567328350563799, "step_rewards": -0.16403742283127049, "step_value_ests": 36.40569457808774, "step_values": -0.37692535498622154, "step_td_err": 54.41271601877008}