{"dim0": 0.9333333333333333, "dim1": -0.06666666666666667, "scale": 15, "episode_rewards": -0.8045258057255786, "episode_std_rewards": 0.197802715778903, "episode_value_ests": 38.60945436624096, "episode_values": 0.7338303058907827, "episode_td_err": 48.62216773733089, "episode_avg_len": 21.439704148354593, "episode_std_avg_len": 2.1640395479576666, "step_rewards": -0.03752504233074143, "step_value_ests": 38.30914365417288, "step_values": 0.9053487892737394, "step_td_err": 47.4239160747156}