{"dim0": 0.9333333333333333, "dim1": -0.5333333333333333, "scale": 15, "episode_rewards": 10.55144594815933, "episode_std_rewards": 0.17449419394638618, "episode_value_ests": 42.80418841020255, "episode_values": 7.259242647437658, "episode_td_err": 30.724624474614284, "episode_avg_len": 26.501391281303828, "episode_std_avg_len": 5.715051822185852, "step_rewards": 0.3981468684477389, "step_value_ests": 42.76327762231224, "step_values": 7.720083011993445, "step_td_err": 29.851761730517286}