{"dim0": 0.9333333333333333, "dim1": 0.0, "scale": 15, "episode_rewards": -0.5122303551833294, "episode_std_rewards": 0.2329941539696708, "episode_value_ests": 13.727764941647846, "episode_values": 0.5728594071075764, "episode_td_err": 41.20240451029735, "episode_avg_len": 36.56406507037105, "episode_std_avg_len": 16.535441269722238, "step_rewards": -0.014009119450955274, "step_value_ests": 12.798231069009562, "step_values": 1.5836745389915075, "step_td_err": 39.01964936433124}