{"dim0": 0.9333333333333333, "dim1": -0.6666666666666666, "scale": 15, "episode_rewards": 18.763014568126675, "episode_std_rewards": 0.1386259775517751, "episode_value_ests": 42.8933502177125, "episode_values": 11.346227292063237, "episode_td_err": 23.662928978536783, "episode_avg_len": 33.7413967611336, "episode_std_avg_len": 9.7061982057401, "step_rewards": 0.556082923921502, "step_value_ests": 43.20245885295503, "step_values": 11.942716082039148, "step_td_err": 22.220596997826284}