{"dim0": 0.9333333333333333, "dim1": -0.13333333333333333, "scale": 15, "episode_rewards": 0.24133196101392435, "episode_std_rewards": 0.2006883613779391, "episode_value_ests": 39.34308451573829, "episode_values": 1.3272514893735436, "episode_td_err": 46.41748234886886, "episode_avg_len": 21.704177970699945, "episode_std_avg_len": 2.1747225678737827, "step_rewards": 0.011119147720762149, "step_value_ests": 39.08587782995593, "step_values": 1.5174815377228992, "step_td_err": 45.12487852887913}