{"dim0": 0.9333333333333333, "dim1": -0.6, "scale": 15, "episode_rewards": 14.039357552242244, "episode_std_rewards": 0.16113842526807123, "episode_value_ests": 42.824854878753335, "episode_values": 9.120481807359003, "episode_td_err": 27.634155878098383, "episode_avg_len": 29.192060712200817, "episode_std_avg_len": 7.315858232947125, "step_rewards": 0.48093067805845224, "step_value_ests": 42.890992352744114, "step_values": 9.654233434273898, "step_td_err": 26.53822325418107}