{"dim0": 0.9333333333333333, "dim1": 0.26666666666666666, "scale": 15, "episode_rewards": -4.976115041946115, "episode_std_rewards": 0.19442095621861788, "episode_value_ests": 36.59560553909379, "episode_values": -1.247771636378056, "episode_td_err": 60.44608861734739, "episode_avg_len": 20.334078893859292, "episode_std_avg_len": 2.958748113308249, "step_rewards": -0.24471799622302326, "step_value_ests": 35.678436693489346, "step_values": -1.1405524322716187, "step_td_err": 59.05249243480292}