{"dim0": 0.9333333333333333, "dim1": 0.26666666666666666, "scale": 15, "episode_rewards": -7.45071122521602, "episode_std_rewards": 0.27627931079072715, "episode_value_ests": 17.2940888734782, "episode_values": -2.6921815025713456, "episode_td_err": 112.45590950577157, "episode_avg_len": 90.84332425068119, "episode_std_avg_len": 72.22752345123986, "step_rewards": -0.08201715741550651, "step_value_ests": 18.11788869007494, "step_values": -0.20529483818788236, "step_td_err": 94.5660448449843}