{"dim0": 0.9333333333333333, "dim1": -0.8666666666666667, "scale": 15, "episode_rewards": -19.54713391539149, "episode_std_rewards": 0.16485959751245616, "episode_value_ests": 29.463928039573485, "episode_values": -10.728758493529226, "episode_td_err": 69.218497774815, "episode_avg_len": 17.32210289277672, "episode_std_avg_len": 0.9725622361138598, "step_rewards": -1.1284503986835572, "step_value_ests": 29.424547990378937, "step_values": -10.72209870721792, "step_td_err": 69.18038576210675}