{"dim0": 0.9333333333333333, "dim1": -0.26666666666666666, "scale": 15, "episode_rewards": 2.8205670936258294, "episode_std_rewards": 0.20079001629904286, "episode_value_ests": 40.79512301958311, "episode_values": 2.7944229494927977, "episode_td_err": 41.83701273635473, "episode_avg_len": 22.44848484848485, "episode_std_avg_len": 2.60474949400861, "step_rewards": 0.12564621232404477, "step_value_ests": 40.62281952405216, "step_values": 3.0336084897504305, "step_td_err": 40.632303196837675}