{"dim0": 0.9333333333333333, "dim1": -1.0, "scale": 15, "episode_rewards": 216.1853163605615, "episode_std_rewards": 0.11013517548414296, "episode_value_ests": 69.09028058852388, "episode_values": 25.099323662418783, "episode_td_err": 8.700105631195237, "episode_avg_len": 625.284375, "episode_std_avg_len": 335.73121281146825, "step_rewards": 0.3457391948432447, "step_value_ests": 70.2576260582282, "step_values": 29.148924574627866, "step_td_err": 6.148063643004842}