{"dim0": 0.9333333333333333, "dim1": 0.6666666666666666, "scale": 15, "episode_rewards": -8.869605356552894, "episode_std_rewards": 0.2290905760600263, "episode_value_ests": 39.39078658969025, "episode_values": -3.105750727017246, "episode_td_err": 75.80707111266516, "episode_avg_len": 17.67739084320311, "episode_std_avg_len": 3.943548047361222, "step_rewards": -0.5017485575346219, "step_value_ests": 37.334088470152956, "step_values": -3.0682661933173687, "step_td_err": 72.33427948515683}