{"dim0": 0.9333333333333333, "dim1": 0.8666666666666667, "scale": 15, "episode_rewards": -10.490048160989566, "episode_std_rewards": 0.24607778092758975, "episode_value_ests": 41.842155949335094, "episode_values": -3.9664934968821663, "episode_td_err": 84.82726968705256, "episode_avg_len": 16.063207774475945, "episode_std_avg_len": 3.845452830004906, "step_rewards": -0.6530481525401174, "step_value_ests": 39.697028219742776, "step_values": -3.949083083951729, "step_td_err": 80.4023384903267}