{"dim0": 0.9333333333333333, "dim1": -0.26666666666666666, "scale": 15, "episode_rewards": -7.1915908489211615, "episode_std_rewards": 0.17636630996562572, "episode_value_ests": 20.961183534468194, "episode_values": -4.535482532546601, "episode_td_err": 44.54588697816013, "episode_avg_len": 19.51736924277908, "episode_std_avg_len": 2.8290292239562618, "step_rewards": -0.3684713221061729, "step_value_ests": 20.631846169107195, "step_values": -4.466125908152752, "step_td_err": 44.23791626168332}