{"dim0": 0.9333333333333333, "dim1": 0.9333333333333333, "scale": 15, "episode_rewards": -14.685798097182298, "episode_std_rewards": 0.2325821185378415, "episode_value_ests": -20.520791162408916, "episode_values": -7.7836994553452925, "episode_td_err": 438.6253242714407, "episode_avg_len": 17.215355482871406, "episode_std_avg_len": 3.211610411326611, "step_rewards": -0.8530638889097634, "step_value_ests": -20.688628591677393, "step_values": -7.781232949325452, "step_td_err": 424.68915615726763}