{"dim0": 0.9333333333333333, "dim1": 0.4666666666666667, "scale": 15, "episode_rewards": -11.855242605825206, "episode_std_rewards": 0.2469239513795737, "episode_value_ests": 3.9094312167375214, "episode_values": -5.771354893054226, "episode_td_err": 202.58565743149975, "episode_avg_len": 31.603254858587455, "episode_std_avg_len": 12.142103601860926, "step_rewards": -0.3751272664436909, "step_value_ests": 5.169396412220342, "step_values": -5.479237712178864, "step_td_err": 190.0115244259578}