{"dim0": 0.9333333333333333, "dim1": 0.3333333333333333, "scale": 15, "episode_rewards": -12.298500062475311, "episode_std_rewards": 0.2561427104102839, "episode_value_ests": 14.626317704500213, "episode_values": -5.412696974528438, "episode_td_err": 145.3005628069736, "episode_avg_len": 60.080204265545206, "episode_std_avg_len": 43.81006955588142, "step_rewards": -0.20470136899198682, "step_value_ests": 16.294390413516197, "step_values": -4.065361617500169, "step_td_err": 127.00025176726136}