{"dim0": 0.9333333333333333, "dim1": -0.8, "scale": 15, "episode_rewards": 32.28593426111813, "episode_std_rewards": 0.1152932620906708, "episode_value_ests": 44.88854972681542, "episode_values": 16.035823263342976, "episode_td_err": 12.534761960069456, "episode_avg_len": 53.81113801452784, "episode_std_avg_len": 19.981141356880688, "step_rewards": 0.5999860893557319, "step_value_ests": 45.83645420889706, "step_values": 16.78591515668434, "step_td_err": 10.771531856552533}