{"dim0": 0.9333333333333333, "dim1": -0.3333333333333333, "scale": 15, "episode_rewards": -8.419748746469976, "episode_std_rewards": 0.16831489954653941, "episode_value_ests": 22.295498156622553, "episode_values": -5.374340633400192, "episode_td_err": 46.299012110492136, "episode_avg_len": 18.741285607196403, "episode_std_avg_len": 1.7354743474861138, "step_rewards": -0.4492620689392251, "step_value_ests": 22.068839080432994, "step_values": -5.328512131789745, "step_td_err": 46.03860105454494}