{"dim0": 0.9333333333333333, "dim1": -0.8, "scale": 15, "episode_rewards": -18.091537922096624, "episode_std_rewards": 0.16260207271262123, "episode_value_ests": 29.008512397369397, "episode_values": -10.120985964586726, "episode_td_err": 66.57329861000363, "episode_avg_len": 17.314691368712666, "episode_std_avg_len": 0.9624180687539606, "step_rewards": -1.0448663240274503, "step_value_ests": 28.963507664948576, "step_values": -10.113995986536938, "step_td_err": 66.52139284408014}