{"dim0": 0.9333333333333333, "dim1": -0.06666666666666667, "scale": 15, "episode_rewards": -2.5692802477742114, "episode_std_rewards": 0.21495350463359605, "episode_value_ests": 15.515088605524607, "episode_values": -0.9914114980098084, "episode_td_err": 40.89038732718186, "episode_avg_len": 28.823029254935868, "episode_std_avg_len": 12.159296489774883, "step_rewards": -0.08913984109890978, "step_value_ests": 14.429153961636384, "step_values": -0.24455407088185274, "step_td_err": 39.36522307779924}