{"dim0": 0.9333333333333333, "dim1": 0.13333333333333333, "scale": 15, "episode_rewards": 2.6049005843355877, "episode_std_rewards": 0.2744643398011668, "episode_value_ests": 13.76901517447042, "episode_values": 2.836857964251225, "episode_td_err": 54.48423389551566, "episode_avg_len": 58.688380281690144, "episode_std_avg_len": 28.186267695074324, "step_rewards": 0.044385286692743775, "step_value_ests": 13.79272843600303, "step_values": 4.6138484188056585, "step_td_err": 49.945399594258355}