{"dim0": 0.9333333333333333, "dim1": -0.2, "scale": 15, "episode_rewards": -5.898381269127253, "episode_std_rewards": 0.18340869306937452, "episode_value_ests": 19.434639047949656, "episode_values": -3.6272827547034856, "episode_td_err": 43.266839771155574, "episode_avg_len": 20.945229867001782, "episode_std_avg_len": 4.997521170234424, "step_rewards": -0.28160976540151866, "step_value_ests": 18.86209321354677, "step_values": -3.465588411848787, "step_td_err": 42.71721006320688}