{"dim0": 0.9333333333333333, "dim1": -0.7333333333333333, "scale": 15, "episode_rewards": -16.667906998560493, "episode_std_rewards": 0.16289287563733532, "episode_value_ests": 28.424742627383782, "episode_values": -9.536302099503846, "episode_td_err": 63.844528023524454, "episode_avg_len": 17.358878666898107, "episode_std_avg_len": 1.0953911080532746, "step_rewards": -0.9601949134159663, "step_value_ests": 28.361213066687352, "step_values": -9.529044311836907, "step_td_err": 63.754282525307204}