{"dim0": 0.9333333333333333, "dim1": 0.06666666666666667, "scale": 15, "episode_rewards": -2.628157959881277, "episode_std_rewards": 0.19450747193910536, "episode_value_ests": 37.34740880958503, "episode_values": -0.14517877571993978, "episode_td_err": 53.27943716789158, "episode_avg_len": 21.08031197301855, "episode_std_avg_len": 2.3754116150935616, "step_rewards": -0.1246735799377709, "step_value_ests": 36.88205140709406, "step_values": 0.002933756985227123, "step_td_err": 52.14070363277541}