{"dim0": 0.9333333333333333, "dim1": -0.4, "scale": 15, "episode_rewards": -9.796397678437101, "episode_std_rewards": 0.16583276146940767, "episode_value_ests": 23.558126079583484, "episode_values": -6.193596628002208, "episode_td_err": 48.57013707039055, "episode_avg_len": 18.279473588009505, "episode_std_avg_len": 1.2639052844553313, "step_rewards": -0.5359234023491293, "step_value_ests": 23.382266303232687, "step_values": -6.154351892350132, "step_td_err": 48.31380515450069}