{"dim0": 0.9333333333333333, "dim1": -0.4666666666666667, "scale": 15, "episode_rewards": -11.205373489631931, "episode_std_rewards": 0.165155363519654, "episode_value_ests": 24.741856491760725, "episode_values": -7.019504361461075, "episode_td_err": 51.353358973903475, "episode_avg_len": 17.95475763016158, "episode_std_avg_len": 1.2070706504842423, "step_rewards": -0.6240893762224008, "step_value_ests": 24.585821266962608, "step_values": -6.988698967883955, "step_td_err": 51.095692761148186}