{"dim0": 0.9333333333333333, "dim1": 0.2, "scale": 15, "episode_rewards": 0.7767902872732724, "episode_std_rewards": 0.29252756727655743, "episode_value_ests": 15.614878078748216, "episode_values": 1.7909944481164841, "episode_td_err": 75.96422193387546, "episode_avg_len": 78.68383798662997, "episode_std_avg_len": 46.20797845824358, "step_rewards": 0.009872297884163522, "step_value_ests": 15.849140031608378, "step_values": 4.3026251289301305, "step_td_err": 66.2321321892848}