{"dim0": 0.9333333333333333, "dim1": 0.6, "scale": 15, "episode_rewards": -8.240056713761167, "episode_std_rewards": 0.22320908602822254, "episode_value_ests": 38.739803031317045, "episode_values": -2.7936589999511097, "episode_td_err": 72.94806072073546, "episode_avg_len": 18.183653059369032, "episode_std_avg_len": 3.8845862167634, "step_rewards": -0.4531573873994214, "step_value_ests": 36.80079679801264, "step_values": -2.7452939037709356, "step_td_err": 69.93711669032683}