{"dim0": 0.9333333333333333, "dim1": 0.2, "scale": 15, "episode_rewards": -4.1971926278458245, "episode_std_rewards": 0.19478981164296927, "episode_value_ests": 36.67233128729192, "episode_values": -0.8965335559814087, "episode_td_err": 57.822086870609425, "episode_avg_len": 20.62394308104764, "episode_std_avg_len": 2.7261691791102436, "step_rewards": -0.203510677436985, "step_value_ests": 35.94205815467102, "step_values": -0.7777366048780545, "step_td_err": 56.64839258150631}