{"dim0": 0.9333333333333333, "dim1": -0.6666666666666666, "scale": 15, "episode_rewards": -15.269236499368821, "episode_std_rewards": 0.16174962054043765, "episode_value_ests": 27.705950620876298, "episode_values": -8.955773568610725, "episode_td_err": 60.82936303421247, "episode_avg_len": 17.421602787456447, "episode_std_avg_len": 1.177291024263349, "step_rewards": -0.8764541750637704, "step_value_ests": 27.61800195396423, "step_values": -8.944571923073957, "step_td_err": 60.688137218085444}