{"dim0": 0.9333333333333333, "dim1": 0.06666666666666667, "scale": 15, "episode_rewards": 1.4849401790125496, "episode_std_rewards": 0.2529116215720394, "episode_value_ests": 13.074907041069116, "episode_values": 1.9797500188655965, "episode_td_err": 45.11803820935288, "episode_avg_len": 45.691411603471906, "episode_std_avg_len": 19.658958978814713, "step_rewards": 0.03249932814287828, "step_value_ests": 12.722515403764334, "step_values": 3.2315437899585917, "step_td_err": 42.540273677697826}