{"dim0": 0.9333333333333333, "dim1": 0.7333333333333333, "scale": 15, "episode_rewards": -9.433471371936266, "episode_std_rewards": 0.23390061895771172, "episode_value_ests": 39.97528417978097, "episode_values": -3.395692759653086, "episode_td_err": 78.10961176172604, "episode_avg_len": 17.23515725980181, "episode_std_avg_len": 3.960764659221623, "step_rewards": -0.5473388626362173, "step_value_ests": 37.84321524549147, "step_values": -3.374020424088816, "step_td_err": 74.3887806595251}