{"dim0": 0.9333333333333333, "dim1": 0.4, "scale": 15, "episode_rewards": -12.306591960940692, "episode_std_rewards": 0.2528115071083247, "episode_value_ests": 9.246942219736919, "episode_values": -5.708596245647741, "episode_td_err": 171.6118240328693, "episode_avg_len": 40.44954499494439, "episode_std_avg_len": 20.38537542302724, "step_rewards": -0.30424549800198836, "step_value_ests": 10.87463964252421, "step_values": -5.170372265920354, "step_td_err": 158.00787606474515}