{"dim0": 0.9333333333333333, "dim1": 0.8, "scale": 15, "episode_rewards": -9.933891310344888, "episode_std_rewards": 0.24368527786528427, "episode_value_ests": 41.12842041472639, "episode_values": -3.686464028138466, "episode_td_err": 82.00088121536206, "episode_avg_len": 16.549689697972692, "episode_std_avg_len": 3.938137803799969, "step_rewards": -0.6002463787319089, "step_value_ests": 38.936571210496574, "step_values": -3.6572739078885994, "step_td_err": 77.74882258540524}