{"dim0": 0.9333333333333333, "dim1": -1.0, "scale": 15, "episode_rewards": -22.534617625520507, "episode_std_rewards": 0.1688973912491982, "episode_value_ests": 30.020387133230134, "episode_values": -11.95259750722337, "episode_td_err": 72.98808204436402, "episode_avg_len": 17.331109185441942, "episode_std_avg_len": 0.6931099258855229, "step_rewards": -1.3002409357878544, "step_value_ests": 30.00505294994699, "step_values": -11.946642191730009, "step_td_err": 73.00174136032598}