{"dim0": 0.9333333333333333, "dim1": -0.4666666666666667, "scale": 15, "episode_rewards": 7.934373677023622, "episode_std_rewards": 0.18212376638517713, "episode_value_ests": 42.60632041755512, "episode_values": 5.777894793524914, "episode_td_err": 33.87366091852858, "episode_avg_len": 24.879711406891403, "episode_std_avg_len": 4.716106130935408, "step_rewards": 0.3189093935722216, "step_value_ests": 42.50529911920228, "step_values": 6.165720880406989, "step_td_err": 33.04827133859987}