{"dim0": 0.9333333333333333, "dim1": 0.6666666666666666, "scale": 15, "episode_rewards": -12.234099533621913, "episode_std_rewards": 0.23343980977347528, "episode_value_ests": -9.685992480386584, "episode_values": -6.4346135048229804, "episode_td_err": 318.757622429556, "episode_avg_len": 21.6341806381828, "episode_std_avg_len": 5.32943700096463, "step_rewards": -0.565498630996433, "step_value_ests": -9.460479527165763, "step_values": -6.362792554712083, "step_td_err": 305.61656858724467}