{"dim0": 0.9333333333333333, "dim1": -0.9333333333333333, "scale": 15, "episode_rewards": 257.5425538302591, "episode_std_rewards": 0.09915921409964569, "episode_value_ests": 59.448794140954135, "episode_values": 31.60250712015863, "episode_td_err": 5.725248083778749, "episode_avg_len": 548.9616438356164, "episode_std_avg_len": 417.84914188989273, "step_rewards": 0.46914489695636885, "step_value_ests": 66.8043943102999, "step_values": 39.766984977063665, "step_td_err": 5.056726844293354}