{"dim0": 0.9333333333333333, "dim1": 0.7333333333333333, "scale": 15, "episode_rewards": -12.762895640725706, "episode_std_rewards": 0.2344819077104317, "episode_value_ests": -13.07378152907422, "episode_values": -6.773744067326624, "episode_td_err": 355.45032990219374, "episode_avg_len": 20.0112056028014, "episode_std_avg_len": 4.587155490605929, "step_rewards": -0.6377874423987232, "step_value_ests": -13.012255088190395, "step_values": -6.720642557951659, "step_td_err": 341.36184782953444}