{"dim0": 0.9333333333333333, "dim1": 0.9333333333333333, "scale": 15, "episode_rewards": -11.044380237332415, "episode_std_rewards": 0.2515985275834815, "episode_value_ests": 42.676780674179845, "episode_values": -4.291307654617426, "episode_td_err": 87.96664015611069, "episode_avg_len": 15.516369278510473, "episode_std_avg_len": 3.7050805502450355, "step_rewards": -0.7117889526274953, "step_value_ests": 40.633064445797295, "step_values": -4.265974525587324, "step_td_err": 83.3043210709905}