{"dim0": 0.9333333333333333, "dim1": 0.4666666666666667, "scale": 15, "episode_rewards": -7.004220621469477, "episode_std_rewards": 0.20908620617180973, "episode_value_ests": 37.233644600760286, "episode_values": -2.1760060857972032, "episode_td_err": 66.85091583027429, "episode_avg_len": 19.28246408946303, "episode_std_avg_len": 3.56767058780733, "step_rewards": -0.36324302687523, "step_value_ests": 35.734157824830746, "step_values": -2.101749815064395, "step_td_err": 64.67578772489448}