{"dim0": 0.9333333333333333, "dim1": -0.13333333333333333, "scale": 15, "episode_rewards": -4.439314227242838, "episode_std_rewards": 0.20111156304307237, "episode_value_ests": 17.542239563744765, "episode_values": -2.4547194670007206, "episode_td_err": 41.64059622084996, "episode_avg_len": 23.924880382775118, "episode_std_avg_len": 8.449249173066358, "step_rewards": -0.18555220156665667, "step_value_ests": 16.575918917463444, "step_values": -1.9854558528150466, "step_td_err": 40.52402648351747}