{"dim0": 0.9333333333333333, "dim1": 1.0, "scale": 15, "episode_rewards": -15.504812813553901, "episode_std_rewards": 0.23485123495530022, "episode_value_ests": -22.457601197054508, "episode_values": -8.11358409256313, "episode_td_err": 457.5850537150144, "episode_avg_len": 16.76173315454241, "episode_std_avg_len": 3.0369498919462092, "step_rewards": -0.9250125073940887, "step_value_ests": -22.735087016611352, "step_values": -8.13303394885511, "step_td_err": 443.6732601527062}