{"dim0": 0.9333333333333333, "dim1": -0.6, "scale": 15, "episode_rewards": -13.934157626551743, "episode_std_rewards": 0.16238766186438466, "episode_value_ests": 26.89416354261574, "episode_values": -8.369913664126175, "episode_td_err": 57.91260130896967, "episode_avg_len": 17.530984310631958, "episode_std_avg_len": 1.1837601942877287, "step_rewards": -0.7948303061398064, "step_value_ests": 26.78666505918092, "step_values": -8.353702069634382, "step_td_err": 57.725109019780895}