{"dim0": 0.9333333333333333, "dim1": -0.8666666666666667, "scale": 15, "episode_rewards": 46.36497185416374, "episode_std_rewards": 0.11908777111173105, "episode_value_ests": 47.117281180751114, "episode_values": 18.802120120762215, "episode_td_err": 7.140359659513741, "episode_avg_len": 85.51709401709402, "episode_std_avg_len": 45.46161298065794, "step_rewards": 0.542171976106857, "step_value_ests": 48.798915850380766, "step_values": 20.35479208298353, "step_td_err": 5.763416399035644}