{"dim0": 0.9333333333333333, "dim1": -0.4, "scale": 15, "episode_rewards": 5.8392327743997585, "episode_std_rewards": 0.19087619306246983, "episode_value_ests": 42.14417825327818, "episode_values": 4.558193885032597, "episode_td_err": 36.488136305855136, "episode_avg_len": 23.670887573964496, "episode_std_avg_len": 3.58649238317598, "step_rewards": 0.24668414972416602, "step_value_ests": 42.016609276619555, "step_values": 4.874500026019003, "step_td_err": 35.701756571555755}