{"dim0": 1.0, "dim1": -0.06666666666666667, "scale": 15, "episode_rewards": -1.7208690675064502, "episode_std_rewards": 0.1978707817566224, "episode_value_ests": 37.943046192912746, "episode_values": 0.3041751273672818, "episode_td_err": 50.64231209061047, "episode_avg_len": 21.278191489361703, "episode_std_avg_len": 2.286908376122365, "step_rewards": -0.08087478056426084, "step_value_ests": 37.55957162097118, "step_values": 0.4684375631122869, "step_td_err": 49.47759781576409}