{"dim0": 1.0, "dim1": -0.8, "scale": 15, "episode_rewards": 24.326523870717534, "episode_std_rewards": 0.12856271054167023, "episode_value_ests": 43.45652381573991, "episode_values": 13.555922071184803, "episode_td_err": 18.91154291295721, "episode_avg_len": 40.93512075317233, "episode_std_avg_len": 13.9851862541693, "step_rewards": 0.5942702360010094, "step_value_ests": 44.090981239576585, "step_values": 14.199730736679397, "step_td_err": 17.053048507268876}