{"dim0": 1.0, "dim1": 0.7333333333333333, "scale": 15, "episode_rewards": -9.890075148907005, "episode_std_rewards": 0.2417645451426055, "episode_value_ests": 41.083832456109434, "episode_values": -3.6626913900606133, "episode_td_err": 81.56118991709538, "episode_avg_len": 16.563975155279504, "episode_std_avg_len": 3.9354347040627857, "step_rewards": -0.5970834329436133, "step_value_ests": 38.90211404798049, "step_values": -3.6366020546513167, "step_td_err": 77.42021284898163}