{"dim0": 1.0, "dim1": -0.13333333333333333, "scale": 15, "episode_rewards": -0.848099241646402, "episode_std_rewards": 0.19416417513971873, "episode_value_ests": 38.594382420320436, "episode_values": 0.729554656854496, "episode_td_err": 48.71428165891071, "episode_avg_len": 21.436501982638518, "episode_std_avg_len": 2.112552809396958, "step_rewards": -0.03956332252031045, "step_value_ests": 38.29140952572841, "step_values": 0.8930717735676718, "step_td_err": 47.52020814833254}