{"dim0": 1.0, "dim1": 0.8666666666666667, "scale": 15, "episode_rewards": -14.281586900307746, "episode_std_rewards": 0.2340784743753301, "episode_value_ests": -18.21990657621486, "episode_values": -7.464673190750088, "episode_td_err": 416.6541760560367, "episode_avg_len": 18.210962396430848, "episode_std_avg_len": 3.833940351458808, "step_rewards": -0.7842302119687415, "step_value_ests": -18.30946725876287, "step_values": -7.443633443428701, "step_td_err": 401.2028102950561}