{"dim0": 1.0, "dim1": 0.3333333333333333, "scale": 15, "episode_rewards": -12.942900940724934, "episode_std_rewards": 0.24349413119341204, "episode_value_ests": 12.175178836264541, "episode_values": -5.2003310231022635, "episode_td_err": 139.29564949848373, "episode_avg_len": 61.645101663585955, "episode_std_avg_len": 44.1163362786763, "step_rewards": -0.20995830311640748, "step_value_ests": 13.80762075494299, "step_values": -4.097724496907107, "step_td_err": 124.11359926963078}