{"dim0": 1.0, "dim1": 0.13333333333333333, "scale": 15, "episode_rewards": -4.2478845073495926, "episode_std_rewards": 0.19638990369936193, "episode_value_ests": 36.74496487372565, "episode_values": -0.9190065549006254, "episode_td_err": 58.19298787552459, "episode_avg_len": 20.59096056831051, "episode_std_avg_len": 2.772247900252948, "step_rewards": -0.20629851109943295, "step_value_ests": 35.98746407533944, "step_values": -0.7979460960959733, "step_td_err": 56.96685359713233}