{"dim0": 1.0, "dim1": 0.6666666666666666, "scale": 15, "episode_rewards": -9.440446540825603, "episode_std_rewards": 0.2379894797055784, "episode_value_ests": 40.02313054480739, "episode_values": -3.39711412741729, "episode_td_err": 78.14794997166422, "episode_avg_len": 17.216665231987605, "episode_std_avg_len": 3.9851844675860697, "step_rewards": -0.5483318873672341, "step_value_ests": 37.874430996303495, "step_values": -3.3688314985812764, "step_td_err": 74.39293598222051}