{"dim0": 1.0, "dim1": 0.4, "scale": 15, "episode_rewards": -7.021020110846649, "episode_std_rewards": 0.21182379156021788, "episode_value_ests": 37.36080449487241, "episode_values": -2.1860381530662893, "episode_td_err": 67.49248459941599, "episode_avg_len": 19.2104302727622, "episode_std_avg_len": 3.5759143708197856, "step_rewards": -0.3654795864099676, "step_value_ests": 35.83180154476835, "step_values": -2.1164161400756853, "step_td_err": 65.27231704096306}