{"dim0": 1.0, "dim1": -0.7333333333333333, "scale": 15, "episode_rewards": 18.66752070850076, "episode_std_rewards": 0.13820039316475005, "episode_value_ests": 42.87126863514855, "episode_values": 11.324019186171615, "episode_td_err": 23.54292692527414, "episode_avg_len": 33.67587135881462, "episode_std_avg_len": 9.61891353636629, "step_rewards": 0.554329255792651, "step_value_ests": 43.17495080989494, "step_values": 11.881454159774938, "step_td_err": 22.25006150533896}