{"dim0": 1.0, "dim1": 0.9333333333333333, "scale": 15, "episode_rewards": -11.600225206477582, "episode_std_rewards": 0.2549152944572603, "episode_value_ests": 43.42844079554928, "episode_values": -4.618691773038446, "episode_td_err": 91.97757155104301, "episode_avg_len": 14.999325033748313, "episode_std_avg_len": 3.55182963692085, "step_rewards": -0.7733831476001224, "step_value_ests": 41.49234876558763, "step_values": -4.592719538636254, "step_td_err": 87.24652776885401}