{"dim0": 1.0, "dim1": -0.26666666666666666, "scale": 15, "episode_rewards": -7.09814838613115, "episode_std_rewards": 0.17286180733413853, "episode_value_ests": 18.931205295434456, "episode_values": -4.257231567631006, "episode_td_err": 43.85038542491101, "episode_avg_len": 19.51409893648161, "episode_std_avg_len": 2.190155568259859, "step_rewards": -0.3637446140472908, "step_value_ests": 18.71908474080801, "step_values": -4.210851424897794, "step_td_err": 43.71286754337316}