{"dim0": 1.0, "dim1": -0.6, "scale": 15, "episode_rewards": 10.54288623896667, "episode_std_rewards": 0.1751596846825888, "episode_value_ests": 42.802215660010255, "episode_values": 7.261797381125135, "episode_td_err": 31.035358405827957, "episode_avg_len": 26.55995219758332, "episode_std_avg_len": 5.8509082444461376, "step_rewards": 0.3969467324540577, "step_value_ests": 42.7514800534281, "step_values": 7.733013237929369, "step_td_err": 30.103298132300885}