{"dim0": 1.0, "dim1": -0.6, "scale": 15, "episode_rewards": -14.349820613660505, "episode_std_rewards": 0.16633748833650905, "episode_value_ests": 24.83183955020822, "episode_values": -8.623619240988429, "episode_td_err": 53.74764363507925, "episode_avg_len": 17.645699161887958, "episode_std_avg_len": 1.268641425340923, "step_rewards": -0.8132191579381535, "step_value_ests": 24.691720751694895, "step_values": -8.59830925479035, "step_td_err": 53.51788967408039}