{"dim0": 1.0, "dim1": -0.8, "scale": 15, "episode_rewards": -18.58521341091527, "episode_std_rewards": 0.1647763877518913, "episode_value_ests": 27.389520922440898, "episode_values": -10.582333147994863, "episode_td_err": 62.275873102227585, "episode_avg_len": 17.273426029881684, "episode_std_avg_len": 1.037942136403082, "step_rewards": -1.075942513011854, "step_value_ests": 27.3265668596814, "step_values": -10.576668512093805, "step_td_err": 62.18462025672212}