{"dim0": 1.0, "dim1": -0.5333333333333333, "scale": 15, "episode_rewards": 7.849887464244079, "episode_std_rewards": 0.18195844971594344, "episode_value_ests": 42.60790835786246, "episode_values": 5.72848472895135, "episode_td_err": 33.86108741591017, "episode_avg_len": 24.73377024854705, "episode_std_avg_len": 4.411416096941421, "step_rewards": 0.31737528833499246, "step_value_ests": 42.50477428574207, "step_values": 6.0983787031750465, "step_td_err": 33.042603170524366}