{"dim0": 1.0, "dim1": -0.8666666666666667, "scale": 15, "episode_rewards": 32.541982129588526, "episode_std_rewards": 0.12119024859112723, "episode_value_ests": 44.94653269803319, "episode_values": 16.087490660639105, "episode_td_err": 12.416881644587228, "episode_avg_len": 54.71780147662018, "episode_std_avg_len": 21.485257494745017, "step_rewards": 0.5947238604513938, "step_value_ests": 45.99627609031058, "step_values": 16.886432046229526, "step_td_err": 10.55849856463979}