{"dim0": 1.0, "dim1": 0.3333333333333333, "scale": 15, "episode_rewards": -6.330558705038643, "episode_std_rewards": 0.2033907997982356, "episode_value_ests": 36.94786486209403, "episode_values": -1.8686066105777095, "episode_td_err": 65.19470781090938, "episode_avg_len": 19.633356238342987, "episode_std_avg_len": 3.419861630709965, "step_rewards": -0.3224389466674766, "step_value_ests": 35.60511957510886, "step_values": -1.7895090908433757, "step_td_err": 63.260659200533446}