{"dim0": 1.0, "dim1": 0.06666666666666667, "scale": 15, "episode_rewards": -3.4281816059997863, "episode_std_rewards": 0.19608824858224227, "episode_value_ests": 36.95521327698265, "episode_values": -0.5346984087510003, "episode_td_err": 55.891583888563225, "episode_avg_len": 20.85785796224841, "episode_std_avg_len": 2.5699365815154307, "step_rewards": -0.16435923632257007, "step_value_ests": 36.35003153967575, "step_values": -0.3948249139569349, "step_td_err": 54.680738439604085}