{"dim0": 1.0, "dim1": 0.06666666666666667, "scale": 15, "episode_rewards": -0.21118848158818318, "episode_std_rewards": 0.23601242155282084, "episode_value_ests": 11.61073552802618, "episode_values": 1.1896807066256512, "episode_td_err": 46.53491728813046, "episode_avg_len": 40.88228080931943, "episode_std_avg_len": 17.299245240982554, "step_rewards": -0.005165770534506018, "step_value_ests": 11.187462962134335, "step_values": 2.0668704510001854, "step_td_err": 44.71725177149585}