{"dim0": 1.0, "dim1": 0.5333333333333333, "scale": 15, "episode_rewards": -12.279405236668149, "episode_std_rewards": 0.24167151703489553, "episode_value_ests": -1.5285335703177396, "episode_values": -6.006444336772316, "episode_td_err": 240.14223993845226, "episode_avg_len": 27.275194327014866, "episode_std_avg_len": 8.830329830834524, "step_rewards": -0.4502041338164159, "step_value_ests": -0.9404000260389539, "step_values": -5.846552388496145, "step_td_err": 228.08906683374656}