{"dim0": 1.0, "dim1": 0.6666666666666666, "scale": 15, "episode_rewards": -12.7599141678551, "episode_std_rewards": 0.2357207691840131, "episode_value_ests": -9.503867255817251, "episode_values": -6.596753438295777, "episode_td_err": 322.21845018162423, "episode_avg_len": 21.84512887723897, "episode_std_avg_len": 5.5626264177634965, "step_rewards": -0.5841079830455933, "step_value_ests": -9.325162627984874, "step_values": -6.539413211423795, "step_td_err": 308.8559813513854}