{"dim0": 1.0, "dim1": 1.0, "scale": 15, "episode_rewards": -15.750251136292801, "episode_std_rewards": 0.23306549021059184, "episode_value_ests": -22.404973304523526, "episode_values": -8.126038796799302, "episode_td_err": 459.2323088149424, "episode_avg_len": 16.979624755921556, "episode_std_avg_len": 3.2325220136543162, "step_rewards": -0.9275971267150639, "step_value_ests": -22.65373933756613, "step_values": -8.15021781726411, "step_td_err": 443.9147325903715}