{"dim0": 1.0, "dim1": -0.13333333333333333, "scale": 15, "episode_rewards": -4.48423403041529, "episode_std_rewards": 0.1893903113879375, "episode_value_ests": 16.050282588396254, "episode_values": -2.309168768981893, "episode_td_err": 42.73474251279377, "episode_avg_len": 22.858514285714286, "episode_std_avg_len": 6.462788789331599, "step_rewards": -0.19617346842256358, "step_value_ests": 15.451354472773735, "step_values": -2.0190851823310054, "step_td_err": 42.210276358315014}