{"dim0": 1.0, "dim1": 0.2, "scale": 15, "episode_rewards": -4.959312850749008, "episode_std_rewards": 0.19782347919568824, "episode_value_ests": 36.70102520868904, "episode_values": -1.230444465441006, "episode_td_err": 60.44865183449407, "episode_avg_len": 20.298893737947832, "episode_std_avg_len": 2.972227719597947, "step_rewards": -0.2443144397311566, "step_value_ests": 35.76958977418859, "step_values": -1.1200536022594612, "step_td_err": 59.088227772445734}