{"dim0": 1.0, "dim1": -0.6666666666666666, "scale": 15, "episode_rewards": 14.234447561256491, "episode_std_rewards": 0.1553320293879697, "episode_value_ests": 42.8487597854954, "episode_values": 9.217172460548975, "episode_td_err": 27.48757057041093, "episode_avg_len": 29.423654015887024, "episode_std_avg_len": 7.4887370214385545, "step_rewards": 0.4837756572848068, "step_value_ests": 42.9403827989103, "step_values": 9.754095857272779, "step_td_err": 26.44942042855116}