{"dim0": 1.0, "dim1": 0.4666666666666667, "scale": 15, "episode_rewards": -12.308586306736808, "episode_std_rewards": 0.24890716447562125, "episode_value_ests": 3.306724930389789, "episode_values": -5.814735771815157, "episode_td_err": 201.56675451624466, "episode_avg_len": 32.328430580248906, "episode_std_avg_len": 13.0007436538113, "step_rewards": -0.38073565854621944, "step_value_ests": 4.350016286526477, "step_values": -5.474322686487635, "step_td_err": 188.74238981964447}