{"dim0": 1.0, "dim1": 0.4, "scale": 15, "episode_rewards": -12.709272178918054, "episode_std_rewards": 0.24465833545316912, "episode_value_ests": 8.058421293477926, "episode_values": -5.572544261015055, "episode_td_err": 167.90711140201577, "episode_avg_len": 42.27007607776839, "episode_std_avg_len": 22.28013095970716, "step_rewards": -0.3006683062395148, "step_value_ests": 9.459341413101459, "step_values": -4.970931096551881, "step_td_err": 153.6262303810684}