{"dim0": 1.0, "dim1": 0.6, "scale": 15, "episode_rewards": -8.931286847425241, "episode_std_rewards": 0.2313433107369365, "episode_value_ests": 39.38154613940889, "episode_values": -3.1228716729438424, "episode_td_err": 75.9057614272998, "episode_avg_len": 17.682963486871188, "episode_std_avg_len": 3.937661923270144, "step_rewards": -0.5050786229387582, "step_value_ests": 37.33330618347495, "step_values": -3.091292830879522, "step_td_err": 72.53152648507869}