{"dim0": 1.0, "dim1": 0.26666666666666666, "scale": 15, "episode_rewards": -7.437050351986415, "episode_std_rewards": 0.2689272317180955, "episode_value_ests": 13.952283689066277, "episode_values": -2.085727924784065, "episode_td_err": 103.82060842893137, "episode_avg_len": 83.22337770382696, "episode_std_avg_len": 66.31643702385959, "step_rewards": -0.08936251516314543, "step_value_ests": 15.079851352189937, "step_values": -0.21700492679815198, "step_td_err": 90.31549193918961}