{"dim0": 1.0, "dim1": -1.0, "scale": 15, "episode_rewards": -23.036646493728718, "episode_std_rewards": 0.16807392199713928, "episode_value_ests": 29.050521482607405, "episode_values": -12.449798915183045, "episode_td_err": 69.80142846627199, "episode_avg_len": 17.213357431792755, "episode_std_avg_len": 0.6486121569533436, "step_rewards": -1.3383005950472193, "step_value_ests": 29.03758048950792, "step_values": -12.447605311540645, "step_td_err": 69.81630329046712}