{"dim0": 1.0, "dim1": 0.9333333333333333, "scale": 15, "episode_rewards": -14.937112244182787, "episode_std_rewards": 0.2344872699716925, "episode_value_ests": -20.49979510382746, "episode_values": -7.776005290092354, "episode_td_err": 442.0322799642414, "episode_avg_len": 17.434100418410043, "episode_std_avg_len": 3.392991843022896, "step_rewards": -0.8567756228138684, "step_value_ests": -20.659589166843087, "step_values": -7.7695409157230495, "step_td_err": 427.1225506445852}