{"dim0": 1.0, "dim1": 0.7333333333333333, "scale": 15, "episode_rewards": -13.129730470763572, "episode_std_rewards": 0.23129555582538602, "episode_value_ests": -12.876296461113668, "episode_values": -6.832154709156255, "episode_td_err": 355.6368869669911, "episode_avg_len": 20.407101316192225, "episode_std_avg_len": 4.781563257324623, "step_rewards": -0.6433902722061585, "step_value_ests": -12.801176263628665, "step_values": -6.799080383014226, "step_td_err": 341.7292593767414}