{"dim0": 1.0, "dim1": -0.4, "scale": 15, "episode_rewards": 4.141343325202733, "episode_std_rewards": 0.19306797743141976, "episode_value_ests": 41.54902361992769, "episode_values": 3.584498857709407, "episode_td_err": 39.26025325204294, "episode_avg_len": 22.983337163870374, "episode_std_avg_len": 3.1843060609012146, "step_rewards": 0.18018894713483524, "step_value_ests": 41.39799914452743, "step_values": 3.8548880326733346, "step_td_err": 38.32585333890654}