{"dim0": 1.0, "dim1": 0.4666666666666667, "scale": 15, "episode_rewards": -7.701368201780402, "episode_std_rewards": 0.21608920649757826, "episode_value_ests": 37.913930805132864, "episode_values": -2.507828445874686, "episode_td_err": 70.17879426125076, "episode_avg_len": 18.753023909985934, "episode_std_avg_len": 3.7670004081376014, "step_rewards": -0.41067340599290997, "step_value_ests": 36.170596127836085, "step_values": -2.453558718773846, "step_td_err": 67.54388669935389}