{"dim0": 1.0, "dim1": -0.4666666666666667, "scale": 15, "episode_rewards": -11.365236233228607, "episode_std_rewards": 0.16910127290047722, "episode_value_ests": 22.545763766819224, "episode_values": -6.945574346632698, "episode_td_err": 48.31025090798204, "episode_avg_len": 18.151374897903622, "episode_std_avg_len": 1.1264343759537512, "step_rewards": -0.6261363834505576, "step_value_ests": 22.386976400047985, "step_values": -6.901889428719003, "step_td_err": 48.07916844596333}