{"dim0": 1.0, "dim1": 0.0, "scale": 15, "episode_rewards": -1.4908465883942883, "episode_std_rewards": 0.21514180843082287, "episode_value_ests": 12.700681673435662, "episode_values": 0.07474465313400111, "episode_td_err": 42.75549178912067, "episode_avg_len": 32.526581043732726, "episode_std_avg_len": 13.781969258340382, "step_rewards": -0.045834715502063104, "step_value_ests": 11.870049915161616, "step_values": 0.8269525154482493, "step_td_err": 41.16233537267037}