{"dim0": 1.0, "dim1": 0.2, "scale": 15, "episode_rewards": -1.0807662638689621, "episode_std_rewards": 0.2698239585379877, "episode_value_ests": 12.787136882846132, "episode_values": 1.3188093249397024, "episode_td_err": 70.35748271513984, "episode_avg_len": 69.91471513456834, "episode_std_avg_len": 41.676821185760915, "step_rewards": -0.015458351818909045, "step_value_ests": 13.406722693731604, "step_values": 3.2743447916667776, "step_td_err": 64.56864586681671}