{"dim0": 1.0, "dim1": 0.0, "scale": 15, "episode_rewards": -2.6407634416757806, "episode_std_rewards": 0.19545380687485328, "episode_value_ests": 37.388539734069944, "episode_values": -0.15469608554568015, "episode_td_err": 53.28021778224437, "episode_avg_len": 21.07015695775835, "episode_std_avg_len": 2.3676885710556013, "step_rewards": -0.12533193022576947, "step_value_ests": 36.925218901007284, "step_values": -0.0038042355321756256, "step_td_err": 52.12077700851588}