{"dim0": 1.0, "dim1": -0.4666666666666667, "scale": 15, "episode_rewards": 5.852072107754419, "episode_std_rewards": 0.1906425104564615, "episode_value_ests": 42.21399450731723, "episode_values": 4.575578562220888, "episode_td_err": 36.80833112689559, "episode_avg_len": 23.765446768060837, "episode_std_avg_len": 3.8158195814221667, "step_rewards": 0.24624288215019843, "step_value_ests": 42.08577477492414, "step_values": 4.902166931066164, "step_td_err": 35.94716662955972}