{"dim0": 1.0, "dim1": -0.8666666666666667, "scale": 15, "episode_rewards": -20.052470465146758, "episode_std_rewards": 0.1659165304382849, "episode_value_ests": 28.147150036132008, "episode_values": -11.206489384433256, "episode_td_err": 65.05619622611292, "episode_avg_len": 17.2178891184573, "episode_std_avg_len": 0.8320335580370384, "step_rewards": -1.1646300151654962, "step_value_ests": 28.111668329734485, "step_values": -11.202788629791343, "step_td_err": 65.02144709013882}