{"dim0": 1.0, "dim1": 1.0, "scale": 15, "episode_rewards": -12.129923134085258, "episode_std_rewards": 0.2561596787626756, "episode_value_ests": 44.16813512054232, "episode_values": -4.935624353499888, "episode_td_err": 95.7267400919138, "episode_avg_len": 14.491015794812347, "episode_std_avg_len": 3.338804467192728, "step_rewards": -0.8370650688565022, "step_value_ests": 42.424220371439006, "step_values": -4.906734755861816, "step_td_err": 90.97803576185386}