{"dim0": 1.0, "dim1": 0.6, "scale": 15, "episode_rewards": -12.46527348025676, "episode_std_rewards": 0.23688745126924354, "episode_value_ests": -5.781755228556218, "episode_values": -6.324539371566491, "episode_td_err": 283.2304044506953, "episode_avg_len": 24.146064703042008, "episode_std_avg_len": 6.772919328294528, "step_rewards": -0.5162445157651855, "step_value_ests": -5.446417387733178, "step_values": -6.254261163662144, "step_td_err": 270.72159869416873}