{"dim0": 1.0, "dim1": -0.5333333333333333, "scale": 15, "episode_rewards": -12.884749532062235, "episode_std_rewards": 0.1672603369206789, "episode_value_ests": 23.657524042692653, "episode_values": -7.825948484541015, "episode_td_err": 50.6751661395205, "episode_avg_len": 17.8815377738042, "episode_std_avg_len": 1.3090939975222298, "step_rewards": -0.720561603540492, "step_value_ests": 23.497164430296667, "step_values": -7.7887980982213225, "step_td_err": 50.43112065130496}