{"dim0": 1.0, "dim1": 0.26666666666666666, "scale": 15, "episode_rewards": -5.640420545392314, "episode_std_rewards": 0.19807137212138257, "episode_value_ests": 36.680166134066816, "episode_values": -1.5417819185187145, "episode_td_err": 62.52466558563832, "episode_avg_len": 20.008503401360546, "episode_std_avg_len": 3.1566776152333076, "step_rewards": -0.2819011713294246, "step_value_ests": 35.580326307387935, "step_values": -1.4501935795117, "step_td_err": 60.94544900604277}