{"dim0": 1.0, "dim1": -0.2, "scale": 15, "episode_rewards": -5.864013186660213, "episode_std_rewards": 0.1804862074327211, "episode_value_ests": 17.615712247745254, "episode_values": -3.363796952139449, "episode_td_err": 43.23611604993106, "episode_avg_len": 20.63255622034248, "episode_std_avg_len": 3.864065901027436, "step_rewards": -0.2842116664574331, "step_value_ests": 17.25823852058194, "step_values": -3.2585398954568263, "step_td_err": 43.01390415734623}