{"dim0": 1.0, "dim1": -0.7333333333333333, "scale": 15, "episode_rewards": -17.184509754978908, "episode_std_rewards": 0.16370127048056382, "episode_value_ests": 26.636031838706394, "episode_values": -9.988917851765876, "episode_td_err": 59.331565018225106, "episode_avg_len": 17.359052247873635, "episode_std_avg_len": 1.1755922272433463, "step_rewards": -0.9899451600005349, "step_value_ests": 26.545132272221842, "step_values": -9.97986095471646, "step_td_err": 59.18148889603364}