{"dim0": 1.0, "dim1": -1.0, "scale": 15, "episode_rewards": 259.7578851152211, "episode_std_rewards": 0.09749645198103009, "episode_value_ests": 59.68386785186813, "episode_values": 31.822769739074946, "episode_td_err": 5.186237327879762, "episode_avg_len": 554.6952908587258, "episode_std_avg_len": 418.69918753851675, "step_rewards": 0.4682893282059218, "step_value_ests": 66.94090056384219, "step_values": 39.73401720111707, "step_td_err": 5.008197800540006}