{"dim0": 1.0, "dim1": -0.26666666666666666, "scale": 15, "episode_rewards": 1.496552943001395, "episode_std_rewards": 0.19880766620655202, "episode_value_ests": 40.00370095872271, "episode_values": 2.0203006846232534, "episode_td_err": 43.73002592208774, "episode_avg_len": 22.046626984126984, "episode_std_avg_len": 2.4980432550789433, "step_rewards": 0.06788126565024552, "step_value_ests": 39.795566354843665, "step_values": 2.229338787023144, "step_td_err": 42.5757284104431}