{"dim0": 1.0, "dim1": -0.06666666666666667, "scale": 15, "episode_rewards": -3.076774111781497, "episode_std_rewards": 0.1976749112529516, "episode_value_ests": 14.311382539871277, "episode_values": -1.208793687342742, "episode_td_err": 42.27112797390969, "episode_avg_len": 26.53236932873441, "episode_std_avg_len": 9.617703078583732, "step_rewards": -0.11596303645786232, "step_value_ests": 13.463536211681918, "step_values": -0.6804775170198318, "step_td_err": 41.06218153434715}