{"dim0": 1.0, "dim1": 0.13333333333333333, "scale": 15, "episode_rewards": 0.31654705015007945, "episode_std_rewards": 0.24780834587223766, "episode_value_ests": 11.676968793601613, "episode_values": 1.772892482433768, "episode_td_err": 54.14831918317044, "episode_avg_len": 52.152803129074314, "episode_std_avg_len": 24.765257540763212, "step_rewards": 0.006069607598399821, "step_value_ests": 11.810882542560428, "step_values": 3.052210140398417, "step_td_err": 51.00368309192362}