{"dim0": 1.0, "dim1": -0.9333333333333333, "scale": 15, "episode_rewards": 46.85408647024274, "episode_std_rewards": 0.11347247718324942, "episode_value_ests": 47.15934419011034, "episode_values": 18.899091046352652, "episode_td_err": 6.7186150415459425, "episode_avg_len": 87.46130301705291, "episode_std_avg_len": 45.724629305286, "step_rewards": 0.5357121933240269, "step_value_ests": 48.73803881184473, "step_values": 20.31207239106373, "step_td_err": 5.679430413480312}