{"dim0": 1.0, "dim1": -0.3333333333333333, "scale": 15, "episode_rewards": -8.450798445065605, "episode_std_rewards": 0.17482374021474484, "episode_value_ests": 20.141801749123598, "episode_values": -5.131486972708871, "episode_td_err": 44.65455505376748, "episode_avg_len": 18.906323849135077, "episode_std_avg_len": 1.4579257503629932, "step_rewards": -0.44698263462001414, "step_value_ests": 19.96946904976471, "step_values": -5.084870264494847, "step_td_err": 44.49561914746273}