{"dim0": 0.13333333333333333, "dim1": -0.6666666666666666, "scale": 15, "episode_rewards": -8.185474287324466, "episode_std_rewards": 0.2025256589520391, "episode_value_ests": 27.438002608667183, "episode_values": -4.055917973360803, "episode_td_err": 271.2028911651755, "episode_avg_len": 15.158784295892072, "episode_std_avg_len": 1.5825126975107617, "step_rewards": -0.5399822391788155, "step_value_ests": 27.633469420684428, "step_values": -3.9979727844936153, "step_td_err": 269.35853409055176}