{"dim0": 0.13333333333333333, "dim1": -0.06666666666666667, "scale": 15, "episode_rewards": 47.14287614427288, "episode_std_rewards": 0.11555716696539611, "episode_value_ests": 47.11759981890828, "episode_values": 18.93299258983617, "episode_td_err": 7.293881358555276, "episode_avg_len": 87.13719512195122, "episode_std_avg_len": 46.505712171802365, "step_rewards": 0.5410189767790318, "step_value_ests": 48.79772148741453, "step_values": 20.564091344217562, "step_td_err": 5.743791267331978}