{"dim0": 0.13333333333333333, "dim1": 0.6, "scale": 15, "episode_rewards": 1.4881699030620694, "episode_std_rewards": 0.20041345975151206, "episode_value_ests": 40.03692945405809, "episode_values": 2.0189859276922566, "episode_td_err": 44.012984621771835, "episode_avg_len": 22.042208507824554, "episode_std_avg_len": 2.3837030751789325, "step_rewards": 0.06751455520139, "step_value_ests": 39.833387823980786, "step_values": 2.2316581748950046, "step_td_err": 42.78325420559865}