{"dim0": 0.13333333333333333, "dim1": -0.9333333333333333, "scale": 15, "episode_rewards": -11.084776425063465, "episode_std_rewards": 0.2064401579367026, "episode_value_ests": 35.26283272888299, "episode_values": -0.21580233821066924, "episode_td_err": 34.83524703314151, "episode_avg_len": 26.458526260087314, "episode_std_avg_len": 3.4334284239659545, "step_rewards": -0.41894912498527365, "step_value_ests": 35.05757372865677, "step_values": 0.029463525484289852, "step_td_err": 34.14127371724504}