{"dim0": 0.13333333333333333, "dim1": 1.0, "scale": 15, "episode_rewards": -8.436475043546473, "episode_std_rewards": 0.26475096374983026, "episode_value_ests": -2.7663787601059933, "episode_values": -4.701461733280879, "episode_td_err": 270.04778148358577, "episode_avg_len": 15.655890410958904, "episode_std_avg_len": 2.3950584196197418, "step_rewards": -0.5388690660252105, "step_value_ests": -2.7852288624251074, "step_values": -4.615815684019507, "step_td_err": 267.2436833744961}