{"dim0": 0.13333333333333333, "dim1": -0.7333333333333333, "scale": 15, "episode_rewards": -2.9290262691427413, "episode_std_rewards": 0.18264424351310962, "episode_value_ests": 34.38579502221287, "episode_values": 3.3865129296480436, "episode_td_err": 31.91407198229762, "episode_avg_len": 28.506341741484967, "episode_std_avg_len": 4.305094863434487, "step_rewards": -0.10274998790462692, "step_value_ests": 34.09969284210979, "step_values": 3.677739566138625, "step_td_err": 31.295853063124483}