{"dim0": 0.13333333333333333, "dim1": -0.8666666666666667, "scale": 15, "episode_rewards": -8.374166195460589, "episode_std_rewards": 0.2009619562772068, "episode_value_ests": 35.02875351792308, "episode_values": 0.9842261453493203, "episode_td_err": 33.830919930894204, "episode_avg_len": 27.046788370520623, "episode_std_avg_len": 3.7046069161908157, "step_rewards": -0.3096177661000198, "step_value_ests": 34.797270446983724, "step_values": 1.2489174923760606, "step_td_err": 33.141356883871104}