{"dim0": 0.13333333333333333, "dim1": -0.8, "scale": 15, "episode_rewards": -5.746012727780146, "episode_std_rewards": 0.19396382166551873, "episode_value_ests": 34.78325961174483, "episode_values": 2.135114147533179, "episode_td_err": 32.946518758293564, "episode_avg_len": 27.680874619429837, "episode_std_avg_len": 4.042982748357431, "step_rewards": -0.207580605988038, "step_value_ests": 34.52433039158309, "step_values": 2.4150875684678, "step_td_err": 32.257913790747644}