{"dim0": 0.13333333333333333, "dim1": -0.4, "scale": 15, "episode_rewards": 11.713700182000206, "episode_std_rewards": 0.13597315241443406, "episode_value_ests": 32.160814622649596, "episode_values": 9.430352558723142, "episode_td_err": 28.810283249650155, "episode_avg_len": 35.144438587243016, "episode_std_avg_len": 8.280609222896407, "step_rewards": 0.33330167312025666, "step_value_ests": 31.747701380396204, "step_values": 9.83418724018235, "step_td_err": 28.06708775374112}