{"dim0": 0.13333333333333333, "dim1": 0.8666666666666667, "scale": 15, "episode_rewards": -6.315088878165929, "episode_std_rewards": 0.24089214191452188, "episode_value_ests": 2.1907319530118983, "episode_values": -3.422045086307824, "episode_td_err": 260.3553541172989, "episode_avg_len": 16.122692462716646, "episode_std_avg_len": 2.293626485809824, "step_rewards": -0.39168947077353394, "step_value_ests": 2.1479550322234426, "step_values": -3.3366694661887353, "step_td_err": 258.1360941443253}