{"dim0": 0.13333333333333333, "dim1": -0.26666666666666666, "scale": 15, "episode_rewards": 19.36111436723758, "episode_std_rewards": 0.10633701717094692, "episode_value_ests": 31.247851666475604, "episode_values": 12.029016806489611, "episode_td_err": 26.6059150052963, "episode_avg_len": 42.672498399829315, "episode_std_avg_len": 15.184283567970134, "step_rewards": 0.45371410377309945, "step_value_ests": 30.946846574259705, "step_values": 12.535590090037072, "step_td_err": 24.974666053345402}