{"dim0": 0.13333333333333333, "dim1": 0.4, "scale": 15, "episode_rewards": 2.3784673389983535, "episode_std_rewards": 0.1843742188063115, "episode_value_ests": 34.68151648449771, "episode_values": 1.7036002294455437, "episode_td_err": 138.73808345839015, "episode_avg_len": 26.795418006430868, "episode_std_avg_len": 9.454385067880713, "step_rewards": 0.0887639572716322, "step_value_ests": 36.519480651069856, "step_values": 2.054631612341334, "step_td_err": 127.03422309112086}