{"dim0": 0.13333333333333333, "dim1": 0.26666666666666666, "scale": 15, "episode_rewards": 10.589066934045606, "episode_std_rewards": 0.1617073552116823, "episode_value_ests": 50.873850041763056, "episode_values": 4.434123854184151, "episode_td_err": 69.00187506381744, "episode_avg_len": 54.39543105792766, "episode_std_avg_len": 26.734225334839042, "step_rewards": 0.19466831548349944, "step_value_ests": 53.325132347106816, "step_values": 5.4593242354856875, "step_td_err": 58.174889042968566}