{"dim0": 0.13333333333333333, "dim1": -0.2, "scale": 15, "episode_rewards": 207.3872130216741, "episode_std_rewards": 0.1468003457306127, "episode_value_ests": 68.82928677043925, "episode_values": 24.334987266928326, "episode_td_err": 12.191266095817701, "episode_avg_len": 592.6745562130177, "episode_std_avg_len": 346.73896786750225, "step_rewards": 0.3499175236183675, "step_value_ests": 70.26255833912889, "step_values": 29.360183116978334, "step_td_err": 6.145836650817989}