{"dim0": 0.13333333333333333, "dim1": 0.4666666666666667, "scale": 15, "episode_rewards": 4.1678184356828805, "episode_std_rewards": 0.19499934827046753, "episode_value_ests": 41.55804302314135, "episode_values": 3.5912545847650295, "episode_td_err": 39.46511396506387, "episode_avg_len": 22.979779411764707, "episode_std_avg_len": 3.083854889704215, "step_rewards": 0.18136894880501453, "step_value_ests": 41.403208815674695, "step_values": 3.8658427028645663, "step_td_err": 38.4714325046941}