{"dim0": 0.13333333333333333, "dim1": -0.26666666666666666, "scale": 15, "episode_rewards": 24.30161201984789, "episode_std_rewards": 0.14257980498256279, "episode_value_ests": 65.11845901147363, "episode_values": 6.287927214583682, "episode_td_err": 27.223246587416458, "episode_avg_len": 135.875, "episode_std_avg_len": 96.2430933433893, "step_rewards": 0.17885271035766617, "step_value_ests": 66.98275275229884, "step_values": 8.154436241470659, "step_td_err": 17.45947085220354}