{"dim0": 0.13333333333333333, "dim1": 0.13333333333333333, "scale": 15, "episode_rewards": 18.734371856747178, "episode_std_rewards": 0.14644194863223636, "episode_value_ests": 42.94674980502819, "episode_values": 11.33458569076449, "episode_td_err": 23.789706512927108, "episode_avg_len": 33.865052488994245, "episode_std_avg_len": 9.788444977030775, "step_rewards": 0.5532066386973897, "step_value_ests": 43.27655188783428, "step_values": 11.923605470426095, "step_td_err": 22.296520179114975}