{"dim0": 0.13333333333333333, "dim1": -0.9333333333333333, "scale": 15, "episode_rewards": -13.796697607969449, "episode_std_rewards": 0.25274716743263215, "episode_value_ests": 14.521499906275375, "episode_values": -6.86520199467717, "episode_td_err": 331.9369369532329, "episode_avg_len": 13.677767899883746, "episode_std_avg_len": 2.0769186500026584, "step_rewards": -1.0086951108511437, "step_value_ests": 14.300171127307893, "step_values": -6.784089010663777, "step_td_err": 328.0842563334118}