{"dim0": 0.13333333333333333, "dim1": 0.2, "scale": 15, "episode_rewards": 14.061413464201708, "episode_std_rewards": 0.16091497624096862, "episode_value_ests": 42.798444158752254, "episode_values": 9.132800403482651, "episode_td_err": 27.648114684765915, "episode_avg_len": 29.231039017974574, "episode_std_avg_len": 7.385817731810491, "step_rewards": 0.48104391552948733, "step_value_ests": 42.86838984722194, "step_values": 9.661352405056244, "step_td_err": 26.588701436090183}