{"dim0": 0.13333333333333333, "dim1": -0.4666666666666667, "scale": 15, "episode_rewards": 8.529774338802095, "episode_std_rewards": 0.14533081358700703, "episode_value_ests": 32.74602691246416, "episode_values": 8.207140781644002, "episode_td_err": 29.234258387880335, "episode_avg_len": 33.10011583650505, "episode_std_avg_len": 6.682195314755711, "step_rewards": 0.25769620810193306, "step_value_ests": 32.33920952117033, "step_values": 8.57815857709411, "step_td_err": 28.651698918042612}