{"dim0": 0.13333333333333333, "dim1": 0.26666666666666666, "scale": 15, "episode_rewards": 10.67486912248844, "episode_std_rewards": 0.17181790515997444, "episode_value_ests": 42.78583500706017, "episode_values": 7.350881122685165, "episode_td_err": 30.595999959061977, "episode_avg_len": 26.57733191602445, "episode_std_avg_len": 5.756768109153458, "step_rewards": 0.4016531514983327, "step_value_ests": 42.73361536918559, "step_values": 7.805718979143272, "step_td_err": 29.76587645608196}