{"dim0": 0.13333333333333333, "dim1": 0.7333333333333333, "scale": 15, "episode_rewards": -4.473833884857701, "episode_std_rewards": 0.21834345941825498, "episode_value_ests": 7.776783732751704, "episode_values": -2.3319423788480433, "episode_td_err": 249.5229901236879, "episode_avg_len": 16.587493780063028, "episode_std_avg_len": 1.817156083933027, "step_rewards": -0.2697112622423362, "step_value_ests": 7.846129556468429, "step_values": -2.2786542078535064, "step_td_err": 247.93209477661802}