{"dim0": 0.13333333333333333, "dim1": -0.2, "scale": 15, "episode_rewards": 24.932550750079567, "episode_std_rewards": 0.10157880131176701, "episode_value_ests": 31.58735255420596, "episode_values": 13.365205240206816, "episode_td_err": 24.51645834314534, "episode_avg_len": 52.74762658227848, "episode_std_avg_len": 38.89442419959916, "step_rewards": 0.47267625797700075, "step_value_ests": 31.712755378464504, "step_values": 14.736279119542683, "step_td_err": 20.78817759861257}