{"dim0": 0.13333333333333333, "dim1": 0.6666666666666666, "scale": 15, "episode_rewards": 0.30230465421672065, "episode_std_rewards": 0.19783082707754748, "episode_value_ests": 39.22449683033772, "episode_values": 1.352521693309096, "episode_td_err": 46.25563932993678, "episode_avg_len": 21.726482728655224, "episode_std_avg_len": 2.152588978994095, "step_rewards": 0.013914109245948434, "step_value_ests": 38.99446770963163, "step_values": 1.5404465840222745, "step_td_err": 45.05265311863527}