{"dim0": 0.13333333333333333, "dim1": 0.13333333333333333, "scale": 15, "episode_rewards": 201.2771856940215, "episode_std_rewards": 0.16190626057253352, "episode_value_ests": 65.71936898451871, "episode_values": 29.413976498405546, "episode_td_err": 22.99072377037747, "episode_avg_len": 428.3219616204691, "episode_std_avg_len": 322.80952942802395, "step_rewards": 0.4699203023177476, "step_value_ests": 67.9976125995276, "step_values": 38.63001765234407, "step_td_err": 12.388146404014064}