{"dim0": 0.13333333333333333, "dim1": -0.6, "scale": 15, "episode_rewards": -6.736359602755955, "episode_std_rewards": 0.19681901178637867, "episode_value_ests": 32.96352294115538, "episode_values": -3.2719114063568684, "episode_td_err": 238.32948045896865, "episode_avg_len": 15.936334661354582, "episode_std_avg_len": 1.916922570940688, "step_rewards": -0.4227044515506784, "step_value_ests": 33.37491424930637, "step_values": -3.226017369348209, "step_td_err": 235.34054485093168}