{"dim0": 0.13333333333333333, "dim1": -1.0, "scale": 15, "episode_rewards": -15.103331383026712, "episode_std_rewards": 0.2513432710747259, "episode_value_ests": 13.15078489935124, "episode_values": -7.485615807597698, "episode_td_err": 333.09452859590596, "episode_avg_len": 13.435845761117829, "episode_std_avg_len": 2.0557563408311865, "step_rewards": -1.1241072316217295, "step_value_ests": 12.926843895290977, "step_values": -7.4062540486992505, "step_td_err": 329.56603609939805}