{"dim0": 0.13333333333333333, "dim1": -0.5333333333333333, "scale": 15, "episode_rewards": -4.978441511457128, "episode_std_rewards": 0.1981609602518465, "episode_value_ests": 39.670669015181225, "episode_values": -2.2104880895285257, "episode_td_err": 191.8833678523998, "episode_avg_len": 17.53133491103515, "episode_std_avg_len": 4.206092352989219, "step_rewards": -0.28397389797872347, "step_value_ests": 40.39260658288221, "step_values": -2.227162032136496, "step_td_err": 184.86447429471485}