{"dim0": 0.13333333333333333, "dim1": -0.06666666666666667, "scale": 15, "episode_rewards": 84.68701806178656, "episode_std_rewards": 0.09778894047468618, "episode_value_ests": 39.148650468063906, "episode_values": 20.285878848480735, "episode_td_err": 17.460665597083548, "episode_avg_len": 181.46014492753622, "episode_std_avg_len": 244.6811890627034, "step_rewards": 0.46669762164912426, "step_value_ests": 48.197263411291374, "step_values": 31.57751807614503, "step_td_err": 10.817478718457316}