{"dim0": 0.13333333333333333, "dim1": -0.6, "scale": 15, "episode_rewards": 2.6112460912299658, "episode_std_rewards": 0.169535069368889, "episode_value_ests": 33.719972496891145, "episode_values": 5.7671425905039415, "episode_td_err": 30.414947476193124, "episode_avg_len": 30.40930515432568, "episode_std_avg_len": 5.311236844072131, "step_rewards": 0.08586996901040732, "step_value_ests": 33.37841811043657, "step_values": 6.106732288635054, "step_td_err": 29.797600593344413}