{"dim0": 0.13333333333333333, "dim1": 0.5333333333333333, "scale": 15, "episode_rewards": -1.2385367473481945, "episode_std_rewards": 0.19701599398486525, "episode_value_ests": 20.808743252830276, "episode_values": -0.2905596541008569, "episode_td_err": 211.13563268630804, "episode_avg_len": 19.191326041066972, "episode_std_avg_len": 4.028997939664789, "step_rewards": -0.06453627772765076, "step_value_ests": 21.488219780899993, "step_values": -0.2093293028420002, "step_td_err": 205.79255699350216}