{"dim0": 0.13333333333333333, "dim1": 0.8666666666666667, "scale": 15, "episode_rewards": -2.6435135108262187, "episode_std_rewards": 0.19353197576577538, "episode_value_ests": 37.40566972554142, "episode_values": -0.18245271912091474, "episode_td_err": 53.55492352970836, "episode_avg_len": 21.03281102113787, "episode_std_avg_len": 2.3715671918728933, "step_rewards": -0.12568522144612532, "step_value_ests": 36.9291744115985, "step_values": -0.036761141056630905, "step_td_err": 52.354253428112955}