{"dim0": 0.13333333333333333, "dim1": -0.8, "scale": 15, "episode_rewards": -10.797603264302667, "episode_std_rewards": 0.2303712229170021, "episode_value_ests": 19.48083973176784, "episode_values": -5.321694049995648, "episode_td_err": 308.11194438741194, "episode_avg_len": 14.247257444080354, "episode_std_avg_len": 2.117114727479751, "step_rewards": -0.7578724050353287, "step_value_ests": 19.373571672122804, "step_values": -5.20878686415304, "step_td_err": 305.6436767165348}