{"dim0": 0.13333333333333333, "dim1": 0.9333333333333333, "scale": 15, "episode_rewards": -3.4844078544698225, "episode_std_rewards": 0.1948428908760988, "episode_value_ests": 37.08924057474491, "episode_values": -0.5570294184733365, "episode_td_err": 56.1166988173989, "episode_avg_len": 20.797961942393677, "episode_std_avg_len": 2.595547335754071, "step_rewards": -0.16753602416049018, "step_value_ests": 36.45795563418141, "step_values": -0.41942813316138056, "step_td_err": 54.87508643152453}