{"dim0": 0.13333333333333333, "dim1": 0.7333333333333333, "scale": 15, "episode_rewards": -0.8268684737102471, "episode_std_rewards": 0.19734741106300138, "episode_value_ests": 38.612803672920435, "episode_values": 0.7344670253057104, "episode_td_err": 48.56764792505851, "episode_avg_len": 21.42560257096947, "episode_std_avg_len": 2.148829877659328, "step_rewards": -0.03859254230873343, "step_value_ests": 38.29611919848888, "step_values": 0.9063165431006098, "step_td_err": 47.40544656833617}