{"dim0": 0.13333333333333333, "dim1": 0.0, "scale": 15, "episode_rewards": 181.33878759369023, "episode_std_rewards": 0.07064622210532316, "episode_value_ests": 50.740225555455496, "episode_values": 29.76489732874277, "episode_td_err": 15.848625893618172, "episode_avg_len": 348.5156794425087, "episode_std_avg_len": 331.52122545153395, "step_rewards": 0.5203174442072812, "step_value_ests": 58.00257900304807, "step_values": 41.39210984297447, "step_td_err": 9.959305870179888}