{"dim0": 0.13333333333333333, "dim1": 0.6, "scale": 15, "episode_rewards": -2.344956016617584, "episode_std_rewards": 0.20405381812994675, "episode_value_ests": 15.671690057004167, "episode_values": -0.9926109352091079, "episode_td_err": 230.84754137508537, "episode_avg_len": 17.86352268667381, "episode_std_avg_len": 2.767736699953183, "step_rewards": -0.13127063781025236, "step_value_ests": 16.00303626070738, "step_values": -0.9347155847657177, "step_td_err": 227.85257888749382}