{"dim0": 0.13333333333333333, "dim1": -0.4, "scale": 15, "episode_rewards": 0.5244308534579297, "episode_std_rewards": 0.17036480260029307, "episode_value_ests": 52.39882026327177, "episode_values": 0.7204923587367571, "episode_td_err": 90.84021275029257, "episode_avg_len": 31.6360329009807, "episode_std_avg_len": 16.627673253568968, "step_rewards": 0.01657701062264582, "step_value_ests": 54.244625750690794, "step_values": 1.0131826201274738, "step_td_err": 75.3633420411214}