{"dim0": 0.13333333333333333, "dim1": 0.3333333333333333, "scale": 15, "episode_rewards": 7.920709803992147, "episode_std_rewards": 0.18074144930761393, "episode_value_ests": 42.65850906657232, "episode_values": 5.787553366654191, "episode_td_err": 33.93987659702429, "episode_avg_len": 24.85522554989437, "episode_std_avg_len": 4.691320957712738, "step_rewards": 0.31867382527236043, "step_value_ests": 42.54710650225174, "step_values": 6.17041863318066, "step_td_err": 33.069809831687415}