{"dim0": 0.13333333333333333, "dim1": 0.4, "scale": 15, "episode_rewards": 5.927228170622516, "episode_std_rewards": 0.1906582383657365, "episode_value_ests": 42.1970438523974, "episode_values": 4.6143726776568945, "episode_td_err": 36.79365426694373, "episode_avg_len": 23.75602803183276, "episode_std_avg_len": 3.866689354397925, "step_rewards": 0.24950417480060677, "step_value_ests": 42.06544786216115, "step_values": 4.946959056123764, "step_td_err": 35.91643708995249}