{"dim0": 0.13333333333333333, "dim1": -0.7333333333333333, "scale": 15, "episode_rewards": -9.463635222961482, "episode_std_rewards": 0.21728583366855397, "episode_value_ests": 22.89609133852465, "episode_values": -4.6812675241264134, "episode_td_err": 294.1183412505605, "episode_avg_len": 14.632014046382325, "episode_std_avg_len": 1.6733163511104194, "step_rewards": -0.6467759799138046, "step_value_ests": 22.926001296875665, "step_values": -4.6082923921350085, "step_td_err": 292.2329616754638}