{"dim0": 0.13333333333333333, "dim1": 0.3333333333333333, "scale": 15, "episode_rewards": 5.10080112732736, "episode_std_rewards": 0.17210148237773515, "episode_value_ests": 42.56405322702647, "episode_values": 2.8063628069612063, "episode_td_err": 101.12272708074437, "episode_avg_len": 35.541044776119406, "episode_std_avg_len": 14.520991341047612, "step_rewards": 0.1435186038975047, "step_value_ests": 44.85916673718177, "step_values": 3.311381681448627, "step_td_err": 88.84925421307837}