{"dim0": 0.13333333333333333, "dim1": 0.06666666666666667, "scale": 15, "episode_rewards": 24.555772828522418, "episode_std_rewards": 0.12633136973037257, "episode_value_ests": 43.5114492223833, "episode_values": 13.633455559793811, "episode_td_err": 18.89384479204453, "episode_avg_len": 41.148940547212504, "episode_std_avg_len": 13.775226840979121, "step_rewards": 0.5967534644141856, "step_value_ests": 44.086012313376365, "step_values": 14.242255947877313, "step_td_err": 17.11691757505115}