{"dim0": 0.13333333333333333, "dim1": -0.3333333333333333, "scale": 15, "episode_rewards": 15.328098262509485, "episode_std_rewards": 0.11964009625622986, "episode_value_ests": 31.659302065673376, "episode_values": 10.72991000565689, "episode_td_err": 28.100610040052878, "episode_avg_len": 37.94403339024853, "episode_std_avg_len": 10.02355875892066, "step_rewards": 0.4039659702188842, "step_value_ests": 31.275009859891096, "step_values": 11.145196395929023, "step_td_err": 27.155897885722705}