{"dim0": 0.13333333333333333, "dim1": 0.4666666666666667, "scale": 15, "episode_rewards": 0.309624291574818, "episode_std_rewards": 0.18562843023100442, "episode_value_ests": 27.227184158206107, "episode_values": 0.6222606993837647, "episode_td_err": 179.0210712877974, "episode_avg_len": 21.877050973528767, "episode_std_avg_len": 6.175563565593428, "step_rewards": 0.014152926367884932, "step_value_ests": 28.44386731082052, "step_values": 0.7810050230649249, "step_td_err": 170.248063717168}