{"dim0": 0.13333333333333333, "dim1": -0.8666666666666667, "scale": 15, "episode_rewards": -12.295329182738651, "episode_std_rewards": 0.24290263228901815, "episode_value_ests": 16.6654331768708, "episode_values": -6.110235823635281, "episode_td_err": 324.45452871059774, "episode_avg_len": 13.932497387669802, "episode_std_avg_len": 1.9865726550703744, "step_rewards": -0.8824928396268686, "step_value_ests": 16.478882509213, "step_values": -6.026005575473927, "step_td_err": 321.1950029929869}