{"dim0": 0.13333333333333333, "dim1": -0.4666666666666667, "scale": 15, "episode_rewards": -2.855257736888882, "episode_std_rewards": 0.18962102031220712, "episode_value_ests": 46.14298729989643, "episode_values": -0.9422460403693336, "episode_td_err": 140.45811664631154, "episode_avg_len": 21.547726783020902, "episode_std_avg_len": 8.88772990360191, "step_rewards": -0.1325085363129236, "step_value_ests": 47.26211075063256, "step_values": -0.9320808895958106, "step_td_err": 128.24383603065334}