{"dim0": 0.13333333333333333, "dim1": -0.5333333333333333, "scale": 15, "episode_rewards": 5.5027762348853555, "episode_std_rewards": 0.1592275702928566, "episode_value_ests": 33.308855949640964, "episode_values": 6.956527234627586, "episode_td_err": 29.90053138252758, "episode_avg_len": 31.558220258756705, "episode_std_avg_len": 5.994778109538333, "step_rewards": 0.17436902936116802, "step_value_ests": 32.920618513757425, "step_values": 7.319108265860391, "step_td_err": 29.29834302344638}