{"dim0": 0.13333333333333333, "dim1": 0.8, "scale": 15, "episode_rewards": -5.32299182666996, "episode_std_rewards": 0.22674987651531853, "episode_value_ests": 4.612757200336193, "episode_values": -2.819770242457802, "episode_td_err": 255.50423931634347, "episode_avg_len": 16.432667816941912, "episode_std_avg_len": 2.3779996218724455, "step_rewards": -0.32392742833771704, "step_value_ests": 4.539814353824547, "step_values": -2.7444157444509, "step_td_err": 253.46749203405722}