{"dim0": 0.13333333333333333, "dim1": 0.8, "scale": 15, "episode_rewards": -1.7138356057661839, "episode_std_rewards": 0.20046497279237013, "episode_value_ests": 37.93926170904889, "episode_values": 0.30842318125558793, "episode_td_err": 50.68004722026516, "episode_avg_len": 21.288770622671635, "episode_std_avg_len": 2.27655672371801, "step_rewards": -0.08050420741256999, "step_value_ests": 37.55767528718591, "step_values": 0.4751859241739937, "step_td_err": 49.522707859523436}