{"dim0": 0.13333333333333333, "dim1": 0.2, "scale": 15, "episode_rewards": 33.503593538409966, "episode_std_rewards": 0.16419654924813185, "episode_value_ests": 59.688801609685626, "episode_values": 9.506990929947182, "episode_td_err": 43.87354969599779, "episode_avg_len": 122.01585365853659, "episode_std_avg_len": 90.73030790784166, "step_rewards": 0.27458393752807186, "step_value_ests": 62.4624901836651, "step_values": 13.876979616605997, "step_td_err": 31.571188256385838}