{"dim0": 0.13333333333333333, "dim1": -0.13333333333333333, "scale": 15, "episode_rewards": 246.85263430597726, "episode_std_rewards": 0.11048629516784203, "episode_value_ests": 59.05285541852928, "episode_values": 30.732658300490826, "episode_td_err": 6.070651486613334, "episode_avg_len": 528.664907651715, "episode_std_avg_len": 427.4173852598335, "step_rewards": 0.46693591863790596, "step_value_ests": 66.87481932525063, "step_values": 39.39808705877036, "step_td_err": 5.191577492518689}