{"dim0": 0.13333333333333333, "dim1": 0.6666666666666666, "scale": 15, "episode_rewards": -3.4399613305203496, "episode_std_rewards": 0.21156931717003727, "episode_value_ests": 11.274523095175807, "episode_values": -1.6832364592960518, "episode_td_err": 244.0179421822634, "episode_avg_len": 17.109153122326774, "episode_std_avg_len": 2.2781124774410566, "step_rewards": -0.20105970797767508, "step_value_ests": 11.379193110431189, "step_values": -1.6250598348423244, "step_td_err": 242.04187748543268}