{"dim0": 0.13333333333333333, "dim1": 0.06666666666666667, "scale": 15, "episode_rewards": 260.23099084597544, "episode_std_rewards": 0.11660928633126573, "episode_value_ests": 61.56548387117882, "episode_values": 37.3444414811521, "episode_td_err": 17.441891587804303, "episode_avg_len": 469.7423887587822, "episode_std_avg_len": 341.1866043326245, "step_rewards": 0.553986604303677, "step_value_ests": 64.93883387938979, "step_values": 46.385546203434856, "step_td_err": 10.275800947371502}