{"dim0": 0.13333333333333333, "dim1": -0.13333333333333333, "scale": 15, "episode_rewards": 39.876701111622936, "episode_std_rewards": 0.10442016603911161, "episode_value_ests": 33.54749714062556, "episode_values": 15.572973806869102, "episode_td_err": 20.772094969760058, "episode_avg_len": 88.52847682119206, "episode_std_avg_len": 121.29273951588911, "step_rewards": 0.4504392546159475, "step_value_ests": 37.00299813307921, "step_values": 20.99025329702941, "step_td_err": 14.174821169512219}