{"dim0": 0.13333333333333333, "dim1": 0.5333333333333333, "scale": 15, "episode_rewards": 2.7637182027913783, "episode_std_rewards": 0.1974329848636831, "episode_value_ests": 40.85232580042246, "episode_values": 2.7696951795377984, "episode_td_err": 41.70964404865239, "episode_avg_len": 22.407685413399058, "episode_std_avg_len": 2.5309518600754464, "step_rewards": 0.12333795980279005, "step_value_ests": 40.682712223890455, "step_values": 2.996827257588068, "step_td_err": 40.57299372641292}