{"dim0": 0.2, "dim1": -0.8, "scale": 15, "episode_rewards": -9.551347648316156, "episode_std_rewards": 0.21663015044986775, "episode_value_ests": 22.887092762026164, "episode_values": -4.761790299337919, "episode_td_err": 298.2067537071422, "episode_avg_len": 14.612771242785124, "episode_std_avg_len": 1.6195833301878328, "step_rewards": -0.6536301355591272, "step_value_ests": 22.91675252772439, "step_values": -4.69467648258723, "step_td_err": 296.21936408943264}