{"dim0": 0.2, "dim1": -0.26666666666666666, "scale": 15, "episode_rewards": 14.096461156495037, "episode_std_rewards": 0.16832331613754536, "episode_value_ests": 31.747572722446215, "episode_values": 9.811911114870075, "episode_td_err": 31.52482915152802, "episode_avg_len": 34.25068493150685, "episode_std_avg_len": 10.039826490992013, "step_rewards": 0.4115672776963315, "step_value_ests": 31.083844505358027, "step_values": 10.58795584170893, "step_td_err": 30.18407253815388}