{"dim0": 0.2, "dim1": -0.6, "scale": 15, "episode_rewards": -1.072792928779937, "episode_std_rewards": 0.20018317986539258, "episode_value_ests": 34.41924468878544, "episode_values": 3.33509773994601, "episode_td_err": 35.838067071487735, "episode_avg_len": 26.120412694266683, "episode_std_avg_len": 3.9623897814229547, "step_rewards": -0.041071055857222746, "step_value_ests": 34.0426920836594, "step_values": 3.724017212179457, "step_td_err": 34.946795360550055}