{"dim0": 0.2, "dim1": 0.26666666666666666, "scale": 15, "episode_rewards": 11.028161611361682, "episode_std_rewards": 0.14960675846241905, "episode_value_ests": 54.733376360380944, "episode_values": 4.230002779016643, "episode_td_err": 74.36443812142522, "episode_avg_len": 64.18966623876766, "episode_std_avg_len": 34.06949830536824, "step_rewards": 0.17180587246458018, "step_value_ests": 57.14187662483418, "step_values": 5.504488223703322, "step_td_err": 62.15004667283506}