{"dim0": 0.2, "dim1": 0.4, "scale": 15, "episode_rewards": 1.6532770457861468, "episode_std_rewards": 0.18707321722534168, "episode_value_ests": 35.925097919945266, "episode_values": 0.9934054218983012, "episode_td_err": 140.00743613593008, "episode_avg_len": 29.37019089574156, "episode_std_avg_len": 9.997369321758065, "step_rewards": 0.056290987404711036, "step_value_ests": 38.04815351534748, "step_values": 1.2922043811013242, "step_td_err": 129.78754295431364}