{"dim0": 0.2, "dim1": 0.8666666666666667, "scale": 15, "episode_rewards": -3.411318808799291, "episode_std_rewards": 0.19421590539692915, "episode_value_ests": 36.87643509465986, "episode_values": -0.5087744932345104, "episode_td_err": 55.40706112632869, "episode_avg_len": 20.897189426392227, "episode_std_avg_len": 2.538530463305549, "step_rewards": -0.16324294809190684, "step_value_ests": 36.298328642726375, "step_values": -0.36758197965807327, "step_td_err": 54.28375103056892}