{"dim0": 0.2, "dim1": 1.0, "scale": 15, "episode_rewards": -4.958582994032963, "episode_std_rewards": 0.1954908374905557, "episode_value_ests": 36.574089565345574, "episode_values": -1.2327378597346776, "episode_td_err": 60.413162147951155, "episode_avg_len": 20.352294698280247, "episode_std_avg_len": 2.9563555667332535, "step_rewards": -0.24363753903641927, "step_value_ests": 35.660488805897316, "step_values": -1.1258386942478154, "step_td_err": 59.05027951578624}