{"dim0": 0.2, "dim1": -0.13333333333333333, "scale": 15, "episode_rewards": 46.78854497473021, "episode_std_rewards": 0.11898490347100185, "episode_value_ests": 47.129076296114384, "episode_values": 18.884929288119608, "episode_td_err": 7.018059117601537, "episode_avg_len": 86.530276816609, "episode_std_avg_len": 45.17479451079908, "step_rewards": 0.5407187714641566, "step_value_ests": 48.779939099942055, "step_values": 20.514163197322976, "step_td_err": 5.660472296705089}