{"dim0": 0.2, "dim1": -0.2, "scale": 15, "episode_rewards": 18.470312710187915, "episode_std_rewards": 0.1502199695862258, "episode_value_ests": 31.532243274210717, "episode_values": 11.326378618480495, "episode_td_err": 29.911891140408436, "episode_avg_len": 39.46902131018153, "episode_std_avg_len": 17.108226790174506, "step_rewards": 0.4679698684452372, "step_value_ests": 31.04643035655394, "step_values": 12.351217941204204, "step_td_err": 27.580946406886152}