{"dim0": 0.2, "dim1": 0.7333333333333333, "scale": 15, "episode_rewards": -1.8352932869330447, "episode_std_rewards": 0.19854144480882538, "episode_value_ests": 37.9791520231414, "episode_values": 0.2277845244239094, "episode_td_err": 51.116701167362095, "episode_avg_len": 21.25278928912974, "episode_std_avg_len": 2.236937769246877, "step_rewards": -0.08635540784624211, "step_value_ests": 37.593256926544306, "step_values": 0.3894818328649543, "step_td_err": 49.85531114033028}