{"dim0": 0.2, "dim1": 0.0, "scale": 15, "episode_rewards": 24.247334963044956, "episode_std_rewards": 0.13068321706554395, "episode_value_ests": 43.42113406881552, "episode_values": 13.519083061138392, "episode_td_err": 19.12774447204827, "episode_avg_len": 40.52674230145867, "episode_std_avg_len": 13.192952096152977, "step_rewards": 0.5983045659747546, "step_value_ests": 43.96109186601094, "step_values": 14.114268013055552, "step_td_err": 17.326365040816274}