{"dim0": 0.2, "dim1": 0.6, "scale": 15, "episode_rewards": -2.763652563284167, "episode_std_rewards": 0.20831511901141272, "episode_value_ests": 15.302213582138487, "episode_values": -1.4458658999285543, "episode_td_err": 231.40730105936896, "episode_avg_len": 18.399540018399264, "episode_std_avg_len": 3.425697005342061, "step_rewards": -0.15020226378053778, "step_value_ests": 15.840008329458966, "step_values": -1.4172213167741392, "step_td_err": 227.23828468378153}