{"dim0": 0.2, "dim1": 0.2, "scale": 15, "episode_rewards": 10.499578227358636, "episode_std_rewards": 0.17642397295062812, "episode_value_ests": 42.883925673667704, "episode_values": 7.258375016567918, "episode_td_err": 31.15899931527162, "episode_avg_len": 26.612027674294836, "episode_std_avg_len": 6.162305721177463, "step_rewards": 0.3945425863772274, "step_value_ests": 42.84521811670226, "step_values": 7.746451205503937, "step_td_err": 30.146556811948372}