{"dim0": 0.2, "dim1": -0.06666666666666667, "scale": 15, "episode_rewards": 32.55996481999409, "episode_std_rewards": 0.11864625582884566, "episode_value_ests": 44.874735666366156, "episode_values": 16.069371913993265, "episode_td_err": 12.477883234276094, "episode_avg_len": 54.68151995626025, "episode_std_avg_len": 21.47784833357843, "step_rewards": 0.5954473256419867, "step_value_ests": 45.89752540587157, "step_values": 16.851845602516995, "step_td_err": 10.603802434450419}