{"dim0": 0.2, "dim1": -0.8, "scale": 15, "episode_rewards": -8.398636223489023, "episode_std_rewards": 0.2046504428839906, "episode_value_ests": 35.176637728792365, "episode_values": 0.008759121724324418, "episode_td_err": 38.8149867375813, "episode_avg_len": 24.45879188065542, "episode_std_avg_len": 2.8787474192455256, "step_rewards": -0.3433790296949027, "step_value_ests": 34.957646940881645, "step_values": 0.2753538117024292, "step_td_err": 38.06990662765984}