{"dim0": 0.2, "dim1": 0.6666666666666666, "scale": 15, "episode_rewards": -0.8259430025852392, "episode_std_rewards": 0.19688369311878967, "episode_value_ests": 38.561395000122445, "episode_values": 0.7552171876798527, "episode_td_err": 48.57792594934064, "episode_avg_len": 21.460729613733907, "episode_std_avg_len": 2.1026660737926006, "step_rewards": -0.03848624988298034, "step_value_ests": 38.26867611173175, "step_values": 0.9281806104188335, "step_td_err": 47.38234093063826}