{"dim0": 0.2, "dim1": -0.3333333333333333, "scale": 15, "episode_rewards": 25.84386396779194, "episode_std_rewards": 0.1395704635659849, "episode_value_ests": 65.33006326338739, "episode_values": 6.601444459800739, "episode_td_err": 26.310268415634972, "episode_avg_len": 141.0571227080395, "episode_std_avg_len": 103.0897098374654, "step_rewards": 0.18321559005059004, "step_value_ests": 67.14312312592793, "step_values": 8.682124355904104, "step_td_err": 16.640866730772395}