{"dim0": 0.2, "dim1": -0.4666666666666667, "scale": 15, "episode_rewards": 0.3622619683673942, "episode_std_rewards": 0.17331858106146383, "episode_value_ests": 52.34506252961169, "episode_values": 0.6422881442869619, "episode_td_err": 91.9751160139166, "episode_avg_len": 30.88972972972973, "episode_std_avg_len": 16.03372539742415, "step_rewards": 0.01172758620865291, "step_value_ests": 54.09925779522265, "step_values": 0.9615504905887386, "step_td_err": 76.52067731723088}