{"dim0": 0.2, "dim1": 0.9333333333333333, "scale": 15, "episode_rewards": -4.208911249982689, "episode_std_rewards": 0.19483478365587206, "episode_value_ests": 36.72622657110671, "episode_values": -0.9060278966814671, "episode_td_err": 58.321517993842924, "episode_avg_len": 20.579071920979526, "episode_std_avg_len": 2.7395234074040515, "step_rewards": -0.20452386123845923, "step_value_ests": 35.9794129571313, "step_values": -0.785373814768031, "step_td_err": 57.05377478849884}