{"dim0": 0.2, "dim1": 0.6666666666666666, "scale": 15, "episode_rewards": -3.7620848649991094, "episode_std_rewards": 0.21631123037359243, "episode_value_ests": 10.743255421464774, "episode_values": -2.071326781489386, "episode_td_err": 246.0129577062714, "episode_avg_len": 17.309130246646472, "episode_std_avg_len": 2.4848095272590096, "step_rewards": -0.2173468459357158, "step_value_ests": 11.024134652452487, "step_values": -2.0291959552429777, "step_td_err": 243.24292771593935}