{"dim0": 0.2, "dim1": 0.8, "scale": 15, "episode_rewards": -2.536264841444406, "episode_std_rewards": 0.1939107817834088, "episode_value_ests": 37.38655279365578, "episode_values": -0.11969869626735163, "episode_td_err": 53.446659900996366, "episode_avg_len": 21.05917035165298, "episode_std_avg_len": 2.3827472253914506, "step_rewards": -0.12043517380281454, "step_value_ests": 36.90640767041462, "step_values": 0.029753610362629544, "step_td_err": 52.27082997211745}