{"dim0": 0.2, "dim1": -0.2, "scale": 15, "episode_rewards": 282.16400162764506, "episode_std_rewards": 0.11659573662861368, "episode_value_ests": 60.70891582002642, "episode_values": 32.71511321972759, "episode_td_err": 5.803271704091184, "episode_avg_len": 602.6596385542168, "episode_std_avg_len": 422.4530577014624, "step_rewards": 0.46819794055655983, "step_value_ests": 67.29977896527363, "step_values": 40.24202055354231, "step_td_err": 5.2562800052232665}