{"dim0": 0.2, "dim1": -0.7333333333333333, "scale": 15, "episode_rewards": -8.267913188532285, "episode_std_rewards": 0.2030436739950726, "episode_value_ests": 27.355854710750076, "episode_values": -4.129059377864837, "episode_td_err": 274.31511565269034, "episode_avg_len": 15.148299628872225, "episode_std_avg_len": 1.4706507754906841, "step_rewards": -0.5457981021694263, "step_value_ests": 27.551254544665454, "step_values": -4.085548859280358, "step_td_err": 272.3498791002758}