{"dim0": 0.2, "dim1": 0.5333333333333333, "scale": 15, "episode_rewards": -1.7657197921119387, "episode_std_rewards": 0.2025441144690016, "episode_value_ests": 20.86478268530541, "episode_values": -0.8260916800867939, "episode_td_err": 208.4645500972659, "episode_avg_len": 20.2574698673149, "episode_std_avg_len": 4.874558433617084, "step_rewards": -0.08716388589874687, "step_value_ests": 21.790261340744816, "step_values": -0.7731885488520492, "step_td_err": 202.05926809752208}