{"dim0": 0.2, "dim1": 0.7333333333333333, "scale": 15, "episode_rewards": -4.556859496041895, "episode_std_rewards": 0.2268781651313782, "episode_value_ests": 6.714627947274001, "episode_values": -2.5421929628731412, "episode_td_err": 254.92901886955386, "episode_avg_len": 16.758273984080436, "episode_std_avg_len": 2.290938058622146, "step_rewards": -0.27191699457657126, "step_value_ests": 6.797606286083923, "step_values": -2.473776661365165, "step_td_err": 252.7280398949201}