{"dim0": 0.2, "dim1": -0.4, "scale": 15, "episode_rewards": 6.116787350784379, "episode_std_rewards": 0.15225881684868886, "episode_value_ests": 58.944492355335356, "episode_values": 2.5338074878606167, "episode_td_err": 51.52990721073866, "episode_avg_len": 55.3402489626556, "episode_std_avg_len": 31.961497816538678, "step_rewards": 0.11053053546817389, "step_value_ests": 61.12987011094043, "step_values": 3.030138618289752, "step_td_err": 38.19817622024833}