{"dim0": 0.2, "dim1": -0.26666666666666666, "scale": 15, "episode_rewards": 196.9432157593126, "episode_std_rewards": 0.12246633111826802, "episode_value_ests": 68.78538632749301, "episode_values": 23.14009594007987, "episode_td_err": 10.324347096381397, "episode_avg_len": 574.0028653295129, "episode_std_avg_len": 355.17188621806514, "step_rewards": 0.3431049349313877, "step_value_ests": 70.20686804009377, "step_values": 28.640300248538782, "step_td_err": 6.484123400931004}