{"dim0": 0.2, "dim1": 0.13333333333333333, "scale": 15, "episode_rewards": 161.7381879011948, "episode_std_rewards": 0.16089850374118855, "episode_value_ests": 64.58541994551821, "episode_values": 27.71324861824904, "episode_td_err": 28.51259787387275, "episode_avg_len": 353.8412698412698, "episode_std_avg_len": 275.1572701304084, "step_rewards": 0.45709249227414644, "step_value_ests": 66.7640827612477, "step_values": 36.694007991167915, "step_td_err": 15.51402821105759}