{"dim0": 0.2, "dim1": -1.0, "scale": 15, "episode_rewards": -15.549039701841732, "episode_std_rewards": 0.2081512004157959, "episode_value_ests": 35.45948167290581, "episode_values": -3.2881488810785386, "episode_td_err": 42.32207871406651, "episode_avg_len": 23.33496674833742, "episode_std_avg_len": 2.1675611034142883, "step_rewards": -0.6663407696070353, "step_value_ests": 35.33930898953294, "step_values": -3.1054858313186195, "step_td_err": 41.69473466129493}