{"dim0": 0.2, "dim1": 0.4666666666666667, "scale": 15, "episode_rewards": -0.3421161092723302, "episode_std_rewards": 0.19538895101602186, "episode_value_ests": 27.597326224569528, "episode_values": 0.0018152547557602485, "episode_td_err": 178.2633650753938, "episode_avg_len": 23.53429815272385, "episode_std_avg_len": 7.0510447229276165, "step_rewards": -0.014536915741110974, "step_value_ests": 29.184041677712607, "step_values": 0.1736564312944501, "step_td_err": 169.25627193234232}