{"dim0": 0.2, "dim1": -0.4666666666666667, "scale": 15, "episode_rewards": 4.147424406607649, "episode_std_rewards": 0.19379974389003005, "episode_value_ests": 33.53346770175431, "episode_values": 5.661237845158282, "episode_td_err": 34.22490255263883, "episode_avg_len": 27.881098410928352, "episode_std_avg_len": 5.0117450142808195, "step_rewards": 0.14875398183674188, "step_value_ests": 33.01998890227899, "step_values": 6.16442420692572, "step_td_err": 33.27515314616763}