{"dim0": 0.2, "dim1": -0.4, "scale": 15, "episode_rewards": 7.030652978154401, "episode_std_rewards": 0.19017625947703398, "episode_value_ests": 33.019205006082935, "episode_values": 6.929622966821083, "episode_td_err": 33.398166268213735, "episode_avg_len": 29.247843251937418, "episode_std_avg_len": 6.018406548566081, "step_rewards": 0.2403819289372279, "step_value_ests": 32.40838958645883, "step_values": 7.512800909049135, "step_td_err": 32.38758782917743}