{"dim0": 0.2, "dim1": 0.4666666666666667, "scale": 15, "episode_rewards": 2.776392783481711, "episode_std_rewards": 0.19616479955229774, "episode_value_ests": 40.79471110453137, "episode_values": 2.750663325896316, "episode_td_err": 41.68399549572228, "episode_avg_len": 22.43510936623668, "episode_std_avg_len": 2.5926945722698855, "step_rewards": 0.12375213947742078, "step_value_ests": 40.62438297182683, "step_values": 2.9819209029951614, "step_td_err": 40.596342214129}