{"dim0": 0.2, "dim1": -0.13333333333333333, "scale": 15, "episode_rewards": 25.724739092557233, "episode_std_rewards": 0.1321343053613604, "episode_value_ests": 32.24737811211104, "episode_values": 13.19868833247708, "episode_td_err": 26.52261354053704, "episode_avg_len": 53.00476947535771, "episode_std_avg_len": 43.47693963906338, "step_rewards": 0.4853287609243701, "step_value_ests": 32.56393474807527, "step_values": 15.594834029261454, "step_td_err": 21.89540139394349}