{"dim0": 0.2, "dim1": -0.3333333333333333, "scale": 15, "episode_rewards": 10.286021041608157, "episode_std_rewards": 0.17984172550123595, "episode_value_ests": 32.41685332593146, "episode_values": 8.305981739138678, "episode_td_err": 32.561538543771746, "episode_avg_len": 31.172978027115473, "episode_std_avg_len": 7.417301524954555, "step_rewards": 0.32996594142083485, "step_value_ests": 31.73224083769565, "step_values": 8.973561717689556, "step_td_err": 31.488631372474142}