{"dim0": 0.2, "dim1": 0.6, "scale": 15, "episode_rewards": 0.30383349515224706, "episode_std_rewards": 0.19854935437371188, "episode_value_ests": 39.31609113972987, "episode_values": 1.3435807094603196, "episode_td_err": 46.23466296775326, "episode_avg_len": 21.716503800217154, "episode_std_avg_len": 2.1731954942125906, "step_rewards": 0.013990902861132226, "step_value_ests": 39.0717348248065, "step_values": 1.5328380677795181, "step_td_err": 45.03951660075661}