{"dim0": 0.2, "dim1": -0.5333333333333333, "scale": 15, "episode_rewards": 1.494913958220485, "episode_std_rewards": 0.19989357594964868, "episode_value_ests": 33.98216715053412, "episode_values": 4.473934424283792, "episode_td_err": 35.04948047738126, "episode_avg_len": 26.925686591276254, "episode_std_avg_len": 4.523512721279546, "step_rewards": 0.05551999400842864, "step_value_ests": 33.53577617078597, "step_values": 4.923966413617042, "step_td_err": 34.10785838398321}