{"dim0": 0.2, "dim1": 0.2, "scale": 15, "episode_rewards": 42.568158065339226, "episode_std_rewards": 0.15153223863553242, "episode_value_ests": 62.87129369585984, "episode_values": 10.734783648427326, "episode_td_err": 47.63116536281602, "episode_avg_len": 155.92595479345283, "episode_std_avg_len": 125.4638469932373, "step_rewards": 0.27300238835623675, "step_value_ests": 65.36439802473495, "step_values": 16.469251600905793, "step_td_err": 31.044287491283562}