{"dim0": 0.2, "dim1": 0.3333333333333333, "scale": 15, "episode_rewards": 5.997352400737576, "episode_std_rewards": 0.19136201241283463, "episode_value_ests": 42.14931300699895, "episode_values": 4.648955610229147, "episode_td_err": 36.6208576832269, "episode_avg_len": 23.762148033741237, "episode_std_avg_len": 3.799661390145337, "step_rewards": 0.2523910040549192, "step_value_ests": 42.01693915121889, "step_values": 4.974289129480207, "step_td_err": 35.73486010423357}