{"dim0": 0.2, "dim1": 0.3333333333333333, "scale": 15, "episode_rewards": 4.635618905296803, "episode_std_rewards": 0.16888943390475253, "episode_value_ests": 44.801403400506345, "episode_values": 2.254161785154205, "episode_td_err": 106.0177327447959, "episode_avg_len": 39.67413724712416, "episode_std_avg_len": 16.007061657499364, "step_rewards": 0.11684233677022991, "step_value_ests": 47.37848396593669, "step_values": 2.75891044403805, "step_td_err": 94.19179344934287}