{"dim0": 0.2, "dim1": 0.26666666666666666, "scale": 15, "episode_rewards": 8.037754270571394, "episode_std_rewards": 0.17985023035300454, "episode_value_ests": 42.5689774915856, "episode_values": 5.8327852174412795, "episode_td_err": 33.365280500742244, "episode_avg_len": 24.85584689946564, "episode_std_avg_len": 4.616399552094481, "step_rewards": 0.32337478996719254, "step_value_ests": 42.48140498277465, "step_values": 6.213992717602956, "step_td_err": 32.638785163490006}