{"dim0": 0.2, "dim1": -0.8666666666666667, "scale": 15, "episode_rewards": -10.694877564659082, "episode_std_rewards": 0.2049782809879856, "episode_value_ests": 35.23588370519371, "episode_values": -1.0383789639447902, "episode_td_err": 39.77933259952007, "episode_avg_len": 24.062560153994227, "episode_std_avg_len": 2.589947545184068, "step_rewards": -0.4444613331339061, "step_value_ests": 35.054242411163095, "step_values": -0.8104166507195717, "step_td_err": 39.09259348293877}