{"dim0": 0.2, "dim1": 0.06666666666666667, "scale": 15, "episode_rewards": 18.907438234481674, "episode_std_rewards": 0.13675282642809267, "episode_value_ests": 42.86050509628765, "episode_values": 11.425037303120119, "episode_td_err": 23.457549255278064, "episode_avg_len": 33.76485482781904, "episode_std_avg_len": 9.490083693892005, "step_rewards": 0.5599739235041442, "step_value_ests": 43.153632893693874, "step_values": 11.962351884735835, "step_td_err": 22.192561429297452}