{"dim0": 0.2, "dim1": -0.9333333333333333, "scale": 15, "episode_rewards": -13.23021657789755, "episode_std_rewards": 0.20808304946281808, "episode_value_ests": 35.407293956785104, "episode_values": -2.2158207317102487, "episode_td_err": 41.15998802767679, "episode_avg_len": 23.648262000472926, "episode_std_avg_len": 2.3432807561672093, "step_rewards": -0.5594583051233519, "step_value_ests": 35.26167809674168, "step_values": -2.0112817285215523, "step_td_err": 40.49175568731716}