{"dim0": 0.2, "dim1": -0.6666666666666666, "scale": 15, "episode_rewards": -6.741908563263627, "episode_std_rewards": 0.1941723981107157, "episode_value_ests": 32.96347860147186, "episode_values": -3.2675331465053867, "episode_td_err": 237.2568101341101, "episode_avg_len": 15.95405232929164, "episode_std_avg_len": 1.996317888067012, "step_rewards": -0.4225828287453642, "step_value_ests": 33.35373100998312, "step_values": -3.22902273869148, "step_td_err": 234.3167283649393}