{"dim0": 0.2, "dim1": 0.8, "scale": 15, "episode_rewards": -5.58665826838825, "episode_std_rewards": 0.24121802702952908, "episode_value_ests": 3.033174452303049, "episode_values": -3.157851990159276, "episode_td_err": 262.1727924213691, "episode_avg_len": 16.37339336880884, "episode_std_avg_len": 2.3081473601513816, "step_rewards": -0.3412034477245738, "step_value_ests": 3.0499302817542486, "step_values": -3.062015213797342, "step_td_err": 260.0613502819447}