{"dim0": 0.2, "dim1": 0.5333333333333333, "scale": 15, "episode_rewards": 1.4519315703060176, "episode_std_rewards": 0.19850974020032144, "episode_value_ests": 40.06564976618091, "episode_values": 1.9847622181049205, "episode_td_err": 43.90192543812797, "episode_avg_len": 22.03106068950325, "episode_std_avg_len": 2.356656957928825, "step_rewards": 0.0659038432497167, "step_value_ests": 39.86938521105842, "step_values": 2.189260974740472, "step_td_err": 42.73615022647428}