{"dim0": 0.2, "dim1": 0.8666666666666667, "scale": 15, "episode_rewards": -6.534884231279202, "episode_std_rewards": 0.25083669014880194, "episode_value_ests": 0.007096240416806982, "episode_values": -3.707148427452677, "episode_td_err": 266.9887467423373, "episode_avg_len": 16.115784384819918, "episode_std_avg_len": 2.485549532244136, "step_rewards": -0.4054958837395878, "step_value_ests": -0.000794826075257745, "step_values": -3.59857780166997, "step_td_err": 264.53565223386323}