{"dim0": 0.2, "dim1": 0.06666666666666667, "scale": 15, "episode_rewards": 140.68333491811194, "episode_std_rewards": 0.11214472359714342, "episode_value_ests": 56.09870109375986, "episode_values": 28.912714290392476, "episode_td_err": 23.16354848491087, "episode_avg_len": 264.61690885072653, "episode_std_avg_len": 242.44087624067654, "step_rewards": 0.5316490753713439, "step_value_ests": 60.09961395277538, "step_values": 39.513264621579246, "step_td_err": 14.797674433133816}