{"dim0": 0.2, "dim1": 0.9333333333333333, "scale": 15, "episode_rewards": -7.6272677603488255, "episode_std_rewards": 0.26880273764820656, "episode_value_ests": -2.899989795551433, "episode_values": -4.372214404858041, "episode_td_err": 272.3879679075157, "episode_avg_len": 15.775358889414735, "episode_std_avg_len": 2.181180930998353, "step_rewards": -0.483492503328512, "step_value_ests": -2.8801107738514244, "step_values": -4.289301285650039, "step_td_err": 270.0292537694843}