{"dim0": 0.26666666666666666, "dim1": 0.7333333333333333, "scale": 15, "episode_rewards": -5.08101436744978, "episode_std_rewards": 0.23389644770343268, "episode_value_ests": 4.985828237145512, "episode_values": -3.055166518496298, "episode_td_err": 262.99417249991154, "episode_avg_len": 16.789473684210527, "episode_std_avg_len": 2.3429966226701437, "step_rewards": -0.30263094978541005, "step_value_ests": 5.192780942605825, "step_values": -3.0153956614580326, "step_td_err": 260.29382837547854}