{"dim0": 0.26666666666666666, "dim1": 0.8666666666666667, "scale": 15, "episode_rewards": -6.930472820662523, "episode_std_rewards": 0.26461856362192043, "episode_value_ests": -2.4726953354640013, "episode_values": -4.106428480367434, "episode_td_err": 278.869125772456, "episode_avg_len": 16.038732959101843, "episode_std_avg_len": 2.3938288071035556, "step_rewards": -0.4321084987408272, "step_value_ests": -2.4330344855905173, "step_values": -4.009275901094819, "step_td_err": 276.0421972503709}