{"dim0": 0.26666666666666666, "dim1": 0.6, "scale": 15, "episode_rewards": -0.8298217595197566, "episode_std_rewards": 0.19681664793141948, "episode_value_ests": 38.5400828828312, "episode_values": 0.7474609469573553, "episode_td_err": 48.3149983826637, "episode_avg_len": 21.484317937701395, "episode_std_avg_len": 2.172803542192673, "step_rewards": -0.038624533574955044, "step_value_ests": 38.25172834469484, "step_values": 0.9222820152041443, "step_td_err": 47.156680152221924}