{"dim0": 0.26666666666666666, "dim1": 0.8, "scale": 15, "episode_rewards": -5.977776569691318, "episode_std_rewards": 0.2541286989082129, "episode_value_ests": 0.9762865641171974, "episode_values": -3.569149421913593, "episode_td_err": 273.91167615394005, "episode_avg_len": 16.277936029950354, "episode_std_avg_len": 2.0738746755168465, "step_rewards": -0.3672318504442205, "step_value_ests": 1.0894370455391944, "step_values": -3.5058778358368783, "step_td_err": 271.5424780707478}