{"dim0": 0.26666666666666666, "dim1": 0.5333333333333333, "scale": 15, "episode_rewards": 0.2857907792411501, "episode_std_rewards": 0.20127604213969666, "episode_value_ests": 39.2792573689904, "episode_values": 1.340770794647917, "episode_td_err": 46.22240870579334, "episode_avg_len": 21.72691722789485, "episode_std_avg_len": 2.2553547431569907, "step_rewards": 0.013153765729554477, "step_value_ests": 39.02653693953264, "step_values": 1.5352448450961016, "step_td_err": 44.982628094717015}