{"dim0": 0.26666666666666666, "dim1": -0.5333333333333333, "scale": 15, "episode_rewards": 0.426907810562231, "episode_std_rewards": 0.1725768295580633, "episode_value_ests": 52.428910130740924, "episode_values": 0.6660110145187148, "episode_td_err": 89.50647116324252, "episode_avg_len": 31.424599434495757, "episode_std_avg_len": 16.42560178274499, "step_rewards": 0.013585147249119777, "step_value_ests": 54.258767225294115, "step_values": 0.9742404658778899, "step_td_err": 74.48388798109576}