{"dim0": 0.26666666666666666, "dim1": -0.4666666666666667, "scale": 15, "episode_rewards": -0.43699621365457064, "episode_std_rewards": 0.20155049832700336, "episode_value_ests": 34.921158119921884, "episode_values": 2.557009264747459, "episode_td_err": 41.28425292717252, "episode_avg_len": 23.97243197890447, "episode_std_avg_len": 3.555381255084989, "step_rewards": -0.018229114761452798, "step_value_ests": 34.53100414871854, "step_values": 2.9700968877876655, "step_td_err": 40.32348194705352}