{"dim0": 0.26666666666666666, "dim1": 0.5333333333333333, "scale": 15, "episode_rewards": -2.6864797457787657, "episode_std_rewards": 0.203223041375051, "episode_value_ests": 20.43166958273141, "episode_values": -1.5955474540756063, "episode_td_err": 211.74523442439093, "episode_avg_len": 21.352300629870822, "episode_std_avg_len": 5.59756203624326, "step_rewards": -0.12581687530291288, "step_value_ests": 21.667110691539445, "step_values": -1.5946099424856244, "step_td_err": 204.72646144085118}