{"dim0": 0.26666666666666666, "dim1": 1.0, "scale": 15, "episode_rewards": -5.639385446774696, "episode_std_rewards": 0.19849768356147257, "episode_value_ests": 36.7822360326221, "episode_values": -1.5432091829056382, "episode_td_err": 62.69598902090091, "episode_avg_len": 19.97692768677587, "episode_std_avg_len": 3.192293555391166, "step_rewards": -0.2822949321935926, "step_value_ests": 35.653438108062886, "step_values": -1.4496369698940426, "step_td_err": 61.07042127759493}