{"dim0": 0.26666666666666666, "dim1": -0.13333333333333333, "scale": 15, "episode_rewards": 17.85528382688998, "episode_std_rewards": 0.18924640498409823, "episode_value_ests": 32.953748304717976, "episode_values": 10.358914086699908, "episode_td_err": 32.6112766694509, "episode_avg_len": 40.02100840336134, "episode_std_avg_len": 22.64909162337587, "step_rewards": 0.44614777436218533, "step_value_ests": 32.541418555671164, "step_values": 12.328657674774929, "step_td_err": 28.488023529143682}