{"dim0": 0.26666666666666666, "dim1": -0.5333333333333333, "scale": 15, "episode_rewards": -2.498919418380092, "episode_std_rewards": 0.19678492225499333, "episode_value_ests": 34.99214100025173, "episode_values": 1.662770035892319, "episode_td_err": 41.98392589471817, "episode_avg_len": 23.543260741612713, "episode_std_avg_len": 3.0206246440811753, "step_rewards": -0.10614160229569439, "step_value_ests": 34.68966896357656, "step_values": 1.9955040450056691, "step_td_err": 41.14553197909452}