{"dim0": 0.26666666666666666, "dim1": 0.8666666666666667, "scale": 15, "episode_rewards": -4.18712708278985, "episode_std_rewards": 0.193834461222888, "episode_value_ests": 36.78154164369891, "episode_values": -0.8941176442762048, "episode_td_err": 58.27596334807145, "episode_avg_len": 20.59007617871114, "episode_std_avg_len": 2.746058311679768, "step_rewards": -0.20335656101744198, "step_value_ests": 36.032127380779066, "step_values": -0.7740627758893264, "step_td_err": 56.97503468843047}