{"dim0": 0.26666666666666666, "dim1": -0.06666666666666667, "scale": 15, "episode_rewards": 24.606623455372333, "episode_std_rewards": 0.1254938913157269, "episode_value_ests": 43.4792553797109, "episode_values": 13.651618671594418, "episode_td_err": 18.944972397582784, "episode_avg_len": 40.93104153877635, "episode_std_avg_len": 13.300248708759908, "step_rewards": 0.6011726682317882, "step_value_ests": 44.04684167113154, "step_values": 14.272265455209736, "step_td_err": 17.075164280826126}