{"dim0": 0.26666666666666666, "dim1": 0.13333333333333333, "scale": 15, "episode_rewards": 97.58416737583826, "episode_std_rewards": 0.16183204327989353, "episode_value_ests": 61.14579583683444, "episode_values": 21.96103545090671, "episode_td_err": 35.233163441997846, "episode_avg_len": 234.2704918032787, "episode_std_avg_len": 205.57973807678775, "step_rewards": 0.41654485216935266, "step_value_ests": 63.77895693101734, "step_values": 30.383685441362594, "step_td_err": 22.168943382729008}