{"dim0": 0.26666666666666666, "dim1": -0.6666666666666666, "scale": 15, "episode_rewards": -6.8365276596047915, "episode_std_rewards": 0.18946282132516315, "episode_value_ests": 35.259530221845274, "episode_values": -0.33417164706728325, "episode_td_err": 44.013924587119845, "episode_avg_len": 22.702156640181613, "episode_std_avg_len": 2.270235253697822, "step_rewards": -0.3011400092053149, "step_value_ests": 35.08837613595214, "step_values": -0.11507043900373652, "step_td_err": 43.381028831868456}