{"dim0": 0.26666666666666666, "dim1": 0.2, "scale": 15, "episode_rewards": 42.643569093217344, "episode_std_rewards": 0.1683064322154493, "episode_value_ests": 63.331087866376855, "episode_values": 9.57535233401822, "episode_td_err": 52.77757245910722, "episode_avg_len": 178.10685663401603, "episode_std_avg_len": 158.9067536216607, "step_rewards": 0.23942688057677503, "step_value_ests": 66.1757545732827, "step_values": 16.03437730702518, "step_td_err": 31.208644712578902}