{"dim0": 0.26666666666666666, "dim1": -0.9333333333333333, "scale": 15, "episode_rewards": -15.007260440476346, "episode_std_rewards": 0.18362167670524726, "episode_value_ests": 35.254786549278315, "episode_values": -4.039375133285385, "episode_td_err": 47.63990005268524, "episode_avg_len": 21.82811306340718, "episode_std_avg_len": 1.4948081444529002, "step_rewards": -0.6875198234901317, "step_value_ests": 35.19416574080458, "step_values": -3.9223641015197224, "step_td_err": 47.214558939852765}