{"dim0": 0.26666666666666666, "dim1": -0.3333333333333333, "scale": 15, "episode_rewards": 202.1323209471975, "episode_std_rewards": 0.1036404136828508, "episode_value_ests": 69.08640660251314, "episode_values": 24.250849741153186, "episode_td_err": 9.223191597856255, "episode_avg_len": 585.4883040935673, "episode_std_avg_len": 334.5307941018092, "step_rewards": 0.3452371627818113, "step_value_ests": 70.17979273883948, "step_values": 28.622578753032563, "step_td_err": 6.340625814371677}