{"dim0": 0.26666666666666666, "dim1": 0.8, "scale": 15, "episode_rewards": -3.4091876996287915, "episode_std_rewards": 0.1945449601303535, "episode_value_ests": 37.03492009800683, "episode_values": -0.518736706883428, "episode_td_err": 55.529100711006336, "episode_avg_len": 20.821153445763066, "episode_std_avg_len": 2.581560310201825, "step_rewards": -0.16373673574374112, "step_value_ests": 36.42343421360698, "step_values": -0.3812653597384103, "step_td_err": 54.36587039116635}