{"dim0": 0.26666666666666666, "dim1": 0.26666666666666666, "scale": 15, "episode_rewards": 5.835290658443507, "episode_std_rewards": 0.19118520934304253, "episode_value_ests": 42.20300494430155, "episode_values": 4.549520035648584, "episode_td_err": 37.036207991343325, "episode_avg_len": 23.696244520791375, "episode_std_avg_len": 3.79721075204887, "step_rewards": 0.24625381685792244, "step_value_ests": 42.05861856285309, "step_values": 4.874018740046298, "step_td_err": 36.092632463810524}