{"dim0": 0.26666666666666666, "dim1": 0.13333333333333333, "scale": 15, "episode_rewards": 10.567298558918429, "episode_std_rewards": 0.17500110898039653, "episode_value_ests": 42.86274746321548, "episode_values": 7.271651687381453, "episode_td_err": 31.106231639498848, "episode_avg_len": 26.609285619263005, "episode_std_avg_len": 6.18037886061088, "step_rewards": 0.3971282322314037, "step_value_ests": 42.82934261779779, "step_values": 7.7417016926563, "step_td_err": 30.095309612898383}