{"dim0": 0.26666666666666666, "dim1": 0.6666666666666666, "scale": 15, "episode_rewards": -1.7271838382678015, "episode_std_rewards": 0.1927302000213861, "episode_value_ests": 37.97681165614002, "episode_values": 0.2612899959563831, "episode_td_err": 51.053455972516694, "episode_avg_len": 21.21865054105665, "episode_std_avg_len": 2.232087650741865, "step_rewards": -0.08139932532117525, "step_value_ests": 37.58746499434927, "step_values": 0.4171389930399589, "step_td_err": 49.86061487892211}