{"dim0": 0.26666666666666666, "dim1": 0.3333333333333333, "scale": 15, "episode_rewards": 2.2659932028799425, "episode_std_rewards": 0.1775452764696866, "episode_value_ests": 46.05186302458515, "episode_values": 0.72552568158865, "episode_td_err": 113.77612222609476, "episode_avg_len": 42.30224196277496, "episode_std_avg_len": 16.810435937087494, "step_rewards": 0.05356674014757815, "step_value_ests": 48.64366163638979, "step_values": 1.2102156157371045, "step_td_err": 102.42439918599759}