{"dim0": 0.26666666666666666, "dim1": -0.6, "scale": 15, "episode_rewards": -4.690139595686139, "episode_std_rewards": 0.19388147170185543, "episode_value_ests": 35.15539695617778, "episode_values": 0.6390859574643202, "episode_td_err": 42.972533068865516, "episode_avg_len": 23.065382841328415, "episode_std_avg_len": 2.5840111184829655, "step_rewards": -0.20334106864605667, "step_value_ests": 34.92809467502084, "step_values": 0.9060107986956851, "step_td_err": 42.24852595141352}