{"dim0": 0.26666666666666666, "dim1": -0.3333333333333333, "scale": 15, "episode_rewards": 4.651438669674493, "episode_std_rewards": 0.2095918857437774, "episode_value_ests": 34.187591249419796, "episode_values": 4.8999509008178865, "episode_td_err": 39.352486908955825, "episode_avg_len": 25.975584415584414, "episode_std_avg_len": 5.622905495995819, "step_rewards": 0.17906964460379177, "step_value_ests": 33.518304346731384, "step_values": 5.612199880484931, "step_td_err": 37.98440384055676}