{"dim0": 0.26666666666666666, "dim1": 0.7333333333333333, "scale": 15, "episode_rewards": -2.620225115565219, "episode_std_rewards": 0.19441670430373925, "episode_value_ests": 37.45272376754106, "episode_values": -0.15857600693788626, "episode_td_err": 53.58014455297408, "episode_avg_len": 21.03902387714316, "episode_std_avg_len": 2.4122012471159544, "step_rewards": -0.12454119216109819, "step_value_ests": 36.95898889994636, "step_values": -0.007656547863124376, "step_td_err": 52.335416931030736}