{"dim0": 0.26666666666666666, "dim1": 0.6, "scale": 15, "episode_rewards": -3.5052212964720835, "episode_std_rewards": 0.21230900166185135, "episode_value_ests": 14.172361288142737, "episode_values": -2.1106239881298214, "episode_td_err": 236.8334405332331, "episode_avg_len": 19.043416166809482, "episode_std_avg_len": 4.098592172401546, "step_rewards": -0.18406473217664, "step_value_ests": 14.913893557617657, "step_values": -2.103912286895055, "step_td_err": 231.34890864546202}