{"dim0": 0.26666666666666666, "dim1": -0.8, "scale": 15, "episode_rewards": -8.184638135560323, "episode_std_rewards": 0.20107261520854453, "episode_value_ests": 27.42051246718738, "episode_values": -4.045856830058201, "episode_td_err": 271.53638000486353, "episode_avg_len": 15.146081029912912, "episode_std_avg_len": 1.547853607696597, "step_rewards": -0.5403799253018643, "step_value_ests": 27.6310199692463, "step_values": -3.9902954501584227, "step_td_err": 269.5935660592023}