{"dim0": 0.26666666666666666, "dim1": -0.13333333333333333, "scale": 15, "episode_rewards": 32.35961948249263, "episode_std_rewards": 0.12499470607893688, "episode_value_ests": 44.94399886493718, "episode_values": 16.009561123759177, "episode_td_err": 12.671134469872902, "episode_avg_len": 54.03484602917342, "episode_std_avg_len": 20.167213637622833, "step_rewards": 0.5988657664541446, "step_value_ests": 45.902574691145915, "step_values": 16.807388264321588, "step_td_err": 10.749064614089908}