{"dim0": 0.26666666666666666, "dim1": -0.6, "scale": 15, "episode_rewards": -2.9228109915467453, "episode_std_rewards": 0.18712280178285964, "episode_value_ests": 45.99417667086192, "episode_values": -0.9791251458990085, "episode_td_err": 141.01990537700007, "episode_avg_len": 21.478414948453608, "episode_std_avg_len": 8.820394677351116, "step_rewards": -0.13608131692032424, "step_value_ests": 47.15095805124124, "step_values": -0.96331161393208, "step_td_err": 128.68260597435938}