{"dim0": 0.26666666666666666, "dim1": 0.9333333333333333, "scale": 15, "episode_rewards": -8.037225733277824, "episode_std_rewards": 0.2845774263322533, "episode_value_ests": -5.5696996731757595, "episode_values": -4.721580365289598, "episode_td_err": 286.2034209526441, "episode_avg_len": 15.771014035641066, "episode_std_avg_len": 2.4766537210434763, "step_rewards": -0.509620098943189, "step_value_ests": -5.544482332283832, "step_values": -4.614410933486384, "step_td_err": 283.04948488227825}