{"dim0": 0.26666666666666666, "dim1": -0.8, "scale": 15, "episode_rewards": -10.907650603499373, "episode_std_rewards": 0.1844518408917576, "episode_value_ests": 35.32391696709461, "episode_values": -2.201132972687237, "episode_td_err": 45.83267847225053, "episode_avg_len": 22.16511524822695, "episode_std_avg_len": 1.778141831587871, "step_rewards": -0.4921089054284032, "step_value_ests": 35.22797442301438, "step_values": -2.0490238713772797, "step_td_err": 45.329519757909196}