{"dim0": 0.26666666666666666, "dim1": -0.06666666666666667, "scale": 15, "episode_rewards": 27.63304807555445, "episode_std_rewards": 0.15561020607645695, "episode_value_ests": 35.15528377966686, "episode_values": 13.263681308267108, "episode_td_err": 27.794603256863283, "episode_avg_len": 58.39591240875912, "episode_std_avg_len": 46.6898358490664, "step_rewards": 0.47320175224130273, "step_value_ests": 36.3654498624886, "step_values": 16.61342214672308, "step_td_err": 23.142086008355726}