{"dim0": 0.26666666666666666, "dim1": 0.2, "scale": 15, "episode_rewards": 7.862470082725054, "episode_std_rewards": 0.18517454751254997, "episode_value_ests": 42.64795592607568, "episode_values": 5.749538969893951, "episode_td_err": 33.98134158421687, "episode_avg_len": 24.850788917878, "episode_std_avg_len": 4.7356743648288395, "step_rewards": 0.3163871420222271, "step_value_ests": 42.550556211796206, "step_values": 6.134272087929588, "step_td_err": 33.1566630834351}