{"dim0": 0.26666666666666666, "dim1": -0.8666666666666667, "scale": 15, "episode_rewards": -12.967234773001637, "episode_std_rewards": 0.1844453248499789, "episode_value_ests": 35.29995471855274, "episode_values": -3.114973132414661, "episode_td_err": 46.743338679328296, "episode_avg_len": 21.991094007696535, "episode_std_avg_len": 1.6446985689135905, "step_rewards": -0.5896584666712492, "step_value_ests": 35.223969750260146, "step_values": -2.9796164903643465, "step_td_err": 46.27377914702823}