{"dim0": 0.26666666666666666, "dim1": 0.06666666666666667, "scale": 15, "episode_rewards": 70.04586212229616, "episode_std_rewards": 0.14343558972971193, "episode_value_ests": 50.55763528321884, "episode_values": 21.035235706866995, "episode_td_err": 28.738299620605243, "episode_avg_len": 145.6606104651163, "episode_std_avg_len": 130.096661584536, "step_rewards": 0.4808840351460094, "step_value_ests": 54.186103144997965, "step_values": 29.247830306419495, "step_td_err": 22.111877239722585}