{"dim0": 0.26666666666666666, "dim1": 0.4666666666666667, "scale": 15, "episode_rewards": -1.6919934308465125, "episode_std_rewards": 0.1995173595191022, "episode_value_ests": 27.54924415812056, "episode_values": -1.0381501571365692, "episode_td_err": 181.687960569053, "episode_avg_len": 25.311313591495825, "episode_std_avg_len": 7.616854525536713, "step_rewards": -0.06684731808684137, "step_value_ests": 29.299188565847295, "step_values": -0.9444232307570345, "step_td_err": 172.8235967798622}