{"dim0": 0.26666666666666666, "dim1": -0.4666666666666667, "scale": 15, "episode_rewards": 6.107428957803687, "episode_std_rewards": 0.15113303749386148, "episode_value_ests": 58.77805169446882, "episode_values": 2.55194238895806, "episode_td_err": 50.93643141243616, "episode_avg_len": 54.65765027322404, "episode_std_avg_len": 31.104750027290123, "step_rewards": 0.11173969110039887, "step_value_ests": 60.882646288892715, "step_values": 2.9911231557857874, "step_td_err": 38.3388938978518}