{"dim0": 0.26666666666666666, "dim1": 0.4666666666666667, "scale": 15, "episode_rewards": 1.5191462077725093, "episode_std_rewards": 0.20033573406465055, "episode_value_ests": 40.081014343528715, "episode_values": 2.046983819647938, "episode_td_err": 44.05966178436002, "episode_avg_len": 22.078595871509, "episode_std_avg_len": 2.5992611426393877, "step_rewards": 0.06880628716669747, "step_value_ests": 39.84793609373093, "step_values": 2.266293550509366, "step_td_err": 42.81232153509179}