{"dim0": 0.26666666666666666, "dim1": -0.7333333333333333, "scale": 15, "episode_rewards": -6.765589267332359, "episode_std_rewards": 0.19625699480665237, "episode_value_ests": 32.92986035699266, "episode_values": -3.2773139087133085, "episode_td_err": 238.15937136870082, "episode_avg_len": 15.948488956223587, "episode_std_avg_len": 1.9519121999726925, "step_rewards": -0.4242150642548629, "step_value_ests": 33.33530902379939, "step_values": -3.2426900818599425, "step_td_err": 235.07446284767462}