{"dim0": 0.26666666666666666, "dim1": 0.4, "scale": 15, "episode_rewards": -0.267582012424835, "episode_std_rewards": 0.19155089583844576, "episode_value_ests": 36.25749420565501, "episode_values": -0.3179620546296795, "episode_td_err": 147.17712541339347, "episode_avg_len": 31.24133083411434, "episode_std_avg_len": 10.446768892676065, "step_rewards": -0.008565000442703474, "step_value_ests": 38.56339001534839, "step_values": -0.11177476779511783, "step_td_err": 137.21515652547728}