{"dim0": 0.26666666666666666, "dim1": -1.0, "scale": 15, "episode_rewards": -17.074520737081514, "episode_std_rewards": 0.1829486329321187, "episode_value_ests": 35.225556039147904, "episode_values": -4.978117390421534, "episode_td_err": 48.66897837181743, "episode_avg_len": 21.69711434150575, "episode_std_avg_len": 1.391803456965461, "step_rewards": -0.7869489217936511, "step_value_ests": 35.178732405808056, "step_values": -4.875092118099529, "step_td_err": 48.26801078173728}