{"dim0": 0.26666666666666666, "dim1": -0.2, "scale": 15, "episode_rewards": 12.094824384467492, "episode_std_rewards": 0.20878609440380727, "episode_value_ests": 32.94485753294995, "episode_values": 8.1412716764386, "episode_td_err": 36.06864008355198, "episode_avg_len": 32.13737146529563, "episode_std_avg_len": 12.644407169950446, "step_rewards": 0.376347654864319, "step_value_ests": 32.03363494385466, "step_values": 9.584244406306206, "step_td_err": 33.33816980128822}