{"dim0": 0.26666666666666666, "dim1": -0.8666666666666667, "scale": 15, "episode_rewards": -9.443894884921283, "episode_std_rewards": 0.2161293413930031, "episode_value_ests": 23.01436210669649, "episode_values": -4.661629285643622, "episode_td_err": 294.2216783844761, "episode_avg_len": 14.637221896955504, "episode_std_avg_len": 1.8251413306895576, "step_rewards": -0.6451972205795133, "step_value_ests": 23.049971020584458, "step_values": -4.573359116092279, "step_td_err": 292.27942178533823}