{"dim0": 0.26666666666666666, "dim1": -0.2, "scale": 15, "episode_rewards": 47.42452434432926, "episode_std_rewards": 0.11718373374581145, "episode_value_ests": 47.21749295657313, "episode_values": 19.007878521972803, "episode_td_err": 6.9800847824626056, "episode_avg_len": 88.12863436123348, "episode_std_avg_len": 45.91671467648014, "step_rewards": 0.5381284379142793, "step_value_ests": 48.87545387278482, "step_values": 20.58011527843644, "step_td_err": 5.588045776658417}