{"dim0": 0.26666666666666666, "dim1": 0.3333333333333333, "scale": 15, "episode_rewards": 4.305692663655364, "episode_std_rewards": 0.19765194318644716, "episode_value_ests": 41.54901571383488, "episode_values": 3.6595108951789013, "episode_td_err": 39.443509575522924, "episode_avg_len": 23.037433771020503, "episode_std_avg_len": 3.207534646744898, "step_rewards": 0.18689983903813226, "step_value_ests": 41.37950918237514, "step_values": 3.9349836093428756, "step_td_err": 38.347583615114985}