{"dim0": 0.26666666666666666, "dim1": 0.6666666666666666, "scale": 15, "episode_rewards": -4.193417423130032, "episode_std_rewards": 0.22167897450787924, "episode_value_ests": 9.217064683051866, "episode_values": -2.521310458819516, "episode_td_err": 252.6546258958265, "episode_avg_len": 17.619274136715998, "episode_std_avg_len": 2.949159631422889, "step_rewards": -0.23800171281696342, "step_value_ests": 9.611251110366963, "step_values": -2.4923847414605946, "step_td_err": 248.89433658153837}