{"dim0": 0.26666666666666666, "dim1": 0.26666666666666666, "scale": 15, "episode_rewards": 7.904201953609773, "episode_std_rewards": 0.16563693548502068, "episode_value_ests": 55.73660184587258, "episode_values": 2.487143143225533, "episode_td_err": 83.84943270001312, "episode_avg_len": 68.77613480055021, "episode_std_avg_len": 39.66334109919407, "step_rewards": 0.11492652177287724, "step_value_ests": 58.482329084802195, "step_values": 4.109711125887926, "step_td_err": 68.54604951064543}