{"dim0": 0.26666666666666666, "dim1": -0.6666666666666666, "scale": 15, "episode_rewards": -5.016145988858968, "episode_std_rewards": 0.19684870948684438, "episode_value_ests": 39.60096867389637, "episode_values": -2.2178080240460445, "episode_td_err": 192.16519058413576, "episode_avg_len": 17.602798803027635, "episode_std_avg_len": 4.394777258690104, "step_rewards": -0.2849629791823902, "step_value_ests": 40.350411427658756, "step_values": -2.2398918022014174, "step_td_err": 184.83183500873838}