{"dim0": 0.26666666666666666, "dim1": 0.4, "scale": 15, "episode_rewards": 2.800458134878561, "episode_std_rewards": 0.1959264896510812, "episode_value_ests": 40.78764724322144, "episode_values": 2.780986570211924, "episode_td_err": 41.71139594144429, "episode_avg_len": 22.480274249747104, "episode_std_avg_len": 2.7106289053831647, "step_rewards": 0.1245740200393714, "step_value_ests": 40.60924531656685, "step_values": 3.008487919601201, "step_td_err": 40.56544618487789}