{"dim0": 0.26666666666666666, "dim1": 0.9333333333333333, "scale": 15, "episode_rewards": -4.978759224499293, "episode_std_rewards": 0.1985712685944584, "episode_value_ests": 36.55433679017896, "episode_values": -1.2374467000677611, "episode_td_err": 60.21201108526584, "episode_avg_len": 20.359324104234528, "episode_std_avg_len": 2.9249151883645834, "step_rewards": -0.24454442588611097, "step_value_ests": 35.66492745220456, "step_values": -1.1296669817981326, "step_td_err": 58.86250415355226}