{"dim0": 0.26666666666666666, "dim1": -0.4, "scale": 15, "episode_rewards": 25.494779481913373, "episode_std_rewards": 0.13620097741951925, "episode_value_ests": 65.16006228986684, "episode_values": 6.651860719457685, "episode_td_err": 26.493750605026854, "episode_avg_len": 135.41435341909275, "episode_std_avg_len": 103.05939685163516, "step_rewards": 0.18827235694143732, "step_value_ests": 67.02692232164763, "step_values": 8.780847657968037, "step_td_err": 16.882515020993633}