{"dim0": 0.26666666666666666, "dim1": -0.7333333333333333, "scale": 15, "episode_rewards": -8.846894281485012, "episode_std_rewards": 0.1872209165011757, "episode_value_ests": 35.302676941723455, "episode_values": -1.2547454188241856, "episode_td_err": 44.763587360336565, "episode_avg_len": 22.42918021756196, "episode_std_avg_len": 1.9862860340269597, "step_rewards": -0.3944368093559624, "step_value_ests": 35.17481865426531, "step_values": -1.0735938078833693, "step_td_err": 44.208719262828346}