{"dim0": 0.3333333333333333, "dim1": -0.8666666666666667, "scale": 15, "episode_rewards": -14.464594210175175, "episode_std_rewards": 0.15740201335600393, "episode_value_ests": 34.939402322052985, "episode_values": -4.693374181570655, "episode_td_err": 53.030730097734, "episode_avg_len": 20.771315816803405, "episode_std_avg_len": 1.0079359745119991, "step_rewards": -0.6963735151758527, "step_value_ests": 34.921523158620424, "step_values": -4.631968805728846, "step_td_err": 52.75905180008225}