{"dim0": 0.3333333333333333, "dim1": -0.06666666666666667, "scale": 15, "episode_rewards": 18.609149693849066, "episode_std_rewards": 0.20825136636099437, "episode_value_ests": 35.06937551640526, "episode_values": 10.0365766990943, "episode_td_err": 34.1969478988565, "episode_avg_len": 45.29279891304348, "episode_std_avg_len": 27.253275676528652, "step_rewards": 0.4108633191244443, "step_value_ests": 35.29238342999593, "step_values": 12.672827404343352, "step_td_err": 29.063621111718014}