{"dim0": 0.3333333333333333, "dim1": 0.4666666666666667, "scale": 15, "episode_rewards": 0.2731956346441614, "episode_std_rewards": 0.19799132384916712, "episode_value_ests": 39.22199056028661, "episode_values": 1.3353196100857008, "episode_td_err": 46.203907079356945, "episode_avg_len": 21.7309865275967, "episode_std_avg_len": 2.150920349245225, "step_rewards": 0.01257170880379608, "step_value_ests": 38.983604953900205, "step_values": 1.5161980618644952, "step_td_err": 45.01507546752539}