{"dim0": 0.3333333333333333, "dim1": 0.6, "scale": 15, "episode_rewards": -1.7875565680538374, "episode_std_rewards": 0.19743769386691726, "episode_value_ests": 38.02371063412781, "episode_values": 0.24323175913609474, "episode_td_err": 51.199926671389946, "episode_avg_len": 21.20108119567522, "episode_std_avg_len": 2.2381421210215002, "step_rewards": -0.08431440602276827, "step_value_ests": 37.62948164910628, "step_values": 0.4048652975781156, "step_td_err": 49.97592317539596}