{"dim0": 0.3333333333333333, "dim1": 0.7333333333333333, "scale": 15, "episode_rewards": -5.828418063552523, "episode_std_rewards": 0.2483503585395534, "episode_value_ests": 2.1078146227299497, "episode_values": -3.662630294268522, "episode_td_err": 279.5429819718252, "episode_avg_len": 16.85646860514117, "episode_std_avg_len": 2.603614558299366, "step_rewards": -0.345767443945814, "step_value_ests": 2.4317087189613718, "step_values": -3.640067203913876, "step_td_err": 275.84528456419764}