{"dim0": 0.3333333333333333, "dim1": -0.06666666666666667, "scale": 15, "episode_rewards": 18.792866764820367, "episode_std_rewards": 0.13921226401243436, "episode_value_ests": 42.88746032916644, "episode_values": 11.371859603678333, "episode_td_err": 23.42104757298502, "episode_avg_len": 33.75054815314556, "episode_std_avg_len": 9.847873580256167, "step_rewards": 0.5568166383415871, "step_value_ests": 43.22284409235165, "step_values": 11.948084531993207, "step_td_err": 22.042624106736415}