{"dim0": 0.3333333333333333, "dim1": -0.3333333333333333, "scale": 15, "episode_rewards": 257.9332048137545, "episode_std_rewards": 0.09931380288245042, "episode_value_ests": 59.34331186539167, "episode_values": 31.320883276125628, "episode_td_err": 5.781087218190066, "episode_avg_len": 546.6775956284152, "episode_std_avg_len": 427.28813161792993, "step_rewards": 0.47181960057692846, "step_value_ests": 67.1052367354068, "step_values": 39.972213397823865, "step_td_err": 5.214478125448189}