{"dim0": 0.3333333333333333, "dim1": 0.2, "scale": 15, "episode_rewards": 5.8491206079071, "episode_std_rewards": 0.18996263518903864, "episode_value_ests": 42.1709384044161, "episode_values": 4.583146231670928, "episode_td_err": 36.90979081775916, "episode_avg_len": 23.80328454123527, "episode_std_avg_len": 4.006567103293136, "step_rewards": 0.2457274582326847, "step_value_ests": 42.040661200961985, "step_values": 4.925359055510244, "step_td_err": 36.02561399361241}