{"dim0": 0.3333333333333333, "dim1": 0.2, "scale": 15, "episode_rewards": 27.234897042879524, "episode_std_rewards": 0.1751698721846696, "episode_value_ests": 63.038126476838066, "episode_values": 5.9818084760525085, "episode_td_err": 61.08181989316252, "episode_avg_len": 162.6260162601626, "episode_std_avg_len": 142.96717449012831, "step_rewards": 0.16746949638925068, "step_value_ests": 65.50318674732434, "step_values": 11.431235923204907, "step_td_err": 36.963905958403}