{"dim0": 0.3333333333333333, "dim1": -0.3333333333333333, "scale": 15, "episode_rewards": -0.1313364091228594, "episode_std_rewards": 0.18957459479043068, "episode_value_ests": 35.62486491413286, "episode_values": 1.6221464923344748, "episode_td_err": 47.50325242114124, "episode_avg_len": 22.526410631827908, "episode_std_avg_len": 3.6137346823180208, "step_rewards": -0.005830330063205551, "step_value_ests": 35.24550289279022, "step_values": 2.0414933133128828, "step_td_err": 46.54497882330725}