{"dim0": 0.3333333333333333, "dim1": -0.6666666666666666, "scale": 15, "episode_rewards": -9.103415466238674, "episode_std_rewards": 0.160031251989538, "episode_value_ests": 35.264690228294626, "episode_values": -2.3501936894305406, "episode_td_err": 50.86964265109891, "episode_avg_len": 21.058854495683303, "episode_std_avg_len": 1.3201908213158313, "step_rewards": -0.4322844563128881, "step_value_ests": 35.215695442081284, "step_values": -2.2510982138117126, "step_td_err": 50.49988397012108}