{"dim0": 0.3333333333333333, "dim1": 0.9333333333333333, "scale": 15, "episode_rewards": -5.734006240481757, "episode_std_rewards": 0.2032890554178023, "episode_value_ests": 36.72839036617436, "episode_values": -1.6132364975462279, "episode_td_err": 63.12166165851502, "episode_avg_len": 19.96576162906768, "episode_std_avg_len": 3.18710556281302, "step_rewards": -0.28719196126902335, "step_value_ests": 35.6034398344816, "step_values": -1.5181957801020913, "step_td_err": 61.45768713919227}