{"dim0": 0.3333333333333333, "dim1": -0.8, "scale": 15, "episode_rewards": -12.66597164389603, "episode_std_rewards": 0.15725379557212596, "episode_value_ests": 35.00907063724659, "episode_values": -3.918907015054408, "episode_td_err": 52.2492881662792, "episode_avg_len": 20.83262160191647, "episode_std_avg_len": 1.071742850529284, "step_rewards": -0.6079874096465537, "step_value_ests": 34.98268708744485, "step_values": -3.8501374306295575, "step_td_err": 51.95493376874291}