{"dim0": 0.3333333333333333, "dim1": 0.5333333333333333, "scale": 15, "episode_rewards": -0.7753223301857082, "episode_std_rewards": 0.1979965920363948, "episode_value_ests": 38.51226141645135, "episode_values": 0.7717131736616611, "episode_td_err": 48.136325016125305, "episode_avg_len": 21.49344508918977, "episode_std_avg_len": 2.2010025495996457, "step_rewards": -0.03607250149840614, "step_value_ests": 38.2203987683459, "step_values": 0.943189964844854, "step_td_err": 47.054956376571354}