{"dim0": 0.3333333333333333, "dim1": -0.6, "scale": 15, "episode_rewards": 0.453083980730215, "episode_std_rewards": 0.16729681809735916, "episode_value_ests": 52.6228821575909, "episode_values": 0.6860613704394938, "episode_td_err": 90.13467575748564, "episode_avg_len": 31.734412184673964, "episode_std_avg_len": 16.31259666913824, "step_rewards": 0.014277371141887119, "step_value_ests": 54.33254384454697, "step_values": 0.9570406516701736, "step_td_err": 75.55200018975471}