{"dim0": 0.3333333333333333, "dim1": 0.06666666666666667, "scale": 15, "episode_rewards": 44.184454388720255, "episode_std_rewards": 0.18497874716034243, "episode_value_ests": 47.07399921181715, "episode_values": 16.089429929042915, "episode_td_err": 35.68433073659184, "episode_avg_len": 106.1342175066313, "episode_std_avg_len": 84.82704214163729, "step_rewards": 0.4163073457997615, "step_value_ests": 49.21737429123088, "step_values": 22.10702805172213, "step_td_err": 29.049800455104474}