{"dim0": 0.3333333333333333, "dim1": 0.9333333333333333, "scale": 15, "episode_rewards": -8.756464153987062, "episode_std_rewards": 0.29754776574125863, "episode_value_ests": -8.781048083887972, "episode_values": -5.2740677894988055, "episode_td_err": 306.8096534472265, "episode_avg_len": 15.6769869885562, "episode_std_avg_len": 2.4353992952321883, "step_rewards": -0.5585552989473715, "step_value_ests": -8.787227332947241, "step_values": -5.1790014114823375, "step_td_err": 302.79517713475053}