{"dim0": 0.3333333333333333, "dim1": -0.7333333333333333, "scale": 15, "episode_rewards": -5.058968938270438, "episode_std_rewards": 0.1970510395780978, "episode_value_ests": 39.559306590779265, "episode_values": -2.255505974126475, "episode_td_err": 191.29295128497026, "episode_avg_len": 17.55415130770581, "episode_std_avg_len": 4.239754852338661, "step_rewards": -0.28819216888313387, "step_value_ests": 40.27916124548967, "step_values": -2.2774547876005133, "step_td_err": 184.3992408874653}