{"dim0": 0.3333333333333333, "dim1": -1.0, "scale": 15, "episode_rewards": -18.251511920075504, "episode_std_rewards": 0.16184945208674498, "episode_value_ests": 34.6566900842539, "episode_values": -6.372654277191561, "episode_td_err": 54.75670182967295, "episode_avg_len": 20.62545117046509, "episode_std_avg_len": 0.9412810245174145, "step_rewards": -0.8849024328840388, "step_value_ests": 34.64348910204283, "step_values": -6.320499954659128, "step_td_err": 54.49533229762978}