{"dim0": 0.3333333333333333, "dim1": 0.8, "scale": 15, "episode_rewards": -4.270555744764192, "episode_std_rewards": 0.19247525201568688, "episode_value_ests": 36.68978272946227, "episode_values": -0.9141258281437818, "episode_td_err": 58.14935489458007, "episode_avg_len": 20.629190304280556, "episode_std_avg_len": 2.7101691701400443, "step_rewards": -0.20701518972744423, "step_value_ests": 35.9612613248229, "step_values": -0.7980185623187317, "step_td_err": 56.915125733579096}