{"dim0": 0.3333333333333333, "dim1": 0.4666666666666667, "scale": 15, "episode_rewards": -3.6971302000563253, "episode_std_rewards": 0.1995865287924191, "episode_value_ests": 26.409972163710112, "episode_values": -2.4336156380887766, "episode_td_err": 190.6893975002662, "episode_avg_len": 26.373681434599156, "episode_std_avg_len": 7.861362906163151, "step_rewards": -0.14018256075566785, "step_value_ests": 28.333014908094018, "step_values": -2.4538141746215514, "step_td_err": 181.90490655447567}