{"dim0": 0.3333333333333333, "dim1": -0.4, "scale": 15, "episode_rewards": 200.20919644728787, "episode_std_rewards": 0.11306289520763259, "episode_value_ests": 69.03729438004656, "episode_values": 24.263497259193187, "episode_td_err": 10.642421103805706, "episode_avg_len": 574.4699140401146, "episode_std_avg_len": 328.4651592523719, "step_rewards": 0.3485111953718563, "step_value_ests": 70.15092528587125, "step_values": 28.888627077438095, "step_td_err": 6.3701796954424}