{"dim0": 0.3333333333333333, "dim1": 0.13333333333333333, "scale": 15, "episode_rewards": 7.849545457102802, "episode_std_rewards": 0.18244137471957725, "episode_value_ests": 42.61047144506689, "episode_values": 5.730505950235382, "episode_td_err": 33.87705885758769, "episode_avg_len": 24.83794859058736, "episode_std_avg_len": 4.717283730122415, "step_rewards": 0.31603034479576475, "step_value_ests": 42.511491057196864, "step_values": 6.120530754398024, "step_td_err": 33.13619194367322}