{"dim0": 0.3333333333333333, "dim1": 0.0, "scale": 15, "episode_rewards": 14.13073182703062, "episode_std_rewards": 0.16143093459027358, "episode_value_ests": 42.78309266166669, "episode_values": 9.177529264412726, "episode_td_err": 27.440292245437718, "episode_avg_len": 29.433343143025308, "episode_std_avg_len": 7.636754050348459, "step_rewards": 0.48009265404766355, "step_value_ests": 42.87656059117172, "step_values": 9.70094904708277, "step_td_err": 26.32883365400724}