{"dim0": 0.3333333333333333, "dim1": 0.06666666666666667, "scale": 15, "episode_rewards": 10.60101980973427, "episode_std_rewards": 0.17352682150985774, "episode_value_ests": 42.79901544228645, "episode_values": 7.303132655678127, "episode_td_err": 30.70333890558053, "episode_avg_len": 26.601143769118234, "episode_std_avg_len": 5.968918365677534, "step_rewards": 0.39851744352591306, "step_value_ests": 42.76106027113116, "step_values": 7.769006015198834, "step_td_err": 29.83245408970142}