{"dim0": 0.3333333333333333, "dim1": -0.8, "scale": 15, "episode_rewards": -6.755331745139975, "episode_std_rewards": 0.19786017563035976, "episode_value_ests": 32.98639599161089, "episode_values": -3.2692225253803087, "episode_td_err": 238.02292818025734, "episode_avg_len": 15.976515696141865, "episode_std_avg_len": 2.040979162887113, "step_rewards": -0.4228288491445795, "step_value_ests": 33.38971408228819, "step_values": -3.2367525600685, "step_td_err": 234.8486513318274}