{"dim0": 0.3333333333333333, "dim1": 0.6666666666666666, "scale": 15, "episode_rewards": -5.0728382222294695, "episode_std_rewards": 0.2327565631231886, "episode_value_ests": 6.682687715796372, "episode_values": -3.2351939864701205, "episode_td_err": 266.18283043416443, "episode_avg_len": 17.84121320249777, "episode_std_avg_len": 3.3935889535662414, "step_rewards": -0.28433258235596176, "step_value_ests": 7.287285708506704, "step_values": -3.2403483138699998, "step_td_err": 261.5569481070319}