{"dim0": 0.3333333333333333, "dim1": -0.13333333333333333, "scale": 15, "episode_rewards": 11.42531537331836, "episode_std_rewards": 0.22851696972138383, "episode_value_ests": 34.267431167474214, "episode_values": 7.137724250695583, "episode_td_err": 39.40677813576283, "episode_avg_len": 33.53326629797218, "episode_std_avg_len": 17.274259986836462, "step_rewards": 0.3407158512921024, "step_value_ests": 33.541372223328466, "step_values": 9.349328701202172, "step_td_err": 34.89832675621966}