{"dim0": 0.3333333333333333, "dim1": -0.5333333333333333, "scale": 15, "episode_rewards": 6.2573430526701665, "episode_std_rewards": 0.14975523446488434, "episode_value_ests": 58.98164351342036, "episode_values": 2.630390273748965, "episode_td_err": 51.757081487732854, "episode_avg_len": 55.61301084236864, "episode_std_avg_len": 32.71141246912049, "step_rewards": 0.11251581163994495, "step_value_ests": 61.205551459335744, "step_values": 3.1442220420397216, "step_td_err": 38.24959310080806}