{"dim0": 0.3333333333333333, "dim1": -0.26666666666666666, "scale": 15, "episode_rewards": 2.4202861441255084, "episode_std_rewards": 0.20336071397269248, "episode_value_ests": 35.3879579693875, "episode_values": 2.830983454220584, "episode_td_err": 46.09710333797457, "episode_avg_len": 23.894516784135707, "episode_std_avg_len": 6.085205717563026, "step_rewards": 0.10129044106606121, "step_value_ests": 34.741299505063814, "step_values": 3.625690341130225, "step_td_err": 44.50382722915217}