{"dim0": 0.3333333333333333, "dim1": -0.4666666666666667, "scale": 15, "episode_rewards": -3.8668309929162974, "episode_std_rewards": 0.16724658323248254, "episode_value_ests": 35.55977842975047, "episode_values": -0.045989133349689966, "episode_td_err": 48.841213510302715, "episode_avg_len": 21.599568034557237, "episode_std_avg_len": 2.0321178738318, "step_rewards": -0.17902353356001097, "step_value_ests": 35.41196299535099, "step_values": 0.13776903631804205, "step_td_err": 48.290595071390875}