{"dim0": 0.3333333333333333, "dim1": -1.0, "scale": 15, "episode_rewards": -10.777687020883205, "episode_std_rewards": 0.23006207546944574, "episode_value_ests": 19.475316385710553, "episode_values": -5.309838468672151, "episode_td_err": 309.17046680267015, "episode_avg_len": 14.234075866486371, "episode_std_avg_len": 2.017627895337212, "step_rewards": -0.7571750440264892, "step_value_ests": 19.37337667620169, "step_values": -5.197858141154301, "step_td_err": 306.76286419067316}