{"dim0": 0.3333333333333333, "dim1": 0.8, "scale": 15, "episode_rewards": -6.575661867412912, "episode_std_rewards": 0.264552544942131, "episode_value_ests": -1.8156777086728235, "episode_values": -4.095186997965227, "episode_td_err": 288.95431102991716, "episode_avg_len": 16.284644194756556, "episode_std_avg_len": 2.2922894177484725, "step_rewards": -0.40379524346808826, "step_value_ests": -1.6386062495084417, "step_values": -4.048950257281124, "step_td_err": 286.0247245869166}