{"dim0": 0.3333333333333333, "dim1": -0.2, "scale": 15, "episode_rewards": 5.750056408988277, "episode_std_rewards": 0.22267354980403198, "episode_value_ests": 34.940363261781926, "episode_values": 4.439560851670751, "episode_td_err": 43.79150514800332, "episode_avg_len": 26.554567180031864, "episode_std_avg_len": 9.79744792174011, "step_rewards": 0.2165373801803904, "step_value_ests": 34.04052955757431, "step_values": 5.8433541823996995, "step_td_err": 41.08884005139294}