{"dim0": 0.3333333333333333, "dim1": 0.4, "scale": 15, "episode_rewards": 1.3950772603954065, "episode_std_rewards": 0.19883641451520898, "episode_value_ests": 40.05633113040396, "episode_values": 1.970943549414673, "episode_td_err": 44.37519131925989, "episode_avg_len": 21.995930935884747, "episode_std_avg_len": 2.1971170097615413, "step_rewards": 0.06342433354886745, "step_value_ests": 39.8637809859283, "step_values": 2.1710354824469635, "step_td_err": 43.15195928607129}