{"dim0": 0.3333333333333333, "dim1": -0.9333333333333333, "scale": 15, "episode_rewards": -9.518315763074876, "episode_std_rewards": 0.21667808657803894, "episode_value_ests": 22.905061435976634, "episode_values": -4.714238516135188, "episode_td_err": 295.70291639859545, "episode_avg_len": 14.60026279290459, "episode_std_avg_len": 1.688300000385583, "step_rewards": -0.6519277014452486, "step_value_ests": 22.944408867272728, "step_values": -4.636260869365641, "step_td_err": 293.91833169115824}