{"dim0": 0.3333333333333333, "dim1": -0.4, "scale": 15, "episode_rewards": -2.0604815616413137, "episode_std_rewards": 0.17578406553566134, "episode_value_ests": 35.67098583109667, "episode_values": 0.7416257808821879, "episode_td_err": 48.33034870967078, "episode_avg_len": 21.941202281702502, "episode_std_avg_len": 2.594896694915441, "step_rewards": -0.09390923684066382, "step_value_ests": 35.446234832745546, "step_values": 1.0011321008425584, "step_td_err": 47.64055742763608}