{"dim0": 0.3333333333333333, "dim1": 0.8666666666666667, "scale": 15, "episode_rewards": -7.616248384360847, "episode_std_rewards": 0.280136521975767, "episode_value_ests": -5.587842292060079, "episode_values": -4.643804767477408, "episode_td_err": 298.64310669138155, "episode_avg_len": 15.931495937549785, "episode_std_avg_len": 2.270343510307353, "step_rewards": -0.4780623498393336, "step_value_ests": -5.5237510360507525, "step_values": -4.5752771846243725, "step_td_err": 295.5472971155985}