{"dim0": 0.3333333333333333, "dim1": -0.9333333333333333, "scale": 15, "episode_rewards": -16.31056382718272, "episode_std_rewards": 0.1578999868548475, "episode_value_ests": 34.80581695588845, "episode_values": -5.507802590900967, "episode_td_err": 53.88210125646205, "episode_avg_len": 20.68976931829937, "episode_std_avg_len": 0.9622339070181608, "step_rewards": -0.7883395690041165, "step_value_ests": 34.789031660573244, "step_values": -5.452673614131295, "step_td_err": 53.62626822895983}