{"dim0": 0.3333333333333333, "dim1": 0.26666666666666666, "scale": 15, "episode_rewards": 3.2195662973154264, "episode_std_rewards": 0.16134982802519435, "episode_value_ests": 56.621899588902735, "episode_values": 0.25621206620022463, "episode_td_err": 91.58040034054757, "episode_avg_len": 71.9658396260338, "episode_std_avg_len": 45.89074370393531, "step_rewards": 0.044737424228574435, "step_value_ests": 59.494459470470254, "step_values": 1.9248177354956153, "step_td_err": 73.3215796988288}