{"dim0": 0.3333333333333333, "dim1": 0.6, "scale": 15, "episode_rewards": -4.589298973954998, "episode_std_rewards": 0.22207981185271178, "episode_value_ests": 12.102539079939081, "episode_values": -2.9632838610531484, "episode_td_err": 248.3179819258617, "episode_avg_len": 19.45253841665046, "episode_std_avg_len": 4.576069732253768, "step_rewards": -0.2359228844923794, "step_value_ests": 13.085893702496977, "step_values": -3.0156928518357318, "step_td_err": 241.96659291960503}