{"dim0": 0.3333333333333333, "dim1": -0.7333333333333333, "scale": 15, "episode_rewards": -10.854531933980896, "episode_std_rewards": 0.15849727134212643, "episode_value_ests": 35.163403763795685, "episode_values": -3.126430148647508, "episode_td_err": 51.512012582479784, "episode_avg_len": 20.921548117154813, "episode_std_avg_len": 1.1503665546371886, "step_rewards": -0.5188206854100164, "step_value_ests": 35.13142824817744, "step_values": -3.0484162355845044, "step_td_err": 51.20257131473242}