{"dim0": 0.3333333333333333, "dim1": 0.4, "scale": 15, "episode_rewards": -2.85136592230366, "episode_std_rewards": 0.1922221605172769, "episode_value_ests": 35.797237644501344, "episode_values": -2.0131660299176377, "episode_td_err": 156.9195814172538, "episode_avg_len": 32.560384114583336, "episode_std_avg_len": 10.722178125675118, "step_rewards": -0.08757163036742474, "step_value_ests": 38.23200349659576, "step_values": -1.9101823683235757, "step_td_err": 146.31819464721806}