{"dim0": 0.3333333333333333, "dim1": -0.4666666666666667, "scale": 15, "episode_rewards": 23.877605312647383, "episode_std_rewards": 0.15032898862045763, "episode_value_ests": 64.90006312036365, "episode_values": 5.983000836164689, "episode_td_err": 27.46754916489147, "episode_avg_len": 136.24727520435968, "episode_std_avg_len": 96.15794808706094, "step_rewards": 0.1752519841357043, "step_value_ests": 66.95177315399002, "step_values": 8.056304576935403, "step_td_err": 17.345467015836892}