{"dim0": 0.3333333333333333, "dim1": 0.7333333333333333, "scale": 15, "episode_rewards": -3.4417853302831833, "episode_std_rewards": 0.19335742638247197, "episode_value_ests": 36.98789730116356, "episode_values": -0.5345739401567037, "episode_td_err": 55.64047159434618, "episode_avg_len": 20.85340423313523, "episode_std_avg_len": 2.550703357661806, "step_rewards": -0.16504668934649638, "step_value_ests": 36.39504213767875, "step_values": -0.3993187170311784, "step_td_err": 54.47470885757874}