{"dim0": 0.3333333333333333, "dim1": 0.3333333333333333, "scale": 15, "episode_rewards": -1.262564744049449, "episode_std_rewards": 0.17430092505234443, "episode_value_ests": 46.39823694859192, "episode_values": -1.287933966218697, "episode_td_err": 123.29846646256095, "episode_avg_len": 43.3017969257415, "episode_std_avg_len": 17.50351645668154, "step_rewards": -0.02915732911072093, "step_value_ests": 48.99151106068222, "step_values": -0.8818817577868767, "step_td_err": 111.33032948445947}