{"dim0": 0.3333333333333333, "dim1": -0.26666666666666666, "scale": 15, "episode_rewards": 47.021480766024986, "episode_std_rewards": 0.12432425121457735, "episode_value_ests": 47.18865864203352, "episode_values": 18.865703409121995, "episode_td_err": 7.037197317466696, "episode_avg_len": 88.46881910659, "episode_std_avg_len": 46.2060700282023, "step_rewards": 0.5315034295797714, "step_value_ests": 48.82987163138922, "step_values": 20.375495058621635, "step_td_err": 5.672821127404043}