{"dim0": 0.3333333333333333, "dim1": -0.8666666666666667, "scale": 15, "episode_rewards": -8.322638373423972, "episode_std_rewards": 0.20292687567257192, "episode_value_ests": 27.41813726525839, "episode_values": -4.167911482479567, "episode_td_err": 274.8606520016879, "episode_avg_len": 15.145237013478722, "episode_std_avg_len": 1.3847089972731343, "step_rewards": -0.5495218309239479, "step_value_ests": 27.619961180696155, "step_values": -4.119748356867487, "step_td_err": 272.95886819710466}