{"dim0": 0.3333333333333333, "dim1": 0.5333333333333333, "scale": 15, "episode_rewards": -4.1707441216024215, "episode_std_rewards": 0.20740613504822475, "episode_value_ests": 18.61054019907041, "episode_values": -2.7178962464939733, "episode_td_err": 222.10767794199688, "episode_avg_len": 22.199112097669257, "episode_std_avg_len": 6.13123942452795, "step_rewards": -0.18787887115720808, "step_value_ests": 20.071548758260576, "step_values": -2.7929120773297313, "step_td_err": 214.05370268562345}