{"dim0": 0.3333333333333333, "dim1": -0.5333333333333333, "scale": 15, "episode_rewards": -5.527774902776659, "episode_std_rewards": 0.16179933416632175, "episode_value_ests": 35.44922441495875, "episode_values": -0.7836907701729107, "episode_td_err": 49.39885038277067, "episode_avg_len": 21.37629582131025, "episode_std_avg_len": 1.6645619631423723, "step_rewards": -0.25859367539562034, "step_value_ests": 35.351995815211886, "step_values": -0.6438571478423265, "step_td_err": 48.945292903110584}