{"dim0": 0.3333333333333333, "dim1": 1.0, "scale": 15, "episode_rewards": -6.431789644581735, "episode_std_rewards": 0.2081379865827818, "episode_value_ests": 36.99279043170677, "episode_values": -1.907460872202262, "episode_td_err": 65.13029570975182, "episode_avg_len": 19.64077383875086, "episode_std_avg_len": 3.4108495709219104, "step_rewards": -0.32747129504092864, "step_value_ests": 35.66210288977552, "step_values": -1.8193189802403478, "step_td_err": 63.21752311003926}