{"dim0": 0.3333333333333333, "dim1": 0.13333333333333333, "scale": 15, "episode_rewards": 55.91415990436321, "episode_std_rewards": 0.1879494250825123, "episode_value_ests": 57.8031450542083, "episode_values": 15.761127242088923, "episode_td_err": 45.03337971471806, "episode_avg_len": 163.46323529411765, "episode_std_avg_len": 133.40223815621846, "step_rewards": 0.34205954509439057, "step_value_ests": 60.09679857687563, "step_values": 22.410235016439252, "step_td_err": 30.706308601803634}