{"dim0": 0.4, "dim1": -0.7333333333333333, "scale": 15, "episode_rewards": -2.857140394748046, "episode_std_rewards": 0.18863159983089314, "episode_value_ests": 45.871914921666, "episode_values": -0.9417791982503495, "episode_td_err": 141.842172921289, "episode_avg_len": 21.34314980793854, "episode_std_avg_len": 8.677316437266855, "step_rewards": -0.13386685753783814, "step_value_ests": 47.0153512727574, "step_values": -0.9173503071675063, "step_td_err": 129.4090976669633}