{"dim0": 0.4, "dim1": -0.2, "scale": 15, "episode_rewards": 1.276753555791663, "episode_std_rewards": 0.195316529229924, "episode_value_ests": 36.0524438208564, "episode_values": 1.465672121874028, "episode_td_err": 50.988367435367465, "episode_avg_len": 23.449759643569, "episode_std_avg_len": 8.236983549572498, "step_rewards": 0.05444633869165509, "step_value_ests": 35.46602482815396, "step_values": 2.4707963342766326, "step_td_err": 48.890309663349655}