{"dim0": 0.4, "dim1": -1.0, "scale": 15, "episode_rewards": -18.928414990969284, "episode_std_rewards": 0.150071426155496, "episode_value_ests": 34.113753852526386, "episode_values": -7.304404905208677, "episode_td_err": 60.319818441852725, "episode_avg_len": 19.899910456670977, "episode_std_avg_len": 0.7552627625894671, "step_rewards": -0.9511809127072718, "step_value_ests": 34.10630360066486, "step_values": -7.274039158314571, "step_td_err": 60.11849221782154}