{"dim0": 0.4, "dim1": -0.3333333333333333, "scale": 15, "episode_rewards": 46.189663357811995, "episode_std_rewards": 0.11913698692297442, "episode_value_ests": 47.024495051191906, "episode_values": 18.792698649664395, "episode_td_err": 7.074852129310836, "episode_avg_len": 85.77315608919382, "episode_std_avg_len": 44.28156731567611, "step_rewards": 0.5385095461542801, "step_value_ests": 48.64101594104208, "step_values": 20.268996729607565, "step_td_err": 5.769617274563156}