{"dim0": 0.4, "dim1": 1.0, "scale": 15, "episode_rewards": -11.135975905962317, "episode_std_rewards": 0.3125357368426229, "episode_value_ests": -14.174747753320482, "episode_values": -6.62832720702871, "episode_td_err": 348.5736694140727, "episode_avg_len": 15.433443938575508, "episode_std_avg_len": 2.491692275469431, "step_rewards": -0.7215483433433949, "step_value_ests": -14.258332218607258, "step_values": -6.559631202816518, "step_td_err": 343.09624005864424}