{"dim0": 0.4, "dim1": 0.4666666666666667, "scale": 15, "episode_rewards": -0.804565833559737, "episode_std_rewards": 0.196728267788691, "episode_value_ests": 38.574717719307635, "episode_values": 0.7576900671121247, "episode_td_err": 48.80712447007286, "episode_avg_len": 21.458856345885636, "episode_std_avg_len": 2.1559833686454244, "step_rewards": -0.03749341626558764, "step_value_ests": 38.27281979309238, "step_values": 0.929403461099465, "step_td_err": 47.523504849778696}