{"dim0": 0.4, "dim1": -0.8666666666666667, "scale": 15, "episode_rewards": -15.388332150136632, "episode_std_rewards": 0.14684520600294085, "episode_value_ests": 34.34163822573125, "episode_values": -5.81099738312583, "episode_td_err": 58.76751181794814, "episode_avg_len": 19.9647634258335, "episode_std_avg_len": 0.7658983408055634, "step_rewards": -0.7707745802900338, "step_value_ests": 34.3350701591581, "step_values": -5.776499975483608, "step_td_err": 58.56355307602977}