{"dim0": 0.4, "dim1": -0.3333333333333333, "scale": 15, "episode_rewards": -2.941178031051005, "episode_std_rewards": 0.14918434278900297, "episode_value_ests": 35.983761714236984, "episode_values": -0.565488521577077, "episode_td_err": 54.43176855554522, "episode_avg_len": 20.743206803567723, "episode_std_avg_len": 2.2433884988137938, "step_rewards": -0.1417899391787936, "step_value_ests": 35.85444421213369, "step_values": -0.41694950675584214, "step_td_err": 53.95298029468154}