{"dim0": 0.4, "dim1": -0.4, "scale": 15, "episode_rewards": 272.4068092420138, "episode_std_rewards": 0.0979021630550625, "episode_value_ests": 59.916834122339296, "episode_values": 32.27442092568327, "episode_td_err": 5.187541799357363, "episode_avg_len": 577.7982708933718, "episode_std_avg_len": 423.018349657395, "step_rewards": 0.4714566016627703, "step_value_ests": 67.18666481937969, "step_values": 40.275620181255576, "step_td_err": 5.160866269221765}