{"dim0": 0.4, "dim1": 0.7333333333333333, "scale": 15, "episode_rewards": -4.2241760749105834, "episode_std_rewards": 0.1945491459148006, "episode_value_ests": 36.592521713912134, "episode_values": -0.9006737657734195, "episode_td_err": 57.86124288647102, "episode_avg_len": 20.660985435388906, "episode_std_avg_len": 2.735364359611212, "step_rewards": -0.2044518199831484, "step_value_ests": 35.867925703711194, "step_values": -0.7761134239072124, "step_td_err": 56.63428722589746}