{"dim0": 0.4, "dim1": 0.8, "scale": 15, "episode_rewards": -7.4385652050303595, "episode_std_rewards": 0.2734215730564428, "episode_value_ests": -5.425523916057045, "episode_values": -4.698338308794894, "episode_td_err": 307.97191409501073, "episode_avg_len": 16.386808684965178, "episode_std_avg_len": 2.5602270388857096, "step_rewards": -0.45393617195611785, "step_value_ests": -5.30345407778379, "step_values": -4.661882288935864, "step_td_err": 303.72944193606725}