{"dim0": 0.4, "dim1": 0.5333333333333333, "scale": 15, "episode_rewards": -1.7667286666850417, "episode_std_rewards": 0.19670283610634334, "episode_value_ests": 37.97974003868718, "episode_values": 0.25580838311670034, "episode_td_err": 51.0814094749751, "episode_avg_len": 21.23967293193161, "episode_std_avg_len": 2.2649702140128323, "step_rewards": -0.08318059662910116, "step_value_ests": 37.59564840747777, "step_values": 0.4166894428414478, "step_td_err": 49.90140918188958}