{"dim0": 0.4, "dim1": 0.26666666666666666, "scale": 15, "episode_rewards": -3.824394529119224, "episode_std_rewards": 0.17050744362650386, "episode_value_ests": 55.717128084498825, "episode_values": -3.0164728385315507, "episode_td_err": 102.53232713706991, "episode_avg_len": 68.019721183271, "episode_std_avg_len": 41.624341511267666, "step_rewards": -0.05622478984903291, "step_value_ests": 58.588251602243815, "step_values": -1.9708605845241687, "step_td_err": 82.42221531212616}