{"dim0": 0.4, "dim1": 0.6, "scale": 15, "episode_rewards": -2.56829987392003, "episode_std_rewards": 0.1948812968451572, "episode_value_ests": 37.34335859470558, "episode_values": -0.11256843440466335, "episode_td_err": 53.34581008697107, "episode_avg_len": 21.09227037857218, "episode_std_avg_len": 2.3833817651573543, "step_rewards": -0.12176497967374758, "step_value_ests": 36.87007841859604, "step_values": 0.03959165182973896, "step_td_err": 52.10525640611272}