{"dim0": 0.4, "dim1": 0.13333333333333333, "scale": 15, "episode_rewards": 5.835656257553575, "episode_std_rewards": 0.1911332555390621, "episode_value_ests": 42.17904848262174, "episode_values": 4.572629650750867, "episode_td_err": 36.832791003378034, "episode_avg_len": 23.706530757378214, "episode_std_avg_len": 3.7699234898113603, "step_rewards": 0.24616238948152866, "step_value_ests": 42.03600777159633, "step_values": 4.889766808823115, "step_td_err": 35.8763298189853}