{"dim0": 0.4, "dim1": 0.5333333333333333, "scale": 15, "episode_rewards": -5.858463837440059, "episode_std_rewards": 0.21403516304855336, "episode_value_ests": 15.970413656552378, "episode_values": -3.906186722294302, "episode_td_err": 236.92553711395487, "episode_avg_len": 22.82992809040064, "episode_std_avg_len": 6.427815518012564, "step_rewards": -0.25661332853270713, "step_value_ests": 17.619569347635643, "step_values": -4.0649027437930085, "step_td_err": 228.93370397347493}