{"dim0": 0.4, "dim1": 0.2, "scale": 15, "episode_rewards": 7.206742597797918, "episode_std_rewards": 0.18431748163714026, "episode_value_ests": 60.905628041879005, "episode_values": 1.01202804112678, "episode_td_err": 77.28029833630859, "episode_avg_len": 113.85096700796359, "episode_std_avg_len": 86.53771677124126, "step_rewards": 0.06329979259020105, "step_value_ests": 63.25959598073848, "step_values": 4.174884076161762, "step_td_err": 53.81102206679106}