{"dim0": 0.4, "dim1": 0.2, "scale": 15, "episode_rewards": 4.163498836045396, "episode_std_rewards": 0.19773917431999627, "episode_value_ests": 41.62536436377675, "episode_values": 3.573035608751088, "episode_td_err": 39.86246341044408, "episode_avg_len": 22.955354068633078, "episode_std_avg_len": 3.148449120470464, "step_rewards": 0.18137375810441247, "step_value_ests": 41.45161135903472, "step_values": 3.8575466851409215, "step_td_err": 38.73566777828157}