{"dim0": 0.4, "dim1": 0.3333333333333333, "scale": 15, "episode_rewards": -5.336055017309229, "episode_std_rewards": 0.17899614183133397, "episode_value_ests": 45.0718865247261, "episode_values": -3.6679858506704455, "episode_td_err": 136.5828808112619, "episode_avg_len": 43.31139021221308, "episode_std_avg_len": 17.623991365435558, "step_rewards": -0.12320211822257673, "step_value_ests": 47.90751108331632, "step_values": -3.4348403920873087, "step_td_err": 122.54154209555797}