{"dim0": 0.4, "dim1": 0.4, "scale": 15, "episode_rewards": 0.28305152125781463, "episode_std_rewards": 0.2020593253046608, "episode_value_ests": 39.32979101568811, "episode_values": 1.3582026302113042, "episode_td_err": 46.4799300059972, "episode_avg_len": 21.72938620315046, "episode_std_avg_len": 2.2202196854382636, "step_rewards": 0.013026208776057193, "step_value_ests": 39.07471211686965, "step_values": 1.5532191312679566, "step_td_err": 45.14128726296699}