{"dim0": 0.4, "dim1": 0.6666666666666666, "scale": 15, "episode_rewards": -6.068814807986327, "episode_std_rewards": 0.24103754359656968, "episode_value_ests": 3.5081064885925866, "episode_values": -3.993360706659448, "episode_td_err": 281.9284183591723, "episode_avg_len": 18.07300984910093, "episode_std_avg_len": 3.7332561408754845, "step_rewards": -0.3357943617945978, "step_value_ests": 4.150617775807108, "step_values": -4.060530273883367, "step_td_err": 276.30661236076196}