{"dim0": 0.4, "dim1": -0.6, "scale": 15, "episode_rewards": -8.901361037698836, "episode_std_rewards": 0.13917445606875767, "episode_value_ests": 34.96215137001782, "episode_values": -3.0727667405314905, "episode_td_err": 56.38955461282226, "episode_avg_len": 20.151738035264483, "episode_std_avg_len": 0.9279039795982805, "step_rewards": -0.44171678999210495, "step_value_ests": 34.94806006300606, "step_values": -3.0242656111489588, "step_td_err": 56.15369150018462}