{"dim0": 0.4, "dim1": -0.4666666666666667, "scale": 15, "episode_rewards": -5.889355780156556, "episode_std_rewards": 0.1419734393421336, "episode_value_ests": 35.43664275817006, "episode_values": -1.8038705460034716, "episode_td_err": 55.360096715576894, "episode_avg_len": 20.32767557678626, "episode_std_avg_len": 1.0760101955337036, "step_rewards": -0.2897210631835381, "step_value_ests": 35.40314681394794, "step_values": -1.742396210469245, "step_td_err": 55.087608640087915}