{"dim0": 0.4, "dim1": -0.5333333333333333, "scale": 15, "episode_rewards": 24.6467290104786, "episode_std_rewards": 0.1441193095869639, "episode_value_ests": 65.26852321769613, "episode_values": 6.389745499489685, "episode_td_err": 25.98377916715018, "episode_avg_len": 139.5655509065551, "episode_std_avg_len": 97.94476689834846, "step_rewards": 0.1765960786912281, "step_value_ests": 67.05746589269158, "step_values": 8.078492630310818, "step_td_err": 16.85601793217614}