{"dim0": 0.4, "dim1": -1.0, "scale": 15, "episode_rewards": -9.462067230924067, "episode_std_rewards": 0.21687938254471792, "episode_value_ests": 22.941431825123452, "episode_values": -4.676760699880587, "episode_td_err": 293.73737409121765, "episode_avg_len": 14.645869947275923, "episode_std_avg_len": 1.8057268111260967, "step_rewards": -0.6460570293869075, "step_value_ests": 22.955424488740242, "step_values": -4.5875143252525055, "step_td_err": 291.95111430834584}