{"dim0": 0.4, "dim1": -0.26666666666666666, "scale": 15, "episode_rewards": -1.1976854199359308, "episode_std_rewards": 0.165261000016659, "episode_value_ests": 36.19665398740123, "episode_values": 0.22794977967249572, "episode_td_err": 53.3656546750934, "episode_avg_len": 21.428969359331475, "episode_std_avg_len": 4.293376767465605, "step_rewards": -0.05589094836305722, "step_value_ests": 35.91206391449708, "step_values": 0.5980124713682593, "step_td_err": 52.52802862473971}