{"dim0": 0.4, "dim1": -0.6, "scale": 15, "episode_rewards": 6.301590299157334, "episode_std_rewards": 0.1515966329840531, "episode_value_ests": 58.84289173076128, "episode_values": 2.6629764844835027, "episode_td_err": 52.76243037872911, "episode_avg_len": 54.764577059950724, "episode_std_avg_len": 31.61471421688772, "step_rewards": 0.1150669034156694, "step_value_ests": 61.13576849678433, "step_values": 3.1918026735444944, "step_td_err": 38.52742781128098}