{"dim0": 0.4, "dim1": 0.8666666666666667, "scale": 15, "episode_rewards": -5.680261234007269, "episode_std_rewards": 0.20179219920187538, "episode_value_ests": 36.71862779672331, "episode_values": -1.5586957324283766, "episode_td_err": 62.68498878769842, "episode_avg_len": 19.998200179982003, "episode_std_avg_len": 3.187911617701429, "step_rewards": -0.2840386226203073, "step_value_ests": 35.59952173698862, "step_values": -1.4616789565394432, "step_td_err": 61.079213608932534}