{"dim0": 0.4, "dim1": -0.8, "scale": 15, "episode_rewards": -13.701220109441465, "episode_std_rewards": 0.14520097040584504, "episode_value_ests": 34.51428941232592, "episode_values": -5.100410052276892, "episode_td_err": 58.06821432467225, "episode_avg_len": 20.004700940188037, "episode_std_avg_len": 0.8363120166175684, "step_rewards": -0.6849000217702169, "step_value_ests": 34.5041469179603, "step_values": -5.06395009302536, "step_td_err": 57.861022843622365}