{"dim0": 0.4, "dim1": -0.13333333333333333, "scale": 15, "episode_rewards": 5.48805514824818, "episode_std_rewards": 0.22981675107117744, "episode_value_ests": 35.58800821015444, "episode_values": 3.617209767284978, "episode_td_err": 46.6147909863508, "episode_avg_len": 28.69043178883948, "episode_std_avg_len": 14.73760333009143, "step_rewards": 0.19128520576616148, "step_value_ests": 34.8551349666494, "step_values": 5.631612219488963, "step_td_err": 42.50553041460936}