{"dim0": 0.4, "dim1": 0.13333333333333333, "scale": 15, "episode_rewards": 27.58493062096992, "episode_std_rewards": 0.21172188884133844, "episode_value_ests": 54.34888100602234, "episode_values": 9.356275947972568, "episode_td_err": 59.03560948442841, "episode_avg_len": 115.02415181138585, "episode_std_avg_len": 87.67853546423058, "step_rewards": 0.23981859623884122, "step_value_ests": 56.13865046185369, "step_values": 14.208390984517708, "step_td_err": 44.00976529985656}