{"dim0": 0.4, "dim1": -0.6666666666666666, "scale": 15, "episode_rewards": 0.38653486131862097, "episode_std_rewards": 0.17224305407108845, "episode_value_ests": 52.303079256798576, "episode_values": 0.6603914369423186, "episode_td_err": 92.22493016768414, "episode_avg_len": 30.932570368079183, "episode_std_avg_len": 16.07359447434762, "step_rewards": 0.012496047264067812, "step_value_ests": 54.07584464481089, "step_values": 0.9765813225475027, "step_td_err": 76.79324159599243}