{"dim0": 0.4, "dim1": -0.06666666666666667, "scale": 15, "episode_rewards": 11.302391399625995, "episode_std_rewards": 0.2392950900908428, "episode_value_ests": 35.60503809205621, "episode_values": 6.473892431714105, "episode_td_err": 41.54391933164592, "episode_avg_len": 38.35161042944785, "episode_std_avg_len": 21.879318795721204, "step_rewards": 0.294704479761496, "step_value_ests": 35.4050803770878, "step_values": 9.04815302896353, "step_td_err": 36.439672198320366}