{"dim0": 0.4, "dim1": 0.4, "scale": 15, "episode_rewards": -5.775632412361318, "episode_std_rewards": 0.19198079404310922, "episode_value_ests": 34.27928878725016, "episode_values": -3.889315872454259, "episode_td_err": 172.48443604056533, "episode_avg_len": 32.808562992125985, "episode_std_avg_len": 10.381388500586047, "step_rewards": -0.17604039572679436, "step_value_ests": 36.616093479245045, "step_values": -3.920065873801819, "step_td_err": 162.32362549762874}