{"dim0": 0.4, "dim1": 0.06666666666666667, "scale": 15, "episode_rewards": 7.815327744731059, "episode_std_rewards": 0.18616639601513021, "episode_value_ests": 42.685908299457175, "episode_values": 5.7118990022961, "episode_td_err": 34.50707341313295, "episode_avg_len": 24.797421274485494, "episode_std_avg_len": 4.758316956465137, "step_rewards": 0.3151669545886365, "step_value_ests": 42.57294121604217, "step_values": 6.113073386666353, "step_td_err": 33.538356450654454}