{"dim0": 0.4, "dim1": 0.06666666666666667, "scale": 15, "episode_rewards": 24.41577578808641, "episode_std_rewards": 0.21591368947024892, "episode_value_ests": 44.56605132880718, "episode_values": 10.779755004307306, "episode_td_err": 45.06461754329665, "episode_avg_len": 77.38708430007733, "episode_std_avg_len": 49.87485316078233, "step_rewards": 0.3155019472424032, "step_value_ests": 45.952059368967596, "step_values": 14.426353423123741, "step_td_err": 38.22276724197975}