{"dim0": 0.4, "dim1": 0.4666666666666667, "scale": 15, "episode_rewards": -5.831990826660795, "episode_std_rewards": 0.20291339965457927, "episode_value_ests": 24.222052420371057, "episode_values": -3.889029454636217, "episode_td_err": 204.6706363537821, "episode_avg_len": 26.965215046514764, "episode_std_avg_len": 7.99591227541203, "step_rewards": -0.2162782984152235, "step_value_ests": 26.44126389647254, "step_values": -4.003453003365355, "step_td_err": 195.54947973958537}