{"dim0": 0.4, "dim1": 0.0, "scale": 15, "episode_rewards": 18.222184325997762, "episode_std_rewards": 0.22634270940118603, "episode_value_ests": 37.91850552495294, "episode_values": 9.249576509076304, "episode_td_err": 39.16612082722078, "episode_avg_len": 54.03187466234468, "episode_std_avg_len": 33.44472301039417, "step_rewards": 0.33724878953157944, "step_value_ests": 38.66177329093886, "step_values": 12.190984891804012, "step_td_err": 33.89774439576242}