{"dim0": 0.4, "dim1": 1.0, "scale": 15, "episode_rewards": -7.046114796202005, "episode_std_rewards": 0.2091147493868894, "episode_value_ests": 37.38471837267516, "episode_values": -2.2068145254778013, "episode_td_err": 67.66807448254333, "episode_avg_len": 19.187260168841135, "episode_std_avg_len": 3.6028958378107703, "step_rewards": -0.36722881402548746, "step_value_ests": 35.83386001561887, "step_values": -2.1340107745396915, "step_td_err": 65.38850552867451}