{"dim0": 0.4, "dim1": 0.26666666666666666, "scale": 15, "episode_rewards": 2.7542485410015027, "episode_std_rewards": 0.19716478838026663, "episode_value_ests": 40.80289179082874, "episode_values": 2.760502906073337, "episode_td_err": 41.69704005250022, "episode_avg_len": 22.43841148754768, "episode_std_avg_len": 2.6232398803573425, "step_rewards": 0.12274703770942022, "step_value_ests": 40.628738453229545, "step_values": 2.9942980016696943, "step_td_err": 40.566496392078214}