{"dim0": 0.4, "dim1": 0.0, "scale": 15, "episode_rewards": 10.596079799098032, "episode_std_rewards": 0.1715558703493607, "episode_value_ests": 42.804092078493376, "episode_values": 7.289034270847696, "episode_td_err": 30.77127917508429, "episode_avg_len": 26.57326956290687, "episode_std_avg_len": 6.017415734888654, "step_rewards": 0.3987495695256447, "step_value_ests": 42.770324201280545, "step_values": 7.769431301938846, "step_td_err": 29.868039761015844}