{"dim0": 0.4, "dim1": 0.3333333333333333, "scale": 15, "episode_rewards": 1.4474346995766112, "episode_std_rewards": 0.1976493707615316, "episode_value_ests": 40.044016403682264, "episode_values": 2.0135521953663487, "episode_td_err": 43.9434875304935, "episode_avg_len": 22.039885412075805, "episode_std_avg_len": 2.464949566244371, "step_rewards": 0.06567342218501517, "step_value_ests": 39.84449985760576, "step_values": 2.214812691841745, "step_td_err": 42.76987716638621}