{"dim0": 0.4, "dim1": -0.9333333333333333, "scale": 15, "episode_rewards": -8.234762164398774, "episode_std_rewards": 0.20434648203526476, "episode_value_ests": 27.42504484744734, "episode_values": -4.076993000255754, "episode_td_err": 271.1499867050782, "episode_avg_len": 15.155186784875351, "episode_std_avg_len": 1.4778857211527197, "step_rewards": -0.5433626309783884, "step_value_ests": 27.640412007096344, "step_values": -4.025785494467717, "step_td_err": 269.263224154561}