{"dim0": 0.4, "dim1": -0.7333333333333333, "scale": 15, "episode_rewards": -11.97873804718712, "episode_std_rewards": 0.1452148741242897, "episode_value_ests": 34.63198525784936, "episode_values": -4.356565771374104, "episode_td_err": 57.422895798391174, "episode_avg_len": 20.056151609345232, "episode_std_avg_len": 0.8099548025591157, "step_rewards": -0.5972600467183139, "step_value_ests": 34.62398694003538, "step_values": -4.3162304741578446, "step_td_err": 57.20862839997398}