{"dim0": 0.4, "dim1": 0.6666666666666666, "scale": 15, "episode_rewards": -3.3788523942659934, "episode_std_rewards": 0.194719642201589, "episode_value_ests": 36.925193207062165, "episode_values": -0.4984993834780368, "episode_td_err": 55.70158180079921, "episode_avg_len": 20.871230303662735, "episode_std_avg_len": 2.5499108023905777, "step_rewards": -0.16189042740202197, "step_value_ests": 36.33433059543326, "step_values": -0.3623292710881056, "step_td_err": 54.552578571574976}