{"dim0": 0.4, "dim1": -0.9333333333333333, "scale": 15, "episode_rewards": -17.110576172322567, "episode_std_rewards": 0.1497176081071091, "episode_value_ests": 34.23307019073318, "episode_values": -6.530832942661933, "episode_td_err": 59.483182174843044, "episode_avg_len": 19.939288206559667, "episode_std_avg_len": 0.7771296335430519, "step_rewards": -0.8581337505665573, "step_value_ests": 34.22662664905677, "step_values": -6.49704671071308, "step_td_err": 59.277092834600786}