{"dim0": 0.4, "dim1": 0.9333333333333333, "scale": 15, "episode_rewards": -9.757709218560992, "episode_std_rewards": 0.3025244780178088, "episode_value_ests": -11.662415527366775, "episode_values": -5.8977790343667245, "episode_td_err": 332.8068581431958, "episode_avg_len": 15.720506169928475, "episode_std_avg_len": 2.6068326586641297, "step_rewards": -0.6206994299729591, "step_value_ests": -11.716801402054752, "step_values": -5.829079225213638, "step_td_err": 327.93135492088743}