{"dim0": 0.4, "dim1": -0.4666666666666667, "scale": 15, "episode_rewards": 207.63131167539507, "episode_std_rewards": 0.11662240401786467, "episode_value_ests": 69.22465019524573, "episode_values": 24.505264712369836, "episode_td_err": 9.516372785388116, "episode_avg_len": 600.8738738738739, "episode_std_avg_len": 340.20991886922565, "step_rewards": 0.34554890918585324, "step_value_ests": 70.31091883103723, "step_values": 28.928490734685308, "step_td_err": 6.180258891105353}