{"dim0": 0.4, "dim1": -0.4, "scale": 15, "episode_rewards": -4.425682661905731, "episode_std_rewards": 0.14379873038716764, "episode_value_ests": 35.70656209044437, "episode_values": -1.2037746214317955, "episode_td_err": 55.051661185823875, "episode_avg_len": 20.468734008801555, "episode_std_avg_len": 1.4042349444858597, "step_rewards": -0.2162167264474045, "step_value_ests": 35.649172926156524, "step_values": -1.1173950525703906, "step_td_err": 54.72907169424662}