{"dim0": 0.4, "dim1": -0.06666666666666667, "scale": 15, "episode_rewards": 14.223718719079702, "episode_std_rewards": 0.15941206725175805, "episode_value_ests": 42.76526632402348, "episode_values": 9.202315386400974, "episode_td_err": 27.420869667063485, "episode_avg_len": 29.445016929191816, "episode_std_avg_len": 7.4739423068171496, "step_rewards": 0.48306030026351576, "step_value_ests": 42.84619674509185, "step_values": 9.739087450895745, "step_td_err": 26.40947175799153}