{"dim0": 0.4, "dim1": 0.8, "scale": 15, "episode_rewards": -4.921975937401047, "episode_std_rewards": 0.19649606233520092, "episode_value_ests": 36.67428218681068, "episode_values": -1.2189320669988795, "episode_td_err": 60.645088794569766, "episode_avg_len": 20.306192893401015, "episode_std_avg_len": 2.9787491367426244, "step_rewards": -0.2423879238830909, "step_value_ests": 35.743703452318805, "step_values": -1.1051914823717266, "step_td_err": 59.20047777408937}