{"dim0": 0.4, "dim1": 0.9333333333333333, "scale": 15, "episode_rewards": -6.408637352577207, "episode_std_rewards": 0.20158152731807058, "episode_value_ests": 36.88187693669876, "episode_values": -1.8861963418669163, "episode_td_err": 64.91145498951649, "episode_avg_len": 19.64908144218489, "episode_std_avg_len": 3.38121401338212, "step_rewards": -0.3261545518773419, "step_value_ests": 35.57242646985196, "step_values": -1.8112182016516711, "step_td_err": 63.09038520800333}