{"dim0": 0.4, "dim1": -0.13333333333333333, "scale": 15, "episode_rewards": 18.671056614065947, "episode_std_rewards": 0.14341238703622797, "episode_value_ests": 42.93924494083979, "episode_values": 11.312704253465604, "episode_td_err": 23.63596194496344, "episode_avg_len": 33.90489913544668, "episode_std_avg_len": 9.87490538183622, "step_rewards": 0.550689047605685, "step_value_ests": 43.251379337299404, "step_values": 11.904025485730436, "step_td_err": 22.15323467226105}