{"dim0": 0.4666666666666667, "dim1": 0.2, "scale": 15, "episode_rewards": -4.990481852988994, "episode_std_rewards": 0.19864134553728124, "episode_value_ests": 57.695596533677374, "episode_values": -3.583017995641386, "episode_td_err": 100.41402816685235, "episode_avg_len": 78.875, "episode_std_avg_len": 48.965848585329226, "step_rewards": -0.06327076834217425, "step_value_ests": 59.46765824751744, "step_values": -2.4113773509122196, "step_td_err": 80.03883016970768}