{"dim0": 0.4666666666666667, "dim1": -1.0, "scale": 15, "episode_rewards": -19.409381162806763, "episode_std_rewards": 0.15229403312761633, "episode_value_ests": 33.6531218428467, "episode_values": -8.042332913695521, "episode_td_err": 65.73263030746658, "episode_avg_len": 19.304796834282406, "episode_std_avg_len": 0.6649679510784031, "step_rewards": -1.0054175306490991, "step_value_ests": 33.647823919405035, "step_values": -8.019791551817232, "step_td_err": 65.56839941536386}