{"dim0": 0.4666666666666667, "dim1": 0.0, "scale": 15, "episode_rewards": 7.9542946765836495, "episode_std_rewards": 0.18466993094504228, "episode_value_ests": 42.57930431217484, "episode_values": 5.777547246950899, "episode_td_err": 33.82416921508165, "episode_avg_len": 24.916292974588938, "episode_std_avg_len": 4.864350105926779, "step_rewards": 0.3192406946208208, "step_value_ests": 42.47982631959123, "step_values": 6.184367547444873, "step_td_err": 33.02379012637132}