{"dim0": 0.4666666666666667, "dim1": -0.2, "scale": 15, "episode_rewards": -1.404872294649237, "episode_std_rewards": 0.1726361189463119, "episode_value_ests": 35.95108289149388, "episode_values": -0.5009060606165815, "episode_td_err": 55.804009640073005, "episode_avg_len": 21.753534914074397, "episode_std_avg_len": 6.230783031069054, "step_rewards": -0.06458133357168971, "step_value_ests": 35.61153806363333, "step_values": 0.03358678861387751, "step_td_err": 54.606555618752324}