{"dim0": 0.4666666666666667, "dim1": 0.13333333333333333, "scale": 15, "episode_rewards": 8.70186512912896, "episode_std_rewards": 0.22824434532182775, "episode_value_ests": 51.64597997844946, "episode_values": 3.4681554329700224, "episode_td_err": 75.64793924886837, "episode_avg_len": 84.20707070707071, "episode_std_avg_len": 51.35685920149458, "step_rewards": 0.10333888895624867, "step_value_ests": 52.537512530456844, "step_values": 5.8078561874090155, "step_td_err": 62.266121292329146}