{"dim0": 0.4666666666666667, "dim1": 0.4, "scale": 15, "episode_rewards": -8.484414022936217, "episode_std_rewards": 0.19098494271893207, "episode_value_ests": 31.292690583973222, "episode_values": -5.622443374626668, "episode_td_err": 189.2296339958689, "episode_avg_len": 32.36391585760518, "episode_std_avg_len": 10.100935209643952, "step_rewards": -0.26215659626189736, "step_value_ests": 33.707412449629395, "step_values": -5.780901481881008, "step_td_err": 179.24981533978195}