{"dim0": 0.4666666666666667, "dim1": -0.6, "scale": 15, "episode_rewards": 24.051449282094342, "episode_std_rewards": 0.14258702494369066, "episode_value_ests": 65.01164687701655, "episode_values": 6.155680516555197, "episode_td_err": 27.958139355004082, "episode_avg_len": 135.68588873812755, "episode_std_avg_len": 99.255210043695, "step_rewards": 0.1772582949175607, "step_value_ests": 66.93990808279055, "step_values": 8.278794472679852, "step_td_err": 17.549201538491214}