{"dim0": 0.4666666666666667, "dim1": -0.7333333333333333, "scale": 15, "episode_rewards": 0.38801459845811004, "episode_std_rewards": 0.1690376600475278, "episode_value_ests": 52.53984632376468, "episode_values": 0.677652072946185, "episode_td_err": 92.10927752150333, "episode_avg_len": 31.237388724035608, "episode_std_avg_len": 16.413661156191925, "step_rewards": 0.01242147997343812, "step_value_ests": 54.27300285633264, "step_values": 0.9845636281866387, "step_td_err": 76.32056157786327}