{"dim0": 0.4666666666666667, "dim1": 0.3333333333333333, "scale": 15, "episode_rewards": 0.3753317963072785, "episode_std_rewards": 0.19551804716342974, "episode_value_ests": 39.23609965971684, "episode_values": 1.3921223628867574, "episode_td_err": 45.95200693490863, "episode_avg_len": 21.758185575981724, "episode_std_avg_len": 2.094406429959291, "step_rewards": 0.0172501422509052, "step_value_ests": 39.01421525891191, "step_values": 1.5739581100714286, "step_td_err": 44.764399170091096}