{"dim0": 0.4666666666666667, "dim1": 0.4, "scale": 15, "episode_rewards": -0.7607022420381587, "episode_std_rewards": 0.19840951413714428, "episode_value_ests": 38.55069055673413, "episode_values": 0.7922046787280348, "episode_td_err": 48.57018294279284, "episode_avg_len": 21.492800343864175, "episode_std_avg_len": 2.221459568806829, "step_rewards": -0.03539335172093227, "step_value_ests": 38.24268381899053, "step_values": 0.9674518218427615, "step_td_err": 47.31772718349892}