{"dim0": 0.4666666666666667, "dim1": -0.5333333333333333, "scale": 15, "episode_rewards": -8.505103349342878, "episode_std_rewards": 0.1337173109328674, "episode_value_ests": 34.66334328393543, "episode_values": -3.537443886799225, "episode_td_err": 61.2270789844125, "episode_avg_len": 19.536139871068567, "episode_std_avg_len": 0.7550137324895264, "step_rewards": -0.43535229607657766, "step_value_ests": 34.655724351040774, "step_values": -3.5072238080086953, "step_td_err": 61.05180097486551}