{"dim0": 0.4666666666666667, "dim1": 0.6666666666666666, "scale": 15, "episode_rewards": -7.2016068245918055, "episode_std_rewards": 0.24481296463513902, "episode_value_ests": -0.52401955299097, "episode_values": -4.783020281002023, "episode_td_err": 295.48658659772167, "episode_avg_len": 18.25408414712056, "episode_std_avg_len": 3.867531691047338, "step_rewards": -0.39452030387006853, "step_value_ests": 0.12021892968177629, "step_values": -4.906321328428001, "step_td_err": 289.0426798544573}