{"dim0": 0.4666666666666667, "dim1": -0.8, "scale": 15, "episode_rewards": -14.39381225025778, "episode_std_rewards": 0.14463032202556605, "episode_value_ests": 34.00862720864438, "episode_values": -5.934102182611092, "episode_td_err": 63.38250377375904, "episode_avg_len": 19.38240139548406, "episode_std_avg_len": 0.6974156670164852, "step_rewards": -0.7426227512557562, "step_value_ests": 34.002875073941304, "step_values": -5.907516241637935, "step_td_err": 63.20797889944224}