{"dim0": 0.4666666666666667, "dim1": 0.6666666666666666, "scale": 15, "episode_rewards": -4.209601280978824, "episode_std_rewards": 0.19434071331727876, "episode_value_ests": 36.7415538534276, "episode_values": -0.9025793706662233, "episode_td_err": 58.324821118328, "episode_avg_len": 20.57736625514403, "episode_std_avg_len": 2.757925738713873, "step_rewards": -0.20457434779470318, "step_value_ests": 35.97935385954353, "step_values": -0.7846448036850884, "step_td_err": 57.04691390562162}