{"dim0": 0.4666666666666667, "dim1": -0.06666666666666667, "scale": 15, "episode_rewards": 10.53883710443322, "episode_std_rewards": 0.1739409917336742, "episode_value_ests": 42.75054338708196, "episode_values": 7.260885075603975, "episode_td_err": 30.77230294935363, "episode_avg_len": 26.53369594056779, "episode_std_avg_len": 5.768322075239045, "step_rewards": 0.39718692518520293, "step_value_ests": 42.70808880667286, "step_values": 7.7129198948441795, "step_td_err": 29.851480089710552}