{"dim0": 0.4666666666666667, "dim1": 0.4666666666666667, "scale": 15, "episode_rewards": -7.927425723276802, "episode_std_rewards": 0.20981500762143948, "episode_value_ests": 20.574032864125304, "episode_values": -5.309763559364052, "episode_td_err": 225.1604518468981, "episode_avg_len": 26.809919571045576, "episode_std_avg_len": 7.986537482456251, "step_rewards": -0.295690022577999, "step_value_ests": 22.80419204804096, "step_values": -5.538799622408386, "step_td_err": 216.79789107444392}