{"dim0": 0.4666666666666667, "dim1": 0.5333333333333333, "scale": 15, "episode_rewards": -2.599753285877414, "episode_std_rewards": 0.1956999253462816, "episode_value_ests": 37.34762114163582, "episode_values": -0.15199912780691616, "episode_td_err": 53.12408190901128, "episode_avg_len": 21.06477093206951, "episode_std_avg_len": 2.3586566690472344, "step_rewards": -0.12341711639121065, "step_value_ests": 36.884357052141475, "step_values": -0.003219115083460222, "step_td_err": 52.01601782688208}