{"dim0": 0.4666666666666667, "dim1": -0.4666666666666667, "scale": 15, "episode_rewards": -7.126121306436262, "episode_std_rewards": 0.13491967904468033, "episode_value_ests": 34.90629626784269, "episode_values": -2.990208253555571, "episode_td_err": 60.728481485084465, "episode_avg_len": 19.594689918683258, "episode_std_avg_len": 0.8592668909305078, "step_rewards": -0.36367614573178864, "step_value_ests": 34.88867185609488, "step_values": -2.9573270226865143, "step_td_err": 60.53938234275311}