{"dim0": 0.4666666666666667, "dim1": 0.6, "scale": 15, "episode_rewards": -7.169828009250627, "episode_std_rewards": 0.23204669807235323, "episode_value_ests": 4.910541303607822, "episode_values": -4.81682376351914, "episode_td_err": 275.5298617218716, "episode_avg_len": 20.08555934926692, "episode_std_avg_len": 4.986012806140297, "step_rewards": -0.35696431872146545, "step_value_ests": 6.0470572009927315, "step_values": -5.016781853128209, "step_td_err": 268.73988140450933}