{"dim0": 0.4666666666666667, "dim1": -0.26666666666666666, "scale": 15, "episode_rewards": 24.557163218577752, "episode_std_rewards": 0.12754384962527027, "episode_value_ests": 43.46117178816171, "episode_values": 13.639306838960437, "episode_td_err": 18.732135693378392, "episode_avg_len": 40.872701266857376, "episode_std_avg_len": 13.148313788235246, "step_rewards": 0.6008206567568003, "step_value_ests": 44.069242028652546, "step_values": 14.255071669603801, "step_td_err": 16.96332958287554}