{"dim0": 0.4666666666666667, "dim1": -0.8, "scale": 15, "episode_rewards": -2.8363897958706548, "episode_std_rewards": 0.18600320811525153, "episode_value_ests": 46.24197551385549, "episode_values": -0.9409199539130966, "episode_td_err": 140.65904946375616, "episode_avg_len": 21.475679158166006, "episode_std_avg_len": 8.853283172252675, "step_rewards": -0.13207450972707113, "step_value_ests": 47.381291896172165, "step_values": -0.9471507562874352, "step_td_err": 128.18261079314186}