{"dim0": 0.4666666666666667, "dim1": -0.9333333333333333, "scale": 15, "episode_rewards": -6.802033166344591, "episode_std_rewards": 0.1966647704416445, "episode_value_ests": 32.83554837345208, "episode_values": -3.29373340412189, "episode_td_err": 238.4989570760448, "episode_avg_len": 15.954610721123165, "episode_std_avg_len": 2.121455215647357, "step_rewards": -0.4263365170883809, "step_value_ests": 33.24336277813472, "step_values": -3.2603983026645054, "step_td_err": 235.26716058311837}