{"dim0": 0.4666666666666667, "dim1": 0.8666666666666667, "scale": 15, "episode_rewards": -6.343532839663383, "episode_std_rewards": 0.20101591537448502, "episode_value_ests": 37.098090624081806, "episode_values": -1.875725794350435, "episode_td_err": 65.19333294240654, "episode_avg_len": 19.56574055957738, "episode_std_avg_len": 3.410156121992244, "step_rewards": -0.32421634235348373, "step_value_ests": 35.74678520323108, "step_values": -1.800567090013055, "step_td_err": 63.27326368388427}