{"dim0": 0.4666666666666667, "dim1": -0.13333333333333333, "scale": 15, "episode_rewards": 1.415115003463356, "episode_std_rewards": 0.21270257862865172, "episode_value_ests": 35.61567487878965, "episode_values": 1.0409755202737199, "episode_td_err": 51.80811213103531, "episode_avg_len": 25.985448876185526, "episode_std_avg_len": 11.877642456209209, "step_rewards": 0.05445797800938679, "step_value_ests": 34.93830300796289, "step_values": 2.3839619828975476, "step_td_err": 49.021604923525786}