{"dim0": 0.4666666666666667, "dim1": -0.6666666666666666, "scale": 15, "episode_rewards": -11.326454793228367, "episode_std_rewards": 0.13950900467757238, "episode_value_ests": 34.268353666823465, "episode_values": -4.66598899690826, "episode_td_err": 62.18991817188239, "episode_avg_len": 19.450354954779733, "episode_std_avg_len": 0.7022702660925205, "step_rewards": -0.5823263801386309, "step_value_ests": 34.26128169547631, "step_values": -4.639105517230543, "step_td_err": 62.01684890405692}