{"dim0": 0.4666666666666667, "dim1": -0.8666666666666667, "scale": 15, "episode_rewards": -16.025291055709634, "episode_std_rewards": 0.1473686602029147, "episode_value_ests": 33.894116466272074, "episode_values": -6.609868506899063, "episode_td_err": 64.2164883273291, "episode_avg_len": 19.352781809385583, "episode_std_avg_len": 0.6752058958123331, "step_rewards": -0.8280613719283392, "step_value_ests": 33.888500441947535, "step_values": -6.585902845021356, "step_td_err": 64.0445696420371}