{"dim0": 0.4666666666666667, "dim1": 0.0, "scale": 15, "episode_rewards": 9.898710612147907, "episode_std_rewards": 0.24564410689339813, "episode_value_ests": 37.36263711423261, "episode_values": 5.309332460147062, "episode_td_err": 47.77255717634185, "episode_avg_len": 47.27700307255968, "episode_std_avg_len": 28.139199490307472, "step_rewards": 0.20937686335480252, "step_value_ests": 37.63182721967148, "step_values": 7.6757045270330115, "step_td_err": 43.06366205992125}