{"dim0": 0.4666666666666667, "dim1": -1.0, "scale": 15, "episode_rewards": -8.211668913227397, "episode_std_rewards": 0.2017654760229547, "episode_value_ests": 27.381225271948438, "episode_values": -4.078520454938452, "episode_td_err": 271.32291752877495, "episode_avg_len": 15.140272520817563, "episode_std_avg_len": 1.4731787025677148, "step_rewards": -0.5423725961297277, "step_value_ests": 27.578141316268525, "step_values": -4.028746734986367, "step_td_err": 269.41949504304154}