{"dim0": 0.4666666666666667, "dim1": 0.26666666666666666, "scale": 15, "episode_rewards": -9.33961407100196, "episode_std_rewards": 0.1765788253273984, "episode_value_ests": 53.2182528500867, "episode_values": -5.912328518216572, "episode_td_err": 122.89523606607395, "episode_avg_len": 56.989179954441916, "episode_std_avg_len": 29.869379594637174, "step_rewards": -0.16388398777571817, "step_value_ests": 55.75873407546395, "step_values": -5.661277335609286, "step_td_err": 105.22582422234446}