{"dim0": 0.4666666666666667, "dim1": -0.4666666666666667, "scale": 15, "episode_rewards": 275.2848005303539, "episode_std_rewards": 0.12610490473210728, "episode_value_ests": 60.175020029713906, "episode_values": 32.21633690496824, "episode_td_err": 6.227104246560711, "episode_avg_len": 586.5425219941349, "episode_std_avg_len": 426.7646017630559, "step_rewards": 0.4693347714918213, "step_value_ests": 67.35578879614611, "step_values": 40.25777284637175, "step_td_err": 5.2627307131178265}