{"dim0": 0.4666666666666667, "dim1": -0.26666666666666666, "scale": 15, "episode_rewards": -3.1370178854696866, "episode_std_rewards": 0.14608809252020935, "episode_value_ests": 35.86044660805157, "episode_values": -1.340138441154965, "episode_td_err": 58.02344390241622, "episode_avg_len": 20.38599531138518, "episode_std_avg_len": 3.5311742085286464, "step_rewards": -0.15388102653578672, "step_value_ests": 35.71874879436421, "step_values": -1.1383544575248652, "step_td_err": 57.4420122449263}