{"dim0": 0.4666666666666667, "dim1": -0.9333333333333333, "scale": 15, "episode_rewards": -17.629533338213122, "episode_std_rewards": 0.14806511770618896, "episode_value_ests": 33.79213230978239, "episode_values": -7.294452784762962, "episode_td_err": 64.8869521665839, "episode_avg_len": 19.339489460452523, "episode_std_avg_len": 0.7086129584778708, "step_rewards": -0.9115821477223531, "step_value_ests": 33.783937134997906, "step_values": -7.2699441406370795, "step_td_err": 64.71188531072681}