{"dim0": 0.4666666666666667, "dim1": -0.4, "scale": 15, "episode_rewards": 46.8222317575946, "episode_std_rewards": 0.10922298536150606, "episode_value_ests": 47.11396934509347, "episode_values": 18.89113546491899, "episode_td_err": 6.881935650337454, "episode_avg_len": 86.95958279009126, "episode_std_avg_len": 45.791058649456126, "step_rewards": 0.538436711116901, "step_value_ests": 48.808225391107335, "step_values": 20.41113309659941, "step_td_err": 5.702507198918107}