{"dim0": 0.4666666666666667, "dim1": 0.8, "scale": 15, "episode_rewards": -5.684815227787914, "episode_std_rewards": 0.20112997648206082, "episode_value_ests": 36.707486619519266, "episode_values": -1.5517669081496865, "episode_td_err": 62.6452460950201, "episode_avg_len": 20.009103641456583, "episode_std_avg_len": 3.1764844054605397, "step_rewards": -0.2841114389556974, "step_value_ests": 35.600593218975725, "step_values": -1.4567707169124773, "step_td_err": 61.0054563866977}