{"dim0": 0.4666666666666667, "dim1": -0.3333333333333333, "scale": 15, "episode_rewards": 32.412534244017294, "episode_std_rewards": 0.11864465643028502, "episode_value_ests": 44.912276956427256, "episode_values": 16.07826920583835, "episode_td_err": 12.57168294357748, "episode_avg_len": 53.810330912025826, "episode_std_avg_len": 20.013442370466947, "step_rewards": 0.6023477963183007, "step_value_ests": 45.84009539871229, "step_values": 16.837932262955807, "step_td_err": 10.701335214536936}