{"dim0": 0.4666666666666667, "dim1": 0.7333333333333333, "scale": 15, "episode_rewards": -7.657031819281369, "episode_std_rewards": 0.2581407563243237, "episode_value_ests": -5.028883635289115, "episode_values": -4.950442720785448, "episode_td_err": 311.42950587519186, "episode_avg_len": 17.216216216216218, "episode_std_avg_len": 3.0923812673471276, "step_rewards": -0.44475695025653167, "step_value_ests": -4.74843155621295, "step_values": -4.997556334898428, "step_td_err": 305.56611774608547}