{"dim0": 0.4666666666666667, "dim1": 0.7333333333333333, "scale": 15, "episode_rewards": -5.0288870584347825, "episode_std_rewards": 0.1986819253165952, "episode_value_ests": 36.68201977663434, "episode_values": -1.273129768915376, "episode_td_err": 60.857076907809194, "episode_avg_len": 20.306294416243656, "episode_std_avg_len": 2.980016518643838, "step_rewards": -0.24765163723874775, "step_value_ests": 35.73868056999561, "step_values": -1.1622833226463702, "step_td_err": 59.356465926279}