{"dim0": 0.4666666666666667, "dim1": -0.4, "scale": 15, "episode_rewards": -5.857018971387043, "episode_std_rewards": 0.13322314845183736, "episode_value_ests": 35.16280332090628, "episode_values": -2.4955617231205633, "episode_td_err": 60.31403996010672, "episode_avg_len": 19.674896714538658, "episode_std_avg_len": 1.0227845806432363, "step_rewards": -0.29768994756953565, "step_value_ests": 35.139189330413366, "step_values": -2.457374714906664, "step_td_err": 60.1134967157289}