{"dim0": 0.4666666666666667, "dim1": 0.6, "scale": 15, "episode_rewards": -3.3967149728823833, "episode_std_rewards": 0.19627703333698793, "episode_value_ests": 36.91947076583792, "episode_values": -0.5147812267942382, "episode_td_err": 55.29562960800691, "episode_avg_len": 20.87787056367432, "episode_std_avg_len": 2.5492048897421076, "step_rewards": -0.1626945124754424, "step_value_ests": 36.332685155790095, "step_values": -0.37509787824792656, "step_td_err": 54.14300301256961}