{"dim0": 0.4666666666666667, "dim1": 1.0, "scale": 15, "episode_rewards": -7.713456391676713, "episode_std_rewards": 0.2134489586847014, "episode_value_ests": 37.854345498650886, "episode_values": -2.5171477491974743, "episode_td_err": 69.89376906842988, "episode_avg_len": 18.770624120131394, "episode_std_avg_len": 3.7223361640278005, "step_rewards": -0.41093233460490386, "step_value_ests": 36.13803884590461, "step_values": -2.4643615397235843, "step_td_err": 67.32344525275828}