{"dim0": 0.4666666666666667, "dim1": 0.8666666666666667, "scale": 15, "episode_rewards": -9.561516610353577, "episode_std_rewards": 0.28568395148677683, "episode_value_ests": -11.841815645429993, "episode_values": -5.883114203088327, "episode_td_err": 343.8671568137076, "episode_avg_len": 16.056920359666023, "episode_std_avg_len": 2.5464635940184324, "step_rewards": -0.5954763675836311, "step_value_ests": -11.901368968484581, "step_values": -5.862803701998747, "step_td_err": 338.03823323628603}