{"dim0": 0.4666666666666667, "dim1": 0.26666666666666666, "scale": 15, "episode_rewards": 1.424883170906943, "episode_std_rewards": 0.19781718580511676, "episode_value_ests": 40.03527474662218, "episode_values": 1.9733301407785133, "episode_td_err": 44.015964527731654, "episode_avg_len": 22.01298701298701, "episode_std_avg_len": 2.2339127615763443, "step_rewards": 0.06472920599400271, "step_value_ests": 39.837772343997734, "step_values": 2.1743976804111647, "step_td_err": 42.865222239585215}