{"dim0": 0.4666666666666667, "dim1": -0.5333333333333333, "scale": 15, "episode_rewards": 200.26253343253143, "episode_std_rewards": 0.11248652497842022, "episode_value_ests": 69.1430626003145, "episode_values": 23.486986617215152, "episode_td_err": 10.260444193342718, "episode_avg_len": 593.991124260355, "episode_std_avg_len": 343.9188314749786, "step_rewards": 0.3371473499404571, "step_value_ests": 70.19707659746872, "step_values": 28.232819005393765, "step_td_err": 6.728104364158805}