{"dim0": 0.4666666666666667, "dim1": -0.06666666666666667, "scale": 15, "episode_rewards": 5.184378350339628, "episode_std_rewards": 0.24119106426118866, "episode_value_ests": 35.67331556566881, "episode_values": 3.0388737671147057, "episode_td_err": 48.030012526795566, "episode_avg_len": 33.21417898057447, "episode_std_avg_len": 17.99071702036083, "step_rewards": 0.15608931213900384, "step_value_ests": 35.27527681646112, "step_values": 4.932728404968278, "step_td_err": 44.55609110849872}