{"dim0": 0.4666666666666667, "dim1": 0.13333333333333333, "scale": 15, "episode_rewards": 4.2394847280780725, "episode_std_rewards": 0.1957543268972786, "episode_value_ests": 41.55186887873745, "episode_values": 3.6284462599887433, "episode_td_err": 39.52197787968402, "episode_avg_len": 23.008742666513285, "episode_std_avg_len": 3.2145443291614657, "step_rewards": 0.18425538455207202, "step_value_ests": 41.3920494016363, "step_values": 3.899910695693438, "step_td_err": 38.39205104780208}