{"dim0": 0.4666666666666667, "dim1": -0.2, "scale": 15, "episode_rewards": 18.795760759580908, "episode_std_rewards": 0.1419048808557222, "episode_value_ests": 42.92786571259782, "episode_values": 11.34891028603207, "episode_td_err": 23.78503243565186, "episode_avg_len": 33.739541160593795, "episode_std_avg_len": 9.536843920407104, "step_rewards": 0.5570840655513561, "step_value_ests": 43.23593667780106, "step_values": 11.924929843201365, "step_td_err": 22.298630547335797}