{"dim0": 0.4666666666666667, "dim1": -0.13333333333333333, "scale": 15, "episode_rewards": 14.259053195247445, "episode_std_rewards": 0.1541223498196381, "episode_value_ests": 42.73305324975719, "episode_values": 9.247019428146134, "episode_td_err": 27.081409999774507, "episode_avg_len": 29.326392961876834, "episode_std_avg_len": 7.326522033846833, "step_rewards": 0.4862191273841163, "step_value_ests": 42.81899831129151, "step_values": 9.778312222053817, "step_td_err": 26.142360594417266}