{"dim0": 0.5333333333333333, "dim1": 0.4, "scale": 15, "episode_rewards": -1.783734792696745, "episode_std_rewards": 0.1948537925025852, "episode_value_ests": 37.85400985504073, "episode_values": 0.25288448698789207, "episode_td_err": 50.83703811228632, "episode_avg_len": 21.2819748882741, "episode_std_avg_len": 2.2156259511965035, "step_rewards": -0.08381434533500665, "step_value_ests": 37.497209202962054, "step_values": 0.41215464441067473, "step_td_err": 49.71894388491489}