{"dim0": 0.5333333333333333, "dim1": 0.2, "scale": 15, "episode_rewards": 1.4658953758111144, "episode_std_rewards": 0.1963784384468677, "episode_value_ests": 40.05015804130233, "episode_values": 2.007657606100541, "episode_td_err": 44.05051306624064, "episode_avg_len": 22.071065989847718, "episode_std_avg_len": 2.394271318595033, "step_rewards": 0.06641706279548977, "step_value_ests": 39.85090342469174, "step_values": 2.222729128035069, "step_td_err": 42.81416473422802}