{"dim0": 0.5333333333333333, "dim1": 1.0, "scale": 15, "episode_rewards": -12.997771846392697, "episode_std_rewards": 0.2834804098958115, "episode_value_ests": -18.218996438785183, "episode_values": -7.505910944615719, "episode_td_err": 392.1651964661565, "episode_avg_len": 15.658341814765521, "episode_std_avg_len": 2.5102468104808384, "step_rewards": -0.8300860972479246, "step_value_ests": -18.4286785702299, "step_values": -7.483015669623539, "step_td_err": 384.21788918913285}