{"dim0": 0.5333333333333333, "dim1": -0.9333333333333333, "scale": 15, "episode_rewards": -4.987257297324579, "episode_std_rewards": 0.19661884703549345, "episode_value_ests": 39.4695739997888, "episode_values": -2.222847029070494, "episode_td_err": 192.92438047117844, "episode_avg_len": 17.47483837148349, "episode_std_avg_len": 4.089833602989084, "step_rewards": -0.2853964764253895, "step_value_ests": 40.21602104604892, "step_values": -2.227121023653229, "step_td_err": 186.10977797398303}