{"dim0": 0.5333333333333333, "dim1": 0.4666666666666667, "scale": 15, "episode_rewards": -9.442136453913761, "episode_std_rewards": 0.21410485875113336, "episode_value_ests": 16.657912240811836, "episode_values": -6.270936453656634, "episode_td_err": 231.76407763251942, "episode_avg_len": 26.465467054776397, "episode_std_avg_len": 7.917363011776103, "step_rewards": -0.35677195623908997, "step_value_ests": 18.91581825337276, "step_values": -6.557131684494052, "step_td_err": 224.4928338344947}