{"dim0": 0.5333333333333333, "dim1": 0.9333333333333333, "scale": 15, "episode_rewards": -7.616382565892379, "episode_std_rewards": 0.21620102315349474, "episode_value_ests": 37.93569489636799, "episode_values": -2.483522116282494, "episode_td_err": 70.23070207323026, "episode_avg_len": 18.727059925093634, "episode_std_avg_len": 3.769548047121173, "step_rewards": -0.406704661402118, "step_value_ests": 36.19304360434108, "step_values": -2.426090380072429, "step_td_err": 67.63983949637114}