{"dim0": 0.5333333333333333, "dim1": 0.8, "scale": 15, "episode_rewards": -6.292802366673299, "episode_std_rewards": 0.2028232341511245, "episode_value_ests": 36.92156521228156, "episode_values": -1.8450556514259615, "episode_td_err": 64.60927198757582, "episode_avg_len": 19.640023566378634, "episode_std_avg_len": 3.366380010476475, "step_rewards": -0.32040706801624325, "step_value_ests": 35.62046544048726, "step_values": -1.7645695904996068, "step_td_err": 62.820651185554034}