{"dim0": 0.5333333333333333, "dim1": 0.9333333333333333, "scale": 15, "episode_rewards": -11.653088435617262, "episode_std_rewards": 0.28216260758608674, "episode_value_ests": -16.467839079669815, "episode_values": -6.893455957807033, "episode_td_err": 380.8850160749487, "episode_avg_len": 15.89319771137953, "episode_std_avg_len": 2.3798271739661514, "step_rewards": -0.7332123243690382, "step_value_ests": -16.648162476935536, "step_values": -6.86793328747181, "step_td_err": 373.3697845102636}