{"dim0": 0.5333333333333333, "dim1": 0.7333333333333333, "scale": 15, "episode_rewards": -5.691667970663186, "episode_std_rewards": 0.19949196030690158, "episode_value_ests": 36.7346404742988, "episode_values": -1.5685253840458564, "episode_td_err": 62.65533316970715, "episode_avg_len": 19.99630073985203, "episode_std_avg_len": 3.1952847046654043, "step_rewards": -0.28463604567218087, "step_value_ests": 35.60743549552246, "step_values": -1.4741227688168796, "step_td_err": 61.04772463718298}