{"dim0": 0.5333333333333333, "dim1": 0.5333333333333333, "scale": 15, "episode_rewards": -3.4464141147174154, "episode_std_rewards": 0.19326544977931298, "episode_value_ests": 37.00721255370446, "episode_values": -0.5514565242841273, "episode_td_err": 55.83322303271142, "episode_avg_len": 20.832934069367774, "episode_std_avg_len": 2.52102968911375, "step_rewards": -0.1654310479379348, "step_value_ests": 36.41361615696898, "step_values": -0.41916802196939407, "step_td_err": 54.680503074028735}