{"dim0": 0.5333333333333333, "dim1": 0.8, "scale": 15, "episode_rewards": -9.541652521012264, "episode_std_rewards": 0.2670368088800387, "episode_value_ests": -11.409792828137483, "episode_values": -5.889434577212861, "episode_td_err": 340.9041467576499, "episode_avg_len": 16.7608313081371, "episode_std_avg_len": 2.7318405024971395, "step_rewards": -0.5692827727691497, "step_value_ests": -11.396159950520419, "step_values": -5.923650257725154, "step_td_err": 333.173662327891}