{"dim0": 0.5333333333333333, "dim1": 0.6, "scale": 15, "episode_rewards": -8.255501403614776, "episode_std_rewards": 0.23456612352781928, "episode_value_ests": 1.0837076283158737, "episode_values": -5.493857109636642, "episode_td_err": 280.26700410269245, "episode_avg_len": 20.24863332658433, "episode_std_avg_len": 4.900873607099722, "step_rewards": -0.4077065977967101, "step_value_ests": 2.1216767282436697, "step_values": -5.7054882596505605, "step_td_err": 273.0687644524862}