{"dim0": 0.5333333333333333, "dim1": -0.06666666666666667, "scale": 15, "episode_rewards": 7.906656256439711, "episode_std_rewards": 0.18506510907803891, "episode_value_ests": 42.60144430362016, "episode_values": 5.759873710934606, "episode_td_err": 34.204515403842365, "episode_avg_len": 24.87389628155702, "episode_std_avg_len": 4.7712520909397, "step_rewards": 0.31786963196040074, "step_value_ests": 42.50104412726759, "step_values": 6.148492016110261, "step_td_err": 33.25633416154604}