{"dim0": 0.5333333333333333, "dim1": -0.26666666666666666, "scale": 15, "episode_rewards": 18.654269852547294, "episode_std_rewards": 0.14204685285996713, "episode_value_ests": 42.86292112709325, "episode_values": 11.29291506089594, "episode_td_err": 23.706740323563103, "episode_avg_len": 33.80949966193374, "episode_std_avg_len": 10.009345752174747, "step_rewards": 0.5517464037940264, "step_value_ests": 43.176821718348634, "step_values": 11.902495445539524, "step_td_err": 22.2045833518696}