{"dim0": 0.5333333333333333, "dim1": -0.5333333333333333, "scale": 15, "episode_rewards": 249.9931751613243, "episode_std_rewards": 0.11203730429606845, "episode_value_ests": 59.31103667231565, "episode_values": 30.784067376109963, "episode_td_err": 6.541457886329301, "episode_avg_len": 530.8328912466843, "episode_std_avg_len": 425.7844701788533, "step_rewards": 0.4709451491866006, "step_value_ests": 66.9909289046538, "step_values": 39.845606490735186, "step_td_err": 5.351215947130255}