{"dim0": 0.5333333333333333, "dim1": -0.4666666666666667, "scale": 15, "episode_rewards": -8.01757089658639, "episode_std_rewards": 0.13336264857921082, "episode_value_ests": 34.23471613603752, "episode_values": -3.8857773341035298, "episode_td_err": 64.65458343413613, "episode_avg_len": 19.06434086359737, "episode_std_avg_len": 0.7921770976876491, "step_rewards": -0.4205532703150328, "step_value_ests": 34.21990630688237, "step_values": -3.861620692446676, "step_td_err": 64.51314223651788}