{"dim0": 0.5333333333333333, "dim1": -0.6666666666666666, "scale": 15, "episode_rewards": 25.062769885896433, "episode_std_rewards": 0.14250431408051728, "episode_value_ests": 65.06033760643446, "episode_values": 6.397901413531124, "episode_td_err": 26.643595201154305, "episode_avg_len": 139.6106071179344, "episode_std_avg_len": 103.5958608523741, "step_rewards": 0.17951909531290094, "step_value_ests": 67.00049473050998, "step_values": 8.530025089955616, "step_td_err": 16.7825680518336}