{"dim0": 0.5333333333333333, "dim1": 0.6666666666666666, "scale": 15, "episode_rewards": -4.975858707756527, "episode_std_rewards": 0.1948794606606748, "episode_value_ests": 36.59825971652807, "episode_values": -1.2328908995117542, "episode_td_err": 60.29008648330737, "episode_avg_len": 20.344420709998982, "episode_std_avg_len": 2.952335406616734, "step_rewards": -0.2445809973498516, "step_value_ests": 35.687622689786146, "step_values": -1.1255279271606728, "step_td_err": 58.872195913704914}