{"dim0": 0.5333333333333333, "dim1": 1.0, "scale": 15, "episode_rewards": -8.309081107526815, "episode_std_rewards": 0.222626775381929, "episode_value_ests": 38.51255124734989, "episode_values": -2.8279156854243728, "episode_td_err": 72.71226686214854, "episode_avg_len": 18.257234139662256, "episode_std_avg_len": 3.8496517674543886, "step_rewards": -0.4551117131962535, "step_value_ests": 36.61788132660424, "step_values": -2.7893260050170605, "step_td_err": 69.79244115505087}