{"dim0": 0.5333333333333333, "dim1": -0.7333333333333333, "scale": 15, "episode_rewards": -13.44796635792025, "episode_std_rewards": 0.1421474214374901, "episode_value_ests": 33.66020975217259, "episode_values": -6.015966331560002, "episode_td_err": 67.5921289056236, "episode_avg_len": 18.88875247898763, "episode_std_avg_len": 0.6454143452439624, "step_rewards": -0.7119563016604797, "step_value_ests": 33.65380887139423, "step_values": -5.9950601318473575, "step_td_err": 67.45076796500248}