{"dim0": 0.5333333333333333, "dim1": -0.6, "scale": 15, "episode_rewards": -10.672088742075497, "episode_std_rewards": 0.1366678332338603, "episode_value_ests": 33.88070935255573, "episode_values": -4.9188353773648075, "episode_td_err": 66.18297062984139, "episode_avg_len": 18.952999147161943, "episode_std_avg_len": 0.782561741025735, "step_rewards": -0.5630817929769998, "step_value_ests": 33.86699161634928, "step_values": -4.895912071661804, "step_td_err": 66.02658435260959}