{"dim0": 0.5333333333333333, "dim1": 0.3333333333333333, "scale": 15, "episode_rewards": -11.32596609289105, "episode_std_rewards": 0.1888600530425418, "episode_value_ests": 38.34811177258434, "episode_values": -7.276531915301074, "episode_td_err": 174.09002550039563, "episode_avg_len": 38.94295171339564, "episode_std_avg_len": 15.221254282797908, "step_rewards": -0.2908348133507079, "step_value_ests": 40.94634281063804, "step_values": -7.525512385522708, "step_td_err": 161.41347501722046}