{"dim0": 0.5333333333333333, "dim1": 0.6, "scale": 15, "episode_rewards": -4.209056839516826, "episode_std_rewards": 0.19803938064716567, "episode_value_ests": 36.784789655238924, "episode_values": -0.8926307321629227, "episode_td_err": 58.26409874730828, "episode_avg_len": 20.585014409221902, "episode_std_avg_len": 2.7887908997968083, "step_rewards": -0.2044718918258909, "step_value_ests": 36.01514069800912, "step_values": -0.762817383492302, "step_td_err": 56.934321310018795}