{"dim0": 0.5333333333333333, "dim1": -0.3333333333333333, "scale": 15, "episode_rewards": -5.69791270640548, "episode_std_rewards": 0.1355845119406082, "episode_value_ests": 34.751183725102095, "episode_values": -3.003639213580172, "episode_td_err": 62.69588823318159, "episode_avg_len": 19.343617021276597, "episode_std_avg_len": 1.6424061441379691, "step_rewards": -0.2945629403300419, "step_value_ests": 34.67877652919835, "step_values": -2.956532225970695, "step_td_err": 62.450339373525416}