{"dim0": 0.5333333333333333, "dim1": 0.0, "scale": 15, "episode_rewards": 5.818335063622098, "episode_std_rewards": 0.19096252794658075, "episode_value_ests": 42.19112336295276, "episode_values": 4.554444221826107, "episode_td_err": 36.710948261624885, "episode_avg_len": 23.665286322763844, "episode_std_avg_len": 3.627798216750092, "step_rewards": 0.24585948313777178, "step_value_ests": 42.0613244752099, "step_values": 4.86697518890762, "step_td_err": 35.819396137585024}