{"dim0": 0.5333333333333333, "dim1": 0.06666666666666667, "scale": 15, "episode_rewards": 4.235617329900975, "episode_std_rewards": 0.1960421721416368, "episode_value_ests": 41.59256466946241, "episode_values": 3.638778732071284, "episode_td_err": 39.5231395847135, "episode_avg_len": 22.98000919117647, "episode_std_avg_len": 3.0388969191484003, "step_rewards": 0.18431747762430425, "step_value_ests": 41.440769867860965, "step_values": 3.9127281226890434, "step_td_err": 38.49018374605958}