{"dim0": 0.5333333333333333, "dim1": 0.8666666666666667, "scale": 15, "episode_rewards": -10.508202382475552, "episode_std_rewards": 0.2750882313078643, "episode_value_ests": -14.21712803300237, "episode_values": -6.336288628427277, "episode_td_err": 358.59144944381023, "episode_avg_len": 16.272068993572532, "episode_std_avg_len": 2.607297190598337, "step_rewards": -0.6457815774150351, "step_value_ests": -14.327667384158671, "step_values": -6.33796750258225, "step_td_err": 351.116606982538}