{"dim0": 0.5333333333333333, "dim1": -0.6, "scale": 15, "episode_rewards": 211.67096273482016, "episode_std_rewards": 0.11304917587850576, "episode_value_ests": 69.11231537759247, "episode_values": 24.05598388081008, "episode_td_err": 10.283939498969103, "episode_avg_len": 618.574074074074, "episode_std_avg_len": 345.7142776874889, "step_rewards": 0.34219177881269014, "step_value_ests": 70.2868783766817, "step_values": 28.74169617554577, "step_td_err": 6.371929070062725}