{"dim0": 0.5333333333333333, "dim1": -0.8, "scale": 15, "episode_rewards": 0.4305992183864316, "episode_std_rewards": 0.17085936266995613, "episode_value_ests": 52.445596667495735, "episode_values": 0.6668757547249549, "episode_td_err": 90.82507214808612, "episode_avg_len": 31.362439253801536, "episode_std_avg_len": 16.149414248458175, "step_rewards": 0.013729774489216025, "step_value_ests": 54.188929126463364, "step_values": 0.9583132603381022, "step_td_err": 75.7189696548903}