{"dim0": 0.5333333333333333, "dim1": -0.4666666666666667, "scale": 15, "episode_rewards": 47.27770414314507, "episode_std_rewards": 0.12461703349771443, "episode_value_ests": 47.16373703534009, "episode_values": 18.90542728457122, "episode_td_err": 7.263523399430896, "episode_avg_len": 88.13964757709252, "episode_std_avg_len": 46.44922732208286, "step_rewards": 0.5363954297842296, "step_value_ests": 48.87869755920836, "step_values": 20.54367914045329, "step_td_err": 5.729143930513932}