{"dim0": 0.5333333333333333, "dim1": -0.2, "scale": 15, "episode_rewards": -3.110706624836044, "episode_std_rewards": 0.16208803303338107, "episode_value_ests": 34.98947317408303, "episode_values": -1.8821292176899347, "episode_td_err": 58.30868492076853, "episode_avg_len": 20.871543358029843, "episode_std_avg_len": 5.035560385859591, "step_rewards": -0.14904056549508934, "step_value_ests": 34.6945845655133, "step_values": -1.6095254932846828, "step_td_err": 57.58353279650998}