{"dim0": 0.5333333333333333, "dim1": -0.13333333333333333, "scale": 15, "episode_rewards": 10.548873919965132, "episode_std_rewards": 0.1751780303632376, "episode_value_ests": 42.83581333752125, "episode_values": 7.276910062757161, "episode_td_err": 30.94478186749853, "episode_avg_len": 26.55629314922995, "episode_std_avg_len": 5.860195573025359, "step_rewards": 0.3972268968672315, "step_value_ests": 42.803926275995025, "step_values": 7.750634501619551, "step_td_err": 29.977252272392395}