{"dim0": 0.5333333333333333, "dim1": 0.13333333333333333, "scale": 15, "episode_rewards": -0.10346214717336981, "episode_std_rewards": 0.2590367469141786, "episode_value_ests": 47.33369910084499, "episode_values": -0.47893911736278744, "episode_td_err": 92.17275007960599, "episode_avg_len": 67.35319865319865, "episode_std_avg_len": 35.76828013066873, "step_rewards": -0.0015361133434225742, "step_value_ests": 47.36936113546043, "step_values": 1.0151122008244424, "step_td_err": 80.1270556602643}