{"dim0": 0.5333333333333333, "dim1": -0.8666666666666667, "scale": 15, "episode_rewards": -16.54843305005356, "episode_std_rewards": 0.14769406656136566, "episode_value_ests": 33.50096198488499, "episode_values": -7.288686449944688, "episode_td_err": 69.09216662471243, "episode_avg_len": 18.847248398039955, "episode_std_avg_len": 0.6117481002403203, "step_rewards": -0.8780291266164103, "step_value_ests": 33.495150563993526, "step_values": -7.269841480407943, "step_td_err": 68.95560731495574}