{"dim0": 0.5333333333333333, "dim1": 0.4666666666666667, "scale": 15, "episode_rewards": -2.5986147423844232, "episode_std_rewards": 0.19448167787873824, "episode_value_ests": 37.285591128624546, "episode_values": -0.1447299752669002, "episode_td_err": 53.15914025797758, "episode_avg_len": 21.105413105413106, "episode_std_avg_len": 2.365506323267967, "step_rewards": -0.12312550952712373, "step_value_ests": 36.82514586976861, "step_values": 0.006346385957799847, "step_td_err": 52.04713207600979}