{"dim0": 0.5333333333333333, "dim1": -0.6666666666666666, "scale": 15, "episode_rewards": -12.058606952541481, "episode_std_rewards": 0.13833286529466962, "episode_value_ests": 33.7675513079755, "episode_values": -5.4747722105295304, "episode_td_err": 66.88724586916241, "episode_avg_len": 18.911024962178516, "episode_std_avg_len": 0.6719523067553933, "step_rewards": -0.6376495709068299, "step_value_ests": 33.759915482324786, "step_values": -5.45375987236103, "step_td_err": 66.74934053837869}