{"dim0": 0.5333333333333333, "dim1": 0.26666666666666666, "scale": 15, "episode_rewards": -12.491219480937362, "episode_std_rewards": 0.1883836829575257, "episode_value_ests": 48.668025597388215, "episode_values": -7.719679548678156, "episode_td_err": 145.83444269111922, "episode_avg_len": 51.077885597548516, "episode_std_avg_len": 25.035323588766865, "step_rewards": -0.2445523994348129, "step_value_ests": 51.00647799237185, "step_values": -7.7990342824652314, "step_td_err": 128.92570818924534}