{"dim0": 0.5333333333333333, "dim1": -0.2, "scale": 15, "episode_rewards": 14.161664613647869, "episode_std_rewards": 0.1624892480053646, "episode_value_ests": 42.829877823664106, "episode_values": 9.165784710669387, "episode_td_err": 27.4945844090296, "episode_avg_len": 29.47075290997495, "episode_std_avg_len": 7.639040194260566, "step_rewards": 0.4805328407084766, "step_value_ests": 42.92052565490561, "step_values": 9.713350533223153, "step_td_err": 26.387521643299678}