{"dim0": 0.5333333333333333, "dim1": 0.0, "scale": 15, "episode_rewards": 3.6175356794363838, "episode_std_rewards": 0.24901004293812484, "episode_value_ests": 35.71665706150234, "episode_values": 2.0662666691690172, "episode_td_err": 54.29065988491361, "episode_avg_len": 41.61610486891386, "episode_std_avg_len": 21.464439489670625, "step_rewards": 0.08692633995495788, "step_value_ests": 35.64681967325073, "step_values": 3.467966307381904, "step_td_err": 51.59506271642368}