{"dim0": 0.5333333333333333, "dim1": -0.26666666666666666, "scale": 15, "episode_rewards": -4.421685045137145, "episode_std_rewards": 0.14338536756717504, "episode_value_ests": 34.98464162131315, "episode_values": -2.493148696272548, "episode_td_err": 60.76330388902832, "episode_avg_len": 19.71203311323544, "episode_std_avg_len": 2.5915495325549944, "step_rewards": -0.22431400250480762, "step_value_ests": 34.85828374440317, "step_values": -2.3984089471894734, "step_td_err": 60.40566026122429}