{"dim0": 0.5333333333333333, "dim1": 0.6666666666666666, "scale": 15, "episode_rewards": -8.318682234370923, "episode_std_rewards": 0.24367572899702378, "episode_value_ests": -4.008381812810459, "episode_values": -5.408988083419342, "episode_td_err": 301.9161064031832, "episode_avg_len": 18.54799220996012, "episode_std_avg_len": 3.905530479129749, "step_rewards": -0.4484950252407297, "step_value_ests": -3.4826139345158125, "step_values": -5.557369873401411, "step_td_err": 294.3871451632492}