{"dim0": 0.5333333333333333, "dim1": 0.5333333333333333, "scale": 15, "episode_rewards": -8.68275233517766, "episode_std_rewards": 0.22618835436467638, "episode_value_ests": 7.689061561956714, "episode_values": -5.813209070687213, "episode_td_err": 258.6851829059536, "episode_avg_len": 22.73866090712743, "episode_std_avg_len": 6.161962596654554, "step_rewards": -0.38184976550030936, "step_value_ests": 9.323878373726195, "step_values": -6.072526220366695, "step_td_err": 252.29869454432682}