{"dim0": 0.5333333333333333, "dim1": 0.3333333333333333, "scale": 15, "episode_rewards": -0.7840728883251462, "episode_std_rewards": 0.19683786911096535, "episode_value_ests": 38.60125114628879, "episode_values": 0.7703765861382775, "episode_td_err": 48.60727846971429, "episode_avg_len": 21.460622317596567, "episode_std_avg_len": 2.27591297510066, "step_rewards": -0.036535421793535236, "step_value_ests": 38.28305182985188, "step_values": 0.9428192279414672, "step_td_err": 47.354939113448076}