{"dim0": 0.5333333333333333, "dim1": -0.5333333333333333, "scale": 15, "episode_rewards": -9.33956159880952, "episode_std_rewards": 0.1364220483989431, "episode_value_ests": 34.07365367136535, "episode_values": -4.412753941484148, "episode_td_err": 65.70255219673302, "episode_avg_len": 18.977986526235885, "episode_std_avg_len": 0.7449671649580375, "step_rewards": -0.49212605277689275, "step_value_ests": 34.06204953697432, "step_values": -4.389560769221455, "step_td_err": 65.55748615273045}