{"dim0": 0.5333333333333333, "dim1": -1.0, "scale": 15, "episode_rewards": -19.79613745695428, "episode_std_rewards": 0.15259186307538675, "episode_value_ests": 33.326707576566264, "episode_values": -8.643263773925042, "episode_td_err": 70.73965221081498, "episode_avg_len": 18.819345126082048, "episode_std_avg_len": 0.6109605031129985, "step_rewards": -1.0519036302447358, "step_value_ests": 33.32060166275139, "step_values": -8.625129661533693, "step_td_err": 70.60350896931915}