{"dim0": 0.5333333333333333, "dim1": 0.4, "scale": 15, "episode_rewards": -10.037481657898226, "episode_std_rewards": 0.20017301087741415, "episode_value_ests": 27.01083938884239, "episode_values": -6.62147123957497, "episode_td_err": 202.12189157408622, "episode_avg_len": 31.613621997471554, "episode_std_avg_len": 10.35426759480119, "step_rewards": -0.3175049558921474, "step_value_ests": 29.53506686444601, "step_values": -6.827878808951508, "step_td_err": 192.93263658357648}