{"dim0": 0.5333333333333333, "dim1": 0.06666666666666667, "scale": 15, "episode_rewards": 4.703388047724023, "episode_std_rewards": 0.2576889941083572, "episode_value_ests": 40.205485209019436, "episode_values": 2.4645700637019408, "episode_td_err": 66.57116822781971, "episode_avg_len": 55.51013044684985, "episode_std_avg_len": 28.282065158220796, "step_rewards": 0.0847302647257774, "step_value_ests": 40.219143841443156, "step_values": 4.026683189789259, "step_td_err": 60.77354223227563}