{"dim0": 0.5333333333333333, "dim1": 0.26666666666666666, "scale": 15, "episode_rewards": 0.3029552319034136, "episode_std_rewards": 0.1984602437247525, "episode_value_ests": 39.29725459291509, "episode_values": 1.347895062638802, "episode_td_err": 46.205179930747626, "episode_avg_len": 21.711463308727748, "episode_std_avg_len": 2.1368474358835527, "step_rewards": 0.013953699370490116, "step_value_ests": 39.057766978625516, "step_values": 1.534832976734425, "step_td_err": 45.0212473464347}