{"dim0": 0.5333333333333333, "dim1": -0.8, "scale": 15, "episode_rewards": -14.95267588736726, "episode_std_rewards": 0.14598765998012297, "episode_value_ests": 33.568688584535636, "episode_values": -6.635864919097982, "episode_td_err": 68.23471931643998, "episode_avg_len": 18.87290054727307, "episode_std_avg_len": 0.6222730308833802, "step_rewards": -0.7922828740560369, "step_value_ests": 33.56241963533116, "step_values": -6.616343244809162, "step_td_err": 68.09855212280813}