{"dim0": 0.5333333333333333, "dim1": 0.8666666666666667, "scale": 15, "episode_rewards": -6.964805847696859, "episode_std_rewards": 0.20927063351001138, "episode_value_ests": 37.33327525794874, "episode_values": -2.152998839747619, "episode_td_err": 67.32318978223643, "episode_avg_len": 19.233387825752477, "episode_std_avg_len": 3.586854113250652, "step_rewards": -0.36212059522718903, "step_value_ests": 35.80643795949707, "step_values": -2.0817675222402237, "step_td_err": 65.0277966811717}