{"dim0": 0.5333333333333333, "dim1": 0.13333333333333333, "scale": 15, "episode_rewards": 2.8421013526217043, "episode_std_rewards": 0.20017886138129448, "episode_value_ests": 40.84463988162176, "episode_values": 2.8085936357279597, "episode_td_err": 41.98124568505274, "episode_avg_len": 22.48853159433326, "episode_std_avg_len": 2.779756122340169, "step_rewards": 0.12638003244897802, "step_value_ests": 40.660825857827064, "step_values": 3.0574825293491323, "step_td_err": 40.76191146935681}