{"dim0": 0.5333333333333333, "dim1": -1.0, "scale": 15, "episode_rewards": -6.781446344705125, "episode_std_rewards": 0.1947688637723139, "episode_value_ests": 33.10992701299514, "episode_values": -3.2956450198566762, "episode_td_err": 237.5773279293183, "episode_avg_len": 15.963843882193311, "episode_std_avg_len": 1.948179756635876, "step_rewards": -0.42480034224522906, "step_value_ests": 33.532656781083475, "step_values": -3.2634635271055847, "step_td_err": 234.55471921801976}