{"dim0": 0.5333333333333333, "dim1": 0.2, "scale": 15, "episode_rewards": -10.18889851470287, "episode_std_rewards": 0.2182786232768904, "episode_value_ests": 53.17911235954175, "episode_values": -6.103318297348991, "episode_td_err": 121.24544666770845, "episode_avg_len": 65.1628664495114, "episode_std_avg_len": 34.51265436985649, "step_rewards": -0.15636050207517027, "step_value_ests": 54.0021796662171, "step_values": -5.514856983465821, "step_td_err": 105.32710128826905}