{"dim0": 0.6, "dim1": 0.3333333333333333, "scale": 15, "episode_rewards": -12.768165418300299, "episode_std_rewards": 0.2015397580976798, "episode_value_ests": 33.543660109074125, "episode_values": -8.038501972837228, "episode_td_err": 183.12922494163774, "episode_avg_len": 39.22156862745098, "episode_std_avg_len": 16.331454238352688, "step_rewards": -0.32553938725856885, "step_value_ests": 35.9763305162222, "step_values": -8.239784858493117, "step_td_err": 170.48094867914295}