{"dim0": 0.6, "dim1": -0.8, "scale": 15, "episode_rewards": 6.18275785856948, "episode_std_rewards": 0.1589713683548033, "episode_value_ests": 58.810093523691336, "episode_values": 2.609929853997252, "episode_td_err": 52.58553515944311, "episode_avg_len": 54.89163237311386, "episode_std_avg_len": 31.396164107339196, "step_rewards": 0.11263570768935303, "step_value_ests": 61.120909355298096, "step_values": 3.148941283396542, "step_td_err": 39.08339240383141}