{"dim0": 0.6, "dim1": 0.9333333333333333, "scale": 15, "episode_rewards": -12.410007155160102, "episode_std_rewards": 0.2645905734842215, "episode_value_ests": -17.794714180686775, "episode_values": -7.173296710020848, "episode_td_err": 392.6470447560089, "episode_avg_len": 16.115542663766014, "episode_std_avg_len": 2.5720824394073234, "step_rewards": -0.7700644907889207, "step_value_ests": -18.00637429794066, "step_values": -7.16349232916379, "step_td_err": 383.5841092033634}