{"dim0": 0.6, "dim1": 0.4666666666666667, "scale": 15, "episode_rewards": -10.107916386263515, "episode_std_rewards": 0.21728272228548862, "episode_value_ests": 12.496895726959519, "episode_values": -6.573913958912889, "episode_td_err": 228.10987116019712, "episode_avg_len": 26.407050435701084, "episode_std_avg_len": 7.810402354308902, "step_rewards": -0.38277339647892256, "step_value_ests": 14.48222303044063, "step_values": -6.773104391695426, "step_td_err": 220.92861272009145}