{"dim0": 0.6, "dim1": 1.0, "scale": 15, "episode_rewards": -8.912655097658543, "episode_std_rewards": 0.2296033955287185, "episode_value_ests": 39.121060018086396, "episode_values": -3.133589612278293, "episode_td_err": 75.57507287510643, "episode_avg_len": 17.784367775208963, "episode_std_avg_len": 3.9256618424411953, "step_rewards": -0.5011510788751569, "step_value_ests": 37.09502430685223, "step_values": -3.096745015954414, "step_td_err": 72.15878196910819}