{"dim0": 0.6, "dim1": -0.26666666666666666, "scale": 15, "episode_rewards": 14.085812229928115, "episode_std_rewards": 0.1602275086669971, "episode_value_ests": 42.82282937141813, "episode_values": 9.13449075469902, "episode_td_err": 27.37079706529817, "episode_avg_len": 29.315843470614098, "episode_std_avg_len": 7.654647797676085, "step_rewards": 0.480484630914597, "step_value_ests": 42.92160773231243, "step_values": 9.682577312620833, "step_td_err": 26.243312102049963}