{"dim0": 0.6, "dim1": -0.06666666666666667, "scale": 15, "episode_rewards": 5.771361986833887, "episode_std_rewards": 0.19119030379675533, "episode_value_ests": 42.16676735214008, "episode_values": 4.521464110933274, "episode_td_err": 37.067521802989944, "episode_avg_len": 23.673097407977277, "episode_std_avg_len": 3.7806951036836836, "step_rewards": 0.2437941215452894, "step_value_ests": 42.03338944271803, "step_values": 4.846759387825826, "step_td_err": 36.151146948723316}