{"dim0": 0.6, "dim1": -0.6666666666666666, "scale": 15, "episode_rewards": -12.732602880235525, "episode_std_rewards": 0.14254472075804006, "episode_value_ests": 33.249737875698244, "episode_values": -6.182212542142984, "episode_td_err": 70.29343549523726, "episode_avg_len": 18.47012651214332, "episode_std_avg_len": 0.6608720475310644, "step_rewards": -0.6893619744220151, "step_value_ests": 33.23922147286707, "step_values": -6.166109703792283, "step_td_err": 70.19039339074696}