{"dim0": 0.6, "dim1": 0.13333333333333333, "scale": 15, "episode_rewards": -3.2171058509379433, "episode_std_rewards": 0.2746006526206135, "episode_value_ests": 42.123778195772275, "episode_values": -1.9684126729662725, "episode_td_err": 100.91298362909697, "episode_avg_len": 65.0761223162004, "episode_std_avg_len": 32.63761808567598, "step_rewards": -0.049436040999896215, "step_value_ests": 41.106438672999374, "step_values": -0.4116748172375482, "step_td_err": 88.07821054695407}