{"dim0": 0.6, "dim1": 0.8666666666666667, "scale": 15, "episode_rewards": -7.689100711369581, "episode_std_rewards": 0.22127280629375778, "episode_value_ests": 37.83951768799954, "episode_values": -2.5153695168997845, "episode_td_err": 70.17193317827623, "episode_avg_len": 18.766091199099268, "episode_std_avg_len": 3.7419566000672524, "step_rewards": -0.40973373889063486, "step_value_ests": 36.1015188265781, "step_values": -2.45307976527329, "step_td_err": 67.51295322803071}