{"dim0": 0.6, "dim1": -0.4, "scale": 15, "episode_rewards": 24.522142843930013, "episode_std_rewards": 0.12423232490373234, "episode_value_ests": 43.5425131308906, "episode_values": 13.640144377764559, "episode_td_err": 18.706483359511967, "episode_avg_len": 41.134896154637055, "episode_std_avg_len": 13.58609009812391, "step_rewards": 0.596139656017235, "step_value_ests": 44.15530622746889, "step_values": 14.265073237532434, "step_td_err": 16.824370515819204}