{"dim0": 0.6, "dim1": 0.5333333333333333, "scale": 15, "episode_rewards": -4.217126539189568, "episode_std_rewards": 0.19127916970792405, "episode_value_ests": 36.62895849482297, "episode_values": -0.8998554515470716, "episode_td_err": 58.06923799235334, "episode_avg_len": 20.625141796431887, "episode_std_avg_len": 2.711267884460058, "step_rewards": -0.2044653355992502, "step_value_ests": 35.891897758058704, "step_values": -0.7843827116750741, "step_td_err": 56.86619506464755}