{"dim0": 0.6, "dim1": -0.8666666666666667, "scale": 15, "episode_rewards": 0.4606793077556442, "episode_std_rewards": 0.17255432822514546, "episode_value_ests": 52.438243318607206, "episode_values": 0.688327782113331, "episode_td_err": 90.85453768718438, "episode_avg_len": 31.86872709893261, "episode_std_avg_len": 16.65334950948965, "step_rewards": 0.014455528968117269, "step_value_ests": 54.274742085265416, "step_values": 0.9957780465088647, "step_td_err": 75.44644074601608}