{"dim0": 0.6, "dim1": -0.4666666666666667, "scale": 15, "episode_rewards": -8.863245126686065, "episode_std_rewards": 0.13663557958876002, "episode_value_ests": 33.44692948727012, "episode_values": -4.692936846117688, "episode_td_err": 67.10681093512646, "episode_avg_len": 18.61761146793261, "episode_std_avg_len": 0.7686462657462065, "step_rewards": -0.4760677889294401, "step_value_ests": 33.42757321362154, "step_values": -4.6740856205702315, "step_td_err": 66.98051815916175}