{"dim0": 0.6, "dim1": -0.9333333333333333, "scale": 15, "episode_rewards": -2.890961282979993, "episode_std_rewards": 0.18912181882008622, "episode_value_ests": 46.092343760278695, "episode_values": -0.9547741926229958, "episode_td_err": 141.74195188252048, "episode_avg_len": 21.323313079629038, "episode_std_avg_len": 8.701828531280894, "step_rewards": -0.13557749080473977, "step_value_ests": 47.18890382321571, "step_values": -0.9500828523328853, "step_td_err": 129.53865314091357}