{"dim0": 0.6, "dim1": 0.8, "scale": 15, "episode_rewards": -10.295203184920977, "episode_std_rewards": 0.25768523296783324, "episode_value_ests": -13.106747641897991, "episode_values": -6.192353816089564, "episode_td_err": 353.2913709290502, "episode_avg_len": 17.027924399795676, "episode_std_avg_len": 2.8944900419888717, "step_rewards": -0.6046070526977741, "step_value_ests": -13.071396318227642, "step_values": -6.201076929483901, "step_td_err": 343.4181385279387}