{"dim0": 0.6, "dim1": 0.9333333333333333, "scale": 15, "episode_rewards": -8.298729504665724, "episode_std_rewards": 0.22011316111740992, "episode_value_ests": 38.44170396981414, "episode_values": -2.802170989721131, "episode_td_err": 72.36578020996001, "episode_avg_len": 18.312854788500275, "episode_std_avg_len": 3.8564943333416175, "step_rewards": -0.45316416257922754, "step_value_ests": 36.54047906510584, "step_values": -2.760940716318382, "step_td_err": 69.45763869187873}