{"dim0": 0.6, "dim1": -0.6, "scale": 15, "episode_rewards": 263.1108553923387, "episode_std_rewards": 0.10264133190687567, "episode_value_ests": 59.72426803693688, "episode_values": 31.68671916489517, "episode_td_err": 5.9180026110293715, "episode_avg_len": 557.8774373259052, "episode_std_avg_len": 424.41199896677085, "step_rewards": 0.4716284219227753, "step_value_ests": 67.10585484546132, "step_values": 40.08160192835297, "step_td_err": 5.266752825704453}