{"dim0": 0.6, "dim1": -0.8666666666666667, "scale": 15, "episode_rewards": -16.978843665806068, "episode_std_rewards": 0.1479058295740266, "episode_value_ests": 33.07854564756076, "episode_values": -7.867447965238684, "episode_td_err": 73.10038534136396, "episode_avg_len": 18.427215772986916, "episode_std_avg_len": 0.591070496729673, "step_rewards": -0.9214003827260726, "step_value_ests": 33.071775205784085, "step_values": -7.853866591413471, "step_td_err": 73.00236989927684}