{"dim0": 0.6, "dim1": 0.26666666666666666, "scale": 15, "episode_rewards": -0.750639474032057, "episode_std_rewards": 0.19693675920088574, "episode_value_ests": 38.57103276048866, "episode_values": 0.7990367907310622, "episode_td_err": 48.593951935316014, "episode_avg_len": 21.479969928042102, "episode_std_avg_len": 2.1428426720529603, "step_rewards": -0.03494602071356242, "step_value_ests": 38.26735177387357, "step_values": 0.9729951154177007, "step_td_err": 47.29729645004526}