{"dim0": 0.6, "dim1": -0.4, "scale": 15, "episode_rewards": -7.6426753708754935, "episode_std_rewards": 0.1386467916209905, "episode_value_ests": 33.53330977881049, "episode_values": -4.251655085386489, "episode_td_err": 65.5568773173745, "episode_avg_len": 18.727808988764046, "episode_std_avg_len": 1.055649183900487, "step_rewards": -0.40809233880272916, "step_value_ests": 33.493559961294224, "step_values": -4.2279055893945445, "step_td_err": 65.40511556526131}