{"dim0": 0.6, "dim1": 0.6666666666666666, "scale": 15, "episode_rewards": -5.6808036491755125, "episode_std_rewards": 0.19948177299400313, "episode_value_ests": 36.76676698043179, "episode_values": -1.569777130482671, "episode_td_err": 62.93190925045012, "episode_avg_len": 19.977327207351177, "episode_std_avg_len": 3.1991723434643293, "step_rewards": -0.28436254711216385, "step_value_ests": 35.63716813586987, "step_values": -1.4754233833185935, "step_td_err": 61.29245374305808}