{"dim0": 0.6, "dim1": 0.7333333333333333, "scale": 15, "episode_rewards": -9.640762452120445, "episode_std_rewards": 0.2508248327462257, "episode_value_ests": -10.132238620338711, "episode_values": -5.920427060526407, "episode_td_err": 328.9354467678491, "episode_avg_len": 17.740376086570873, "episode_std_avg_len": 3.3006614289939, "step_rewards": -0.5434361935211914, "step_value_ests": -9.993798587842333, "step_values": -5.975164568415988, "step_td_err": 319.21430445720716}