{"dim0": 0.6, "dim1": 0.5333333333333333, "scale": 15, "episode_rewards": -9.611939037673723, "episode_std_rewards": 0.22510932040378046, "episode_value_ests": 4.472200656143522, "episode_values": -6.232296618223844, "episode_td_err": 253.0402509713112, "episode_avg_len": 23.005406027145156, "episode_std_avg_len": 6.101329261889417, "step_rewards": -0.41781218841919787, "step_value_ests": 5.8784900687485235, "step_values": -6.440971246471378, "step_td_err": 245.91453810861037}