{"dim0": 0.6, "dim1": 0.7333333333333333, "scale": 15, "episode_rewards": -6.395400385104607, "episode_std_rewards": 0.2039905521624803, "episode_value_ests": 36.95456947141594, "episode_values": -1.8933652716919074, "episode_td_err": 65.07530831871784, "episode_avg_len": 19.632214369846878, "episode_std_avg_len": 3.379174006385512, "step_rewards": -0.32576052118335175, "step_value_ests": 35.635005159670584, "step_values": -1.814998099034567, "step_td_err": 63.21363392696945}