{"dim0": 0.6, "dim1": 0.6, "scale": 15, "episode_rewards": -5.008647693286459, "episode_std_rewards": 0.1975105950918339, "episode_value_ests": 36.56512551590297, "episode_values": -1.2628775049009073, "episode_td_err": 60.523189778747486, "episode_avg_len": 20.341604800162717, "episode_std_avg_len": 2.949032275746405, "step_rewards": -0.24622677229706053, "step_value_ests": 35.65791531482679, "step_values": -1.153943543349377, "step_td_err": 59.14084764054217}