{"dim0": 0.6, "dim1": -1.0, "scale": 15, "episode_rewards": -20.192155858802128, "episode_std_rewards": 0.15374223533100967, "episode_value_ests": 32.935924660622376, "episode_values": -9.217223012412802, "episode_td_err": 74.9117333332693, "episode_avg_len": 18.410990427098675, "episode_std_avg_len": 0.5452573454889765, "step_rewards": -1.0967446829520806, "step_value_ests": 32.930339011410084, "step_values": -9.203675587642516, "step_td_err": 74.82238837338299}