{"dim0": 0.6, "dim1": 0.13333333333333333, "scale": 15, "episode_rewards": 1.4628667323866322, "episode_std_rewards": 0.19774607689053897, "episode_value_ests": 40.0198197289707, "episode_values": 2.0221769461536887, "episode_td_err": 43.70167601008613, "episode_avg_len": 22.05591089545655, "episode_std_avg_len": 2.37192103431603, "step_rewards": 0.06632538276566842, "step_value_ests": 39.82978386432338, "step_values": 2.2321691406585225, "step_td_err": 42.61280433141252}