{"dim0": 0.6, "dim1": -0.3333333333333333, "scale": 15, "episode_rewards": -6.514186559013786, "episode_std_rewards": 0.13953626229665622, "episode_value_ests": 33.578842742306705, "episode_values": -3.8311832373209374, "episode_td_err": 63.468016393287776, "episode_avg_len": 18.90792210247684, "episode_std_avg_len": 1.3869552752373933, "step_rewards": -0.34452154624438935, "step_value_ests": 33.512617912403485, "step_values": -3.7996170359824615, "step_td_err": 63.264230598964446}