{"dim0": 0.6, "dim1": -0.06666666666666667, "scale": 15, "episode_rewards": -1.6718275521806965, "episode_std_rewards": 0.22875834718313678, "episode_value_ests": 32.273732795102404, "episode_values": -1.126520341270808, "episode_td_err": 54.92721060907125, "episode_avg_len": 29.999550022498877, "episode_std_avg_len": 13.517866442669568, "step_rewards": -0.05572842095721002, "step_value_ests": 31.577807775816908, "step_values": -0.4584449857745249, "step_td_err": 54.21842398791966}