{"dim0": 0.6, "dim1": 0.0, "scale": 15, "episode_rewards": 0.08066210990683612, "episode_std_rewards": 0.2530615064935487, "episode_value_ests": 33.02841502930419, "episode_values": 0.057954563395802246, "episode_td_err": 58.068088063751276, "episode_avg_len": 40.35296490520371, "episode_std_avg_len": 19.5214650604733, "step_rewards": 0.001998914084660836, "step_value_ests": 32.53638874503613, "step_values": 0.9786300588570052, "step_td_err": 56.24170823392128}