{"dim0": 0.6, "dim1": -0.6, "scale": 15, "episode_rewards": -11.374461008042216, "episode_std_rewards": 0.1393377750643167, "episode_value_ests": 33.291768252951044, "episode_values": -5.649613445103507, "episode_td_err": 69.37015291190829, "episode_avg_len": 18.508096604052927, "episode_std_avg_len": 0.7135901063860278, "step_rewards": -0.6145667623947576, "step_value_ests": 33.2786726637998, "step_values": -5.632191297872583, "step_td_err": 69.25330110704652}