{"dim0": 0.6, "dim1": -0.9333333333333333, "scale": 15, "episode_rewards": -18.54718982193278, "episode_std_rewards": 0.1519322442817655, "episode_value_ests": 33.02182299140358, "episode_values": -8.52801977236076, "episode_td_err": 73.9220087412291, "episode_avg_len": 18.415707577571126, "episode_std_avg_len": 0.5950785088983863, "step_rewards": -1.0071396792009115, "step_value_ests": 33.01522875878326, "step_values": -8.514446141756201, "step_td_err": 73.82972506162855}