{"dim0": 0.6, "dim1": 0.8, "scale": 15, "episode_rewards": -7.027609707440788, "episode_std_rewards": 0.2088417825658335, "episode_value_ests": 37.37726709229687, "episode_values": -2.1963001933483115, "episode_td_err": 67.86766624295764, "episode_avg_len": 19.18570743405276, "episode_std_avg_len": 3.5838496029765654, "step_rewards": -0.3662940098298104, "step_value_ests": 35.832703685046, "step_values": -2.131146689052704, "step_td_err": 65.6364845998279}