{"dim0": 0.6, "dim1": 0.2, "scale": 15, "episode_rewards": -11.351706317797747, "episode_std_rewards": 0.23757810680276617, "episode_value_ests": 47.17598302076493, "episode_values": -6.837420760893617, "episode_td_err": 133.48076762826548, "episode_avg_len": 63.9073482428115, "episode_std_avg_len": 35.07627075794229, "step_rewards": -0.1776275597395738, "step_value_ests": 46.99780517401609, "step_values": -5.614306302795522, "step_td_err": 116.30456622548654}