{"dim0": 0.6, "dim1": 0.4, "scale": 15, "episode_rewards": -2.5697987384569028, "episode_std_rewards": 0.19501092270147888, "episode_value_ests": 37.370119471705294, "episode_values": -0.10733040029072645, "episode_td_err": 53.10165825702975, "episode_avg_len": 21.086979441222983, "episode_std_avg_len": 2.354713349083321, "step_rewards": -0.12186661184072657, "step_value_ests": 36.91081739210986, "step_values": 0.04334103086904556, "step_td_err": 51.96789792637962}