{"dim0": 0.6, "dim1": 0.0, "scale": 15, "episode_rewards": 4.214688259986435, "episode_std_rewards": 0.1966715507742275, "episode_value_ests": 41.52835567783793, "episode_values": 3.615678243423071, "episode_td_err": 39.05280420661732, "episode_avg_len": 22.9563870079192, "episode_std_avg_len": 2.9070576874859775, "step_rewards": 0.1835954524783236, "step_value_ests": 41.39018506635379, "step_values": 3.878188797177104, "step_td_err": 38.094757118351424}