{"dim0": 0.6, "dim1": 0.06666666666666667, "scale": 15, "episode_rewards": 2.7018958903591965, "episode_std_rewards": 0.19910736123390635, "episode_value_ests": 40.89577753231857, "episode_values": 2.7383837890743776, "episode_td_err": 42.12295722834093, "episode_avg_len": 22.4048392517083, "episode_std_avg_len": 2.6426992233285063, "step_rewards": 0.12059429929421096, "step_value_ests": 40.71412630298022, "step_values": 2.9785606713105275, "step_td_err": 40.925002772480596}