{"dim0": 0.6, "dim1": 0.6666666666666666, "scale": 15, "episode_rewards": -9.154830073780072, "episode_std_rewards": 0.2355946899278526, "episode_value_ests": -6.18804106645135, "episode_values": -5.753658099614138, "episode_td_err": 298.41227047447165, "episode_avg_len": 19.018541409147094, "episode_std_avg_len": 4.096109147456452, "step_rewards": -0.4813634167222201, "step_value_ests": -5.720519354150724, "step_values": -5.858823632975243, "step_td_err": 289.22052841037305}