{"dim0": 0.6, "dim1": -0.2, "scale": 15, "episode_rewards": 10.693010622811988, "episode_std_rewards": 0.17400761953602328, "episode_value_ests": 42.83495789367338, "episode_values": 7.357390931836401, "episode_td_err": 30.9871461414359, "episode_avg_len": 26.652452025586353, "episode_std_avg_len": 6.008540417893133, "step_rewards": 0.4012017585679058, "step_value_ests": 42.79092257818431, "step_values": 7.831261064231245, "step_td_err": 30.04757301928949}