{"dim0": 0.6, "dim1": 0.4, "scale": 15, "episode_rewards": -11.21826702052774, "episode_std_rewards": 0.21402841337060116, "episode_value_ests": 22.25370848060482, "episode_values": -7.237697732880246, "episode_td_err": 207.422177552747, "episode_avg_len": 31.049053089102763, "episode_std_avg_len": 10.638294770308326, "step_rewards": -0.3613078630235264, "step_value_ests": 24.61653808054212, "step_values": -7.432422778815247, "step_td_err": 198.44299115150747}