{"dim0": 0.6, "dim1": -0.13333333333333333, "scale": 15, "episode_rewards": 7.944618118967324, "episode_std_rewards": 0.1833805775330853, "episode_value_ests": 42.631590019658276, "episode_values": 5.791562467279669, "episode_td_err": 33.85948485026863, "episode_avg_len": 24.83647876831388, "episode_std_avg_len": 4.608642760897729, "step_rewards": 0.31987699194714286, "step_value_ests": 42.53356420322261, "step_values": 6.184474869881364, "step_td_err": 33.01497140968207}