{"dim0": 0.6, "dim1": 0.8666666666666667, "scale": 15, "episode_rewards": -11.327286909073214, "episode_std_rewards": 0.2614930809172535, "episode_value_ests": -15.719378035627427, "episode_values": -6.667563094542078, "episode_td_err": 371.2308053081219, "episode_avg_len": 16.53691608102522, "episode_std_avg_len": 2.699551613585625, "step_rewards": -0.6849697279452465, "step_value_ests": -15.8623883657329, "step_values": -6.666064129095286, "step_td_err": 361.8845973920865}