{"dim0": 0.6, "dim1": -0.5333333333333333, "scale": 15, "episode_rewards": 46.99312033944164, "episode_std_rewards": 0.11013909521529497, "episode_value_ests": 47.14625933124549, "episode_values": 18.902402145042704, "episode_td_err": 6.951891484641079, "episode_avg_len": 87.42001748251748, "episode_std_avg_len": 45.775024506068405, "step_rewards": 0.5375556044568335, "step_value_ests": 48.83062876695154, "step_values": 20.487679465447805, "step_td_err": 5.616597887661275}