{"dim0": 0.6, "dim1": 0.6, "scale": 15, "episode_rewards": -9.083833475888353, "episode_std_rewards": 0.23175620927614451, "episode_value_ests": -1.9203240407103568, "episode_values": -5.824889481004061, "episode_td_err": 277.3750521097229, "episode_avg_len": 20.533210142695822, "episode_std_avg_len": 4.949560870385758, "step_rewards": -0.4423971416432272, "step_value_ests": -1.0384646589411854, "step_values": -5.991621099407793, "step_td_err": 269.2395692127563}