{"dim0": 0.6, "dim1": -0.2, "scale": 15, "episode_rewards": -4.29604692439946, "episode_std_rewards": 0.16398736386903065, "episode_value_ests": 33.31133742840744, "episode_values": -2.8502680346920837, "episode_td_err": 58.440629705871814, "episode_avg_len": 20.538817005545287, "episode_std_avg_len": 4.681911407885693, "step_rewards": -0.2091672038968733, "step_value_ests": 32.953162464815414, "step_values": -2.6869831897760563, "step_td_err": 57.880328331763664}