{"dim0": 0.6, "dim1": -0.7333333333333333, "scale": 15, "episode_rewards": 25.491329359785666, "episode_std_rewards": 0.1463573270722026, "episode_value_ests": 65.28343642506793, "episode_values": 6.550212632901208, "episode_td_err": 26.978531900864475, "episode_avg_len": 138.5, "episode_std_avg_len": 101.51956627903171, "step_rewards": 0.18405291956523948, "step_value_ests": 67.0998690843275, "step_values": 8.57998735988996, "step_td_err": 17.28612436259019}