{"dim0": 0.6, "dim1": 0.06666666666666667, "scale": 15, "episode_rewards": 0.7753256516128577, "episode_std_rewards": 0.2673787601035101, "episode_value_ests": 36.18432475958728, "episode_values": 0.42021567140339966, "episode_td_err": 72.3952386323297, "episode_avg_len": 52.986225165562914, "episode_std_avg_len": 24.6509260399036, "step_rewards": 0.014632588926466145, "step_value_ests": 35.60324659646143, "step_values": 1.7099610509153174, "step_td_err": 66.87858618406442}