{"dim0": 0.6, "dim1": -0.26666666666666666, "scale": 15, "episode_rewards": -5.423873222503138, "episode_std_rewards": 0.14542908793283973, "episode_value_ests": 33.57311883035564, "episode_values": -3.3921023239132686, "episode_td_err": 61.19326851236628, "episode_avg_len": 19.300878124095338, "episode_std_avg_len": 2.249338886845467, "step_rewards": -0.2810169147553935, "step_value_ests": 33.442094137968816, "step_values": -3.33134630027339, "step_td_err": 60.89994999591747}