{"dim0": 0.6, "dim1": -1.0, "scale": 15, "episode_rewards": -4.975569898918328, "episode_std_rewards": 0.1969056359440645, "episode_value_ests": 39.72190727452997, "episode_values": -2.214642876672405, "episode_td_err": 191.07117639137687, "episode_avg_len": 17.501137556877843, "episode_std_avg_len": 4.0030066711347745, "step_rewards": -0.28429979952720036, "step_value_ests": 40.42368617304285, "step_values": -2.223874260447446, "step_td_err": 184.41177777501198}