{"dim0": 0.6, "dim1": 0.3333333333333333, "scale": 15, "episode_rewards": -1.6697351234677504, "episode_std_rewards": 0.19766932182041153, "episode_value_ests": 37.98285868634526, "episode_values": 0.3176825931516272, "episode_td_err": 51.193793574779974, "episode_avg_len": 21.244954323348203, "episode_std_avg_len": 2.2847332180048396, "step_rewards": -0.07859443226162702, "step_value_ests": 37.5824950771445, "step_values": 0.48470095476420655, "step_td_err": 49.936540428426696}