{"dim0": -0.06666666666666667, "dim1": -0.2, "episode_rewards": 14.189012446519747, "episode_std_rewards": 0.6506191344941129, "episode_value_ests": 12.37030341404676, "episode_values": 7.734457023623722, "episode_td_err": 4.021242713052447, "episode_avg_len": 24.8991784914115, "episode_std_avg_len": 15.266108281369773, "step_rewards": 0.5698586582450492, "step_value_ests": 12.658147499648159, "step_values": 6.798235731579828, "step_td_err": 4.955509372549195}