{"dim0": -0.06666666666666667, "dim1": -0.26666666666666666, "episode_rewards": 13.996435970405033, "episode_std_rewards": 0.661626531098023, "episode_value_ests": 12.042411572094865, "episode_values": 7.916523582370803, "episode_td_err": 3.6515408383588706, "episode_avg_len": 20.502511532547413, "episode_std_avg_len": 13.144416032335076, "step_rewards": 0.6826693377631279, "step_value_ests": 12.22267072918431, "step_values": 7.232694815597495, "step_td_err": 4.322878437977874}