{"dim0": -0.06666666666666667, "dim1": -0.06666666666666667, "scale": 15, "episode_rewards": 30.855808570411355, "episode_std_rewards": 0.20477051537463622, "episode_value_ests": 19.108885281382474, "episode_values": 15.40752345446042, "episode_td_err": 2.2841318548939866, "episode_avg_len": 38.80849825378347, "episode_std_avg_len": 7.485595892293741, "step_rewards": 0.7950786543873338, "step_value_ests": 19.126064081304484, "step_values": 15.683474043035304, "step_td_err": 2.158014886936413}