{"dim0": -0.06666666666666667, "dim1": 0.4, "scale": 15, "episode_rewards": 30.24363075070845, "episode_std_rewards": 0.22083140671963722, "episode_value_ests": 18.02120407555324, "episode_values": 13.734055430179037, "episode_td_err": 6.3238400432461095, "episode_avg_len": 46.43835616438356, "episode_std_avg_len": 15.937321971210654, "step_rewards": 0.6512640250152557, "step_value_ests": 17.947605774293816, "step_values": 14.12546820474353, "step_td_err": 6.216111739713935}