{"dim0": -0.06666666666666667, "dim1": 1.0, "episode_rewards": 32.445818791148604, "episode_std_rewards": 0.14931685371265968, "episode_value_ests": 15.263761740723364, "episode_values": 19.418798016791442, "episode_td_err": 2.7188358461468916, "episode_avg_len": 41.150380580127546, "episode_std_avg_len": 5.704422718461561, "step_rewards": 0.7884694706035702, "step_value_ests": 15.300412546643424, "step_values": 19.66863673823662, "step_td_err": 2.699972781388953}