{"dim0": -0.06666666666666667, "dim1": 0.8, "scale": 15, "episode_rewards": 14.393499519831328, "episode_std_rewards": 0.25731093222711343, "episode_value_ests": 13.334033867960299, "episode_values": 7.481804272684733, "episode_td_err": 12.566161133139433, "episode_avg_len": 12.889089385834891, "episode_std_avg_len": 1.993805623527075, "step_rewards": 1.1167196602461136, "step_value_ests": 13.389988440161199, "step_values": 7.529839454387805, "step_td_err": 12.243288637552144}