{"dim0": -0.06666666666666667, "dim1": -0.13333333333333333, "episode_rewards": 14.443261892071673, "episode_std_rewards": 0.6187238597374386, "episode_value_ests": 12.742046320323304, "episode_values": 7.45200526486114, "episode_td_err": 4.634043257938372, "episode_avg_len": 29.80673521084786, "episode_std_avg_len": 16.707098932972837, "step_rewards": 0.4845636997780016, "step_value_ests": 13.078064689355605, "step_values": 6.387399535395732, "step_td_err": 5.643939069823893}