{"dim0": -0.06666666666666667, "dim1": 0.6, "episode_rewards": 29.278710374191082, "episode_std_rewards": 0.20148037192428853, "episode_value_ests": 15.724464451495725, "episode_values": 16.368374760370205, "episode_td_err": 4.971169195734819, "episode_avg_len": 42.82594733461786, "episode_std_avg_len": 7.746595376265657, "step_rewards": 0.6836675472797767, "step_value_ests": 15.74390113969255, "step_values": 16.623468921537693, "step_td_err": 4.882354852335616}