{"dim0": -0.06666666666666667, "dim1": 0.06666666666666667, "episode_rewards": 17.127346799601238, "episode_std_rewards": 0.42711121987220424, "episode_value_ests": 14.261560984845552, "episode_values": 8.109357343197937, "episode_td_err": 6.300850383375822, "episode_avg_len": 41.85998325659272, "episode_std_avg_len": 15.131828471817771, "step_rewards": 0.4091579945126656, "step_value_ests": 14.443855633753872, "step_values": 7.735247009271033, "step_td_err": 6.61072046969247}