{"dim0": -0.06666666666666667, "dim1": -0.2, "scale": 15, "episode_rewards": 28.00535342391779, "episode_std_rewards": 0.20963947553778542, "episode_value_ests": 18.728376585692217, "episode_values": 14.084394728226563, "episode_td_err": 2.3362577309261723, "episode_avg_len": 37.41769547325103, "episode_std_avg_len": 6.892340370408444, "step_rewards": 0.7484521179006899, "step_value_ests": 18.720734643837677, "step_values": 14.329367290360736, "step_td_err": 2.1578892979943167}