{"dim0": -0.06666666666666667, "dim1": -0.6666666666666666, "scale": 15, "episode_rewards": 13.980260479024862, "episode_std_rewards": 0.2673612204117226, "episode_value_ests": 18.039138536130153, "episode_values": 7.7686513247976166, "episode_td_err": 3.490629075558585, "episode_avg_len": 33.50134003350084, "episode_std_avg_len": 7.380613036230451, "step_rewards": 0.4173045157311561, "step_value_ests": 17.865680003798982, "step_values": 7.975872946630638, "step_td_err": 2.872236297073924}