{"dim0": -0.06666666666666667, "dim1": 1.0, "scale": 15, "episode_rewards": 10.784908630066466, "episode_std_rewards": 0.2590754775272584, "episode_value_ests": 12.042135701602202, "episode_values": 6.106443921160583, "episode_td_err": 21.989925626204275, "episode_avg_len": 10.400083199001612, "episode_std_avg_len": 0.8930005283752742, "step_rewards": 1.0370021492810555, "step_value_ests": 12.025831240750783, "step_values": 6.1233758459766445, "step_td_err": 21.804471806505152}