{"dim0": -0.06666666666666667, "dim1": 0.26666666666666666, "episode_rewards": 22.516832079812676, "episode_std_rewards": 0.27434961054242074, "episode_value_ests": 15.25293675261803, "episode_values": 11.230113722941308, "episode_td_err": 6.5061234602448685, "episode_avg_len": 44.60972346119536, "episode_std_avg_len": 10.981992153659762, "step_rewards": 0.5047516624800282, "step_value_ests": 15.267864091617923, "step_values": 11.339992734716672, "step_td_err": 6.373306958088575}