{"dim0": -0.06666666666666667, "dim1": -0.8, "scale": 15, "episode_rewards": 9.774591434416402, "episode_std_rewards": 0.2752623754680156, "episode_value_ests": 17.819958505154936, "episode_values": 5.978023473942183, "episode_td_err": 3.803951915914262, "episode_avg_len": 32.91426690801382, "episode_std_avg_len": 7.2700821610747, "step_rewards": 0.29697126360838155, "step_value_ests": 17.632086971128462, "step_values": 6.113745048299036, "step_td_err": 3.1363148479074896}