{"dim0": -0.06666666666666667, "dim1": -0.7333333333333333, "episode_rewards": 9.481193569693259, "episode_std_rewards": 0.7134210168292656, "episode_value_ests": 11.572061774529812, "episode_values": 6.001436308225831, "episode_td_err": 5.048490167261715, "episode_avg_len": 9.20197837589142, "episode_std_avg_len": 3.498195761782659, "step_rewards": 1.0303429526125996, "step_value_ests": 11.351120956406888, "step_values": 5.606493904730902, "step_td_err": 4.935242346122255}