{"dim0": -0.06666666666666667, "dim1": -0.4, "scale": 15, "episode_rewards": 22.300110704596094, "episode_std_rewards": 0.23465474576841105, "episode_value_ests": 18.397422017431676, "episode_values": 11.479112201837722, "episode_td_err": 2.721571450390938, "episode_avg_len": 35.73521529390745, "episode_std_avg_len": 7.340606760007577, "step_rewards": 0.6240373961983118, "step_value_ests": 18.322642260430175, "step_values": 11.69464230392982, "step_td_err": 2.380324604103888}