{"dim0": -0.06666666666666667, "dim1": 0.9333333333333333, "scale": 15, "episode_rewards": 12.002896800222794, "episode_std_rewards": 0.25616969634759423, "episode_value_ests": 12.374279493073164, "episode_values": 6.581456031208326, "episode_td_err": 18.618047676312987, "episode_avg_len": 10.95852282066736, "episode_std_avg_len": 1.1099640807463562, "step_rewards": 1.095302441455502, "step_value_ests": 12.378323445747146, "step_values": 6.6034605683878045, "step_td_err": 18.370963186465602}