{"dim0": -0.06666666666666667, "dim1": -0.9333333333333333, "scale": 15, "episode_rewards": 5.265303848608529, "episode_std_rewards": 0.3079412792558634, "episode_value_ests": 17.71197061482983, "episode_values": 4.0425676475728185, "episode_td_err": 4.494871953054813, "episode_avg_len": 31.991682661548303, "episode_std_avg_len": 7.457038046469093, "step_rewards": 0.16458352329610484, "step_value_ests": 17.450241200167266, "step_values": 4.10816587597943, "step_td_err": 3.5957857467081307}