{"dim0": -0.06666666666666667, "dim1": 0.6, "scale": 15, "episode_rewards": 18.56664417185075, "episode_std_rewards": 0.2670591982419741, "episode_value_ests": 15.164249851341102, "episode_values": 8.769524769654389, "episode_td_err": 8.31250460593081, "episode_avg_len": 20.946277097078227, "episode_std_avg_len": 6.50380267019012, "step_rewards": 0.8863935145038538, "step_value_ests": 15.25070025347997, "step_values": 8.890484996753063, "step_td_err": 8.235021864718517}