{"dim0": -0.06666666666666667, "dim1": -1.0, "scale": 15, "episode_rewards": 3.005660003082771, "episode_std_rewards": 0.3156426100391967, "episode_value_ests": 17.6950325723322, "episode_values": 3.0358544149979663, "episode_td_err": 4.979409735275008, "episode_avg_len": 31.519539867633156, "episode_std_avg_len": 7.648973007166232, "step_rewards": 0.0953586256558659, "step_value_ests": 17.39269993971292, "step_values": 3.0639748276788272, "step_td_err": 3.8748023091157204}