{"dim0": -0.06666666666666667, "dim1": 0.2, "scale": 15, "episode_rewards": 33.66987970157904, "episode_std_rewards": 0.20382053884929927, "episode_value_ests": 19.579023472547743, "episode_values": 16.72230708436567, "episode_td_err": 2.7880330287811788, "episode_avg_len": 42.400466398134405, "episode_std_avg_len": 8.124880181747915, "step_rewards": 0.794092201378721, "step_value_ests": 19.63208150826544, "step_values": 16.906889398430295, "step_td_err": 2.74617452731577}