{"dim0": -0.06666666666666667, "dim1": 0.06666666666666667, "scale": 15, "episode_rewards": 33.02162562298978, "episode_std_rewards": 0.205926374442408, "episode_value_ests": 19.39920554960214, "episode_values": 16.49158366739946, "episode_td_err": 2.366770874668537, "episode_avg_len": 40.288620342396776, "episode_std_avg_len": 7.785278113012258, "step_rewards": 0.819626617698801, "step_value_ests": 19.444305577165466, "step_values": 16.681470389542458, "step_td_err": 2.2859808625105775}