{"dim0": -0.06666666666666667, "dim1": -0.26666666666666666, "scale": 15, "episode_rewards": 26.16855105488087, "episode_std_rewards": 0.21842662364645948, "episode_value_ests": 18.59970842862799, "episode_values": 13.209026721838157, "episode_td_err": 2.4173674551939452, "episode_avg_len": 36.81759617154427, "episode_std_avg_len": 7.114744618195808, "step_rewards": 0.7107620750945747, "step_value_ests": 18.57889505076699, "step_values": 13.43594852552238, "step_td_err": 2.206902008977427}