{"dim0": -0.06666666666666667, "dim1": -0.5333333333333333, "scale": 15, "episode_rewards": 18.34271411314091, "episode_std_rewards": 0.24338018591513372, "episode_value_ests": 18.150997035809848, "episode_values": 9.74458165092795, "episode_td_err": 2.940782417492525, "episode_avg_len": 34.663258232235705, "episode_std_avg_len": 7.091952511388104, "step_rewards": 0.5291687812567714, "step_value_ests": 18.04661435652721, "step_values": 9.964014129934462, "step_td_err": 2.557684703095092}