{"dim0": -0.06666666666666667, "dim1": 0.4666666666666667, "scale": 15, "episode_rewards": 25.639319371586822, "episode_std_rewards": 0.23680236442471103, "episode_value_ests": 16.72730961849449, "episode_values": 11.305074490488659, "episode_td_err": 8.03248896370104, "episode_avg_len": 39.01384825433977, "episode_std_avg_len": 16.367500377639907, "step_rewards": 0.6571850898798426, "step_value_ests": 16.68753938852454, "step_values": 12.022494500851776, "step_td_err": 7.803523455333706}