{"dim0": -0.06666666666666667, "dim1": -0.13333333333333333, "scale": 15, "episode_rewards": 29.53842531923525, "episode_std_rewards": 0.21003719741930613, "episode_value_ests": 18.948411219298908, "episode_values": 14.77657350020874, "episode_td_err": 2.307883901374158, "episode_avg_len": 38.28637059724349, "episode_std_avg_len": 7.322629413592762, "step_rewards": 0.7715128088260718, "step_value_ests": 18.955756842062215, "step_values": 15.048414948781458, "step_td_err": 2.14416064689863}