{"dim0": -0.06666666666666667, "dim1": 0.5333333333333333, "scale": 15, "episode_rewards": 21.124882101398015, "episode_std_rewards": 0.26104333691741277, "episode_value_ests": 15.881888979195868, "episode_values": 9.54707128363535, "episode_td_err": 8.334022542932141, "episode_avg_len": 28.18145956607495, "episode_std_avg_len": 11.264515259895527, "step_rewards": 0.7496021294379055, "step_value_ests": 15.92964756476136, "step_values": 9.945236289842219, "step_td_err": 8.296474442368785}