{"dim0": -0.06666666666666667, "dim1": 0.5333333333333333, "episode_rewards": 28.456677214116425, "episode_std_rewards": 0.2118683305097366, "episode_value_ests": 15.702708336096208, "episode_values": 15.671268240343528, "episode_td_err": 5.271553585961741, "episode_avg_len": 43.23929961089494, "episode_std_avg_len": 8.549114169096788, "step_rewards": 0.6581206788776532, "step_value_ests": 15.72070713287256, "step_values": 15.887798222093371, "step_td_err": 5.1726138236648245}