{"dim0": -0.06666666666666667, "dim1": 0.26666666666666666, "scale": 15, "episode_rewards": 33.301905385407984, "episode_std_rewards": 0.20999056736443172, "episode_value_ests": 19.4587487555486, "episode_values": 16.359434160689208, "episode_td_err": 3.3874457266427966, "episode_avg_len": 43.72649759510276, "episode_std_avg_len": 9.246784719806891, "step_rewards": 0.7615955362758737, "step_value_ests": 19.478081900077456, "step_values": 16.51480873340992, "step_td_err": 3.3628049368446344}