{"dim0": -0.06666666666666667, "dim1": 0.0, "episode_rewards": 15.448644954390794, "episode_std_rewards": 0.5090491309752111, "episode_value_ests": 13.739515841322644, "episode_values": 7.362795015101519, "episode_td_err": 5.959833492745938, "episode_avg_len": 38.565561126108754, "episode_std_avg_len": 16.287963807239606, "step_rewards": 0.40058136076054945, "step_value_ests": 14.012543481161947, "step_values": 6.646920537701986, "step_td_err": 6.578941173583966}