{"dim0": -0.06666666666666667, "dim1": 0.0, "scale": 15, "episode_rewards": 32.14429052896429, "episode_std_rewards": 0.19732112473047828, "episode_value_ests": 19.250726286188648, "episode_values": 16.020784157483856, "episode_td_err": 2.313502373947091, "episode_avg_len": 39.44970414201183, "episode_std_avg_len": 7.280904675297693, "step_rewards": 0.8148170240580418, "step_value_ests": 19.277350598581283, "step_values": 16.26720945544843, "step_td_err": 2.2047786858230554}