{"dim0": -0.06666666666666667, "dim1": -0.3333333333333333, "scale": 15, "episode_rewards": 24.299745432751553, "episode_std_rewards": 0.22535536921543348, "episode_value_ests": 18.495116738099313, "episode_values": 12.380941622384734, "episode_td_err": 2.5171481673374525, "episode_avg_len": 36.32249863809697, "episode_std_avg_len": 7.3505105868112315, "step_rewards": 0.6689998305145419, "step_value_ests": 18.452723324706497, "step_values": 12.608755722789502, "step_td_err": 2.2752308713115585}