{"dim0": -0.06666666666666667, "dim1": -0.7333333333333333, "scale": 15, "episode_rewards": 11.918372167927082, "episode_std_rewards": 0.2724526798218589, "episode_value_ests": 17.915147779827237, "episode_values": 6.910302365401792, "episode_td_err": 3.6243728957314807, "episode_avg_len": 33.21454666223846, "episode_std_avg_len": 7.327591085613705, "step_rewards": 0.3588298912860687, "step_value_ests": 17.72369890093981, "step_values": 7.090161737071316, "step_td_err": 2.972263034303109}