{"dim0": -0.06666666666666667, "dim1": -0.4666666666666667, "scale": 15, "episode_rewards": 20.472850843939135, "episode_std_rewards": 0.24115831280885364, "episode_value_ests": 18.28978668659017, "episode_values": 10.661965627023974, "episode_td_err": 2.840343754430719, "episode_avg_len": 35.155739145719814, "episode_std_avg_len": 7.1680725960288125, "step_rewards": 0.5823473305191961, "step_value_ests": 18.187278995173976, "step_values": 10.893409449565869, "step_td_err": 2.4600818594978486}