{"dim0": -0.06666666666666667, "dim1": 0.3333333333333333, "scale": 15, "episode_rewards": 32.212488431497285, "episode_std_rewards": 0.22535133416905107, "episode_value_ests": 19.055048029093147, "episode_values": 15.392654829592843, "episode_td_err": 4.594269598617764, "episode_avg_len": 46.106500691562935, "episode_std_avg_len": 12.533723956205112, "step_rewards": 0.698653941382107, "step_value_ests": 19.000626095949794, "step_values": 15.518830891798011, "step_td_err": 4.563883569655592}