{"dim0": -0.06666666666666667, "dim1": 0.6666666666666666, "scale": 15, "episode_rewards": 16.901849085589376, "episode_std_rewards": 0.2639505175196073, "episode_value_ests": 14.500305448984676, "episode_values": 8.281911637942075, "episode_td_err": 8.912316013550443, "episode_avg_len": 16.98692033293698, "episode_std_avg_len": 3.953805641367425, "step_rewards": 0.99499195582953, "step_value_ests": 14.590527846575247, "step_values": 8.345798846802309, "step_td_err": 8.711259029147362}