{"dim0": -0.6666666666666666, "dim1": 0.2, "scale": 15, "episode_rewards": -10.013346760417825, "episode_std_rewards": 0.30085659878124693, "episode_value_ests": 24.864533063415706, "episode_values": -1.049552329780763, "episode_td_err": 16.07720712341471, "episode_avg_len": 32.33037013091967, "episode_std_avg_len": 3.503507292836954, "step_rewards": -0.30971952130054337, "step_value_ests": 24.859106443358577, "step_values": -0.5996406648875532, "step_td_err": 15.865506929109218}