{"dim0": -0.6666666666666666, "dim1": -0.8666666666666667, "episode_rewards": 6.5391454273809435, "episode_std_rewards": 0.33860488623887774, "episode_value_ests": 10.02348702093382, "episode_values": 3.8313802831138895, "episode_td_err": 3.4483805030814207, "episode_avg_len": 15.744017632241814, "episode_std_avg_len": 4.991409065901649, "step_rewards": 0.41534159705141444, "step_value_ests": 10.286107803798629, "step_values": 3.9905436814386963, "step_td_err": 3.2708833362336716}