{"dim0": -0.6666666666666666, "dim1": 0.5333333333333333, "scale": 15, "episode_rewards": 13.65279991014109, "episode_std_rewards": 0.21659455522357732, "episode_value_ests": 17.21805255445784, "episode_values": 9.099988757893595, "episode_td_err": 5.97711118282627, "episode_avg_len": 32.92970036219954, "episode_std_avg_len": 10.345663808582506, "step_rewards": 0.4146044379381395, "step_value_ests": 17.626375934733655, "step_values": 9.61085816970382, "step_td_err": 6.074767515220828}