{"dim0": -0.6666666666666666, "dim1": -0.13333333333333333, "scale": 15, "episode_rewards": -18.94587755571116, "episode_std_rewards": 0.22326039559144212, "episode_value_ests": 24.900204555857485, "episode_values": -5.642043861507554, "episode_td_err": 16.61192372788911, "episode_avg_len": 30.295062102393214, "episode_std_avg_len": 2.2889967371070727, "step_rewards": -0.6253784029779063, "step_value_ests": 24.902350871594, "step_values": -5.483090232048651, "step_td_err": 16.602352165880333}