{"dim0": -0.6666666666666666, "dim1": 0.2, "episode_rewards": -0.2824220123477896, "episode_std_rewards": 0.22568927219238566, "episode_value_ests": 17.02090274767316, "episode_values": 1.6335053772248311, "episode_td_err": 10.249152085202262, "episode_avg_len": 34.582295988934995, "episode_std_avg_len": 3.76048159651151, "step_rewards": -0.008166664597346393, "step_value_ests": 17.019479241775656, "step_values": 1.9296615175223344, "step_td_err": 10.119619738978233}