{"dim0": -0.6666666666666666, "dim1": 0.8, "scale": 15, "episode_rewards": 7.857461081261941, "episode_std_rewards": 0.2667105168708567, "episode_value_ests": 12.191853924711836, "episode_values": 6.207479926025617, "episode_td_err": 12.878929409728274, "episode_avg_len": 13.834474648958981, "episode_std_avg_len": 2.6655973054086473, "step_rewards": 0.5679623751996394, "step_value_ests": 12.204877843042572, "step_values": 6.3181959656773, "step_td_err": 12.268944790998054}