{"dim0": -0.6666666666666666, "dim1": 0.8, "episode_rewards": -1.982095109816323, "episode_std_rewards": 0.22504274824393464, "episode_value_ests": 17.044897250940075, "episode_values": 1.6039245050280895, "episode_td_err": 10.504857311534668, "episode_avg_len": 33.36313594662219, "episode_std_avg_len": 3.1696131541545793, "step_rewards": -0.05940973633256433, "step_value_ests": 17.044116130412164, "step_values": 1.8983574397984448, "step_td_err": 10.395130289387009}