{"dim0": -0.6666666666666666, "dim1": 0.6, "scale": 15, "episode_rewards": 11.96182272009816, "episode_std_rewards": 0.19759436791984855, "episode_value_ests": 14.890841298151475, "episode_values": 7.916725570714026, "episode_td_err": 5.816689224861433, "episode_avg_len": 24.908094645080947, "episode_std_avg_len": 7.21792232715244, "step_rewards": 0.4802383679098665, "step_value_ests": 15.36520355897146, "step_values": 8.292650964317582, "step_td_err": 5.52402585946311}