{"dim0": -0.6666666666666666, "dim1": 0.6, "episode_rewards": -1.3883384719059002, "episode_std_rewards": 0.23019583047082165, "episode_value_ests": 17.043233854165926, "episode_values": 1.5955585326470922, "episode_td_err": 10.51838947338391, "episode_avg_len": 33.40955403373977, "episode_std_avg_len": 3.2545216841951277, "step_rewards": -0.04155513331617176, "step_value_ests": 17.042252210526275, "step_values": 1.8973430181376194, "step_td_err": 10.401077381562274}