{"dim0": -0.6666666666666666, "dim1": 0.6666666666666666, "scale": 15, "episode_rewards": 10.477651296726075, "episode_std_rewards": 0.20536955323333844, "episode_value_ests": 13.349036221847594, "episode_values": 7.118273622325879, "episode_td_err": 7.352327011487088, "episode_avg_len": 19.6448286022984, "episode_std_avg_len": 4.933599966196319, "step_rewards": 0.5333541721763972, "step_value_ests": 13.668129116670332, "step_values": 7.321708928870588, "step_td_err": 6.757942378469086}