{"dim0": -0.6666666666666666, "dim1": -0.4, "scale": 15, "episode_rewards": -24.81971535038498, "episode_std_rewards": 0.23035486034913555, "episode_value_ests": 24.731157339050316, "episode_values": -7.900132131271927, "episode_td_err": 16.988792360983023, "episode_avg_len": 30.316810671517356, "episode_std_avg_len": 2.308740196297891, "step_rewards": -0.8186783108324485, "step_value_ests": 24.73409059394464, "step_values": -7.767404332085131, "step_td_err": 16.972792358579177}