{"dim0": -0.6666666666666666, "dim1": 0.3333333333333333, "scale": 15, "episode_rewards": -1.989874907558035, "episode_std_rewards": 0.2993945293844201, "episode_value_ests": 24.231197515139126, "episode_values": 2.9756432193917925, "episode_td_err": 14.144888929651136, "episode_avg_len": 36.01386388188693, "episode_std_avg_len": 5.399154571803099, "step_rewards": -0.05525302461530202, "step_value_ests": 24.174034735203467, "step_values": 3.4791463554857964, "step_td_err": 13.859346158083612}