{"dim0": -0.6666666666666666, "dim1": 0.13333333333333333, "episode_rewards": -0.077835273771776, "episode_std_rewards": 0.21997034736226975, "episode_value_ests": 17.00820583492513, "episode_values": 1.7108291383421492, "episode_td_err": 10.17332035536595, "episode_avg_len": 34.935557107928744, "episode_std_avg_len": 3.8816588831439143, "step_rewards": -0.002227967154819209, "step_value_ests": 17.00591226646476, "step_values": 1.982193601796204, "step_td_err": 10.043508719920624}