{"dim0": -0.6666666666666666, "dim1": -0.4, "episode_rewards": 8.681614488932551, "episode_std_rewards": 0.3280363370824313, "episode_value_ests": 14.163964913440642, "episode_values": 4.908965934279593, "episode_td_err": 5.717909592031052, "episode_avg_len": 36.943664573328405, "episode_std_avg_len": 12.21934897674093, "step_rewards": 0.23499602947348838, "step_value_ests": 14.65733598873525, "step_values": 4.786274662087611, "step_td_err": 6.186066179266869}