{"dim0": -0.6666666666666666, "dim1": -0.3333333333333333, "episode_rewards": 5.9115053488639635, "episode_std_rewards": 0.30310256066836805, "episode_value_ests": 15.253691302939709, "episode_values": 3.4363889533551837, "episode_td_err": 7.396963673478086, "episode_avg_len": 39.363707931509545, "episode_std_avg_len": 10.722198092332942, "step_rewards": 0.15017653720908666, "step_value_ests": 15.455316935607406, "step_values": 3.445164514808856, "step_td_err": 7.530325962528343}