{"dim0": -0.6666666666666666, "dim1": 0.6666666666666666, "episode_rewards": -1.505885669332192, "episode_std_rewards": 0.22845268536258806, "episode_value_ests": 17.04431552697592, "episode_values": 1.6406583890619462, "episode_td_err": 10.5156148760942, "episode_avg_len": 33.41179418643502, "episode_std_avg_len": 3.2541814918394687, "step_rewards": -0.04507048202588212, "step_value_ests": 17.043598910730772, "step_values": 1.9396140383548484, "step_td_err": 10.399195770902587}