{"dim0": -0.6666666666666666, "dim1": -0.8, "scale": 15, "episode_rewards": -36.793145068782096, "episode_std_rewards": 0.26563876009353415, "episode_value_ests": 24.40385695459333, "episode_values": -12.593972657609868, "episode_td_err": 18.31759217081414, "episode_avg_len": 30.701458173445893, "episode_std_avg_len": 2.4295550425724186, "step_rewards": -1.198416858929684, "step_value_ests": 24.406465079821107, "step_values": -12.46538861736294, "step_td_err": 18.244666646897027}