{"dim0": -0.6666666666666666, "dim1": -0.9333333333333333, "episode_rewards": 5.480604435402529, "episode_std_rewards": 0.3580601916191018, "episode_value_ests": 9.879313083660454, "episode_values": 3.2582623015346237, "episode_td_err": 3.9424201527162555, "episode_avg_len": 14.644457460828818, "episode_std_avg_len": 4.212362178863275, "step_rewards": 0.3742442797940531, "step_value_ests": 10.081982729645746, "step_values": 3.354215141477121, "step_td_err": 3.750140414717525}