{"dim0": -0.6666666666666666, "dim1": -0.9333333333333333, "scale": 15, "episode_rewards": -41.75344545475858, "episode_std_rewards": 0.27881046983633245, "episode_value_ests": 24.27535636065369, "episode_values": -14.635021875636857, "episode_td_err": 19.065379387048, "episode_avg_len": 30.805174803634685, "episode_std_avg_len": 2.4828549977542753, "step_rewards": -1.3554036203629045, "step_value_ests": 24.27620228588242, "step_values": -14.509394091339678, "step_td_err": 18.967618485529194}