{"dim0": -0.6666666666666666, "dim1": 0.26666666666666666, "episode_rewards": -0.5229322494485175, "episode_std_rewards": 0.22999338747658163, "episode_value_ests": 17.027849064946246, "episode_values": 1.5954344033142582, "episode_td_err": 10.360631317209599, "episode_avg_len": 34.17669172932331, "episode_std_avg_len": 3.6574837545613694, "step_rewards": -0.015300844610417516, "step_value_ests": 17.02636631713307, "step_values": 1.8998225946536238, "step_td_err": 10.229407258972632}