{"dim0": -0.6666666666666666, "dim1": -0.7333333333333333, "scale": 15, "episode_rewards": -34.545589035922966, "episode_std_rewards": 0.2564347012389173, "episode_value_ests": 24.458228524073313, "episode_values": -11.732667542014982, "episode_td_err": 18.027954947177182, "episode_avg_len": 30.66303847922735, "episode_std_avg_len": 2.385098565564958, "step_rewards": -1.126619889914884, "step_value_ests": 24.462943343484092, "step_values": -11.609645779562332, "step_td_err": 17.98148289535953}