{"dim0": -0.6666666666666666, "dim1": 0.26666666666666666, "scale": 15, "episode_rewards": -6.834261794596729, "episode_std_rewards": 0.3058899639676286, "episode_value_ests": 24.678659362837028, "episode_values": 0.6297820478814194, "episode_td_err": 15.35602821056745, "episode_avg_len": 33.653205451792026, "episode_std_avg_len": 4.0663406695138535, "step_rewards": -0.20307907383107263, "step_value_ests": 24.66340116351005, "step_values": 1.1327999463351779, "step_td_err": 15.077188896303012}