{"dim0": -0.6666666666666666, "dim1": 0.4666666666666667, "scale": 15, "episode_rewards": 11.671865974927925, "episode_std_rewards": 0.26388252655171646, "episode_value_ests": 20.384284433038115, "episode_values": 8.706407572501547, "episode_td_err": 9.036739399620885, "episode_avg_len": 39.768389662027836, "episode_std_avg_len": 11.012311689142274, "step_rewards": 0.29349606745763224, "step_value_ests": 20.43843850242249, "step_values": 9.178636792693, "step_td_err": 9.10415024630287}