{"dim0": -0.6666666666666666, "dim1": -0.4666666666666667, "scale": 15, "episode_rewards": -26.438376232286842, "episode_std_rewards": 0.2387380242579993, "episode_value_ests": 24.68041722199511, "episode_values": -8.503814343395977, "episode_td_err": 17.2237775818957, "episode_avg_len": 30.398480243161096, "episode_std_avg_len": 2.315705095981558, "step_rewards": -0.8697269080823481, "step_value_ests": 24.68352523817856, "step_values": -8.365732708941687, "step_td_err": 17.19360534084537}