{"dim0": -0.6666666666666666, "dim1": -0.3333333333333333, "scale": 15, "episode_rewards": -22.95119865478438, "episode_std_rewards": 0.23050000358434963, "episode_value_ests": 24.766102747619776, "episode_values": -7.17604777651683, "episode_td_err": 16.818541984580023, "episode_avg_len": 30.310046976814668, "episode_std_avg_len": 2.2643739945346693, "step_rewards": -0.7572142224768126, "step_value_ests": 24.770841659157938, "step_values": -7.032190392544521, "step_td_err": 16.80351813715869}