{"dim0": -0.6666666666666666, "dim1": 0.7333333333333333, "scale": 15, "episode_rewards": 9.178795008953527, "episode_std_rewards": 0.23509475636861651, "episode_value_ests": 12.495680380817298, "episode_values": 6.619285392733179, "episode_td_err": 9.890175367874667, "episode_avg_len": 16.192195595854923, "episode_std_avg_len": 3.588375009006943, "step_rewards": 0.5668653737917562, "step_value_ests": 12.629512439972435, "step_values": 6.745601482149466, "step_td_err": 9.199823506366574}