{"dim0": -0.6666666666666666, "dim1": 0.13333333333333333, "scale": 15, "episode_rewards": -12.38906042561674, "episode_std_rewards": 0.2819398173518653, "episode_value_ests": 24.923560175667504, "episode_values": -2.336620049833618, "episode_td_err": 16.16804558983465, "episode_avg_len": 31.481977018731307, "episode_std_avg_len": 3.079107746184803, "step_rewards": -0.39352866620306065, "step_value_ests": 24.9239678587363, "step_values": -1.9672098100372453, "step_td_err": 16.030103463595285}