{"dim0": -0.6666666666666666, "dim1": -0.6, "episode_rewards": 10.703973379591144, "episode_std_rewards": 0.2871290861744674, "episode_value_ests": 11.417974206590822, "episode_values": 6.21168819079609, "episode_td_err": 2.5797815048746755, "episode_avg_len": 25.294296193246492, "episode_std_avg_len": 10.724213178303746, "step_rewards": 0.423177355788578, "step_value_ests": 12.160247305021644, "step_values": 6.5690622022721215, "step_td_err": 2.890389398806621}