{"dim0": -0.6666666666666666, "dim1": -0.2, "scale": 15, "episode_rewards": -20.083854612129887, "episode_std_rewards": 0.22708074794109884, "episode_value_ests": 24.852542037260754, "episode_values": -6.047576252658737, "episode_td_err": 16.542805923613876, "episode_avg_len": 30.30944082436733, "episode_std_avg_len": 2.290737915939191, "step_rewards": -0.6626270253057073, "step_value_ests": 24.855417789313417, "step_values": -5.88648805424921, "step_td_err": 16.521852829424645}