{"dim0": -0.6666666666666666, "dim1": -1.0, "scale": 15, "episode_rewards": -44.466330836043966, "episode_std_rewards": 0.28937697056651157, "episode_value_ests": 24.218902969046002, "episode_values": -15.732406879639012, "episode_td_err": 19.525296075769294, "episode_avg_len": 30.883878937615812, "episode_std_avg_len": 2.4853703186691147, "step_rewards": -1.4397909966511706, "step_value_ests": 24.218597518233025, "step_values": -15.619587716078007, "step_td_err": 19.422678160331206}