{"dim0": -0.6666666666666666, "dim1": 0.0, "scale": 15, "episode_rewards": -16.114792501404246, "episode_std_rewards": 0.24473757144203548, "episode_value_ests": 24.94879940601177, "episode_values": -4.331553577038862, "episode_td_err": 16.61218318853683, "episode_avg_len": 30.57291348211556, "episode_std_avg_len": 2.523527938067722, "step_rewards": -0.527093778969774, "step_value_ests": 24.951816406088025, "step_values": -4.105525069114379, "step_td_err": 16.569155094295006}