{"dim0": -0.6666666666666666, "dim1": 0.06666666666666667, "scale": 15, "episode_rewards": -14.41214154106222, "episode_std_rewards": 0.25746792561658294, "episode_value_ests": 24.94617184815245, "episode_values": -3.469167191289248, "episode_td_err": 16.428515215097853, "episode_avg_len": 30.899428394871002, "episode_std_avg_len": 2.751894362765239, "step_rewards": -0.4664209757179356, "step_value_ests": 24.949175289218818, "step_values": -3.187157123271894, "step_td_err": 16.35520760320072}