{"dim0": -0.6666666666666666, "dim1": -0.7333333333333333, "episode_rewards": 8.630033499095005, "episode_std_rewards": 0.2991383574811333, "episode_value_ests": 10.500567739966192, "episode_values": 5.002452338421566, "episode_td_err": 2.648652683398028, "episode_avg_len": 19.167497125335377, "episode_std_avg_len": 7.1619764835358115, "step_rewards": 0.45024310908532367, "step_value_ests": 10.970007885989466, "step_values": 5.279144556358383, "step_td_err": 2.596555124238127}