{"dim0": -0.6666666666666666, "dim1": -0.6, "scale": 15, "episode_rewards": -30.277647908453194, "episode_std_rewards": 0.25132618668702056, "episode_value_ests": 24.56339234906722, "episode_values": -10.041035436396236, "episode_td_err": 17.533032222580676, "episode_avg_len": 30.46329576606762, "episode_std_avg_len": 2.308609159942241, "step_rewards": -0.9939058511908874, "step_value_ests": 24.567402030721627, "step_values": -9.90754364082445, "step_td_err": 17.49731144923058}