{"dim0": -0.6666666666666666, "dim1": -0.26666666666666666, "scale": 15, "episode_rewards": -21.576611423374715, "episode_std_rewards": 0.2277403265809872, "episode_value_ests": 24.81108848665256, "episode_values": -6.619185889188523, "episode_td_err": 16.731761311609375, "episode_avg_len": 30.293805845827656, "episode_std_avg_len": 2.285804080995923, "step_rewards": -0.712244989394307, "step_value_ests": 24.81571331404167, "step_values": -6.468711361549541, "step_td_err": 16.72093352374648}