{"dim0": -0.6666666666666666, "dim1": -0.6666666666666666, "scale": 15, "episode_rewards": -32.223915259343045, "episode_std_rewards": 0.2511182435689908, "episode_value_ests": 24.485021906986876, "episode_values": -10.753588099327018, "episode_td_err": 17.632745629042095, "episode_avg_len": 30.604896710022953, "episode_std_avg_len": 2.351442062070542, "step_rewards": -1.05290063758947, "step_value_ests": 24.489414725804863, "step_values": -10.618752591414854, "step_td_err": 17.584941632573287}