{"dim0": -0.6666666666666666, "dim1": 1.0, "scale": 15, "episode_rewards": 3.999678383631827, "episode_std_rewards": 0.3424321763775241, "episode_value_ests": 11.911376339677384, "episode_values": 4.80623429512902, "episode_td_err": 22.996405296195352, "episode_avg_len": 10.353245677606377, "episode_std_avg_len": 1.1761567185399344, "step_rewards": 0.38632120865082514, "step_value_ests": 11.849910204134792, "step_values": 4.830414047988342, "step_td_err": 22.7410717147591}