{"dim0": -0.6666666666666666, "dim1": 0.8666666666666667, "scale": 15, "episode_rewards": 6.613359866760793, "episode_std_rewards": 0.29404522728169674, "episode_value_ests": 12.082555343936288, "episode_values": 5.790663793436255, "episode_td_err": 15.945317448572709, "episode_avg_len": 12.22643354933366, "episode_std_avg_len": 1.9856941919560462, "step_rewards": 0.5409067035023652, "step_value_ests": 12.05079345660314, "step_values": 5.869518642694107, "step_td_err": 15.454390305181239}