{"dim0": -0.6666666666666666, "dim1": -0.8666666666666667, "scale": 15, "episode_rewards": -39.20312693619169, "episode_std_rewards": 0.26874680665266504, "episode_value_ests": 24.33218122941865, "episode_values": -13.60491517840537, "episode_td_err": 18.7244867538225, "episode_avg_len": 30.774580704723803, "episode_std_avg_len": 2.4630446237638806, "step_rewards": -1.273880132188905, "step_value_ests": 24.33565001098456, "step_values": -13.487628467472707, "step_td_err": 18.643196665568652}