{"dim0": -0.6666666666666666, "dim1": 0.4, "scale": 15, "episode_rewards": 4.527981375685659, "episode_std_rewards": 0.29438634611653136, "episode_value_ests": 22.97961644919685, "episode_values": 5.722829363949362, "episode_td_err": 12.277180064531683, "episode_avg_len": 39.140313111545986, "episode_std_avg_len": 8.543756323380919, "step_rewards": 0.11568587514313858, "step_value_ests": 22.838023930672858, "step_values": 6.281771031093755, "step_td_err": 12.039841684176947}