{"dim0": -0.7333333333333333, "dim1": 0.7333333333333333, "scale": 15, "episode_rewards": 7.477982402885683, "episode_std_rewards": 0.23617583964992786, "episode_value_ests": 12.511270604601734, "episode_values": 6.166923281712966, "episode_td_err": 10.24228528348155, "episode_avg_len": 16.313621533442088, "episode_std_avg_len": 3.624719432286995, "step_rewards": 0.45838886157535297, "step_value_ests": 12.6428125396822, "step_values": 6.290429933343271, "step_td_err": 9.519010218849406}