{"dim0": -0.7333333333333333, "dim1": -0.5333333333333333, "scale": 15, "episode_rewards": -32.49771931909936, "episode_std_rewards": 0.2288585293208069, "episode_value_ests": 24.930557496565562, "episode_values": -11.038534773746626, "episode_td_err": 18.9459323501155, "episode_avg_len": 30.182133695488155, "episode_std_avg_len": 2.1970652960544608, "step_rewards": -1.076720408403643, "step_value_ests": 24.934732783720836, "step_values": -10.927732015546113, "step_td_err": 18.919223684520276}