{"dim0": -0.7333333333333333, "dim1": 0.5333333333333333, "episode_rewards": -3.8890420334880775, "episode_std_rewards": 0.2353602502983672, "episode_value_ests": 17.045510919592374, "episode_values": 0.376289176948458, "episode_td_err": 10.735790006557032, "episode_avg_len": 33.131687924465794, "episode_std_avg_len": 3.249757782032891, "step_rewards": -0.11738134327337575, "step_value_ests": 17.04461315390339, "step_values": 0.6844761042085037, "step_td_err": 10.611282488001143}