{"dim0": -0.7333333333333333, "dim1": -0.3333333333333333, "scale": 15, "episode_rewards": -27.33343684622485, "episode_std_rewards": 0.21751070527686064, "episode_value_ests": 25.070708914603525, "episode_values": -9.064605180225042, "episode_td_err": 18.441117573764583, "episode_avg_len": 30.00840210052513, "episode_std_avg_len": 2.1246783255006636, "step_rewards": -0.9108594571167296, "step_value_ests": 25.074722439716737, "step_values": -8.957386314457192, "step_td_err": 18.434395961522366}