{"dim0": -0.7333333333333333, "dim1": 0.9333333333333333, "scale": 15, "episode_rewards": 3.693238261458215, "episode_std_rewards": 0.3228362178692952, "episode_value_ests": 12.007009247081625, "episode_values": 4.820368277316163, "episode_td_err": 20.367714396367855, "episode_avg_len": 11.15578982597055, "episode_std_avg_len": 1.5248184619210494, "step_rewards": 0.33106022245600214, "step_value_ests": 11.956256981685927, "step_values": 4.870737794561084, "step_td_err": 19.962544302778948}