{"dim0": -0.7333333333333333, "dim1": -1.0, "scale": 15, "episode_rewards": -49.166159257265704, "episode_std_rewards": 0.27432982741044754, "episode_value_ests": 24.6093796932505, "episode_values": -17.716672016486505, "episode_td_err": 21.602290181943662, "episode_avg_len": 30.625172255397334, "episode_std_avg_len": 2.3946305244284294, "step_rewards": -1.6054165784684111, "step_value_ests": 24.613228183791172, "step_values": -17.620341073649893, "step_td_err": 21.50783851471258}