{"dim0": -0.7333333333333333, "dim1": -0.8, "scale": 15, "episode_rewards": -41.27994676779782, "episode_std_rewards": 0.25682092823550257, "episode_value_ests": 24.740420758954183, "episode_values": -14.538169083446178, "episode_td_err": 20.366476847818202, "episode_avg_len": 30.424399148159416, "episode_std_avg_len": 2.338807872825936, "step_rewards": -1.3568040100570113, "step_value_ests": 24.74311828372118, "step_values": -14.426736388080515, "step_td_err": 20.296965072307497}