{"dim0": -0.7333333333333333, "dim1": 1.0, "scale": 15, "episode_rewards": 2.4359058750717937, "episode_std_rewards": 0.3463163993148283, "episode_value_ests": 11.877684848522598, "episode_values": 4.313344972236917, "episode_td_err": 24.1872036250449, "episode_avg_len": 10.388095361761803, "episode_std_avg_len": 1.1965286677275673, "step_rewards": 0.2344901341624446, "step_value_ests": 11.817146449326136, "step_values": 4.336576608027831, "step_td_err": 23.893316735052437}