{"dim0": -0.7333333333333333, "dim1": 0.4, "scale": 15, "episode_rewards": 1.4183934748760834, "episode_std_rewards": 0.3012984987016493, "episode_value_ests": 23.31882243151549, "episode_values": 4.702052706166916, "episode_td_err": 12.990946458611681, "episode_avg_len": 39.18256611165524, "episode_std_avg_len": 9.204051490307227, "step_rewards": 0.03619960649933462, "step_value_ests": 23.164335322684487, "step_values": 5.306972687050198, "step_td_err": 12.658263412034954}