{"dim0": -0.7333333333333333, "dim1": -0.7333333333333333, "scale": 15, "episode_rewards": -38.99408720492188, "episode_std_rewards": 0.24305135289863186, "episode_value_ests": 24.799696619997032, "episode_values": -13.63903669175712, "episode_td_err": 20.07458170871823, "episode_avg_len": 30.372057706909644, "episode_std_avg_len": 2.2555241767225667, "step_rewards": -1.283880321222053, "step_value_ests": 24.803081035677494, "step_values": -13.538384842206412, "step_td_err": 20.028348436964595}