{"dim0": -0.7333333333333333, "dim1": -0.06666666666666667, "scale": 15, "episode_rewards": -21.310538866420355, "episode_std_rewards": 0.2178666566944367, "episode_value_ests": 25.189495162763844, "episode_values": -6.555949958672584, "episode_td_err": 17.83432315798646, "episode_avg_len": 30.118054509862972, "episode_std_avg_len": 2.234870505739246, "step_rewards": -0.7075669133755517, "step_value_ests": 25.192754396088738, "step_values": -6.405242497336829, "step_td_err": 17.815722522363135}