{"dim0": -0.7333333333333333, "dim1": 0.8, "episode_rewards": -4.842560409641527, "episode_std_rewards": 0.23007904337377674, "episode_value_ests": 17.048491191248296, "episode_values": 0.3066422635399006, "episode_td_err": 10.80740371750077, "episode_avg_len": 32.85446780551906, "episode_std_avg_len": 3.094733415639884, "step_rewards": -0.14739427338488342, "step_value_ests": 17.047775140277963, "step_values": 0.6053333829168264, "step_td_err": 10.690969111875079}