{"dim0": -0.7333333333333333, "dim1": -0.9333333333333333, "episode_rewards": 5.119686474388093, "episode_std_rewards": 0.3517866980344236, "episode_value_ests": 9.832408183526809, "episode_values": 3.10166415141199, "episode_td_err": 3.8645743959804992, "episode_avg_len": 14.814310051107325, "episode_std_avg_len": 4.268274498539637, "step_rewards": 0.34559061182909506, "step_value_ests": 10.050038084107127, "step_values": 3.2044234727887595, "step_td_err": 3.6538776582595514}