{"dim0": -0.7333333333333333, "dim1": 0.5333333333333333, "scale": 15, "episode_rewards": 11.527470221737437, "episode_std_rewards": 0.2175288254565728, "episode_value_ests": 17.40666325889411, "episode_values": 8.680838275154446, "episode_td_err": 5.890765148905492, "episode_avg_len": 32.974447741510055, "episode_std_avg_len": 10.082866673851555, "step_rewards": 0.34958796920883745, "step_value_ests": 17.840842801584827, "step_values": 9.182496323335958, "step_td_err": 5.971740954202811}