{"dim0": -0.7333333333333333, "dim1": 0.6666666666666666, "episode_rewards": -4.500272583427228, "episode_std_rewards": 0.23176067559291846, "episode_value_ests": 17.0478328033185, "episode_values": 0.24329660513258253, "episode_td_err": 10.80534439622831, "episode_avg_len": 32.866579033848176, "episode_std_avg_len": 3.0880299087975356, "step_rewards": -0.13692549439941865, "step_value_ests": 17.04697134003393, "step_values": 0.5364277780343882, "step_td_err": 10.687367246207733}