{"dim0": -0.7333333333333333, "dim1": 0.7333333333333333, "episode_rewards": -4.693651787202266, "episode_std_rewards": 0.23369190890325361, "episode_value_ests": 17.047726588379813, "episode_values": 0.24689911658533548, "episode_td_err": 10.826314881510138, "episode_avg_len": 32.86460729543214, "episode_std_avg_len": 3.10243658844407, "step_rewards": -0.1428178266367004, "step_value_ests": 17.046894030183008, "step_values": 0.5475974841974541, "step_td_err": 10.706983827437927}