{"dim0": -0.7333333333333333, "dim1": 0.0, "scale": 15, "episode_rewards": -19.832689496327788, "episode_std_rewards": 0.23806172197722536, "episode_value_ests": 25.190111448442252, "episode_values": -5.90738633068356, "episode_td_err": 17.829836486297715, "episode_avg_len": 30.343446601941746, "episode_std_avg_len": 2.4339090705393045, "step_rewards": -0.653607012957409, "step_value_ests": 25.19370031268965, "step_values": -5.699540697301341, "step_td_err": 17.78378240111338}