{"dim0": -0.7333333333333333, "dim1": 0.3333333333333333, "scale": 15, "episode_rewards": -5.621725055271363, "episode_std_rewards": 0.3074143923417683, "episode_value_ests": 24.53598693957035, "episode_values": 1.5342070418723082, "episode_td_err": 15.324937738373748, "episode_avg_len": 35.73932463819904, "episode_std_avg_len": 5.203190886255157, "step_rewards": -0.1572980214982219, "step_value_ests": 24.483526282136012, "step_values": 2.066795873451394, "step_td_err": 15.006068919651582}