{"dim0": -0.7333333333333333, "dim1": 0.4, "episode_rewards": -3.64745679865825, "episode_std_rewards": 0.22981025858303256, "episode_value_ests": 17.040041906603342, "episode_values": 0.3093379395775212, "episode_td_err": 10.704363597549284, "episode_avg_len": 33.29498917929083, "episode_std_avg_len": 3.2302795604515397, "step_rewards": -0.109549721701875, "step_value_ests": 17.039093443940445, "step_values": 0.5916912625554938, "step_td_err": 10.584211497340169}