{"dim0": -0.7333333333333333, "dim1": 0.2, "scale": 15, "episode_rewards": -13.69839928814067, "episode_std_rewards": 0.29246869065326864, "episode_value_ests": 25.119712988069487, "episode_values": -2.5332837207702097, "episode_td_err": 17.050165862448647, "episode_avg_len": 32.00224, "episode_std_avg_len": 3.349363369716699, "step_rewards": -0.42804501460337374, "step_value_ests": 25.118686403308974, "step_values": -2.122878622098203, "step_td_err": 16.876444523200945}