{"dim0": -0.7333333333333333, "dim1": -0.6666666666666666, "scale": 15, "episode_rewards": -36.7739781430882, "episode_std_rewards": 0.24257549583800722, "episode_value_ests": 24.826783509523842, "episode_values": -12.729837734966788, "episode_td_err": 19.615393871557902, "episode_avg_len": 30.281756245268735, "episode_std_avg_len": 2.251373594599749, "step_rewards": -1.2143938365144795, "step_value_ests": 24.830641668229983, "step_values": -12.622362098327013, "step_td_err": 19.577132410006396}