{"dim0": -0.7333333333333333, "dim1": -0.26666666666666666, "scale": 15, "episode_rewards": -25.706118012143726, "episode_std_rewards": 0.2158958208859119, "episode_value_ests": 25.094892962481925, "episode_values": -8.449368067238971, "episode_td_err": 18.15221925159277, "episode_avg_len": 29.988005997001498, "episode_std_avg_len": 2.152472880714856, "step_rewards": -0.857213314373556, "step_value_ests": 25.09791736565579, "step_values": -8.330636675584884, "step_td_err": 18.14338948126054}