{"dim0": -0.7333333333333333, "dim1": 0.9333333333333333, "episode_rewards": -5.42727034895546, "episode_std_rewards": 0.2323689607480445, "episode_value_ests": 17.049393117076907, "episode_values": 0.23425149776407403, "episode_td_err": 10.828137975530591, "episode_avg_len": 32.844991789819375, "episode_std_avg_len": 3.090258868894301, "step_rewards": -0.16523890106855485, "step_value_ests": 17.048701332324722, "step_values": 0.5376754108593165, "step_td_err": 10.71086562455997}