{"dim0": -0.7333333333333333, "dim1": 0.8666666666666667, "scale": 15, "episode_rewards": 4.991506142828808, "episode_std_rewards": 0.3009511908704206, "episode_value_ests": 12.099155382264502, "episode_values": 5.307425814067998, "episode_td_err": 16.720077309561024, "episode_avg_len": 12.270184049079754, "episode_std_avg_len": 2.006035516568263, "step_rewards": 0.40679961464825487, "step_value_ests": 12.065658461504798, "step_values": 5.386704299165221, "step_td_err": 16.186803259226643}