{"dim0": -0.7333333333333333, "dim1": -0.6, "scale": 15, "episode_rewards": -34.495326749507555, "episode_std_rewards": 0.23417256682162113, "episode_value_ests": 24.871261019519668, "episode_values": -11.82505152366224, "episode_td_err": 19.198135814094687, "episode_avg_len": 30.237037037037037, "episode_std_avg_len": 2.2194197496380186, "step_rewards": -1.140830257516786, "step_value_ests": 24.875076884665074, "step_values": -11.715452629589409, "step_td_err": 19.166047593069518}