{"dim0": -0.7333333333333333, "dim1": 0.6, "scale": 15, "episode_rewards": 10.041021967546309, "episode_std_rewards": 0.19528523387352453, "episode_value_ests": 15.032133321641757, "episode_values": 7.449118192905815, "episode_td_err": 5.809795301559558, "episode_avg_len": 25.184588264920674, "episode_std_avg_len": 7.329248175762105, "step_rewards": 0.3986970865643388, "step_value_ests": 15.521874139033336, "step_values": 7.861075998040965, "step_td_err": 5.469580688276461}