{"dim0": -0.7333333333333333, "dim1": 0.13333333333333333, "episode_rewards": -2.63479664244971, "episode_std_rewards": 0.2259271100474681, "episode_value_ests": 17.01341145969448, "episode_values": 0.5792498807839054, "episode_td_err": 10.405170045779911, "episode_avg_len": 34.53634950785702, "episode_std_avg_len": 3.804633644130548, "step_rewards": -0.07629053678213135, "step_value_ests": 17.01148596133709, "step_values": 0.8683524446636607, "step_td_err": 10.267590593831697}