{"dim0": -0.7333333333333333, "dim1": -0.4, "scale": 15, "episode_rewards": -29.044335173069214, "episode_std_rewards": 0.21665995482578904, "episode_value_ests": 25.02199648715705, "episode_values": -9.770624117621894, "episode_td_err": 18.64918704064124, "episode_avg_len": 30.027623479957963, "episode_std_avg_len": 2.1254358253741223, "step_rewards": -0.9672538751678085, "step_value_ests": 25.024806778148278, "step_values": -9.669910846992524, "step_td_err": 18.64319698831962}