{"dim0": -0.7333333333333333, "dim1": 0.8, "scale": 15, "episode_rewards": 6.252370230446169, "episode_std_rewards": 0.2715600089600855, "episode_value_ests": 12.16983477635007, "episode_values": 5.74996609285004, "episode_td_err": 13.359252987687388, "episode_avg_len": 13.974427054220234, "episode_std_avg_len": 2.7317748166375835, "step_rewards": 0.4474151395393325, "step_value_ests": 12.189758659973128, "step_values": 5.857072859710856, "step_td_err": 12.693857321253189}