{"dim0": -0.7333333333333333, "dim1": -0.2, "scale": 15, "episode_rewards": -24.183999173123567, "episode_std_rewards": 0.20973558952205884, "episode_value_ests": 25.13904546346581, "episode_values": -7.872171914014629, "episode_td_err": 17.98259388375857, "episode_avg_len": 29.926829268292682, "episode_std_avg_len": 2.098188993881832, "step_rewards": -0.8081042918484648, "step_value_ests": 25.143501406404795, "step_values": -7.75838611693567, "step_td_err": 17.98643943330338}