{"dim0": -0.7333333333333333, "dim1": -0.6666666666666666, "episode_rewards": 9.12821151683547, "episode_std_rewards": 0.2855009037787264, "episode_value_ests": 10.973247274316034, "episode_values": 5.4500632606070685, "episode_td_err": 2.438108208446024, "episode_avg_len": 22.3632602862254, "episode_std_avg_len": 9.261317396844545, "step_rewards": 0.4081789238243572, "step_value_ests": 11.621599975734094, "step_values": 5.8000652955459095, "step_td_err": 2.5548951411211815}