{"dim0": -0.7333333333333333, "dim1": -0.06666666666666667, "episode_rewards": -2.0666692538626616, "episode_std_rewards": 0.2233810583515814, "episode_value_ests": 16.90834142079023, "episode_values": 0.5564753942806714, "episode_td_err": 10.157934198619348, "episode_avg_len": 35.993881590786394, "episode_std_avg_len": 4.779797325733811, "step_rewards": -0.057417237667184005, "step_value_ests": 16.8984345076221, "step_values": 0.8105892413377973, "step_td_err": 10.004702280964707}