{"dim0": -0.7333333333333333, "dim1": -0.13333333333333333, "scale": 15, "episode_rewards": -22.83260302749342, "episode_std_rewards": 0.2145409712050348, "episode_value_ests": 25.15967914982699, "episode_values": -7.279168481640488, "episode_td_err": 17.93225687403683, "episode_avg_len": 30.014105642256904, "episode_std_avg_len": 2.167043964081274, "step_rewards": -0.7607290818403519, "step_value_ests": 25.164065027483804, "step_values": -7.142682106604027, "step_td_err": 17.926966507701945}