{"dim0": -0.7333333333333333, "dim1": -0.9333333333333333, "scale": 15, "episode_rewards": -46.42748206489869, "episode_std_rewards": 0.2686150055422548, "episode_value_ests": 24.662110824041395, "episode_values": -16.59639278458076, "episode_td_err": 21.2183762243247, "episode_avg_len": 30.58302752293578, "episode_std_avg_len": 2.3934772490563043, "step_rewards": -1.5180799883229463, "step_value_ests": 24.663592364446625, "step_values": -16.490689307960675, "step_td_err": 21.120201267492625}