{"dim0": -0.7333333333333333, "dim1": 0.26666666666666666, "scale": 15, "episode_rewards": -10.314900051274995, "episode_std_rewards": 0.305827298868623, "episode_value_ests": 24.934948507921803, "episode_values": -0.7462213176495215, "episode_td_err": 16.41873858316652, "episode_avg_len": 33.448327759197326, "episode_std_avg_len": 4.091573714902404, "step_rewards": -0.30838313130433537, "step_value_ests": 24.92154034299772, "step_values": -0.24937898587032428, "step_td_err": 16.163390175936318}