{"dim0": -0.7333333333333333, "dim1": 0.06666666666666667, "scale": 15, "episode_rewards": -18.26973075708017, "episode_std_rewards": 0.25063973234917336, "episode_value_ests": 25.218165934503666, "episode_values": -5.111408742416205, "episode_td_err": 17.85617407442899, "episode_avg_len": 30.631393568147015, "episode_std_avg_len": 2.6223145475511895, "step_rewards": -0.5964381188350015, "step_value_ests": 25.221717705160945, "step_values": -4.85740014059355, "step_td_err": 17.78688557465849}