{"dim0": -0.7333333333333333, "dim1": 0.4666666666666667, "episode_rewards": -3.658147449238356, "episode_std_rewards": 0.23509646803306333, "episode_value_ests": 17.04342729628686, "episode_values": 0.40363072984094944, "episode_td_err": 10.69774720190021, "episode_avg_len": 33.29211051930759, "episode_std_avg_len": 3.2921532936196853, "step_rewards": -0.10988031074559938, "step_value_ests": 17.042332630955524, "step_values": 0.7034748043056794, "step_td_err": 10.571422015090569}