{"dim0": -0.7333333333333333, "dim1": 0.4666666666666667, "scale": 15, "episode_rewards": 9.062419800081601, "episode_std_rewards": 0.2758384779216338, "episode_value_ests": 20.630640152155724, "episode_values": 8.02011037536618, "episode_td_err": 9.109750199289401, "episode_avg_len": 39.829384829782995, "episode_std_avg_len": 11.157165312296739, "step_rewards": 0.22753100101373008, "step_value_ests": 20.675400087028674, "step_values": 8.531473103956904, "step_td_err": 9.097653567447447}