{"dim0": -0.7333333333333333, "dim1": 0.8666666666666667, "episode_rewards": -5.1986736029300715, "episode_std_rewards": 0.23157736092297185, "episode_value_ests": 17.049283115829184, "episode_values": 0.22627560538470626, "episode_td_err": 10.846571432230519, "episode_avg_len": 32.79845851098721, "episode_std_avg_len": 3.058232937964983, "step_rewards": -0.1585035955634488, "step_value_ests": 17.048621593879783, "step_values": 0.5253141004204376, "step_td_err": 10.728994458304829}