{"dim0": -0.7333333333333333, "dim1": -0.4666666666666667, "scale": 15, "episode_rewards": -30.698216866591338, "episode_std_rewards": 0.22529991095130636, "episode_value_ests": 24.96819643772815, "episode_values": -10.398090682926899, "episode_td_err": 18.762788412322088, "episode_avg_len": 30.092222055062432, "episode_std_avg_len": 2.1588234555512202, "step_rewards": -1.0201379217001676, "step_value_ests": 24.973140315740306, "step_values": -10.292786814836509, "step_td_err": 18.74820709150365}