{"dim0": -0.7333333333333333, "dim1": -0.4, "episode_rewards": 6.5128189242078305, "episode_std_rewards": 0.3261629864853488, "episode_value_ests": 14.398439293005262, "episode_values": 3.9832006228516907, "episode_td_err": 6.0818656127916775, "episode_avg_len": 37.56169014084507, "episode_std_avg_len": 11.900723809515632, "step_rewards": 0.1733899326624205, "step_value_ests": 14.832022914325846, "step_values": 3.8742826603105054, "step_td_err": 6.472365352946647}