{"dim0": -0.8, "dim1": 0.0, "scale": 15, "episode_rewards": -23.643724862760802, "episode_std_rewards": 0.21640773823834564, "episode_value_ests": 25.385579511920387, "episode_values": -7.526113190239924, "episode_td_err": 18.894818398281593, "episode_avg_len": 30.082869604451798, "episode_std_avg_len": 2.281225855634149, "step_rewards": -0.7859531079861443, "step_value_ests": 25.389255202407, "step_values": -7.365120551112557, "step_td_err": 18.869590702670056}