{"dim0": -0.8, "dim1": -0.4, "scale": 15, "episode_rewards": -32.920593834881615, "episode_std_rewards": 0.20713680696629844, "episode_value_ests": 25.251173581673896, "episode_values": -11.383537129574805, "episode_td_err": 19.89943381686329, "episode_avg_len": 29.785703648548026, "episode_std_avg_len": 1.9899459707569291, "step_rewards": -1.1052481493579354, "step_value_ests": 25.25504407659257, "step_values": -11.302557109864878, "step_td_err": 19.888701568586594}