{"dim0": -0.8, "dim1": 0.3333333333333333, "episode_rewards": -6.330651209173549, "episode_std_rewards": 0.2381243802735454, "episode_value_ests": 17.039920623273936, "episode_values": -0.9474684533031922, "episode_td_err": 10.920416389499422, "episode_avg_len": 33.08899917287014, "episode_std_avg_len": 3.236938337482044, "step_rewards": -0.19132193077523138, "step_value_ests": 17.038727682156015, "step_values": -0.6549433035452532, "step_td_err": 10.792377380470366}