{"dim0": -0.8, "dim1": -0.2, "scale": 15, "episode_rewards": -28.016305131154017, "episode_std_rewards": 0.19888354905198646, "episode_value_ests": 25.335473959264725, "episode_values": -9.429863225923807, "episode_td_err": 19.353359261574372, "episode_avg_len": 29.76205357142857, "episode_std_avg_len": 1.9703351955554131, "step_rewards": -0.9413431456910465, "step_value_ests": 25.339535298744128, "step_values": -9.34150427884943, "step_td_err": 19.351944085782037}