{"dim0": -0.8, "dim1": 0.7333333333333333, "episode_rewards": -7.708125880331772, "episode_std_rewards": 0.23613189535354756, "episode_value_ests": 17.051328719811057, "episode_values": -1.0900181680555332, "episode_td_err": 11.119530929855362, "episode_avg_len": 32.46550884596656, "episode_std_avg_len": 3.0198424203514196, "step_rewards": -0.23742507523609663, "step_value_ests": 17.050423708172776, "step_values": -0.7955609376157899, "step_td_err": 10.996811655773245}