{"dim0": -0.8, "dim1": 0.0, "episode_rewards": -4.89644572784621, "episode_std_rewards": 0.2267718806380101, "episode_value_ests": 16.979451371417305, "episode_values": -0.5221324780171579, "episode_td_err": 10.512868182583182, "episode_avg_len": 34.88228113010115, "episode_std_avg_len": 3.886637868065135, "step_rewards": -0.140370571224509, "step_value_ests": 16.975250320764992, "step_values": -0.25385708559332265, "step_td_err": 10.373532361110012}