{"dim0": -0.8, "dim1": -0.6666666666666666, "scale": 15, "episode_rewards": -40.83763849256593, "episode_std_rewards": 0.2286394604022063, "episode_value_ests": 25.093138937647787, "episode_values": -14.50472208371163, "episode_td_err": 21.106735268666302, "episode_avg_len": 30.013055222088834, "episode_std_avg_len": 2.102557473298447, "step_rewards": -1.3606624913850982, "step_value_ests": 25.097139248200342, "step_values": -14.426145567510469, "step_td_err": 21.079345144279955}