{"dim0": -0.8, "dim1": -0.7333333333333333, "scale": 15, "episode_rewards": -43.28593851793688, "episode_std_rewards": 0.23021752634682244, "episode_value_ests": 25.066596935674763, "episode_values": -15.462282494454394, "episode_td_err": 21.682983717701106, "episode_avg_len": 30.158775633293125, "episode_std_avg_len": 2.166745085816345, "step_rewards": -1.4352684288069144, "step_value_ests": 25.071448545753537, "step_values": -15.384450469641173, "step_td_err": 21.64953163844618}