{"dim0": -0.8, "dim1": 0.6666666666666666, "scale": 15, "episode_rewards": 6.7334322584252, "episode_std_rewards": 0.20738321034313076, "episode_value_ests": 13.435960406285838, "episode_values": 6.0903540956435585, "episode_td_err": 7.710511666019429, "episode_avg_len": 20.041583166332664, "episode_std_avg_len": 5.024346964874548, "step_rewards": 0.3359730717150389, "step_value_ests": 13.755123652062636, "step_values": 6.286911883355653, "step_td_err": 7.021013861517361}