{"dim0": -0.8, "dim1": -0.6, "scale": 15, "episode_rewards": -38.67156764045441, "episode_std_rewards": 0.22325861536889663, "episode_value_ests": 25.146268819896182, "episode_values": -13.638608955124468, "episode_td_err": 20.92820120917149, "episode_avg_len": 30.034234234234233, "episode_std_avg_len": 2.0871476647721297, "step_rewards": -1.2875829408154178, "step_value_ests": 25.149960706527644, "step_values": -13.55411064118228, "step_td_err": 20.90232752150005}