{"dim0": -0.8, "dim1": -0.3333333333333333, "scale": 15, "episode_rewards": -31.26130313872892, "episode_std_rewards": 0.20064294168582247, "episode_value_ests": 25.28167526211428, "episode_values": -10.734993003092624, "episode_td_err": 19.67987978552448, "episode_avg_len": 29.778472532380526, "episode_std_avg_len": 2.004697740519617, "step_rewards": -1.0497953884214843, "step_value_ests": 25.28645285517235, "step_values": -10.654840778480493, "step_td_err": 19.67626121149991}