{"dim0": -0.8, "dim1": -0.5333333333333333, "scale": 15, "episode_rewards": -36.73213766256268, "episode_std_rewards": 0.21500653640513595, "episode_value_ests": 25.195339067175002, "episode_values": -12.880549310790757, "episode_td_err": 20.56729932904771, "episode_avg_len": 29.908778226409453, "episode_std_avg_len": 2.037789933943408, "step_rewards": -1.228139022747783, "step_value_ests": 25.199604221477657, "step_values": -12.801450975948553, "step_td_err": 20.5478023735006}