{"dim0": -0.8, "dim1": 0.6, "scale": 15, "episode_rewards": 7.964564834382093, "episode_std_rewards": 0.19570895517387343, "episode_value_ests": 15.152170797209298, "episode_values": 6.926948350318481, "episode_td_err": 5.838061875813809, "episode_avg_len": 25.53626149131767, "episode_std_avg_len": 7.357964750369459, "step_rewards": 0.3118923589144028, "step_value_ests": 15.614795219298154, "step_values": 7.308355972182734, "step_td_err": 5.452707385662445}