{"dim0": -0.8, "dim1": 0.8666666666666667, "scale": 15, "episode_rewards": 3.1856076206458526, "episode_std_rewards": 0.31213546799834796, "episode_value_ests": 12.060227987275855, "episode_values": 4.75243373082823, "episode_td_err": 17.6960388142771, "episode_avg_len": 12.342363468065411, "episode_std_avg_len": 2.03621284671389, "step_rewards": 0.2581035333214973, "step_value_ests": 12.03339393150967, "step_values": 4.832217549660462, "step_td_err": 17.09683923287667}