{"dim0": -0.8, "dim1": -0.8, "episode_rewards": 6.457925643810988, "episode_std_rewards": 0.30392161659245914, "episode_value_ests": 10.258742932647426, "episode_values": 3.9726921424583477, "episode_td_err": 2.8964142211784, "episode_avg_len": 17.784278854703896, "episode_std_avg_len": 6.257307025062496, "step_rewards": 0.36312552769621487, "step_value_ests": 10.669606754018167, "step_values": 4.165328319430369, "step_td_err": 2.7491972622757497}