{"dim0": -0.8, "dim1": -0.26666666666666666, "scale": 15, "episode_rewards": -29.61298437700191, "episode_std_rewards": 0.19815087356189628, "episode_value_ests": 25.29948351245629, "episode_values": -10.07180491481096, "episode_td_err": 19.391607433467854, "episode_avg_len": 29.735355337496284, "episode_std_avg_len": 2.0097492273159117, "step_rewards": -0.9958846645985743, "step_value_ests": 25.304311519150136, "step_values": -9.983855095047662, "step_td_err": 19.387715415207186}