{"dim0": -0.8, "dim1": 0.9333333333333333, "scale": 15, "episode_rewards": 1.9985635761543694, "episode_std_rewards": 0.33428939940007113, "episode_value_ests": 12.01468208628232, "episode_values": 4.299892274009436, "episode_td_err": 21.4824391152372, "episode_avg_len": 11.188979020979021, "episode_std_avg_len": 1.5469099153710173, "step_rewards": 0.17861894033469175, "step_value_ests": 11.96328996646091, "step_values": 4.3507187991206875, "step_td_err": 21.028893588932792}