{"dim0": -0.8, "dim1": 0.5333333333333333, "scale": 15, "episode_rewards": 9.33581708077824, "episode_std_rewards": 0.2199195984173203, "episode_value_ests": 17.567975229713934, "episode_values": 8.140050183334623, "episode_td_err": 5.9209184873901295, "episode_avg_len": 33.60584677419355, "episode_std_avg_len": 10.481368811339363, "step_rewards": 0.27780335795458544, "step_value_ests": 17.980979819550996, "step_values": 8.670012654147783, "step_td_err": 5.932335944915089}