{"dim0": -0.8, "dim1": -0.13333333333333333, "scale": 15, "episode_rewards": -26.669585218023094, "episode_std_rewards": 0.20121368649435276, "episode_value_ests": 25.362594008801697, "episode_values": -8.90681479653841, "episode_td_err": 19.139234240566637, "episode_avg_len": 29.761493825323612, "episode_std_avg_len": 2.026996586511915, "step_rewards": -0.8961104363427599, "step_value_ests": 25.36634875354407, "step_values": -8.808435873936421, "step_td_err": 19.133970047244997}