{"dim0": -0.8, "dim1": 0.8, "scale": 15, "episode_rewards": 4.485105332944039, "episode_std_rewards": 0.27529387647756115, "episode_value_ests": 12.18492774680439, "episode_values": 5.228820985115555, "episode_td_err": 14.058744642177901, "episode_avg_len": 14.012189995796554, "episode_std_avg_len": 2.7218167316397546, "step_rewards": 0.3200859633140504, "step_value_ests": 12.201703572017562, "step_values": 5.339647715163823, "step_td_err": 13.347153349468751}