{"dim0": -0.8, "dim1": -1.0, "scale": 15, "episode_rewards": -53.70113911871695, "episode_std_rewards": 0.2619705354556415, "episode_value_ests": 24.897280408268813, "episode_values": -19.604003387178278, "episode_td_err": 23.607916214522007, "episode_avg_len": 30.400820793433653, "episode_std_avg_len": 2.303141109576438, "step_rewards": -1.7664371460100838, "step_value_ests": 24.90091533987916, "step_values": -19.53296283539047, "step_td_err": 23.528836246785794}