{"dim0": -0.8, "dim1": -0.9333333333333333, "scale": 15, "episode_rewards": -50.76494495109314, "episode_std_rewards": 0.2553413755751602, "episode_value_ests": 24.95184561878237, "episode_values": -18.4419052845839, "episode_td_err": 23.079896893250602, "episode_avg_len": 30.289868241708316, "episode_std_avg_len": 2.2358035547130135, "step_rewards": -1.6759711381375775, "step_value_ests": 24.95561425614278, "step_values": -18.361584611133047, "step_td_err": 23.009739710110573}