{"dim0": -0.8, "dim1": 0.2, "scale": 15, "episode_rewards": -17.324973628175393, "episode_std_rewards": 0.2915089876394049, "episode_value_ests": 25.303902158842853, "episode_values": -4.055718098955784, "episode_td_err": 18.25075646295346, "episode_avg_len": 31.831954169318905, "episode_std_avg_len": 3.3643709162052704, "step_rewards": -0.5442635892229951, "step_value_ests": 25.303931195943846, "step_values": -3.6455687918434045, "step_td_err": 18.067725995602096}