{"dim0": -0.8, "dim1": -1.0, "episode_rewards": 3.661366307494376, "episode_std_rewards": 0.37409195426760117, "episode_value_ests": 9.68740208210687, "episode_values": 2.3455052879637277, "episode_td_err": 4.358668686281572, "episode_avg_len": 13.998040313549833, "episode_std_avg_len": 3.6457412868015897, "step_rewards": 0.26156277775184317, "step_value_ests": 9.859895125773237, "step_values": 2.4246137595054584, "step_td_err": 4.1297104372691535}