{"dim0": -0.8, "dim1": -0.8666666666666667, "scale": 15, "episode_rewards": -48.23214125688409, "episode_std_rewards": 0.25050868606509663, "episode_value_ests": 24.99564154512625, "episode_values": -17.4414466842406, "episode_td_err": 22.6037633897837, "episode_avg_len": 30.25593707457268, "episode_std_avg_len": 2.2722356121288625, "step_rewards": -1.5941380740581572, "step_value_ests": 24.997971847956745, "step_values": -17.35539410819621, "step_td_err": 22.535932014644157}