{"dim0": -0.8, "dim1": -0.9333333333333333, "episode_rewards": 4.633093520865485, "episode_std_rewards": 0.345803404760433, "episode_value_ests": 9.84813824401226, "episode_values": 2.9077616310966006, "episode_td_err": 3.7760377441266817, "episode_avg_len": 15.00382566949216, "episode_std_avg_len": 4.336087021229963, "step_rewards": 0.3087941451016808, "step_value_ests": 10.084917832387816, "step_values": 3.0024564805723943, "step_td_err": 3.546782343981045}