{"dim0": -0.8, "dim1": 0.13333333333333333, "episode_rewards": -5.725043111937427, "episode_std_rewards": 0.22998110360898705, "episode_value_ests": 17.018328662724524, "episode_values": -0.8445933425371723, "episode_td_err": 10.700035381056496, "episode_avg_len": 33.94009842185644, "episode_std_avg_len": 3.5981275826868986, "step_rewards": -0.16868080465702673, "step_value_ests": 17.01655398170008, "step_values": -0.5640304128538833, "step_td_err": 10.565510673286893}