{"dim0": -0.8, "dim1": -0.4666666666666667, "scale": 15, "episode_rewards": -34.71766409592931, "episode_std_rewards": 0.2121013659815707, "episode_value_ests": 25.211583840428165, "episode_values": -12.092027037994175, "episode_td_err": 20.21266313309337, "episode_avg_len": 29.874981329350263, "episode_std_avg_len": 2.0235491625467468, "step_rewards": -1.162098269223734, "step_value_ests": 25.21609164018166, "step_values": -12.011447968767643, "step_td_err": 20.201357670727997}