{"dim0": -0.8, "dim1": 1.0, "scale": 15, "episode_rewards": 0.7670928785037835, "episode_std_rewards": 0.35423518945755084, "episode_value_ests": 11.90259042465672, "episode_values": 3.8016943101425986, "episode_td_err": 25.388882951519705, "episode_avg_len": 10.433564609525797, "episode_std_avg_len": 1.2264080110804023, "step_rewards": 0.07352164933194846, "step_value_ests": 11.837755544826468, "step_values": 3.829944417806064, "step_td_err": 25.053429076757382}