{"dim0": -0.8, "dim1": 0.9333333333333333, "episode_rewards": -8.546755049809782, "episode_std_rewards": 0.23321001395774932, "episode_value_ests": 17.050975416078668, "episode_values": -1.18466039669736, "episode_td_err": 11.163521937963042, "episode_avg_len": 32.34821284166262, "episode_std_avg_len": 2.9312930620032858, "step_rewards": -0.26421104286794034, "step_value_ests": 17.050030199550633, "step_values": -0.8967657078740894, "step_td_err": 11.045745017411472}