{"dim0": -0.8, "dim1": 0.4666666666666667, "scale": 15, "episode_rewards": 6.483571846918583, "episode_std_rewards": 0.2849199226865545, "episode_value_ests": 20.82014937317562, "episode_values": 7.263535255972179, "episode_td_err": 9.246356281601317, "episode_avg_len": 40.07333199759567, "episode_std_avg_len": 11.608807347537216, "step_rewards": 0.16179268165940344, "step_value_ests": 20.869048501954648, "step_values": 7.8043667495657365, "step_td_err": 9.18714610277664}