{"dim0": -0.8, "dim1": 0.26666666666666666, "scale": 15, "episode_rewards": -13.851733066775855, "episode_std_rewards": 0.3100126292522614, "episode_value_ests": 25.161578124178654, "episode_values": -2.204633163188806, "episode_td_err": 17.557006242013006, "episode_avg_len": 33.28136439267887, "episode_std_avg_len": 4.1315557055122, "step_rewards": -0.4162008775644702, "step_value_ests": 25.14979957960949, "step_values": -1.710597339491045, "step_td_err": 17.290429525492623}