{"dim0": -0.8, "dim1": -0.8, "scale": 15, "episode_rewards": -45.71003164216243, "episode_std_rewards": 0.2448979207182455, "episode_value_ests": 25.037505732492566, "episode_values": -16.424301087592426, "episode_td_err": 22.254593161611318, "episode_avg_len": 30.175618587809293, "episode_std_avg_len": 2.1945775869451976, "step_rewards": -1.5148001526182104, "step_value_ests": 25.040648345829602, "step_values": -16.342962187625922, "step_td_err": 22.208977046145282}