{"dim0": -0.8, "dim1": 0.7333333333333333, "scale": 15, "episode_rewards": 5.621704385303188, "episode_std_rewards": 0.24011025050972432, "episode_value_ests": 12.548846381298764, "episode_values": 5.6275854790292, "episode_td_err": 10.706260976769807, "episode_avg_len": 16.484381439050523, "episode_std_avg_len": 3.6504560782259965, "step_rewards": 0.34103217073014963, "step_value_ests": 12.695055202711421, "step_values": 5.754355263173262, "step_td_err": 9.919979629598702}