{"dim0": -0.8, "dim1": -0.5333333333333333, "episode_rewards": 8.117812890187363, "episode_std_rewards": 0.31654987882796115, "episode_value_ests": 12.53382071263267, "episode_values": 5.127891187803419, "episode_td_err": 3.5629395296218807, "episode_avg_len": 30.6015911872705, "episode_std_avg_len": 12.21267415240508, "step_rewards": 0.2652742087987951, "step_value_ests": 13.310136219689573, "step_values": 5.082325095468825, "step_td_err": 4.149105090292598}