{"dim0": -0.8, "dim1": 0.26666666666666666, "episode_rewards": -6.0655239042450715, "episode_std_rewards": 0.23373607981211392, "episode_value_ests": 17.034573787362742, "episode_values": -0.8950344238627268, "episode_td_err": 10.854479458812397, "episode_avg_len": 33.3628023352794, "episode_std_avg_len": 3.417901773101449, "step_rewards": -0.18180498878030701, "step_value_ests": 17.033359801321648, "step_values": -0.605376423022593, "step_td_err": 10.719861551396813}