{"dim0": -0.8, "dim1": 0.2, "episode_rewards": -5.779802146245689, "episode_std_rewards": 0.23008639683247586, "episode_value_ests": 17.028286256330247, "episode_values": -0.7994486340293953, "episode_td_err": 10.759914979410066, "episode_avg_len": 33.696933962264154, "episode_std_avg_len": 3.526702724762404, "step_rewards": -0.17152308731465774, "step_value_ests": 17.026721961597488, "step_values": -0.5175521557592713, "step_td_err": 10.625493728647518}