{"dim0": -0.8, "dim1": 0.06666666666666667, "scale": 15, "episode_rewards": -22.04636132871552, "episode_std_rewards": 0.2401831325047867, "episode_value_ests": 25.395250843553754, "episode_values": -6.6821444598232524, "episode_td_err": 18.83215819346065, "episode_avg_len": 30.396808510638298, "episode_std_avg_len": 2.51653899985673, "step_rewards": -0.7252853970179046, "step_value_ests": 25.39822157782981, "step_values": -6.45810491736795, "step_td_err": 18.767734286721684}