{"dim0": -0.8, "dim1": -0.2, "episode_rewards": -3.2974914104111908, "episode_std_rewards": 0.23158776426936806, "episode_value_ests": 16.63205436516212, "episode_values": -0.33331884978318715, "episode_td_err": 9.86366108469941, "episode_avg_len": 37.51903957981617, "episode_std_avg_len": 6.341628173146621, "step_rewards": -0.08788848135081573, "step_value_ests": 16.600763601160253, "step_values": -0.1662074693652427, "step_td_err": 9.702064356263316}