{"dim0": -0.8, "dim1": -0.7333333333333333, "episode_rewards": 7.5213671562863516, "episode_std_rewards": 0.2940239328133944, "episode_value_ests": 10.55741665623443, "episode_values": 4.607746183086066, "episode_td_err": 2.578570214033411, "episode_avg_len": 19.828392981064738, "episode_std_avg_len": 7.626933513938337, "step_rewards": 0.37932308298856765, "step_value_ests": 11.087319388765666, "step_values": 4.881048775081147, "step_td_err": 2.523295183826123}