{"dim0": -0.8, "dim1": 1.0, "episode_rewards": -8.826581549494104, "episode_std_rewards": 0.23564623062452253, "episode_value_ests": 17.053219876806097, "episode_values": -1.1785383325122412, "episode_td_err": 11.175905344666507, "episode_avg_len": 32.374393007445775, "episode_std_avg_len": 2.956549181852033, "step_rewards": -0.2726408352262877, "step_value_ests": 17.052514489655962, "step_values": -0.8807854128898064, "step_td_err": 11.056727507458453}