{"dim0": -0.8, "dim1": 0.3333333333333333, "scale": 15, "episode_rewards": -9.30035899788244, "episode_std_rewards": 0.30880977746722904, "episode_value_ests": 24.777975107759904, "episode_values": 0.1362573547786643, "episode_td_err": 16.379458467194052, "episode_avg_len": 35.3738284703802, "episode_std_avg_len": 5.080461813591976, "step_rewards": -0.26291638197064177, "step_value_ests": 24.73416188534047, "step_values": 0.6651929532474169, "step_td_err": 16.03950988012439}