{"dim0": -0.8666666666666667, "dim1": -1.0, "scale": 15, "episode_rewards": -58.01057353389556, "episode_std_rewards": 0.24945712499371062, "episode_value_ests": 25.12738092493251, "episode_values": -21.48323057679296, "episode_td_err": 25.51425402112609, "episode_avg_len": 30.09992475545523, "episode_std_avg_len": 2.1437311257618643, "step_rewards": -1.9272663970158888, "step_value_ests": 25.13099261316676, "step_values": -21.43516537370111, "step_td_err": 25.448054350985363}