{"dim0": -0.8666666666666667, "dim1": -0.6666666666666666, "episode_rewards": 6.988633843068058, "episode_std_rewards": 0.2902005823685941, "episode_value_ests": 11.142397414968729, "episode_values": 4.576742639845947, "episode_td_err": 2.6016919840662376, "episode_avg_len": 23.247936766244333, "episode_std_avg_len": 9.65448759064253, "step_rewards": 0.3006130786287862, "step_value_ests": 11.865538746354614, "step_values": 4.7728102691211065, "step_td_err": 2.780915041483975}