{"dim0": -0.8666666666666667, "dim1": -0.7333333333333333, "scale": 15, "episode_rewards": -47.37802268985352, "episode_std_rewards": 0.2207436151720819, "episode_value_ests": 25.26766582738812, "episode_values": -17.18997636451119, "episode_td_err": 23.172954931163094, "episode_avg_len": 29.85358208955224, "episode_std_avg_len": 2.0317393485815884, "step_rewards": -1.5870129938756747, "step_value_ests": 25.27144003058241, "step_values": -17.137310527784123, "step_td_err": 23.139270626069088}