{"dim0": -0.8666666666666667, "dim1": -0.26666666666666666, "scale": 15, "episode_rewards": -33.32087186553849, "episode_std_rewards": 0.1870644585770083, "episode_value_ests": 25.47609838132928, "episode_values": -11.581191602572536, "episode_td_err": 20.544727360418005, "episode_avg_len": 29.540983606557376, "episode_std_avg_len": 1.853494508157722, "step_rewards": -1.1279540420631788, "step_value_ests": 25.480700680787752, "step_values": -11.527065442213468, "step_td_err": 20.543876685621072}