{"dim0": -0.8666666666666667, "dim1": -0.6666666666666666, "scale": 15, "episode_rewards": -45.023635557672115, "episode_std_rewards": 0.21456649431605848, "episode_value_ests": 25.311682274481758, "episode_values": -16.25748180379877, "episode_td_err": 22.78481210579699, "episode_avg_len": 29.801698450536353, "episode_std_avg_len": 2.0216741489102183, "step_rewards": -1.5107741470641518, "step_value_ests": 25.316382570202993, "step_values": -16.20292187858718, "step_td_err": 22.756608261288502}