{"dim0": -0.8666666666666667, "dim1": 0.06666666666666667, "scale": 15, "episode_rewards": -25.58530123204872, "episode_std_rewards": 0.22436128912627065, "episode_value_ests": 25.54169498439442, "episode_values": -8.112640118960998, "episode_td_err": 19.789333466766788, "episode_avg_len": 30.13106357336547, "episode_std_avg_len": 2.3916085186110343, "step_rewards": -0.8491336912071367, "step_value_ests": 25.545415957620946, "step_values": -7.934008122375055, "step_td_err": 19.738989086579366}