{"dim0": -0.8666666666666667, "dim1": 0.13333333333333333, "scale": 15, "episode_rewards": -23.35072128086257, "episode_std_rewards": 0.25744711448093877, "episode_value_ests": 25.51435835687266, "episode_values": -6.853180703253097, "episode_td_err": 19.486968222044087, "episode_avg_len": 30.771076923076922, "episode_std_avg_len": 2.8947528780281178, "step_rewards": -0.7588529104534063, "step_value_ests": 25.51816938756857, "step_values": -6.560459101144715, "step_td_err": 19.373064796965945}