{"dim0": -0.8666666666666667, "dim1": 0.4666666666666667, "episode_rewards": -9.840480821898913, "episode_std_rewards": 0.23802962643703884, "episode_value_ests": 17.04961195310802, "episode_values": -2.400501886724999, "episode_td_err": 11.352403094626542, "episode_avg_len": 32.355386606276284, "episode_std_avg_len": 3.042729655595176, "step_rewards": -0.304137327785478, "step_value_ests": 17.048718648956648, "step_values": -2.1199213083411244, "step_td_err": 11.221585708922568}