{"dim0": -0.8666666666666667, "dim1": -0.3333333333333333, "episode_rewards": -1.9816847093626453, "episode_std_rewards": 0.30020085606823244, "episode_value_ests": 15.640087806922283, "episode_values": 0.06496141134015371, "episode_td_err": 8.359450188903423, "episode_avg_len": 38.57859209257474, "episode_std_avg_len": 9.568554087903218, "step_rewards": -0.05136747096958114, "step_value_ests": 15.774695028831143, "step_values": 0.021275752913226392, "step_td_err": 8.404857187778882}