{"dim0": -0.8666666666666667, "dim1": -0.9333333333333333, "scale": 15, "episode_rewards": -55.16035633147848, "episode_std_rewards": 0.23851048257928667, "episode_value_ests": 25.1781595551371, "episode_values": -20.279360983197357, "episode_td_err": 24.877511700532708, "episode_avg_len": 30.085740072202167, "episode_std_avg_len": 2.0965391859418334, "step_rewards": -1.8334385725297184, "step_value_ests": 25.181448833694827, "step_values": -20.23241267486812, "step_td_err": 24.822985489851764}