{"dim0": -0.8666666666666667, "dim1": 0.13333333333333333, "episode_rewards": -8.414120664652037, "episode_std_rewards": 0.23504985458793154, "episode_value_ests": 17.022373771437348, "episode_values": -1.9989509753722583, "episode_td_err": 10.9730781496379, "episode_avg_len": 33.57334676065794, "episode_std_avg_len": 3.5092418018376996, "step_rewards": -0.25061906174072307, "step_value_ests": 17.02077344021356, "step_values": -1.7161645262104372, "step_td_err": 10.832570250623933}