{"dim0": -0.8666666666666667, "dim1": -0.4666666666666667, "episode_rewards": 4.108549039040152, "episode_std_rewards": 0.3373047477620818, "episode_value_ests": 13.709219800336639, "episode_values": 3.1455394223987962, "episode_td_err": 5.269702633929671, "episode_avg_len": 34.87393199651264, "episode_std_avg_len": 12.201618175828756, "step_rewards": 0.11781146557982056, "step_value_ests": 14.329283609552462, "step_values": 2.875394793734971, "step_td_err": 5.828560812984033}