{"dim0": -0.8666666666666667, "dim1": 0.2, "scale": 15, "episode_rewards": -20.757507169396167, "episode_std_rewards": 0.28704306386581097, "episode_value_ests": 25.449190854461424, "episode_values": -5.3897942375416035, "episode_td_err": 19.192258853132504, "episode_avg_len": 31.68271820053857, "episode_std_avg_len": 3.3876595252991923, "step_rewards": -0.6551681278736783, "step_value_ests": 25.44942922107561, "step_values": -4.992123034966204, "step_td_err": 18.998172151843363}