{"dim0": -0.8666666666666667, "dim1": 0.6, "episode_rewards": -10.303224854778845, "episode_std_rewards": 0.23564346100518074, "episode_value_ests": 17.052091181984032, "episode_values": -2.477950047077256, "episode_td_err": 11.412292626712386, "episode_avg_len": 32.163370316771186, "episode_std_avg_len": 2.943210570803175, "step_rewards": -0.32034033601902595, "step_value_ests": 17.051204780385536, "step_values": -2.2027201410227235, "step_td_err": 11.287211280036626}