{"dim0": -0.8666666666666667, "dim1": 0.26666666666666666, "scale": 15, "episode_rewards": -17.340404657951066, "episode_std_rewards": 0.30385459484456295, "episode_value_ests": 25.318341767541373, "episode_values": -3.5079741493061873, "episode_td_err": 18.536570818999838, "episode_avg_len": 32.98713508164275, "episode_std_avg_len": 4.005583200143931, "step_rewards": -0.5256717388470923, "step_value_ests": 25.306094683105165, "step_values": -3.0360215631642182, "step_td_err": 18.257307861639198}