{"dim0": -0.8666666666666667, "dim1": 0.5333333333333333, "scale": 15, "episode_rewards": 6.735626883060877, "episode_std_rewards": 0.21805747198740744, "episode_value_ests": 17.74163775162408, "episode_values": 7.520989496487285, "episode_td_err": 5.796262629685436, "episode_avg_len": 33.62811028917283, "episode_std_avg_len": 10.106123007998631, "step_rewards": 0.2002975137508554, "step_value_ests": 18.161795127874118, "step_values": 8.03173268420509, "step_td_err": 5.749902519096676}