{"dim0": -0.8666666666666667, "dim1": 0.0, "scale": 15, "episode_rewards": -27.223953547690975, "episode_std_rewards": 0.21185115864984716, "episode_value_ests": 25.537653915486572, "episode_values": -8.925286425183245, "episode_td_err": 19.835578967497536, "episode_avg_len": 29.849873153260706, "episode_std_avg_len": 2.189328910709582, "step_rewards": -0.9120291201209716, "step_value_ests": 25.54193727096746, "step_values": -8.78903799784021, "step_td_err": 19.80980688602683}