{"dim0": -0.8666666666666667, "dim1": 0.8666666666666667, "scale": 15, "episode_rewards": 1.5071960462437388, "episode_std_rewards": 0.3183478861331912, "episode_value_ests": 12.093006964065536, "episode_values": 4.248039453750449, "episode_td_err": 18.60396602544947, "episode_avg_len": 12.422422360248447, "episode_std_avg_len": 2.0884792756850277, "step_rewards": 0.12132867507924558, "step_value_ests": 12.063173559687746, "step_values": 4.335376033575135, "step_td_err": 17.942742042528003}