{"dim0": -0.8666666666666667, "dim1": -0.6, "scale": 15, "episode_rewards": -42.74685907534243, "episode_std_rewards": 0.2048874120760923, "episode_value_ests": 25.34173619619823, "episode_values": -15.365040084755591, "episode_td_err": 22.199298579177693, "episode_avg_len": 29.75647128830705, "episode_std_avg_len": 1.9562434284940435, "step_rewards": -1.4365567294983668, "step_value_ests": 25.345510746314023, "step_values": -15.314893383061376, "step_td_err": 22.182820017954473}