{"dim0": -0.8666666666666667, "dim1": -0.5333333333333333, "scale": 15, "episode_rewards": -40.46509197643573, "episode_std_rewards": 0.20091379446517604, "episode_value_ests": 25.3671613852847, "episode_values": -14.444774690154036, "episode_td_err": 21.85943680430547, "episode_avg_len": 29.67814215759015, "episode_std_avg_len": 1.9341009415147132, "step_rewards": -1.3634644568237178, "step_value_ests": 25.37056003560133, "step_values": -14.395115611003705, "step_td_err": 21.850440677127736}