{"dim0": -0.8666666666666667, "dim1": -0.13333333333333333, "episode_rewards": -6.900346176429941, "episode_std_rewards": 0.22681666295210093, "episode_value_ests": 16.84474875303475, "episode_values": -1.693123776676254, "episode_td_err": 10.41509456336199, "episode_avg_len": 36.11700975081257, "episode_std_avg_len": 5.218660050902163, "step_rewards": -0.19105530120124894, "step_value_ests": 16.817683775344015, "step_values": -1.490000345895985, "step_td_err": 10.245530663719116}