{"dim0": -0.8666666666666667, "dim1": 1.0, "scale": 15, "episode_rewards": -0.9121830295288305, "episode_std_rewards": 0.36014379887437536, "episode_value_ests": 11.88765130836105, "episode_values": 3.2586364885239747, "episode_td_err": 26.794178463039827, "episode_avg_len": 10.464500601684717, "episode_std_avg_len": 1.224716327175857, "step_rewards": -0.08716928444554486, "step_value_ests": 11.82435144464881, "step_values": 3.287532112149718, "step_td_err": 26.435475444498994}