{"dim0": -0.8666666666666667, "dim1": -0.3333333333333333, "scale": 15, "episode_rewards": -34.911005879502426, "episode_std_rewards": 0.18868515103479508, "episode_value_ests": 25.452177844840527, "episode_values": -12.249923930141849, "episode_td_err": 20.877568864534094, "episode_avg_len": 29.539654408506866, "episode_std_avg_len": 1.8305931156649098, "step_rewards": -1.1818352847570455, "step_value_ests": 25.456475261114925, "step_values": -12.203133741495508, "step_td_err": 20.874568229606496}