{"dim0": -0.8666666666666667, "dim1": -0.8666666666666667, "scale": 15, "episode_rewards": -52.33166806631225, "episode_std_rewards": 0.23603523125312514, "episode_value_ests": 25.202133477941377, "episode_values": -19.143601806757857, "episode_td_err": 24.140968094879113, "episode_avg_len": 29.997150569886024, "episode_std_avg_len": 2.1163993124914287, "step_rewards": -1.7445546350941654, "step_value_ests": 25.205891072157385, "step_values": -19.083841302508272, "step_td_err": 24.086973554129486}