{"dim0": -0.8666666666666667, "dim1": -0.06666666666666667, "scale": 15, "episode_rewards": -28.71546045768338, "episode_std_rewards": 0.19882537325158295, "episode_value_ests": 25.538506233880554, "episode_values": -9.671302547988246, "episode_td_err": 20.003457640634327, "episode_avg_len": 29.694328978622327, "episode_std_avg_len": 1.9844116142369341, "step_rewards": -0.9670351695219765, "step_value_ests": 25.542732118930285, "step_values": -9.57323415094201, "step_td_err": 19.985713588935464}