{"dim0": -0.8666666666666667, "dim1": -0.2, "scale": 15, "episode_rewards": -31.70994307712557, "episode_std_rewards": 0.18913020393210736, "episode_value_ests": 25.50228420377022, "episode_values": -10.912391561482572, "episode_td_err": 20.4102509696388, "episode_avg_len": 29.542836041358935, "episode_std_avg_len": 1.871739510686511, "step_rewards": -1.0733547392922183, "step_value_ests": 25.506709783779993, "step_values": -10.847482586847851, "step_td_err": 20.406807189945223}