{"dim0": -0.8666666666666667, "dim1": 0.3333333333333333, "scale": 15, "episode_rewards": -12.8200161964228, "episode_std_rewards": 0.3158539846198006, "episode_value_ests": 24.972039760071947, "episode_values": -1.2021881054329164, "episode_td_err": 17.282839196663172, "episode_avg_len": 35.26181241184767, "episode_std_avg_len": 5.434736012944513, "step_rewards": -0.36356657016629645, "step_value_ests": 24.914146175260935, "step_values": -0.662207392710132, "step_td_err": 16.922060470692298}