{"dim0": -0.8666666666666667, "dim1": 0.0, "episode_rewards": -7.817874080245687, "episode_std_rewards": 0.23486136418113665, "episode_value_ests": 16.98724752053678, "episode_values": -1.8197857169946734, "episode_td_err": 10.759538173299715, "episode_avg_len": 34.51458153580673, "episode_std_avg_len": 3.9116541842715953, "step_rewards": -0.22650931091646379, "step_value_ests": 16.984013295999432, "step_values": -1.537190877938696, "step_td_err": 10.60844554373627}