{"dim0": -0.8666666666666667, "dim1": -0.4, "scale": 15, "episode_rewards": -36.79135232560296, "episode_std_rewards": 0.19678212092981806, "episode_value_ests": 25.421930966095626, "episode_values": -12.991022279067488, "episode_td_err": 21.178286225685646, "episode_avg_len": 29.584233101612188, "episode_std_avg_len": 1.8923975150772447, "step_rewards": -1.24361352208241, "step_value_ests": 25.42577319992903, "step_values": -12.932993661268293, "step_td_err": 21.163409357473956}