{"dim0": -0.8666666666666667, "dim1": -0.2, "episode_rewards": -6.006510840785538, "episode_std_rewards": 0.2432901936087363, "episode_value_ests": 16.645291251589896, "episode_values": -1.4336345076848833, "episode_td_err": 10.074007032864522, "episode_avg_len": 37.01795298908014, "episode_std_avg_len": 6.314469582453374, "step_rewards": -0.16225939998782177, "step_value_ests": 16.624466759123692, "step_values": -1.2360041067367091, "step_td_err": 9.907190408838517}