{"dim0": -0.8666666666666667, "dim1": 0.4666666666666667, "scale": 15, "episode_rewards": 3.543683796873384, "episode_std_rewards": 0.285174917831435, "episode_value_ests": 21.17497482364828, "episode_values": 6.5053890137753365, "episode_td_err": 9.341990977710955, "episode_avg_len": 40.28237663645518, "episode_std_avg_len": 11.400059256358157, "step_rewards": 0.08797107054667629, "step_value_ests": 21.17227185467214, "step_values": 7.077132089450854, "step_td_err": 9.227461617271945}