{"dim0": -0.8666666666666667, "dim1": -1.0, "episode_rewards": 3.20306932970769, "episode_std_rewards": 0.3643473802604395, "episode_value_ests": 9.698092114574411, "episode_values": 2.18599749961624, "episode_td_err": 4.3116299031082095, "episode_avg_len": 14.223810539790911, "episode_std_avg_len": 3.842229096695941, "step_rewards": 0.2251906632717828, "step_value_ests": 9.896676137410777, "step_values": 2.2564196792753, "step_td_err": 4.061094415398543}