{"dim0": -0.8666666666666667, "dim1": 0.7333333333333333, "episode_rewards": -10.91472137621122, "episode_std_rewards": 0.23638014724188244, "episode_value_ests": 17.05402883888286, "episode_values": -2.590043363634269, "episode_td_err": 11.471998744088655, "episode_avg_len": 32.03187059577194, "episode_std_avg_len": 2.9303427568385705, "step_rewards": -0.34074567526668, "step_value_ests": 17.05312543951785, "step_values": -2.3102482904776624, "step_td_err": 11.343788625912131}