{"dim0": -0.8666666666666667, "dim1": -0.6, "episode_rewards": 7.093756396416227, "episode_std_rewards": 0.30035004314622255, "episode_value_ests": 11.697181698131914, "episode_values": 4.690761869935002, "episode_td_err": 2.888220983580922, "episode_avg_len": 26.491258278145697, "episode_std_avg_len": 11.030054805519445, "step_rewards": 0.2677772539882831, "step_value_ests": 12.49708251711489, "step_values": 4.739486889773871, "step_td_err": 3.3079905665600977}