{"dim0": -0.8666666666666667, "dim1": 0.06666666666666667, "episode_rewards": -8.269170114700804, "episode_std_rewards": 0.2353792710789695, "episode_value_ests": 17.01013266080028, "episode_values": -2.017928504448667, "episode_td_err": 10.909293105353578, "episode_avg_len": 33.98589634664401, "episode_std_avg_len": 3.725815914742354, "step_rewards": -0.24331181471155625, "step_value_ests": 17.007822095592346, "step_values": -1.7293423054051822, "step_td_err": 10.760998508943652}