{"dim0": -0.8666666666666667, "dim1": -0.8, "scale": 15, "episode_rewards": -49.79340980053646, "episode_std_rewards": 0.2274922399639447, "episode_value_ests": 25.24642725718178, "episode_values": -18.166957154647672, "episode_td_err": 23.708889751616322, "episode_avg_len": 29.914597666766376, "episode_std_avg_len": 2.0686771033152986, "step_rewards": -1.664518786286551, "step_value_ests": 25.250895613227765, "step_values": -18.1158619156437, "step_td_err": 23.66913844964391}