{"dim0": -0.8666666666666667, "dim1": 0.6666666666666666, "scale": 15, "episode_rewards": 4.587900461955129, "episode_std_rewards": 0.2099680212654743, "episode_value_ests": 13.48868631413542, "episode_values": 5.50570091095373, "episode_td_err": 8.081506276558535, "episode_avg_len": 20.268443453587352, "episode_std_avg_len": 5.1441118015985685, "step_rewards": 0.22635682273584293, "step_value_ests": 13.829285860575414, "step_values": 5.693264308599114, "step_td_err": 7.319279447984953}