{"dim0": -0.8666666666666667, "dim1": 0.7333333333333333, "scale": 15, "episode_rewards": 3.7250664066371804, "episode_std_rewards": 0.24392159820955514, "episode_value_ests": 12.567092169734087, "episode_values": 5.079063292398838, "episode_td_err": 11.247013305194411, "episode_avg_len": 16.632266112266112, "episode_std_avg_len": 3.6855156255354227, "step_rewards": 0.2239662582051874, "step_value_ests": 12.72167938741523, "step_values": 5.20201996297881, "step_td_err": 10.393617836700642}