{"dim0": -0.8666666666666667, "dim1": 0.4, "scale": 15, "episode_rewards": -5.363167581929491, "episode_std_rewards": 0.3315276681556381, "episode_value_ests": 23.79207939231748, "episode_values": 2.3206862714109424, "episode_td_err": 14.478920462445775, "episode_avg_len": 38.84870848708487, "episode_std_avg_len": 8.360204356311222, "step_rewards": -0.1380526609710194, "step_value_ests": 23.640305439932348, "step_values": 2.9926827954672817, "step_td_err": 14.016064090520587}