{"dim0": -0.8666666666666667, "dim1": -0.4666666666666667, "scale": 15, "episode_rewards": -38.72591387430602, "episode_std_rewards": 0.19714065104436593, "episode_value_ests": 25.4016991448558, "episode_values": -13.764072497777972, "episode_td_err": 21.584291252531614, "episode_avg_len": 29.635205215587494, "episode_std_avg_len": 1.8705267276007849, "step_rewards": -1.3067536935407151, "step_value_ests": 25.405702265967015, "step_values": -13.71277725634231, "step_td_err": 21.576319497085787}