{"dim0": -0.9333333333333333, "dim1": -0.13333333333333333, "episode_rewards": -9.956322199338516, "episode_std_rewards": 0.2342441003874381, "episode_value_ests": 16.886645302226334, "episode_values": -2.9881163325694247, "episode_td_err": 10.702311856268574, "episode_avg_len": 35.70778293466619, "episode_std_avg_len": 4.916994708408994, "step_rewards": -0.2788277899402323, "step_value_ests": 16.865325497064035, "step_values": -2.7590205579464246, "step_td_err": 10.529913392086195}