{"dim0": -0.9333333333333333, "dim1": -1.0, "scale": 15, "episode_rewards": -62.23002242729089, "episode_std_rewards": 0.23481511656889253, "episode_value_ests": 25.33052208203286, "episode_values": -23.2711525723726, "episode_td_err": 27.10409456966436, "episode_avg_len": 29.860853986264555, "episode_std_avg_len": 2.036481104117804, "step_rewards": -2.0840000910863283, "step_value_ests": 25.334489289000956, "step_values": -23.249203662687297, "step_td_err": 27.04817267876898}