{"dim0": -0.9333333333333333, "dim1": 0.6666666666666666, "scale": 15, "episode_rewards": 2.3874674808226115, "episode_std_rewards": 0.2138777095244075, "episode_value_ests": 13.567960349377891, "episode_values": 4.861360326960139, "episode_td_err": 8.515709332135726, "episode_avg_len": 20.405223423791064, "episode_std_avg_len": 5.110834942102656, "step_rewards": 0.11700276106945202, "step_value_ests": 13.915676008211937, "step_values": 5.0393302642780125, "step_td_err": 7.70460035246176}