{"dim0": -0.9333333333333333, "dim1": 0.7333333333333333, "scale": 15, "episode_rewards": 1.5802022319781468, "episode_std_rewards": 0.24924786751549, "episode_value_ests": 12.555574722280127, "episode_values": 4.439239855767509, "episode_td_err": 11.909849745214839, "episode_avg_len": 16.75603217158177, "episode_std_avg_len": 3.702283161810431, "step_rewards": 0.0943064692044558, "step_value_ests": 12.710208871612549, "step_values": 4.549775607069851, "step_td_err": 10.995737629100729}