{"dim0": -0.9333333333333333, "dim1": 0.26666666666666666, "scale": 15, "episode_rewards": -21.015205936728876, "episode_std_rewards": 0.3064938808792495, "episode_value_ests": 25.46892395723649, "episode_values": -4.91776729544822, "episode_td_err": 19.275665944885738, "episode_avg_len": 32.76687418086501, "episode_std_avg_len": 3.985172015856416, "step_rewards": -0.641355224203876, "step_value_ests": 25.465156554095795, "step_values": -4.455084499311071, "step_td_err": 19.016961524337294}