{"dim0": -0.9333333333333333, "dim1": 0.26666666666666666, "episode_rewards": -11.944810888889926, "episode_std_rewards": 0.2375964599054258, "episode_value_ests": 17.040812161452624, "episode_values": -3.5322528873230326, "episode_td_err": 11.4719556359814, "episode_avg_len": 32.602933985330075, "episode_std_avg_len": 3.129342874750688, "step_rewards": -0.3663722686511766, "step_value_ests": 17.039592271782812, "step_values": -3.259423841327093, "step_td_err": 11.336643023806987}