{"dim0": -0.9333333333333333, "dim1": 0.2, "scale": 15, "episode_rewards": -24.269558212184986, "episode_std_rewards": 0.28314359953639917, "episode_value_ests": 25.587140851791034, "episode_values": -6.744852809758801, "episode_td_err": 19.86995121451819, "episode_avg_len": 31.4281898177247, "episode_std_avg_len": 3.308992536552638, "step_rewards": -0.772222592295073, "step_value_ests": 25.589813758720318, "step_values": -6.378874573074385, "step_td_err": 19.703824876935794}