{"dim0": -0.9333333333333333, "dim1": 0.0, "episode_rewards": -10.936262471403362, "episode_std_rewards": 0.23161108977976216, "episode_value_ests": 16.990042638966116, "episode_values": -3.2614406472789184, "episode_td_err": 11.099764324383877, "episode_avg_len": 34.044936170212765, "episode_std_avg_len": 3.775128840434881, "step_rewards": -0.321230223981795, "step_value_ests": 16.98478616889603, "step_values": -2.9992652100879442, "step_td_err": 10.949719505822785}