{"dim0": -0.9333333333333333, "dim1": 0.9333333333333333, "episode_rewards": -14.853159402933048, "episode_std_rewards": 0.2364920110992308, "episode_value_ests": 17.05722950278602, "episode_values": -4.064333662367649, "episode_td_err": 11.882628182361545, "episode_avg_len": 31.63698196773173, "episode_std_avg_len": 2.7786036112520973, "step_rewards": -0.4694872418008326, "step_value_ests": 17.056394158582442, "step_values": -3.793894478324448, "step_td_err": 11.7564490321891}