{"dim0": -0.9333333333333333, "dim1": -0.13333333333333333, "scale": 15, "episode_rewards": -33.789959965835806, "episode_std_rewards": 0.17723906745777573, "episode_value_ests": 25.63722939399878, "episode_values": -11.703497667846388, "episode_td_err": 21.06852271885311, "episode_avg_len": 29.420061773790263, "episode_std_avg_len": 1.7762923542403588, "step_rewards": -1.1485346368626117, "step_value_ests": 25.641320388709147, "step_values": -11.65967973159951, "step_td_err": 21.067683113864867}