{"dim0": -0.9333333333333333, "dim1": -0.6, "scale": 15, "episode_rewards": -46.6191568166434, "episode_std_rewards": 0.1983564351018041, "episode_value_ests": 25.496213801629516, "episode_values": -16.907012467143183, "episode_td_err": 23.589901908115035, "episode_avg_len": 29.50117994100295, "episode_std_avg_len": 1.8245697177517963, "step_rewards": -1.580247193836766, "step_value_ests": 25.500188845886722, "step_values": -16.87759761480839, "step_td_err": 23.575011688348006}