{"dim0": -0.9333333333333333, "dim1": -0.7333333333333333, "episode_rewards": 5.26709754692034, "episode_std_rewards": 0.29516947174847535, "episode_value_ests": 10.659293096496565, "episode_values": 3.6628930083598585, "episode_td_err": 2.7134237240339005, "episode_avg_len": 20.463269899733987, "episode_std_avg_len": 8.021917961513747, "step_rewards": 0.2573927614075407, "step_value_ests": 11.260408094484271, "step_values": 3.7995456435851946, "step_td_err": 2.7088691604460133}