{"dim0": -0.9333333333333333, "dim1": 0.4, "episode_rewards": -12.814755442453936, "episode_std_rewards": 0.2392443161162027, "episode_value_ests": 17.051406263378507, "episode_values": -3.8646576350960986, "episode_td_err": 11.673289859086697, "episode_avg_len": 32.12963855421687, "episode_std_avg_len": 3.0038898927608586, "step_rewards": -0.39884530356075415, "step_value_ests": 17.050482549946157, "step_values": -3.590912101241487, "step_td_err": 11.537897937922414}