{"dim0": -0.9333333333333333, "dim1": 0.3333333333333333, "episode_rewards": -12.475426019002697, "episode_std_rewards": 0.23815503144539354, "episode_value_ests": 17.046677313162057, "episode_values": -3.750245359025485, "episode_td_err": 11.5690219022908, "episode_avg_len": 32.342011642949544, "episode_std_avg_len": 3.085920468561394, "step_rewards": -0.385734386491766, "step_value_ests": 17.045515275780307, "step_values": -3.4780475900813035, "step_td_err": 11.432528945954113}