{"dim0": -0.9333333333333333, "dim1": 0.06666666666666667, "scale": 15, "episode_rewards": -29.095929739547852, "episode_std_rewards": 0.22504760836112542, "episode_value_ests": 25.650705559936466, "episode_values": -9.429350579061115, "episode_td_err": 20.538125348369693, "episode_avg_len": 29.993102414155047, "episode_std_avg_len": 2.377913652971513, "step_rewards": -0.9700873666812214, "step_value_ests": 25.655354688189075, "step_values": -9.254890707965394, "step_td_err": 20.48769875660473}