{"dim0": -0.9333333333333333, "dim1": 0.8666666666666667, "scale": 15, "episode_rewards": -0.36158227371637824, "episode_std_rewards": 0.32667672646113805, "episode_value_ests": 12.080046445180216, "episode_values": 3.6687342051552765, "episode_td_err": 19.68616949088922, "episode_avg_len": 12.481590114827759, "episode_std_avg_len": 2.0908379093075675, "step_rewards": -0.028969247538967752, "step_value_ests": 12.050152539976393, "step_values": 3.751290271950947, "step_td_err": 18.979617250765205}