{"dim0": -0.9333333333333333, "dim1": 0.3333333333333333, "scale": 15, "episode_rewards": -16.20879093153561, "episode_std_rewards": 0.3213701326440968, "episode_value_ests": 25.097305635863545, "episode_values": -2.4227844277098205, "episode_td_err": 18.012669275051476, "episode_avg_len": 35.095806281803824, "episode_std_avg_len": 5.210125687607683, "step_rewards": -0.4618440961688179, "step_value_ests": 25.04921338565242, "step_values": -1.8683009178197967, "step_td_err": 17.641191702339846}