{"dim0": -0.9333333333333333, "dim1": -0.4666666666666667, "episode_rewards": 1.5290263168470524, "episode_std_rewards": 0.3443701457154315, "episode_value_ests": 13.81209129915319, "episode_values": 2.0281961356957168, "episode_td_err": 5.539325588547015, "episode_avg_len": 35.01488095238095, "episode_std_avg_len": 11.876905236509726, "step_rewards": 0.043667899911654026, "step_value_ests": 14.367985821532551, "step_values": 1.7047407030737873, "step_td_err": 6.054045226755947}