{"dim0": -0.9333333333333333, "dim1": 0.4, "scale": 15, "episode_rewards": -8.856184257621415, "episode_std_rewards": 0.32738190049599647, "episode_value_ests": 24.022093656901614, "episode_values": 1.1932464562893055, "episode_td_err": 14.943369413103321, "episode_avg_len": 38.901789187086735, "episode_std_avg_len": 8.877284779278368, "step_rewards": -0.2276549341993037, "step_value_ests": 23.835680839948537, "step_values": 1.874463692964947, "step_td_err": 14.431832820676693}