{"dim0": -0.9333333333333333, "dim1": -0.5333333333333333, "scale": 15, "episode_rewards": -44.51422817224672, "episode_std_rewards": 0.19343202439872337, "episode_value_ests": 25.519549061799616, "episode_values": -16.07066441357516, "episode_td_err": 23.024481155273136, "episode_avg_len": 29.45118539243116, "episode_std_avg_len": 1.8011746996253037, "step_rewards": -1.5114579457194517, "step_value_ests": 25.524043537603358, "step_values": -16.040836955761858, "step_td_err": 23.010561652559357}