{"dim0": -0.9333333333333333, "dim1": -0.3333333333333333, "scale": 15, "episode_rewards": -38.68566599720337, "episode_std_rewards": 0.1755363299117834, "episode_value_ests": 25.587751995306014, "episode_values": -13.695417038779732, "episode_td_err": 21.884196561727084, "episode_avg_len": 29.3462441314554, "episode_std_avg_len": 1.7174566238929652, "step_rewards": -1.318249307267819, "step_value_ests": 25.591709876050473, "step_values": -13.671762804968072, "step_td_err": 21.884400476986528}