{"dim0": -0.9333333333333333, "dim1": 0.13333333333333333, "scale": 15, "episode_rewards": -26.93152413055391, "episode_std_rewards": 0.25009627257319517, "episode_value_ests": 25.637980339043395, "episode_values": -8.267219677656662, "episode_td_err": 20.333055341040925, "episode_avg_len": 30.52518315018315, "episode_std_avg_len": 2.7387756498977978, "step_rewards": -0.8822723191553503, "step_value_ests": 25.641744220790443, "step_values": -8.014170522346056, "step_td_err": 20.237240304234927}