{"dim0": -0.9333333333333333, "dim1": -0.8666666666666667, "episode_rewards": 4.102146651696027, "episode_std_rewards": 0.31671671588893363, "episode_value_ests": 10.025015959439898, "episode_values": 2.8485945522924543, "episode_td_err": 3.322740234345987, "episode_avg_len": 16.65240196486554, "episode_std_avg_len": 5.489992698728908, "step_rewards": 0.24633963678939755, "step_value_ests": 10.374672566061626, "step_values": 2.9486021122351675, "step_td_err": 3.1011817084703304}