{"dim0": -0.9333333333333333, "dim1": -0.6666666666666666, "episode_rewards": 5.706622530882477, "episode_std_rewards": 0.2886897086139487, "episode_value_ests": 11.150654816033448, "episode_values": 4.0215279365719, "episode_td_err": 2.67107042307203, "episode_avg_len": 23.506052415089904, "episode_std_avg_len": 9.572646190823043, "step_rewards": 0.24277247536549623, "step_value_ests": 11.863302172427472, "step_values": 4.111229964325687, "step_td_err": 2.8556001365807515}