{"dim0": -0.9333333333333333, "dim1": 1.0, "scale": 15, "episode_rewards": -2.677694131284463, "episode_std_rewards": 0.36823155095512045, "episode_value_ests": 11.904859010792878, "episode_values": 2.6912087237706253, "episode_td_err": 28.27760758427135, "episode_avg_len": 10.499763767126883, "episode_std_avg_len": 1.2364919017340195, "step_rewards": -0.2550242263228726, "step_value_ests": 11.843833083965725, "step_values": 2.7189902284671796, "step_td_err": 27.87904739568613}