{"dim0": -0.9333333333333333, "dim1": 0.6, "scale": 15, "episode_rewards": 3.263781497621802, "episode_std_rewards": 0.19946382050236486, "episode_value_ests": 15.379271404085067, "episode_values": 5.68939416122859, "episode_td_err": 6.203269292881357, "episode_avg_len": 26.07222004953722, "episode_std_avg_len": 7.526081102810038, "step_rewards": 0.1251823393412842, "step_value_ests": 15.862424298055023, "step_values": 6.069575908853684, "step_td_err": 5.699350720622569}