{"dim0": -0.9333333333333333, "dim1": -0.06666666666666667, "scale": 15, "episode_rewards": -32.20896416551767, "episode_std_rewards": 0.18829797446188334, "episode_value_ests": 25.648256791303382, "episode_values": -10.996980515386543, "episode_td_err": 20.816609650924967, "episode_avg_len": 29.496681905323697, "episode_std_avg_len": 1.9021629172812529, "step_rewards": -1.091952114102178, "step_value_ests": 25.652109573753485, "step_values": -10.926962397854302, "step_td_err": 20.800992913896334}