{"dim0": -0.9333333333333333, "dim1": -0.8, "scale": 15, "episode_rewards": -53.69897208218591, "episode_std_rewards": 0.21581762693643702, "episode_value_ests": 25.409039957446772, "episode_values": -19.7717754819916, "episode_td_err": 25.090885987884526, "episode_avg_len": 29.707708302391207, "episode_std_avg_len": 1.9632283485770954, "step_rewards": -1.8075770616700049, "step_value_ests": 25.413104931060523, "step_values": -19.74362956571684, "step_td_err": 25.052339437644303}