{"dim0": -0.9333333333333333, "dim1": 0.4666666666666667, "scale": 15, "episode_rewards": 0.4570128723878082, "episode_std_rewards": 0.2938881754973442, "episode_value_ests": 21.305905299966458, "episode_values": 5.632893773275447, "episode_td_err": 9.543280689160277, "episode_avg_len": 40.64580369843528, "episode_std_avg_len": 12.011608182128908, "step_rewards": 0.011243789784021458, "step_value_ests": 21.283836799788958, "step_values": 6.187035663649244, "step_td_err": 9.384010931611138}