{"dim0": -0.9333333333333333, "dim1": -0.8666666666666667, "scale": 15, "episode_rewards": -56.55278800902476, "episode_std_rewards": 0.22284243578537702, "episode_value_ests": 25.381627929573355, "episode_values": -20.971905000303153, "episode_td_err": 25.78916931751625, "episode_avg_len": 29.756768818803927, "episode_std_avg_len": 1.9933434681213065, "step_rewards": -1.9005016422780374, "step_value_ests": 25.385536021491674, "step_values": -20.939682905927206, "step_td_err": 25.743440628610024}