{"dim0": -0.9333333333333333, "dim1": 1.0, "episode_rewards": -15.386378402779545, "episode_std_rewards": 0.23388572734505678, "episode_value_ests": 17.058299882268756, "episode_values": -4.2092163198010795, "episode_td_err": 11.936854602327879, "episode_avg_len": 31.55071777882947, "episode_std_avg_len": 2.757039899384878, "step_rewards": -0.4876712634760977, "step_value_ests": 17.057559924564362, "step_values": -3.94626408132707, "step_td_err": 11.811585183823206}