{"dim0": -0.9333333333333333, "dim1": -0.9333333333333333, "scale": 15, "episode_rewards": -59.273865843591466, "episode_std_rewards": 0.22962598026373165, "episode_value_ests": 25.354750202107258, "episode_values": -22.034799276212055, "episode_td_err": 26.3982244159953, "episode_avg_len": 29.804202056325437, "episode_std_avg_len": 2.0070922343961204, "step_rewards": -1.9887754663444042, "step_value_ests": 25.359131357082845, "step_values": -22.007662405322105, "step_td_err": 26.347328803370083}