{"dim0": -0.9333333333333333, "dim1": -0.2, "scale": 15, "episode_rewards": -35.250479254945674, "episode_std_rewards": 0.17401267250362312, "episode_value_ests": 25.620111200839837, "episode_values": -12.336755258565375, "episode_td_err": 21.26421146508981, "episode_avg_len": 29.357551739321885, "episode_std_avg_len": 1.7416848209172227, "step_rewards": -1.2007295284003785, "step_value_ests": 25.623998504546723, "step_values": -12.304908282660827, "step_td_err": 21.26148794713955}