{"dim0": -0.9333333333333333, "dim1": 0.8, "scale": 15, "episode_rewards": 0.7411599504003109, "episode_std_rewards": 0.2875400431393982, "episode_value_ests": 12.174792559329918, "episode_values": 4.10363200992687, "episode_td_err": 15.611988086335591, "episode_avg_len": 14.258269175933847, "episode_std_avg_len": 2.8061514718975773, "step_rewards": 0.05198106034155219, "step_value_ests": 12.200048084798624, "step_values": 4.204463047466125, "step_td_err": 14.776783326399102}