{"dim0": -1.0, "dim1": 0.7333333333333333, "scale": 15, "episode_rewards": -0.5835951431725637, "episode_std_rewards": 0.2584438659405691, "episode_value_ests": 12.632267685595304, "episode_values": 3.7862410816071277, "episode_td_err": 12.598295864937274, "episode_avg_len": 16.95388658133424, "episode_std_avg_len": 3.782697458079083, "step_rewards": -0.03442249895755973, "step_value_ests": 12.80635802215567, "step_values": 3.8904511766467906, "step_td_err": 11.614045156898234}