{"dim0": -1.0, "dim1": 0.4666666666666667, "episode_rewards": -16.351042949969028, "episode_std_rewards": 0.2367236080814932, "episode_value_ests": 17.053304996500856, "episode_values": -5.435904763117528, "episode_td_err": 12.126447151957294, "episode_avg_len": 31.61808409737591, "episode_std_avg_len": 2.7981208177163284, "step_rewards": -0.5171421171381493, "step_value_ests": 17.05223517949634, "step_values": -5.186560735869624, "step_td_err": 11.99325619880467}