{"dim0": -1.0, "dim1": 0.6666666666666666, "episode_rewards": -17.128706303662412, "episode_std_rewards": 0.23954741072977276, "episode_value_ests": 17.05824721339514, "episode_values": -5.532541037219287, "episode_td_err": 12.245941174932517, "episode_avg_len": 31.381550047066206, "episode_std_avg_len": 2.7405332473240636, "step_rewards": -0.5458209131790078, "step_value_ests": 17.057242537794426, "step_values": -5.271938440256293, "step_td_err": 12.111838714585174}