{"dim0": -1.0, "dim1": 0.5333333333333333, "episode_rewards": -16.51959984083101, "episode_std_rewards": 0.2355492145021983, "episode_value_ests": 17.05621091832129, "episode_values": -5.419305012005584, "episode_td_err": 12.137740716459033, "episode_avg_len": 31.55632691700852, "episode_std_avg_len": 2.756454638246154, "step_rewards": -0.5234956490429538, "step_value_ests": 17.055322256401247, "step_values": -5.172267641203311, "step_td_err": 12.007147666502968}