{"dim0": -1.0, "dim1": -0.9333333333333333, "episode_rewards": 2.483120113431994, "episode_std_rewards": 0.33593330055654896, "episode_value_ests": 9.825330708757003, "episode_values": 2.001608270689591, "episode_td_err": 3.8739333019354985, "episode_avg_len": 15.501705161990389, "episode_std_avg_len": 4.7186331246519355, "step_rewards": 0.1601836757623615, "step_value_ests": 10.107409807309288, "step_values": 2.0300993147634383, "step_td_err": 3.6130485773572083}