{"dim0": -1.0, "dim1": -0.7333333333333333, "scale": 15, "episode_rewards": -55.273207198722154, "episode_std_rewards": 0.19943375857580925, "episode_value_ests": 25.568832209438305, "episode_values": -20.401297550098, "episode_td_err": 25.7978073092356, "episode_avg_len": 29.461039917513624, "episode_std_avg_len": 1.8048454878370424, "step_rewards": -1.8761458303399547, "step_value_ests": 25.572593630238426, "step_values": -20.39004338574163, "step_td_err": 25.770315123664762}