{"dim0": -1.0, "dim1": -0.4666666666666667, "scale": 15, "episode_rewards": -46.1999755145676, "episode_std_rewards": 0.17378311312426686, "episode_value_ests": 25.65399107472573, "episode_values": -16.781468314182387, "episode_td_err": 23.624405432019614, "episode_avg_len": 29.237392194123665, "episode_std_avg_len": 1.6346844967751284, "step_rewards": -1.5801674515914312, "step_value_ests": 25.658317836387457, "step_values": -16.781290081050336, "step_td_err": 23.614158094908884}