{"dim0": -1.0, "dim1": 0.9333333333333333, "episode_rewards": -18.452667515089853, "episode_std_rewards": 0.2360926030467272, "episode_value_ests": 17.060508534445667, "episode_values": -5.74676142014791, "episode_td_err": 12.372928847772549, "episode_avg_len": 31.204836193447736, "episode_std_avg_len": 2.636952398676662, "step_rewards": -0.5913399897598074, "step_value_ests": 17.059629304796545, "step_values": -5.501249797699108, "step_td_err": 12.242907212980244}