{"dim0": -1.0, "dim1": -1.0, "scale": 15, "episode_rewards": -66.26724039530149, "episode_std_rewards": 0.22765867017091176, "episode_value_ests": 25.470782477571657, "episode_values": -24.938891121889636, "episode_td_err": 28.53093903334552, "episode_avg_len": 29.685218165627784, "episode_std_avg_len": 1.9285757778510293, "step_rewards": -2.2323312574482492, "step_value_ests": 25.475169133145368, "step_values": -24.930673386664928, "step_td_err": 28.482759633457487}