{"dim0": -1.0, "dim1": -0.06666666666666667, "scale": 15, "episode_rewards": -35.74421977332757, "episode_std_rewards": 0.180780842815051, "episode_value_ests": 25.74557958388582, "episode_values": -12.313855526856505, "episode_td_err": 21.56835561389637, "episode_avg_len": 29.404439870626288, "episode_std_avg_len": 1.7885250360980818, "step_rewards": -1.2156062122113211, "step_value_ests": 25.750097311559454, "step_values": -12.265336892819851, "step_td_err": 21.554195177445756}