{"dim0": -1.0, "dim1": -0.4, "scale": 15, "episode_rewards": -44.16663031872663, "episode_std_rewards": 0.1725547846198389, "episode_value_ests": 25.662794497824038, "episode_values": -15.912734969645433, "episode_td_err": 23.138360772419595, "episode_avg_len": 29.22559906487434, "episode_std_avg_len": 1.6138679321706895, "step_rewards": -1.5112309664101844, "step_value_ests": 25.667045079677205, "step_values": -15.905042946982052, "step_td_err": 23.12761409304492}