{"dim0": -1.0, "dim1": 0.3333333333333333, "scale": 15, "episode_rewards": -19.684557759803074, "episode_std_rewards": 0.32148878764307454, "episode_value_ests": 25.221301802091777, "episode_values": -3.5614285050371657, "episode_td_err": 18.625071671888065, "episode_avg_len": 34.92857142857143, "episode_std_avg_len": 5.3332497800035, "step_rewards": -0.5635660708328079, "step_value_ests": 25.170584077333388, "step_values": -3.0229612725261603, "step_td_err": 18.25035059873042}