{"dim0": -1.0, "dim1": 0.4666666666666667, "scale": 15, "episode_rewards": -2.900026216843319, "episode_std_rewards": 0.3027154760215173, "episode_value_ests": 21.54939415601658, "episode_values": 4.704502497734459, "episode_td_err": 9.800484737226553, "episode_avg_len": 40.4917004048583, "episode_std_avg_len": 11.246129876077147, "step_rewards": -0.07162026261795038, "step_value_ests": 21.537462136089765, "step_values": 5.247544219463588, "step_td_err": 9.533945813542065}