{"dim0": -1.0, "dim1": -0.4666666666666667, "episode_rewards": -1.2817804549124339, "episode_std_rewards": 0.35665832810418935, "episode_value_ests": 13.96065778841634, "episode_values": 0.7908003167433705, "episode_td_err": 5.926074732620928, "episode_avg_len": 35.196199190568365, "episode_std_avg_len": 11.412261126192666, "step_rewards": -0.036418149811355674, "step_value_ests": 14.499248860970045, "step_values": 0.3848219930727345, "step_td_err": 6.4222604428852215}