{"dim0": -1.0, "dim1": 0.6666666666666666, "scale": 15, "episode_rewards": -0.05524600839628341, "episode_std_rewards": 0.2202333887542748, "episode_value_ests": 13.658680084093973, "episode_values": 4.127180140825757, "episode_td_err": 9.010133637640086, "episode_avg_len": 20.672558139534885, "episode_std_avg_len": 5.224457136454544, "step_rewards": -0.0026724321210459734, "step_value_ests": 14.01457343121388, "step_values": 4.2892759372902285, "step_td_err": 8.143725513863892}