{"dim0": -1.0, "dim1": -0.3333333333333333, "scale": 15, "episode_rewards": -42.33792171801549, "episode_std_rewards": 0.16940666141423627, "episode_value_ests": 25.687385666676818, "episode_values": -15.1497766238095, "episode_td_err": 22.874339253946953, "episode_avg_len": 29.225160724722386, "episode_std_avg_len": 1.6366290195143438, "step_rewards": -1.4486805433443057, "step_value_ests": 25.69125034071067, "step_values": -15.14459554034079, "step_td_err": 22.86538777936798}