{"dim0": -1.0, "dim1": -0.9333333333333333, "scale": 15, "episode_rewards": -63.36473329810856, "episode_std_rewards": 0.21726069182761898, "episode_value_ests": 25.498117319695346, "episode_values": -23.74774273650661, "episode_td_err": 27.796016994666985, "episode_avg_len": 29.562370676913982, "episode_std_avg_len": 1.8860213403765203, "step_rewards": -2.1434253020713157, "step_value_ests": 25.502236039813777, "step_values": -23.745117167941277, "step_td_err": 27.75004577078101}