{"dim0": -1.0, "dim1": 0.6, "episode_rewards": -16.825697990067958, "episode_std_rewards": 0.23816561209281828, "episode_value_ests": 17.05817272276694, "episode_values": -5.473614988360627, "episode_td_err": 12.20375592346143, "episode_avg_len": 31.456432840515884, "episode_std_avg_len": 2.771394568474792, "step_rewards": -0.5348889391042604, "step_value_ests": 17.057192482919692, "step_values": -5.215693578862175, "step_td_err": 12.069029495437476}