{"dim0": -1.0, "dim1": 0.4, "scale": 15, "episode_rewards": -12.56203647461422, "episode_std_rewards": 0.339473636796268, "episode_value_ests": 24.21662102767454, "episode_values": -0.01850892228871502, "episode_td_err": 15.56207805179072, "episode_avg_len": 38.42728146013449, "episode_std_avg_len": 8.267498556334525, "step_rewards": -0.3269041159637176, "step_value_ests": 24.073881880621606, "step_values": 0.6705584388204643, "step_td_err": 15.036259241072957}