{"dim0": -1.0, "dim1": 0.8, "scale": 15, "episode_rewards": -1.346462304583048, "episode_std_rewards": 0.3012095180731317, "episode_value_ests": 12.18620916416488, "episode_values": 3.4561904248920645, "episode_td_err": 16.63227913437172, "episode_avg_len": 14.338160441608718, "episode_std_avg_len": 2.825458765225635, "step_rewards": -0.0939076048190724, "step_value_ests": 12.218781526917875, "step_values": 3.5618280391216492, "step_td_err": 15.711489585843115}