{"dim0": -1.0, "dim1": -0.13333333333333333, "scale": 15, "episode_rewards": -37.2621265783595, "episode_std_rewards": 0.17189023541173779, "episode_value_ests": 25.739321102457453, "episode_values": -13.00692790853253, "episode_td_err": 21.818844266762973, "episode_avg_len": 29.311547479484172, "episode_std_avg_len": 1.722534004492214, "step_rewards": -1.2712439220222038, "step_value_ests": 25.74367482635072, "step_values": -12.974425104970251, "step_td_err": 21.81044998248388}