{"dim0": -1.0, "dim1": -0.5333333333333333, "episode_rewards": 1.727156538128582, "episode_std_rewards": 0.337447573261721, "episode_value_ests": 12.947229708177684, "episode_values": 2.3452354096369215, "episode_td_err": 4.42704440814229, "episode_avg_len": 31.687787105971804, "episode_std_avg_len": 12.040875183140367, "step_rewards": 0.054505432403737855, "step_value_ests": 13.71574952273901, "step_values": 1.9673994630485094, "step_td_err": 5.041638409503655}