{"dim0": -1.0, "dim1": -0.2, "scale": 15, "episode_rewards": -38.94214504046471, "episode_std_rewards": 0.1654298645336409, "episode_value_ests": 25.717828881070588, "episode_values": -13.769174033416688, "episode_td_err": 22.09586714608146, "episode_avg_len": 29.230308344293437, "episode_std_avg_len": 1.6242460924692366, "step_rewards": -1.3322522835468922, "step_value_ests": 25.72148332860535, "step_values": -13.75186519082698, "step_td_err": 22.08658603872068}