{"dim0": -1.0, "dim1": -0.5333333333333333, "scale": 15, "episode_rewards": -48.31815608004821, "episode_std_rewards": 0.17898649345736686, "episode_value_ests": 25.631244945778423, "episode_values": -17.617174082016646, "episode_td_err": 24.161417264682846, "episode_avg_len": 29.292911540714705, "episode_std_avg_len": 1.7062455022384646, "step_rewards": -1.64948287960007, "step_value_ests": 25.635343814977105, "step_values": -17.613857548072495, "step_td_err": 24.145547967808607}