{"dim0": -1.0, "dim1": 0.2, "scale": 15, "episode_rewards": -27.658554063919297, "episode_std_rewards": 0.28425284485135505, "episode_value_ests": 25.676967744496114, "episode_values": -7.936731795301507, "episode_td_err": 20.53187141728901, "episode_avg_len": 31.312460864120226, "episode_std_avg_len": 3.227599167527883, "step_rewards": -0.8833082198152046, "step_value_ests": 25.680903219461648, "step_values": -7.585731834968328, "step_td_err": 20.36555311082546}