{"dim0": -1.0, "dim1": 0.13333333333333333, "episode_rewards": -14.777971583416468, "episode_std_rewards": 0.24139532389153895, "episode_value_ests": 17.029575371953243, "episode_values": -4.9192301129104745, "episode_td_err": 11.667197134878895, "episode_avg_len": 32.86885784716516, "episode_std_avg_len": 3.316881165726224, "step_rewards": -0.4496040492837211, "step_value_ests": 17.027954283393218, "step_values": -4.645026611440916, "step_td_err": 11.516890360398085}