{"dim0": -1.0, "dim1": 0.9333333333333333, "scale": 15, "episode_rewards": -3.4211166733438874, "episode_std_rewards": 0.3595892639325547, "episode_value_ests": 12.015652624014388, "episode_values": 2.5772730217207034, "episode_td_err": 25.354350612183563, "episode_avg_len": 11.354470621629293, "episode_std_avg_len": 1.5926435595334392, "step_rewards": -0.3013012924466028, "step_value_ests": 11.970438316992125, "step_values": 2.634816087589719, "step_td_err": 24.746243580456056}