{"dim0": -1.0, "dim1": 0.5333333333333333, "scale": 15, "episode_rewards": 1.0063295859055699, "episode_std_rewards": 0.23117903452127636, "episode_value_ests": 18.043531169254084, "episode_values": 5.961536495328184, "episode_td_err": 6.002028592233535, "episode_avg_len": 34.26241863651936, "episode_std_avg_len": 10.469682283314093, "step_rewards": 0.029371236064255877, "step_value_ests": 18.443558907507093, "step_values": 6.447793376609793, "step_td_err": 5.807965947085272}