{"dim0": -1.0, "dim1": -0.06666666666666667, "episode_rewards": -13.361993514276794, "episode_std_rewards": 0.24088749457492514, "episode_value_ests": 16.959823865587428, "episode_values": -4.3675510963466255, "episode_td_err": 11.191978181980618, "episode_avg_len": 34.49827526733356, "episode_std_avg_len": 4.096614398031574, "step_rewards": -0.38732352300896833, "step_value_ests": 16.952468107979062, "step_values": -4.093636155425351, "step_td_err": 11.020799813471516}