{"dim0": -1.0, "dim1": 0.0, "scale": 15, "episode_rewards": -34.20408660366686, "episode_std_rewards": 0.19442869454189968, "episode_value_ests": 25.745642683156152, "episode_values": -11.604042748301335, "episode_td_err": 21.408361314120224, "episode_avg_len": 29.511583296443852, "episode_std_avg_len": 1.9421066340036799, "step_rewards": -1.1590054745652516, "step_value_ests": 25.74973693782687, "step_values": -11.52393879702613, "step_td_err": 21.38691696749313}