{"dim0": -1.0, "dim1": 0.06666666666666667, "episode_rewards": -14.453684773637612, "episode_std_rewards": 0.24425408221026734, "episode_value_ests": 17.014753963441674, "episode_values": -4.762623531392743, "episode_td_err": 11.569041649487664, "episode_avg_len": 33.20551128818061, "episode_std_avg_len": 3.5109290810491705, "step_rewards": -0.4352796934279507, "step_value_ests": 17.010846060764454, "step_values": -4.481341417022111, "step_td_err": 11.411741450322362}