{"dim0": -1.0, "dim1": -0.6, "scale": 15, "episode_rewards": -50.520178223338185, "episode_std_rewards": 0.1872678921102137, "episode_value_ests": 25.61508733835205, "episode_values": -18.518070315324245, "episode_td_err": 24.651174658622498, "episode_avg_len": 29.36631918954632, "episode_std_avg_len": 1.7264485287439877, "step_rewards": -1.7203442452986109, "step_value_ests": 25.619110872187726, "step_values": -18.51035158332677, "step_td_err": 24.633096848063108}