{"dim0": -1.0, "dim1": 0.8666666666666667, "scale": 15, "episode_rewards": -2.312677990164362, "episode_std_rewards": 0.3369665708830515, "episode_value_ests": 12.064474455488954, "episode_values": 3.043026397336371, "episode_td_err": 20.925203903551736, "episode_avg_len": 12.563791695458258, "episode_std_avg_len": 2.124922180477766, "step_rewards": -0.1840748435044798, "step_value_ests": 12.036756952509732, "step_values": 3.1323283411207967, "step_td_err": 20.142772105803935}