{"dim0": -1.0, "dim1": 1.0, "scale": 15, "episode_rewards": -4.544325460552466, "episode_std_rewards": 0.3775371597358919, "episode_value_ests": 11.90406958850628, "episode_values": 2.0615473585765365, "episode_td_err": 30.079754297916107, "episode_avg_len": 10.524363291938538, "episode_std_avg_len": 1.2556695209717041, "step_rewards": -0.4317910104864332, "step_value_ests": 11.84278459401954, "step_values": 2.0926761153133313, "step_td_err": 29.625137213460118}