{"dim0": -1.0, "dim1": -0.7333333333333333, "episode_rewards": 4.135559804179555, "episode_std_rewards": 0.30184181613817734, "episode_value_ests": 10.714966777209298, "episode_values": 3.2181233311805286, "episode_td_err": 2.8007305756860714, "episode_avg_len": 20.96760666736555, "episode_std_avg_len": 8.406955711546653, "step_rewards": 0.19723566307719, "step_value_ests": 11.357001757695262, "step_values": 3.2779871693005465, "step_td_err": 2.8147834646486136}