{"dim0": -1.0, "dim1": 0.6, "scale": 15, "episode_rewards": 0.6286368796060623, "episode_std_rewards": 0.20628529520807812, "episode_value_ests": 15.411272414793382, "episode_values": 4.8867374254573, "episode_td_err": 6.513874771408918, "episode_avg_len": 26.35590986954803, "episode_std_avg_len": 7.6336226619885625, "step_rewards": 0.02385183750883887, "step_value_ests": 15.860919181618458, "step_values": 5.228979166606466, "step_td_err": 5.934313088827176}