{"dim0": -1.0, "dim1": -0.26666666666666666, "scale": 15, "episode_rewards": -40.62065647007631, "episode_std_rewards": 0.1665144212528548, "episode_value_ests": 25.70944244392951, "episode_values": -14.46760452077601, "episode_td_err": 22.5221493681521, "episode_avg_len": 29.21220972688769, "episode_std_avg_len": 1.6197021250769243, "step_rewards": -1.3905369312985585, "step_value_ests": 25.713386153096764, "step_values": -14.4560167848683, "step_td_err": 22.5116219785155}