{"dim0": -1.0, "dim1": 0.06666666666666667, "scale": 15, "episode_rewards": -32.44478228024551, "episode_std_rewards": 0.2179014269514104, "episode_value_ests": 25.74133187825737, "episode_values": -10.66481623940679, "episode_td_err": 21.196946910606364, "episode_avg_len": 29.923847995212448, "episode_std_avg_len": 2.291654734626348, "step_rewards": -1.0842449903313367, "step_value_ests": 25.746395578914186, "step_values": -10.51211982780581, "step_td_err": 21.14700668467776}