{"dim0": -0.13333333333333333, "dim1": -0.4666666666666667, "scale": 15, "episode_rewards": 16.027540252624853, "episode_std_rewards": 0.24277521344059294, "episode_value_ests": 18.86375996671156, "episode_values": 9.285029430123663, "episode_td_err": 2.9846126201094774, "episode_avg_len": 34.07221938340998, "episode_std_avg_len": 4.609044801716879, "step_rewards": 0.4703990682928269, "step_value_ests": 18.843348957050026, "step_values": 9.480419042538955, "step_td_err": 2.820358638115312}