{"dim0": -0.13333333333333333, "dim1": -0.4, "scale": 15, "episode_rewards": 17.972570482299005, "episode_std_rewards": 0.24231933286891918, "episode_value_ests": 18.91525573525075, "episode_values": 10.145312865942794, "episode_td_err": 2.8282830322346477, "episode_avg_len": 34.27952013710369, "episode_std_avg_len": 4.537024733091742, "step_rewards": 0.5242946928783213, "step_value_ests": 18.906649627476373, "step_values": 10.364842904272157, "step_td_err": 2.704242046358134}