{"dim0": -0.13333333333333333, "dim1": -1.0, "episode_rewards": 6.188832782418918, "episode_std_rewards": 0.7413962597654206, "episode_value_ests": 11.223114776823094, "episode_values": 3.9955771110129743, "episode_td_err": 6.892856071560615, "episode_avg_len": 8.604129920412992, "episode_std_avg_len": 2.7251779975661403, "step_rewards": 0.7192863008421261, "step_value_ests": 10.966984625939, "step_values": 3.5720049389872384, "step_td_err": 6.733438877057953}