{"dim0": -0.13333333333333333, "dim1": 0.4666666666666667, "scale": 15, "episode_rewards": 25.641545697987496, "episode_std_rewards": 0.22380463950245963, "episode_value_ests": 16.76940136338474, "episode_values": 11.634603564590325, "episode_td_err": 7.943945494051053, "episode_avg_len": 38.669050840904696, "episode_std_avg_len": 14.241512813945558, "step_rewards": 0.6631025365345531, "step_value_ests": 16.774328986063555, "step_values": 12.203924750232801, "step_td_err": 7.90858082946854}