{"dim0": -0.13333333333333333, "dim1": -0.7333333333333333, "episode_rewards": 9.27119834536436, "episode_std_rewards": 0.6805210034293723, "episode_value_ests": 11.252440606746232, "episode_values": 5.7362532660719525, "episode_td_err": 4.709517367896846, "episode_avg_len": 10.713949003642597, "episode_std_avg_len": 4.1637296906452566, "step_rewards": 0.8653390399947095, "step_value_ests": 11.02944693113299, "step_values": 5.304634387716381, "step_td_err": 4.652559578649719}