{"dim0": -0.13333333333333333, "dim1": 0.26666666666666666, "scale": 15, "episode_rewards": 28.96838415924318, "episode_std_rewards": 0.20922719583092242, "episode_value_ests": 19.822703322065035, "episode_values": 15.114842098128053, "episode_td_err": 3.606772484339416, "episode_avg_len": 39.401694247438925, "episode_std_avg_len": 5.548090944313506, "step_rewards": 0.7352065618631639, "step_value_ests": 19.826612359242798, "step_values": 15.19538772861987, "step_td_err": 3.6390473725478163}