{"dim0": -0.13333333333333333, "dim1": 0.7333333333333333, "scale": 15, "episode_rewards": 15.654390250042661, "episode_std_rewards": 0.2556014506700091, "episode_value_ests": 13.477374356730484, "episode_values": 7.939918371447019, "episode_td_err": 10.166758660683927, "episode_avg_len": 14.625886654478975, "episode_std_avg_len": 2.84744391131826, "step_rewards": 1.070320768912066, "step_value_ests": 13.552801646533858, "step_values": 8.022765442677914, "step_td_err": 9.840365999582119}