{"dim0": -0.13333333333333333, "dim1": 0.13333333333333333, "scale": 15, "episode_rewards": 28.349706738906754, "episode_std_rewards": 0.20888242449287037, "episode_value_ests": 19.85858600030209, "episode_values": 15.14157777757625, "episode_td_err": 2.8067637686586875, "episode_avg_len": 37.11150278293135, "episode_std_avg_len": 4.624408638470233, "step_rewards": 0.7639061911539081, "step_value_ests": 19.87766433225828, "step_values": 15.292298190966699, "step_td_err": 2.7901951589474603}