{"dim0": -0.13333333333333333, "dim1": -0.3333333333333333, "scale": 15, "episode_rewards": 19.823048687714266, "episode_std_rewards": 0.24186879177695755, "episode_value_ests": 19.046480652335415, "episode_values": 10.998362466699414, "episode_td_err": 2.7536520305501644, "episode_avg_len": 34.485, "episode_std_avg_len": 4.592060145436942, "step_rewards": 0.5748310479255986, "step_value_ests": 19.038698095076562, "step_values": 11.224430161050478, "step_td_err": 2.62753068582458}