{"dim0": -0.13333333333333333, "dim1": 0.2, "scale": 15, "episode_rewards": 28.71293163853527, "episode_std_rewards": 0.2091495016318805, "episode_value_ests": 19.850143430554194, "episode_values": 15.199356757237654, "episode_td_err": 3.076381349240527, "episode_avg_len": 37.974938295044616, "episode_std_avg_len": 4.832109940110448, "step_rewards": 0.7561021275518977, "step_value_ests": 19.867937807578294, "step_values": 15.313514029936567, "step_td_err": 3.072348715819118}