{"dim0": -0.13333333333333333, "dim1": -0.6666666666666666, "scale": 15, "episode_rewards": 9.955728179654415, "episode_std_rewards": 0.2636794442214272, "episode_value_ests": 18.55577121085033, "episode_values": 6.603846077474976, "episode_td_err": 3.392586450900375, "episode_avg_len": 33.26509230001663, "episode_std_avg_len": 4.645551419546125, "step_rewards": 0.2992845499980602, "step_value_ests": 18.51993329739841, "step_values": 6.776826679817896, "step_td_err": 3.163320296694185}