{"dim0": -0.13333333333333333, "dim1": 0.8, "scale": 15, "episode_rewards": 14.304253118786399, "episode_std_rewards": 0.2571568456669315, "episode_value_ests": 12.979816862497199, "episode_values": 7.475697228626456, "episode_td_err": 12.37677173613988, "episode_avg_len": 12.935066614926917, "episode_std_avg_len": 2.054817365855858, "step_rewards": 1.1058507501058754, "step_value_ests": 13.024709338344838, "step_values": 7.534285311923647, "step_td_err": 12.029470906116925}