{"dim0": -0.13333333333333333, "dim1": -0.4, "episode_rewards": 12.634116273008644, "episode_std_rewards": 0.6054362713275138, "episode_value_ests": 11.697603722924466, "episode_values": 7.217899698080088, "episode_td_err": 3.7049549815762397, "episode_avg_len": 19.867885169365252, "episode_std_avg_len": 11.66055059499039, "step_rewards": 0.6359064472795262, "step_value_ests": 11.87921612416051, "step_values": 6.702149629244117, "step_td_err": 4.192197060958666}