{"dim0": -0.13333333333333333, "dim1": 0.0, "episode_rewards": 10.366933498362403, "episode_std_rewards": 0.31670470197214684, "episode_value_ests": 15.501751137575607, "episode_values": 4.424023294518834, "episode_td_err": 8.653016771411293, "episode_avg_len": 43.59219703574542, "episode_std_avg_len": 12.199589805568207, "step_rewards": 0.23781626537110667, "step_value_ests": 15.55423532155828, "step_values": 4.154751046956486, "step_td_err": 8.62374128362794}