{"dim0": -0.13333333333333333, "dim1": -0.26666666666666666, "scale": 15, "episode_rewards": 21.470593087166588, "episode_std_rewards": 0.23007497112577047, "episode_value_ests": 19.182846332710813, "episode_values": 11.802985915370346, "episode_td_err": 2.6650944119734503, "episode_avg_len": 34.70813812250564, "episode_std_avg_len": 4.439914245577066, "step_rewards": 0.6186040003466654, "step_value_ests": 19.184383736518825, "step_values": 12.026368364725267, "step_td_err": 2.5697594783656212}