{"dim0": -0.13333333333333333, "dim1": 0.6, "scale": 15, "episode_rewards": 18.915493301323227, "episode_std_rewards": 0.25550810676476243, "episode_value_ests": 14.790109860669027, "episode_values": 8.95012351391289, "episode_td_err": 8.043331693137313, "episode_avg_len": 21.473164448261056, "episode_std_avg_len": 6.493963665999901, "step_rewards": 0.8808898822015516, "step_value_ests": 14.931361102656929, "step_values": 9.132635950551894, "step_td_err": 7.994080000893334}