{"dim0": -0.13333333333333333, "dim1": 0.6666666666666666, "scale": 15, "episode_rewards": 17.103289801661408, "episode_std_rewards": 0.2538121541783061, "episode_value_ests": 14.039392188863916, "episode_values": 8.361935106833283, "episode_td_err": 8.706095803271698, "episode_avg_len": 17.28229499697572, "episode_std_avg_len": 4.143965266884415, "step_rewards": 0.9896422786819901, "step_value_ests": 14.165901352902454, "step_values": 8.463203390727214, "step_td_err": 8.484632961433366}