{"dim0": -0.13333333333333333, "dim1": -0.8666666666666667, "scale": 15, "episode_rewards": 3.390772418557937, "episode_std_rewards": 0.28274090780712935, "episode_value_ests": 18.227495409530693, "episode_values": 3.7033022529777075, "episode_td_err": 3.9800110790189547, "episode_avg_len": 32.686713515280275, "episode_std_avg_len": 4.871857371564046, "step_rewards": 0.10373549537101154, "step_value_ests": 18.172517573993197, "step_values": 3.85166433725443, "step_td_err": 3.6608882552827446}