{"dim0": -0.13333333333333333, "dim1": 0.8666666666666667, "scale": 15, "episode_rewards": 12.9423728374186, "episode_std_rewards": 0.26118663143952314, "episode_value_ests": 12.512305860752543, "episode_values": 6.970440347521495, "episode_td_err": 15.366102894180962, "episode_avg_len": 11.740314627846912, "episode_std_avg_len": 1.5187478297184178, "step_rewards": 1.102387222802404, "step_value_ests": 12.535354376508865, "step_values": 7.007145908901002, "step_td_err": 15.039633626515759}