{"dim0": -0.13333333333333333, "dim1": 0.2, "episode_rewards": 14.501710317229087, "episode_std_rewards": 0.21197922875308634, "episode_value_ests": 16.357602859545526, "episode_values": 7.089030443594317, "episode_td_err": 8.704529606287565, "episode_avg_len": 42.94631737169852, "episode_std_avg_len": 8.611787859185434, "step_rewards": 0.33767063638349737, "step_value_ests": 16.341312408541665, "step_values": 7.315912202891029, "step_td_err": 8.474491062188768}