{"dim0": -0.13333333333333333, "dim1": -0.06666666666666667, "episode_rewards": 10.20612933920324, "episode_std_rewards": 0.38091979348609745, "episode_value_ests": 14.90848982041178, "episode_values": 4.3406345340291015, "episode_td_err": 8.056324935945986, "episode_avg_len": 42.786524064171125, "episode_std_avg_len": 14.363016612349934, "step_rewards": 0.23853607093429963, "step_value_ests": 15.067654981047147, "step_values": 3.854909312078084, "step_td_err": 8.260518423863163}