{"dim0": -0.13333333333333333, "dim1": 0.06666666666666667, "scale": 15, "episode_rewards": 27.7455435004482, "episode_std_rewards": 0.21289882607893418, "episode_value_ests": 19.804818550765408, "episode_values": 14.798172606694541, "episode_td_err": 2.694551706251798, "episode_avg_len": 36.71383994126285, "episode_std_avg_len": 4.493078305096869, "step_rewards": 0.7557243683808966, "step_value_ests": 19.832493649263196, "step_values": 14.980157441109325, "step_td_err": 2.668158300405879}