{"dim0": -0.13333333333333333, "dim1": -0.06666666666666667, "scale": 15, "episode_rewards": 25.705145905282258, "episode_std_rewards": 0.22428499275670466, "episode_value_ests": 19.564475274297635, "episode_values": 13.810366578759567, "episode_td_err": 2.603945920167864, "episode_avg_len": 35.73079671311183, "episode_std_avg_len": 4.354866743396834, "step_rewards": 0.7194114956818038, "step_value_ests": 19.582152283226517, "step_values": 14.012147563064248, "step_td_err": 2.5509698635292737}