{"dim0": -0.13333333333333333, "dim1": 1.0, "scale": 15, "episode_rewards": 10.413748786317498, "episode_std_rewards": 0.26385639459004384, "episode_value_ests": 11.823373846489224, "episode_values": 6.009126101829096, "episode_td_err": 22.096199763044, "episode_avg_len": 10.349927551231628, "episode_std_avg_len": 0.9140169172358693, "step_rewards": 1.0061663460705361, "step_value_ests": 11.802793058210884, "step_values": 6.021100116891419, "step_td_err": 21.908985971196106}