{"dim0": -0.13333333333333333, "dim1": -0.6, "scale": 15, "episode_rewards": 11.904619294465862, "episode_std_rewards": 0.26168838207708656, "episode_value_ests": 18.66811789663352, "episode_values": 7.426859070219605, "episode_td_err": 3.250143919214473, "episode_avg_len": 33.51575067024129, "episode_std_avg_len": 4.759999342378447, "step_rewards": 0.35519476832234587, "step_value_ests": 18.636338570269753, "step_values": 7.6253488890829, "step_td_err": 3.0459243514078698}