{"dim0": -0.13333333333333333, "dim1": 0.9333333333333333, "scale": 15, "episode_rewards": 11.6665562361517, "episode_std_rewards": 0.2590199337110452, "episode_value_ests": 12.112575991648217, "episode_values": 6.492703999304742, "episode_td_err": 18.67578210033856, "episode_avg_len": 10.924190288928942, "episode_std_avg_len": 1.1407280001674915, "step_rewards": 1.0679561530500898, "step_value_ests": 12.11362457609337, "step_values": 6.513542969881488, "step_td_err": 18.408668768743656}