{"dim0": -0.13333333333333333, "dim1": 0.4, "scale": 15, "episode_rewards": 28.410926410086553, "episode_std_rewards": 0.20865341009519164, "episode_value_ests": 18.29535587009766, "episode_values": 13.56979959684247, "episode_td_err": 6.278808000056416, "episode_avg_len": 42.7127909459748, "episode_std_avg_len": 12.271892227663665, "step_rewards": 0.6651620224494826, "step_value_ests": 18.216393434820613, "step_values": 13.85011259957237, "step_td_err": 6.328694400818491}