{"dim0": -0.13333333333333333, "dim1": 0.3333333333333333, "scale": 15, "episode_rewards": 28.97875244736392, "episode_std_rewards": 0.2090354390779647, "episode_value_ests": 19.37310328500835, "episode_values": 14.606080453356299, "episode_td_err": 4.558712806297458, "episode_avg_len": 41.377120397186594, "episode_std_avg_len": 8.097736515903366, "step_rewards": 0.7003569163148992, "step_value_ests": 19.319298921158175, "step_values": 14.641565290426836, "step_td_err": 4.657836750472849}