{"dim0": -0.13333333333333333, "dim1": 0.0, "scale": 15, "episode_rewards": 26.742099416709024, "episode_std_rewards": 0.21976292419666418, "episode_value_ests": 19.686945133942373, "episode_values": 14.341338276723373, "episode_td_err": 2.627231637293025, "episode_avg_len": 36.10523465703971, "episode_std_avg_len": 4.423469736725129, "step_rewards": 0.7406709766805217, "step_value_ests": 19.711611914782985, "step_values": 14.544018831170161, "step_td_err": 2.5828011599804164}