{"dim0": -0.13333333333333333, "dim1": -0.8, "episode_rewards": 8.591739413340209, "episode_std_rewards": 0.6883309905502228, "episode_value_ests": 11.270797242616943, "episode_values": 5.3793886636082915, "episode_td_err": 5.136318242779404, "episode_avg_len": 9.977152549136985, "episode_std_avg_len": 3.7136715892802465, "step_rewards": 0.8611414299847893, "step_value_ests": 11.038231883841002, "step_values": 4.976533035663026, "step_td_err": 5.030999452548952}