{"dim0": -0.13333333333333333, "dim1": -0.5333333333333333, "scale": 15, "episode_rewards": 14.023847728169814, "episode_std_rewards": 0.2555189794979162, "episode_value_ests": 18.775155337886474, "episode_values": 8.430736657801468, "episode_td_err": 3.0825432863150155, "episode_avg_len": 33.73254637436762, "episode_std_avg_len": 4.620027860120312, "step_rewards": 0.4157364099505434, "step_value_ests": 18.74900983390699, "step_values": 8.640363975634832, "step_td_err": 2.922266067229546}