{"dim0": -0.13333333333333333, "dim1": -0.6, "episode_rewards": 10.755822398318276, "episode_std_rewards": 0.6511523573791477, "episode_value_ests": 11.327322645935666, "episode_values": 6.495820457958726, "episode_td_err": 4.02757791369393, "episode_avg_len": 12.821153846153846, "episode_std_avg_len": 6.075565918722438, "step_rewards": 0.8389122014587526, "step_value_ests": 11.18717648108541, "step_values": 6.173021639475313, "step_td_err": 4.026938600212553}