{"dim0": -0.13333333333333333, "dim1": 0.5333333333333333, "scale": 15, "episode_rewards": 21.602208090451892, "episode_std_rewards": 0.24672265414553465, "episode_value_ests": 15.591072109482019, "episode_values": 9.845835826001457, "episode_td_err": 8.157892275791463, "episode_avg_len": 28.634984254222733, "episode_std_avg_len": 10.640840424901617, "step_rewards": 0.7543991607841121, "step_value_ests": 15.692197313251148, "step_values": 10.289673331683055, "step_td_err": 8.224401482932876}