{"dim0": -0.13333333333333333, "dim1": -0.2, "scale": 15, "episode_rewards": 22.901906263946632, "episode_std_rewards": 0.22771680439297196, "episode_value_ests": 19.340797847319095, "episode_values": 12.461241429587924, "episode_td_err": 2.631420519024872, "episode_avg_len": 35.09070175438597, "episode_std_avg_len": 4.390702041794852, "step_rewards": 0.6526488533699426, "step_value_ests": 19.351633685900833, "step_values": 12.676509437796582, "step_td_err": 2.5633368792119855}