{"dim0": -0.13333333333333333, "dim1": 0.13333333333333333, "episode_rewards": 13.165062673084886, "episode_std_rewards": 0.23903191416489317, "episode_value_ests": 16.16861925834045, "episode_values": 6.144198016217328, "episode_td_err": 8.818928322675422, "episode_avg_len": 43.56893922892616, "episode_std_avg_len": 10.611143630291705, "step_rewards": 0.3021662428803035, "step_value_ests": 16.1578754357479, "step_values": 6.303252036447203, "step_td_err": 8.571313852668494}