{"dim0": -0.13333333333333333, "dim1": -0.7333333333333333, "scale": 15, "episode_rewards": 7.652099980818834, "episode_std_rewards": 0.27114700249333035, "episode_value_ests": 18.469625314922865, "episode_values": 5.570616832989991, "episode_td_err": 3.586654880648132, "episode_avg_len": 33.09530112508273, "episode_std_avg_len": 4.81121268121908, "step_rewards": 0.23121409144754249, "step_value_ests": 18.4252570442295, "step_values": 5.7445953613436105, "step_td_err": 3.325944880829396}