{"dim0": -0.2, "dim1": -0.26666666666666666, "scale": 15, "episode_rewards": 15.843189714933565, "episode_std_rewards": 0.2485200472589026, "episode_value_ests": 20.044014619326557, "episode_values": 9.76669637149037, "episode_td_err": 3.4961403200002894, "episode_avg_len": 33.65903736115786, "episode_std_avg_len": 3.5202259672645266, "step_rewards": 0.4706964594660816, "step_value_ests": 20.05185197295934, "step_values": 9.989357480920805, "step_td_err": 3.438179626093545}