{"dim0": -0.2, "dim1": -0.2, "scale": 15, "episode_rewards": 17.350698202958334, "episode_std_rewards": 0.2454221983165109, "episode_value_ests": 20.162214652782346, "episode_values": 10.46369191204793, "episode_td_err": 3.47835575672159, "episode_avg_len": 33.916228590808885, "episode_std_avg_len": 3.62088923998297, "step_rewards": 0.5115751050121262, "step_value_ests": 20.17114856077865, "step_values": 10.709537172511107, "step_td_err": 3.4144688212448115}