{"dim0": -0.2, "dim1": -0.13333333333333333, "episode_rewards": 8.407247826828574, "episode_std_rewards": 0.30867857453483444, "episode_value_ests": 15.377122955253862, "episode_values": 3.501853014859188, "episode_td_err": 8.666681583957251, "episode_avg_len": 43.72649759510276, "episode_std_avg_len": 12.641337792460668, "step_rewards": 0.19226895107579256, "step_value_ests": 15.447372554481582, "step_values": 3.1865829577467815, "step_td_err": 8.67726426600219}