{"dim0": -0.2, "dim1": -0.3333333333333333, "episode_rewards": 12.001178904428953, "episode_std_rewards": 0.4730352626100605, "episode_value_ests": 12.68210547997808, "episode_values": 6.268102369216991, "episode_td_err": 5.092831815879891, "episode_avg_len": 32.04758852747957, "episode_std_avg_len": 15.201793140755928, "step_rewards": 0.3744799361155803, "step_value_ests": 13.238380020615127, "step_values": 5.548068451562091, "step_td_err": 5.953289061826457}