{"dim0": -0.2, "dim1": -0.8666666666666667, "scale": 15, "episode_rewards": -2.1426588993040054, "episode_std_rewards": 0.29111163305077314, "episode_value_ests": 19.170207574459834, "episode_values": 1.6357652736689898, "episode_td_err": 4.788713218301962, "episode_avg_len": 32.434084644073295, "episode_std_avg_len": 3.940389194362791, "step_rewards": -0.06606195065522022, "step_value_ests": 19.139876343146394, "step_values": 1.7779953202252037, "step_td_err": 4.606836731070934}