{"dim0": -0.2, "dim1": 0.2, "episode_rewards": 12.797696254354257, "episode_std_rewards": 0.1941504181212536, "episode_value_ests": 16.75127840533297, "episode_values": 6.53079830120136, "episode_td_err": 9.145715098085, "episode_avg_len": 41.18509367922586, "episode_std_avg_len": 7.627613122068921, "step_rewards": 0.31073612103520676, "step_value_ests": 16.737484815498316, "step_values": 6.792171801549889, "step_td_err": 8.920438754390078}