{"dim0": -0.2, "dim1": -0.9333333333333333, "scale": 15, "episode_rewards": -4.329050900802736, "episode_std_rewards": 0.3027623522481093, "episode_value_ests": 19.080903623828487, "episode_values": 0.6822488433831374, "episode_td_err": 5.062999663724903, "episode_avg_len": 32.360944830933505, "episode_std_avg_len": 4.174748864684962, "step_rewards": -0.13377393408688856, "step_value_ests": 19.048883057510814, "step_values": 0.8159546638757719, "step_td_err": 4.796025911801036}