{"dim0": -0.2, "dim1": 0.8666666666666667, "scale": 15, "episode_rewards": 12.899338876046922, "episode_std_rewards": 0.2691563969770915, "episode_value_ests": 12.379859167550315, "episode_values": 7.109450366214729, "episode_td_err": 14.962932857526331, "episode_avg_len": 11.756245224240287, "episode_std_avg_len": 1.5870691577332081, "step_rewards": 1.097232886011061, "step_value_ests": 12.393936383090287, "step_values": 7.15570955212244, "step_td_err": 14.63342974608178}