{"dim0": -0.2, "dim1": -0.8, "scale": 15, "episode_rewards": 0.25252790990501417, "episode_std_rewards": 0.2870923799244707, "episode_value_ests": 19.284745499667398, "episode_values": 2.700188660511659, "episode_td_err": 4.543795781432474, "episode_avg_len": 32.65632653061225, "episode_std_avg_len": 3.7904620868903662, "step_rewards": 0.007732893951445915, "step_value_ests": 19.266317406346943, "step_values": 2.8612909811487883, "step_td_err": 4.387816128313927}