{"dim0": -0.2, "dim1": 0.6666666666666666, "episode_rewards": 16.36598497453899, "episode_std_rewards": 0.186035377198193, "episode_value_ests": 16.873808884024644, "episode_values": 9.409763680765051, "episode_td_err": 8.599671024289849, "episode_avg_len": 39.39090192989366, "episode_std_avg_len": 5.250650472075407, "step_rewards": 0.415476269207202, "step_value_ests": 16.87189341333289, "step_values": 9.710822044511936, "step_td_err": 8.4612545747996}