{"dim0": -0.2, "dim1": 0.6666666666666666, "scale": 15, "episode_rewards": 17.245881164094495, "episode_std_rewards": 0.24812024154755036, "episode_value_ests": 13.762860786897203, "episode_values": 8.497213647489044, "episode_td_err": 8.369770663150765, "episode_avg_len": 17.77330489647205, "episode_std_avg_len": 4.340099245219836, "step_rewards": 0.9703249488235445, "step_value_ests": 13.92842655477269, "step_values": 8.611317635990414, "step_td_err": 8.118374956875389}