{"dim0": -0.2, "dim1": 0.4, "scale": 15, "episode_rewards": 26.225518775011224, "episode_std_rewards": 0.2065029182945221, "episode_value_ests": 18.96791619786916, "episode_values": 13.188880083653128, "episode_td_err": 6.244991985002747, "episode_avg_len": 41.390728476821195, "episode_std_avg_len": 10.222587968187643, "step_rewards": 0.6336085336042712, "step_value_ests": 18.89445368558243, "step_values": 13.408426019249358, "step_td_err": 6.390361945067049}