{"dim0": -0.2, "dim1": 0.6, "episode_rewards": 15.888381586106835, "episode_std_rewards": 0.1874688269267282, "episode_value_ests": 16.876665839179772, "episode_values": 8.998264402697457, "episode_td_err": 8.720913810410583, "episode_avg_len": 39.475823958950066, "episode_std_avg_len": 5.351873274828787, "step_rewards": 0.40248384942208604, "step_value_ests": 16.874317382991883, "step_values": 9.305527077813736, "step_td_err": 8.576456423362908}