{"dim0": -0.2, "dim1": 0.5333333333333333, "episode_rewards": 15.697362969957162, "episode_std_rewards": 0.18658900707264464, "episode_value_ests": 16.870145769140972, "episode_values": 8.700616800291995, "episode_td_err": 8.798267865993052, "episode_avg_len": 39.71743447180302, "episode_std_avg_len": 5.698105764522854, "step_rewards": 0.3952260053730646, "step_value_ests": 16.867317711645956, "step_values": 9.022291407195159, "step_td_err": 8.640155711253126}