{"dim0": -0.2, "dim1": -0.6, "episode_rewards": 10.49990614867785, "episode_std_rewards": 0.5733892071568, "episode_value_ests": 11.073345072333316, "episode_values": 6.134265851805759, "episode_td_err": 3.8589610335650195, "episode_avg_len": 15.487532910020134, "episode_std_avg_len": 7.332880695236842, "step_rewards": 0.677958601262091, "step_value_ests": 11.097708894840173, "step_values": 5.921691694406634, "step_td_err": 3.8902018844036443}