{"dim0": -0.2, "dim1": 0.8, "scale": 15, "episode_rewards": 14.33930496862215, "episode_std_rewards": 0.2561472145896174, "episode_value_ests": 12.753969236899746, "episode_values": 7.639992015399956, "episode_td_err": 12.186059030134267, "episode_avg_len": 13.005982572506177, "episode_std_avg_len": 2.137846928967985, "step_rewards": 1.1025160835548504, "step_value_ests": 12.79204202341269, "step_values": 7.717199703775576, "step_td_err": 11.815746933164183}