{"dim0": -0.2, "dim1": 0.5333333333333333, "scale": 15, "episode_rewards": 21.741633647305832, "episode_std_rewards": 0.2392936480671804, "episode_value_ests": 15.67932491895428, "episode_values": 10.129413815742796, "episode_td_err": 7.932447223309223, "episode_avg_len": 29.963001797483525, "episode_std_avg_len": 10.670972855847326, "step_rewards": 0.7256160045063251, "step_value_ests": 15.882706570365949, "step_values": 10.587000478484374, "step_td_err": 8.029868049891162}