{"dim0": -0.2, "dim1": -0.4, "episode_rewards": 12.324710454145894, "episode_std_rewards": 0.5013649139891605, "episode_value_ests": 11.962558678745504, "episode_values": 6.765113791360401, "episode_td_err": 4.200213329352302, "episode_avg_len": 26.607822269522416, "episode_std_avg_len": 14.232863825363884, "step_rewards": 0.46319876648691666, "step_value_ests": 12.428150443047516, "step_values": 6.130318950396077, "step_td_err": 4.965327806214467}