{"dim0": -0.2, "dim1": 0.0, "episode_rewards": 9.762474788921, "episode_std_rewards": 0.2183456119326559, "episode_value_ests": 16.32980380793494, "episode_values": 4.504175751885008, "episode_td_err": 9.314839601440601, "episode_avg_len": 43.27190136275146, "episode_std_avg_len": 9.91184614079983, "step_rewards": 0.2256077149714655, "step_value_ests": 16.310694074674508, "step_values": 4.585970437547201, "step_td_err": 9.080811194107001}