{"dim0": -0.2, "dim1": 0.8, "episode_rewards": 17.585889225566056, "episode_std_rewards": 0.18360502489773223, "episode_value_ests": 16.851469205454084, "episode_values": 10.481863784422341, "episode_td_err": 8.265461114578242, "episode_avg_len": 39.42274339771384, "episode_std_avg_len": 4.905135054593753, "step_rewards": 0.4460848664983036, "step_value_ests": 16.850268363873973, "step_values": 10.76591082448177, "step_td_err": 8.14085488052517}