{"dim0": -0.2, "dim1": -0.4666666666666667, "episode_rewards": 12.14240631395114, "episode_std_rewards": 0.5190626509079812, "episode_value_ests": 11.504125853707993, "episode_values": 6.894422976093507, "episode_td_err": 3.7879344240726267, "episode_avg_len": 21.340802390098165, "episode_std_avg_len": 11.63852839813625, "step_rewards": 0.5689760905890328, "step_value_ests": 11.791004432517267, "step_values": 6.646297613915427, "step_td_err": 4.188884725481284}