{"dim0": -0.2, "dim1": -0.13333333333333333, "scale": 15, "episode_rewards": 18.98036590151912, "episode_std_rewards": 0.2417759438242077, "episode_value_ests": 20.27874411871281, "episode_values": 11.232128929033884, "episode_td_err": 3.327780540222903, "episode_avg_len": 34.06198910081744, "episode_std_avg_len": 3.5557892113302416, "step_rewards": 0.5572301090620577, "step_value_ests": 20.288646184350224, "step_values": 11.470548665795542, "step_td_err": 3.288074938945222}