{"dim0": -0.2, "dim1": 0.26666666666666666, "scale": 15, "episode_rewards": 24.82244714153235, "episode_std_rewards": 0.22118578249911952, "episode_value_ests": 20.429354485530634, "episode_values": 13.892027060662315, "episode_td_err": 4.119428900966615, "episode_avg_len": 37.490346766635426, "episode_std_avg_len": 4.815728153581756, "step_rewards": 0.6621023618704726, "step_value_ests": 20.428359733226532, "step_values": 14.032421474042241, "step_td_err": 4.133834089426737}