{"dim0": -0.2, "dim1": 0.0, "scale": 15, "episode_rewards": 21.287439909606828, "episode_std_rewards": 0.2363565409848439, "episode_value_ests": 20.47563909190486, "episode_values": 12.404167489283447, "episode_td_err": 3.4541471085443813, "episode_avg_len": 34.69453599306158, "episode_std_avg_len": 3.732584954091613, "step_rewards": 0.6135675056690201, "step_value_ests": 20.48899061884678, "step_values": 12.65029067829644, "step_td_err": 3.4076123517813772}