{"dim0": -0.2, "dim1": -0.4666666666666667, "scale": 15, "episode_rewards": 10.61036470700113, "episode_std_rewards": 0.2597739452249275, "episode_value_ests": 19.74034619688157, "episode_values": 7.299920209823635, "episode_td_err": 3.7426202847933725, "episode_avg_len": 33.15964854111406, "episode_std_avg_len": 3.6759320633414303, "step_rewards": 0.31997820163399887, "step_value_ests": 19.737099052447288, "step_values": 7.51299494739979, "step_td_err": 3.655111021355668}