{"dim0": -0.2, "dim1": 0.06666666666666667, "scale": 15, "episode_rewards": 22.23127310868168, "episode_std_rewards": 0.23425823698186243, "episode_value_ests": 20.593965633215433, "episode_values": 12.941775970363315, "episode_td_err": 3.4765333859185303, "episode_avg_len": 35.06345311130587, "episode_std_avg_len": 3.7533748757225203, "step_rewards": 0.6340297699177102, "step_value_ests": 20.60469229563742, "step_values": 13.173817379440166, "step_td_err": 3.4420721056911288}