{"dim0": -0.2, "dim1": -0.6666666666666666, "scale": 15, "episode_rewards": 4.42340153182137, "episode_std_rewards": 0.27599462696711313, "episode_value_ests": 19.445142235288806, "episode_values": 4.495101178803385, "episode_td_err": 4.203351101958503, "episode_avg_len": 32.76232596232596, "episode_std_avg_len": 3.8289413640191245, "step_rewards": 0.13501488071719714, "step_value_ests": 19.432214101536943, "step_values": 4.68796376078278, "step_td_err": 4.066055772785816}