{"dim0": -0.2, "dim1": 0.8666666666666667, "episode_rewards": 17.861871461045954, "episode_std_rewards": 0.18434701319776386, "episode_value_ests": 16.837198483979556, "episode_values": 10.868681349408565, "episode_td_err": 8.07205774560697, "episode_avg_len": 39.354584809130266, "episode_std_avg_len": 4.73756451639641, "step_rewards": 0.4538701538251777, "step_value_ests": 16.836930887179374, "step_values": 11.152367456035828, "step_td_err": 7.956608910623066}