{"dim0": -0.2, "dim1": 0.4666666666666667, "scale": 15, "episode_rewards": 24.95276852298519, "episode_std_rewards": 0.2229492339668748, "episode_value_ests": 17.309763414369872, "episode_values": 11.804133372390618, "episode_td_err": 7.743502929690591, "episode_avg_len": 38.43658724058417, "episode_std_avg_len": 12.522125489909794, "step_rewards": 0.6491931337920196, "step_value_ests": 17.37184200632891, "step_values": 12.279558718216753, "step_td_err": 7.807297824820171}