{"dim0": -0.2, "dim1": 0.7333333333333333, "scale": 15, "episode_rewards": 15.776838725092555, "episode_std_rewards": 0.24927738276571662, "episode_value_ests": 13.189009609650096, "episode_values": 8.094065246363606, "episode_td_err": 9.811687474748293, "episode_avg_len": 14.836795252225519, "episode_std_avg_len": 2.9515241442519304, "step_rewards": 1.063358930071238, "step_value_ests": 13.271890579025596, "step_values": 8.177152792305133, "step_td_err": 9.467927550470968}