{"dim0": -0.2, "dim1": -0.5333333333333333, "scale": 15, "episode_rewards": 8.697362468206778, "episode_std_rewards": 0.263288766798581, "episode_value_ests": 19.667169044628086, "episode_values": 6.465372432351389, "episode_td_err": 3.8778795700087607, "episode_avg_len": 33.13552021206097, "episode_std_avg_len": 3.586919956699306, "step_rewards": 0.2624785249347325, "step_value_ests": 19.66074369402705, "step_values": 6.67181104520606, "step_td_err": 3.785050846553441}