{"dim0": -0.2, "dim1": -0.06666666666666667, "scale": 15, "episode_rewards": 20.181551094117545, "episode_std_rewards": 0.24105684882590256, "episode_value_ests": 20.411022696637392, "episode_values": 11.859650923668015, "episode_td_err": 3.4148925703861206, "episode_avg_len": 34.39896818572657, "episode_std_avg_len": 3.621052274083429, "step_rewards": 0.5866905944722968, "step_value_ests": 20.42206729651034, "step_values": 12.110146509941346, "step_td_err": 3.368499600209725}