{"dim0": -0.2, "dim1": 0.2, "scale": 15, "episode_rewards": 24.03916521366703, "episode_std_rewards": 0.22807712624293533, "episode_value_ests": 20.55961162938782, "episode_values": 13.734121601178073, "episode_td_err": 3.727246405144846, "episode_avg_len": 36.275661951396444, "episode_std_avg_len": 4.108675010689828, "step_rewards": 0.6626802633092029, "step_value_ests": 20.571042775426886, "step_values": 13.908715700221826, "step_td_err": 3.7205657303531994}