{"dim0": -0.2, "dim1": 0.6, "scale": 15, "episode_rewards": 19.098022447128226, "episode_std_rewards": 0.24605450807989848, "episode_value_ests": 14.549314928217704, "episode_values": 9.073141796532244, "episode_td_err": 7.726065787272393, "episode_avg_len": 22.33169588031707, "episode_std_avg_len": 6.8164464598515035, "step_rewards": 0.855198035540195, "step_value_ests": 14.77542101270943, "step_values": 9.309233280690147, "step_td_err": 7.697771511015138}