{"dim0": -0.2, "dim1": -0.8, "episode_rewards": 8.256537929069157, "episode_std_rewards": 0.6389795889198997, "episode_value_ests": 10.929242384051255, "episode_values": 5.028208986603612, "episode_td_err": 4.881707161696991, "episode_avg_len": 11.383494593056346, "episode_std_avg_len": 4.154788320636705, "step_rewards": 0.7253078447549353, "step_value_ests": 10.738985907238538, "step_values": 4.680062292199165, "step_td_err": 4.779870557762739}