{"dim0": -0.2, "dim1": 0.9333333333333333, "scale": 15, "episode_rewards": 11.544454773625686, "episode_std_rewards": 0.27472557426327426, "episode_value_ests": 12.046240124563317, "episode_values": 6.5978256018008485, "episode_td_err": 18.160401727508244, "episode_avg_len": 10.915084042785418, "episode_std_avg_len": 1.193051600889303, "step_rewards": 1.057660639933988, "step_value_ests": 12.037809923010927, "step_values": 6.6221129077241585, "step_td_err": 17.906357766402774}