{"dim0": -0.26666666666666666, "dim1": 0.4, "scale": 15, "episode_rewards": 23.752502898933802, "episode_std_rewards": 0.21142493702127652, "episode_value_ests": 19.725449716965784, "episode_values": 12.590941217582271, "episode_td_err": 6.686682998968206, "episode_avg_len": 40.9079754601227, "episode_std_avg_len": 10.088530296802407, "step_rewards": 0.5806325693650585, "step_value_ests": 19.640053167418642, "step_values": 12.824551894680116, "step_td_err": 6.834353197346927}