{"dim0": -0.26666666666666666, "dim1": 0.2, "episode_rewards": 11.945241551880247, "episode_std_rewards": 0.19120977352372462, "episode_value_ests": 16.887197366521814, "episode_values": 6.467354994376242, "episode_td_err": 9.188821701454948, "episode_avg_len": 39.65483743061063, "episode_std_avg_len": 6.348054332457286, "step_rewards": 0.3012303750527898, "step_value_ests": 16.879980398645625, "step_values": 6.7608112413550145, "step_td_err": 8.993110071289548}