{"dim0": -0.26666666666666666, "dim1": -0.4666666666666667, "episode_rewards": 12.399986767176364, "episode_std_rewards": 0.43506055539007177, "episode_value_ests": 11.630365488950046, "episode_values": 6.799606613927613, "episode_td_err": 3.8016190066448425, "episode_avg_len": 25.638636072298425, "episode_std_avg_len": 12.913993324000833, "step_rewards": 0.4836445562942438, "step_value_ests": 12.167744027838255, "step_values": 6.6122449128261245, "step_td_err": 4.337068161676576}