{"dim0": -0.26666666666666666, "dim1": 0.6666666666666666, "episode_rewards": 13.182189921852578, "episode_std_rewards": 0.18397697184239326, "episode_value_ests": 16.96331894948409, "episode_values": 7.834648533903761, "episode_td_err": 9.05717100074209, "episode_avg_len": 38.099809523809526, "episode_std_avg_len": 4.665490324040853, "step_rewards": 0.34599096653264627, "step_value_ests": 16.962615577730137, "step_values": 8.131900797329708, "step_td_err": 8.927435440155826}