{"dim0": -0.26666666666666666, "dim1": 0.13333333333333333, "scale": 15, "episode_rewards": 18.08605356871233, "episode_std_rewards": 0.24746280303570167, "episode_value_ests": 21.411593316319223, "episode_values": 11.414885612665035, "episode_td_err": 4.708066213918601, "episode_avg_len": 34.590799031477, "episode_std_avg_len": 3.569244623013801, "step_rewards": 0.522857351524443, "step_value_ests": 21.42211946140348, "step_values": 11.685473716691805, "step_td_err": 4.645376059037333}