{"dim0": -0.26666666666666666, "dim1": -0.06666666666666667, "scale": 15, "episode_rewards": 14.289269846935467, "episode_std_rewards": 0.26074451919272773, "episode_value_ests": 21.276056990768318, "episode_values": 9.433054933363842, "episode_td_err": 4.717420872206119, "episode_avg_len": 33.47799163179916, "episode_std_avg_len": 3.256531406769671, "step_rewards": 0.42682577868150146, "step_value_ests": 21.27914244066993, "step_values": 9.705934914491293, "step_td_err": 4.656061858625472}