{"dim0": -0.26666666666666666, "dim1": -0.8666666666666667, "scale": 15, "episode_rewards": -7.578428213710966, "episode_std_rewards": 0.29139494838624924, "episode_value_ests": 20.110627039086754, "episode_values": -0.5387456258792287, "episode_td_err": 5.963541635120059, "episode_avg_len": 32.26064516129032, "episode_std_avg_len": 3.33037819753337, "step_rewards": -0.23491248162650982, "step_value_ests": 20.106913872878486, "step_values": -0.36928527067194233, "step_td_err": 5.8684503819115275}