{"dim0": -0.26666666666666666, "dim1": -0.5333333333333333, "scale": 15, "episode_rewards": 2.843392652396306, "episode_std_rewards": 0.27201573735315937, "episode_value_ests": 20.653034470411587, "episode_values": 4.071280649630079, "episode_td_err": 5.170372462103754, "episode_avg_len": 32.545232671656365, "episode_std_avg_len": 3.2492189183127236, "step_rewards": 0.08736740895610853, "step_value_ests": 20.654644657351717, "step_values": 4.299750658483505, "step_td_err": 5.103412955610508}