{"dim0": -0.26666666666666666, "dim1": -0.7333333333333333, "scale": 15, "episode_rewards": -3.1444156349417427, "episode_std_rewards": 0.2850836868851092, "episode_value_ests": 20.36098961148872, "episode_values": 1.4325415907797057, "episode_td_err": 5.584433645216942, "episode_avg_len": 32.354577806535104, "episode_std_avg_len": 3.27586305954193, "step_rewards": -0.0971861123870583, "step_value_ests": 20.36007164782376, "step_values": 1.6269787036473504, "step_td_err": 5.495027771968258}