{"dim0": -0.26666666666666666, "dim1": 0.0, "episode_rewards": 9.87607661181797, "episode_std_rewards": 0.1941652661058191, "episode_value_ests": 16.663306792627743, "episode_values": 4.962672683307196, "episode_td_err": 9.307250798129198, "episode_avg_len": 41.65556018325697, "episode_std_avg_len": 7.880462300987282, "step_rewards": 0.23708903609433532, "step_value_ests": 16.639376491085027, "step_values": 5.168693435335514, "step_td_err": 9.08322933561157}