{"dim0": -0.26666666666666666, "dim1": -0.8, "scale": 15, "episode_rewards": -5.510881321787681, "episode_std_rewards": 0.2897320954356035, "episode_value_ests": 20.20823480375971, "episode_values": 0.3664447284175178, "episode_td_err": 5.797445158845297, "episode_avg_len": 32.28861985472155, "episode_std_avg_len": 3.3969541429811807, "step_rewards": -0.17067565435076434, "step_value_ests": 20.19444071738657, "step_values": 0.5437696516749569, "step_td_err": 5.679894490026008}