{"dim0": -0.26666666666666666, "dim1": 0.8, "scale": 15, "episode_rewards": 14.219259678734389, "episode_std_rewards": 0.25602175017770235, "episode_value_ests": 12.615182259411068, "episode_values": 7.750346892184403, "episode_td_err": 11.79104007158105, "episode_avg_len": 13.143054277828886, "episode_std_avg_len": 2.254616193588044, "step_rewards": 1.081883965336806, "step_value_ests": 12.645690578824308, "step_values": 7.829246376099619, "step_td_err": 11.42502028378105}