{"dim0": -0.26666666666666666, "dim1": -0.8, "episode_rewards": 8.0471156298993, "episode_std_rewards": 0.5694812033189134, "episode_value_ests": 10.656545241067695, "episode_values": 4.776273995251833, "episode_td_err": 4.596779621156883, "episode_avg_len": 12.71051795360661, "episode_std_avg_len": 4.546273117079488, "step_rewards": 0.6331068221823275, "step_value_ests": 10.565097526005692, "step_values": 4.5510437922467, "step_td_err": 4.485418394665948}