{"dim0": -0.26666666666666666, "dim1": -1.0, "scale": 15, "episode_rewards": -12.328302535057812, "episode_std_rewards": 0.3015328274378263, "episode_value_ests": 19.94329823828993, "episode_values": -2.558945453054902, "episode_td_err": 6.431270233100426, "episode_avg_len": 32.20399291579456, "episode_std_avg_len": 3.31428267453239, "step_rewards": -0.38281906741481597, "step_value_ests": 19.934770033188347, "step_values": -2.419426776569975, "step_td_err": 6.316695653492794}