{"dim0": -0.26666666666666666, "dim1": 0.5333333333333333, "scale": 15, "episode_rewards": 21.32230245782061, "episode_std_rewards": 0.2406049206627536, "episode_value_ests": 15.91254344526115, "episode_values": 10.216376488894323, "episode_td_err": 7.701366182171744, "episode_avg_len": 30.583333333333332, "episode_std_avg_len": 10.389623611909421, "step_rewards": 0.697187001345633, "step_value_ests": 16.233454945940878, "step_values": 10.681405240248045, "step_td_err": 7.852561190160527}