{"dim0": -0.26666666666666666, "dim1": 0.4, "episode_rewards": 12.975798251340962, "episode_std_rewards": 0.18637873583885076, "episode_value_ests": 16.94599208187121, "episode_values": 7.327361294366838, "episode_td_err": 9.108443033663402, "episode_avg_len": 38.687040618955514, "episode_std_avg_len": 5.498894415369953, "step_rewards": 0.3354042605415314, "step_value_ests": 16.943094729056437, "step_values": 7.650538307217903, "step_td_err": 8.94446088994762}