{"dim0": -0.26666666666666666, "dim1": 0.9333333333333333, "scale": 15, "episode_rewards": 11.33186573449497, "episode_std_rewards": 0.28179628009701285, "episode_value_ests": 12.028760419317075, "episode_values": 6.711209357850692, "episode_td_err": 17.81840707903419, "episode_avg_len": 10.898588632772055, "episode_std_avg_len": 1.2647963236716064, "step_rewards": 1.039755340468586, "step_value_ests": 12.010885154349356, "step_values": 6.740616373517562, "step_td_err": 17.56408953748923}