{"dim0": -0.26666666666666666, "dim1": -0.6666666666666666, "episode_rewards": 9.828870800239487, "episode_std_rewards": 0.5000550624853252, "episode_value_ests": 10.791283637901753, "episode_values": 5.651453196399428, "episode_td_err": 3.856918059061275, "episode_avg_len": 15.809659315469133, "episode_std_avg_len": 6.655339715302362, "step_rewards": 0.6217003544549705, "step_value_ests": 10.865888556966576, "step_values": 5.573212039165628, "step_td_err": 3.8060523931334087}