{"dim0": -0.26666666666666666, "dim1": 0.6, "scale": 15, "episode_rewards": 18.88842541677664, "episode_std_rewards": 0.24182312808898207, "episode_value_ests": 14.584641102886325, "episode_values": 9.158968552664861, "episode_td_err": 7.399671326365711, "episode_avg_len": 23.050363028696555, "episode_std_avg_len": 7.022141765502448, "step_rewards": 0.8194415590444929, "step_value_ests": 14.880933442030665, "step_values": 9.424009987041394, "step_td_err": 7.385058565855507}