{"dim0": -0.26666666666666666, "dim1": -0.13333333333333333, "episode_rewards": 8.558198587567135, "episode_std_rewards": 0.24466813245336513, "episode_value_ests": 16.017999004815216, "episode_values": 3.8171304921123976, "episode_td_err": 9.049081443963788, "episode_avg_len": 43.31117366825465, "episode_std_avg_len": 10.394240870494922, "step_rewards": 0.19759793750036264, "step_value_ests": 16.007075436596377, "step_values": 3.766331320839507, "step_td_err": 8.883549210667244}