{"dim0": -0.26666666666666666, "dim1": 0.7333333333333333, "scale": 15, "episode_rewards": 15.619968914301317, "episode_std_rewards": 0.2485710510568471, "episode_value_ests": 12.97396829680927, "episode_values": 8.144841016044541, "episode_td_err": 9.609535946629387, "episode_avg_len": 15.093426911176515, "episode_std_avg_len": 3.198585849468033, "step_rewards": 1.0348855171342768, "step_value_ests": 13.069798219009522, "step_values": 8.244132106739892, "step_td_err": 9.239554970052206}