{"dim0": -0.26666666666666666, "dim1": -0.9333333333333333, "episode_rewards": 6.326905491236092, "episode_std_rewards": 0.6275510268061979, "episode_value_ests": 10.611272065677547, "episode_values": 3.8727148694414786, "episode_td_err": 5.54158190718938, "episode_avg_len": 11.06027760880385, "episode_std_avg_len": 3.5592821745850767, "step_rewards": 0.5720385794114201, "step_value_ests": 10.441404375567165, "step_values": 3.520823398887959, "step_td_err": 5.444758925615515}