{"dim0": -0.26666666666666666, "dim1": -0.5333333333333333, "episode_rewards": 11.778085811708463, "episode_std_rewards": 0.4485126995208422, "episode_value_ests": 11.211369724951048, "episode_values": 6.626099144304728, "episode_td_err": 3.5214885060245162, "episode_avg_len": 21.286824180502343, "episode_std_avg_len": 10.377783155880419, "step_rewards": 0.5533040397118795, "step_value_ests": 11.56910880257729, "step_values": 6.628233435902308, "step_td_err": 3.7902071540176636}