{"dim0": -0.26666666666666666, "dim1": 0.6, "episode_rewards": 13.46824561633292, "episode_std_rewards": 0.18384507109245576, "episode_value_ests": 16.960666915928645, "episode_values": 7.907896238539529, "episode_td_err": 9.052424933113638, "episode_avg_len": 38.251290877796905, "episode_std_avg_len": 4.850959093647514, "step_rewards": 0.3520991137099274, "step_value_ests": 16.959638311771208, "step_values": 8.208374623786275, "step_td_err": 8.916049254119825}