{"dim0": -0.26666666666666666, "dim1": 0.8666666666666667, "scale": 15, "episode_rewards": 12.749026140421009, "episode_std_rewards": 0.2710857081858285, "episode_value_ests": 12.29152597045541, "episode_values": 7.231219303579643, "episode_td_err": 14.653497747212805, "episode_avg_len": 11.782444771723123, "episode_std_avg_len": 1.656612021508651, "step_rewards": 1.0820357224179484, "step_value_ests": 12.293552907291582, "step_values": 7.283953096197325, "step_td_err": 14.328560844540537}