{"dim0": -0.26666666666666666, "dim1": 0.6666666666666666, "scale": 15, "episode_rewards": 17.104020722644808, "episode_std_rewards": 0.24211340300059972, "episode_value_ests": 13.550156119187065, "episode_values": 8.558334452216972, "episode_td_err": 8.015053377767101, "episode_avg_len": 18.050902527075813, "episode_std_avg_len": 4.556992593357399, "step_rewards": 0.9475437971585792, "step_value_ests": 13.747341394699806, "step_values": 8.693753125007868, "step_td_err": 7.739638296994679}