{"dim0": -0.26666666666666666, "dim1": 0.8666666666666667, "episode_rewards": 13.268674139711878, "episode_std_rewards": 0.18697014497928718, "episode_value_ests": 16.95660552471468, "episode_values": 8.359500711614142, "episode_td_err": 8.880407422446686, "episode_avg_len": 37.98252943410558, "episode_std_avg_len": 4.391416737499241, "step_rewards": 0.34933624319915785, "step_value_ests": 16.956310635761742, "step_values": 8.658375497940456, "step_td_err": 8.76338855585969}