{"dim0": -0.26666666666666666, "dim1": 1.0, "scale": 15, "episode_rewards": 9.998292832932332, "episode_std_rewards": 0.29165743929352905, "episode_value_ests": 11.775079140207122, "episode_values": 6.184948911035954, "episode_td_err": 21.03061214138932, "episode_avg_len": 10.292183399372203, "episode_std_avg_len": 1.0025691963567847, "step_rewards": 0.971445265301258, "step_value_ests": 11.735716044263418, "step_values": 6.196236263172263, "step_td_err": 20.87661898711316}