{"dim0": -0.26666666666666666, "dim1": -0.2, "scale": 15, "episode_rewards": 11.32236113797387, "episode_std_rewards": 0.26317771655528965, "episode_value_ests": 21.140794505660907, "episode_values": 8.017242921339808, "episode_td_err": 4.821204939826462, "episode_avg_len": 33.05371013055693, "episode_std_avg_len": 3.187511373599859, "step_rewards": 0.3425443344560212, "step_value_ests": 21.141570719836842, "step_values": 8.273647991225843, "step_td_err": 4.760371639312669}