{"dim0": -0.26666666666666666, "dim1": -0.4, "scale": 15, "episode_rewards": 6.531783146265753, "episode_std_rewards": 0.27124501259586337, "episode_value_ests": 20.80387369800396, "episode_values": 5.750177131711523, "episode_td_err": 4.899711689579663, "episode_avg_len": 32.72786777941417, "episode_std_avg_len": 3.2416564379424453, "step_rewards": 0.1995786340341501, "step_value_ests": 20.803255717460363, "step_values": 5.997248172979676, "step_td_err": 4.835179412189296}