{"dim0": -0.26666666666666666, "dim1": -0.9333333333333333, "scale": 15, "episode_rewards": -10.114364357944117, "episode_std_rewards": 0.3007902388347407, "episode_value_ests": 20.052735424877582, "episode_values": -1.67743483393752, "episode_td_err": 6.303684036686479, "episode_avg_len": 32.04149311118231, "episode_std_avg_len": 3.4165159782595227, "step_rewards": -0.3156645766427863, "step_value_ests": 20.041606184018608, "step_values": -1.5400419308103384, "step_td_err": 6.165136881061927}