{"dim0": -0.26666666666666666, "dim1": 0.06666666666666667, "scale": 15, "episode_rewards": 16.872876877286636, "episode_std_rewards": 0.2518249537209486, "episode_value_ests": 21.40487094002837, "episode_values": 10.807685996585546, "episode_td_err": 4.7412503630774845, "episode_avg_len": 34.0625, "episode_std_avg_len": 3.373443290698479, "step_rewards": 0.49535051382859846, "step_value_ests": 21.411970493348303, "step_values": 11.08551911779089, "step_td_err": 4.678936068256488}