{"dim0": -0.26666666666666666, "dim1": -0.13333333333333333, "scale": 15, "episode_rewards": 13.052453181092957, "episode_std_rewards": 0.2611887776073919, "episode_value_ests": 21.245611730917222, "episode_values": 8.888990702822564, "episode_td_err": 4.699284133001785, "episode_avg_len": 33.28690297886504, "episode_std_avg_len": 3.1997716693490537, "step_rewards": 0.39211978324869684, "step_value_ests": 21.249670584269243, "step_values": 9.165377968785297, "step_td_err": 4.63787200679755}