{"dim0": -0.26666666666666666, "dim1": 0.0, "scale": 15, "episode_rewards": 15.441176382926376, "episode_std_rewards": 0.2537719866079079, "episode_value_ests": 21.393372834777473, "episode_values": 10.083434246953946, "episode_td_err": 4.7564473904974625, "episode_avg_len": 33.67991244317225, "episode_std_avg_len": 3.303080489951245, "step_rewards": 0.45846842413798145, "step_value_ests": 21.396327504838887, "step_values": 10.349777530406328, "step_td_err": 4.688911491951512}