{"dim0": -0.26666666666666666, "dim1": 0.06666666666666667, "episode_rewards": 10.673273170824604, "episode_std_rewards": 0.1940215632187205, "episode_value_ests": 16.793150016122404, "episode_values": 5.5794487545136615, "episode_td_err": 9.26353631402069, "episode_avg_len": 40.82527046335987, "episode_std_avg_len": 7.2658724832446095, "step_rewards": 0.26143790475077744, "step_value_ests": 16.77891258878872, "step_values": 5.838344699874173, "step_td_err": 9.048044012372062}