{"dim0": -0.26666666666666666, "dim1": -0.8666666666666667, "episode_rewards": 7.170676803435862, "episode_std_rewards": 0.5964742926931152, "episode_value_ests": 10.6291984230028, "episode_values": 4.323036733160524, "episode_td_err": 5.0709114550442544, "episode_avg_len": 11.895913876167251, "episode_std_avg_len": 4.027132811883317, "step_rewards": 0.6027848619349777, "step_value_ests": 10.507158566835319, "step_values": 4.044391244110319, "step_td_err": 4.959703484144768}