{"dim0": -0.26666666666666666, "dim1": -0.7333333333333333, "episode_rewards": 8.878807617250326, "episode_std_rewards": 0.5312086174713273, "episode_value_ests": 10.700724205599542, "episode_values": 5.188792412732275, "episode_td_err": 4.185718038665487, "episode_avg_len": 13.957990230286113, "episode_std_avg_len": 5.412017269230086, "step_rewards": 0.6361093159375515, "step_value_ests": 10.67717384111749, "step_values": 4.996860804232868, "step_td_err": 4.111668585383578}