{"dim0": -0.26666666666666666, "dim1": -0.3333333333333333, "scale": 15, "episode_rewards": 8.108313094478644, "episode_std_rewards": 0.26805033100716064, "episode_value_ests": 20.903832611548236, "episode_values": 6.407061522123474, "episode_td_err": 4.940783431570012, "episode_avg_len": 32.74410609037328, "episode_std_avg_len": 3.1662367737853767, "step_rewards": 0.24762664377215893, "step_value_ests": 20.90444134111561, "step_values": 6.654601786014981, "step_td_err": 4.879062489841984}