{"dim0": -0.26666666666666666, "dim1": 0.26666666666666666, "scale": 15, "episode_rewards": 20.352936334694835, "episode_std_rewards": 0.2367072731743909, "episode_value_ests": 21.267133355620714, "episode_values": 12.36085659541996, "episode_td_err": 5.074570000303039, "episode_avg_len": 36.423602258240756, "episode_std_avg_len": 4.497975042630328, "step_rewards": 0.5587842792262545, "step_value_ests": 21.25809012933651, "step_values": 12.56469311478347, "step_td_err": 5.064420206948089}