{"dim0": -0.26666666666666666, "dim1": 0.2, "scale": 15, "episode_rewards": 19.1367277922516, "episode_std_rewards": 0.24558863192945027, "episode_value_ests": 21.38810326794347, "episode_values": 11.859700893816843, "episode_td_err": 4.9158442468521875, "episode_avg_len": 35.35637263567262, "episode_std_avg_len": 3.858362806121256, "step_rewards": 0.5412525767121175, "step_value_ests": 21.39191683613418, "step_values": 12.103955780996976, "step_td_err": 4.875008533394525}