{"dim0": -0.26666666666666666, "dim1": -0.6, "scale": 15, "episode_rewards": 0.7339512211618999, "episode_std_rewards": 0.2786582598359874, "episode_value_ests": 20.543038065268757, "episode_values": 3.129105780689797, "episode_td_err": 5.332736348939509, "episode_avg_len": 32.49577647823262, "episode_std_avg_len": 3.1561817337603912, "step_rewards": 0.022586049656438862, "step_value_ests": 20.54064317092677, "step_values": 3.3404653941106988, "step_td_err": 5.262468689172806}