{"dim0": -0.26666666666666666, "dim1": 0.4666666666666667, "scale": 15, "episode_rewards": 23.92364978086673, "episode_std_rewards": 0.2199870671005806, "episode_value_ests": 17.769366061940527, "episode_values": 11.735409142301183, "episode_td_err": 7.771041101190259, "episode_avg_len": 39.0181428014046, "episode_std_avg_len": 11.850408086398401, "step_rewards": 0.6131416839246769, "step_value_ests": 17.847805207439844, "step_values": 12.159546885002348, "step_td_err": 7.878517857531042}