{"dim0": -0.3333333333333333, "dim1": 0.2, "scale": 15, "episode_rewards": 13.770761637201787, "episode_std_rewards": 0.26180170167881917, "episode_value_ests": 22.201790729234506, "episode_values": 9.675184202209428, "episode_td_err": 6.4917826860816294, "episode_avg_len": 34.56177639536893, "episode_std_avg_len": 3.703935785606661, "step_rewards": 0.39843905821481407, "step_value_ests": 22.200077414638542, "step_values": 9.980770017471718, "step_td_err": 6.404838490439331}