{"dim0": -0.3333333333333333, "dim1": -0.6666666666666666, "scale": 15, "episode_rewards": -6.867803795933641, "episode_std_rewards": 0.2851783574409151, "episode_value_ests": 21.406285434982433, "episode_values": -0.09957662679932791, "episode_td_err": 7.171114721042963, "episode_avg_len": 32.0008, "episode_std_avg_len": 2.994528236634278, "step_rewards": -0.21461350328534415, "step_value_ests": 21.402247801577968, "step_values": 0.09202329759575799, "step_td_err": 7.098010798579218}