{"dim0": -0.3333333333333333, "dim1": 0.6666666666666666, "scale": 15, "episode_rewards": 16.749252880146205, "episode_std_rewards": 0.2333523845416115, "episode_value_ests": 13.410366747871969, "episode_values": 8.547914601706479, "episode_td_err": 7.687820645487186, "episode_avg_len": 18.508791412178418, "episode_std_avg_len": 4.678965030119974, "step_rewards": 0.9049349850647476, "step_value_ests": 13.639155726858787, "step_values": 8.69150467415204, "step_td_err": 7.385564864008498}