{"dim0": -0.3333333333333333, "dim1": -0.6, "scale": 15, "episode_rewards": -4.960263270014097, "episode_std_rewards": 0.2755224876795442, "episode_value_ests": 21.492006674108154, "episode_values": 0.7483554853823029, "episode_td_err": 7.005733442969349, "episode_avg_len": 32.02049311559398, "episode_std_avg_len": 2.960173708274205, "step_rewards": -0.15490902192254022, "step_value_ests": 21.490142803237884, "step_values": 0.9458064488992962, "step_td_err": 6.946197705196613}