{"dim0": -0.3333333333333333, "dim1": -0.5333333333333333, "scale": 15, "episode_rewards": -2.9718683112193722, "episode_std_rewards": 0.2759479394195245, "episode_value_ests": 21.580551207827398, "episode_values": 1.7284268026174436, "episode_td_err": 6.841001352917744, "episode_avg_len": 32.07118807118807, "episode_std_avg_len": 2.90472936795168, "step_rewards": -0.09266474022174508, "step_value_ests": 21.58244090408357, "step_values": 1.9490385137778738, "step_td_err": 6.779460249890032}