{"dim0": -0.3333333333333333, "dim1": 0.9333333333333333, "scale": 15, "episode_rewards": 10.928687225291492, "episode_std_rewards": 0.2906964354093646, "episode_value_ests": 12.040955088789747, "episode_values": 6.752085775372548, "episode_td_err": 17.43293915907057, "episode_avg_len": 10.90799520069808, "episode_std_avg_len": 1.3123579434379613, "step_rewards": 1.0018969594515486, "step_value_ests": 12.010452709050412, "step_values": 6.782336586961633, "step_td_err": 17.191013083395564}