{"dim0": -0.3333333333333333, "dim1": -0.06666666666666667, "scale": 15, "episode_rewards": 8.262541361088815, "episode_std_rewards": 0.26546462769220247, "episode_value_ests": 22.184785820074165, "episode_values": 6.860669754833966, "episode_td_err": 6.450090897076143, "episode_avg_len": 32.685406112109824, "episode_std_avg_len": 3.0525015063524434, "step_rewards": 0.25278992504326186, "step_value_ests": 22.188045998021618, "step_values": 7.137243997814844, "step_td_err": 6.388144715164972}