{"dim0": -0.3333333333333333, "dim1": -0.26666666666666666, "episode_rewards": 10.59198434680101, "episode_std_rewards": 0.3070296258010777, "episode_value_ests": 14.98367720844372, "episode_values": 5.029096805088255, "episode_td_err": 7.498765524771986, "episode_avg_len": 42.2573420663427, "episode_std_avg_len": 12.874227497194676, "step_rewards": 0.25065429648111626, "step_value_ests": 15.191107516852213, "step_values": 4.847594975754588, "step_td_err": 7.665370124873782}