{"dim0": -0.3333333333333333, "dim1": -0.7333333333333333, "scale": 15, "episode_rewards": -8.881787901671071, "episode_std_rewards": 0.28011587856532866, "episode_value_ests": 21.249113807247923, "episode_values": -0.911122097581015, "episode_td_err": 7.176363576101664, "episode_avg_len": 31.954146029717208, "episode_std_avg_len": 2.907748129886002, "step_rewards": -0.2779541626119831, "step_value_ests": 21.249162290796168, "step_values": -0.7394237617881394, "step_td_err": 7.12271182196755}