{"dim0": -0.3333333333333333, "dim1": -0.2, "scale": 15, "episode_rewards": 5.034138721746031, "episode_std_rewards": 0.26890799750787975, "episode_value_ests": 22.075272418246303, "episode_values": 5.2384787354550015, "episode_td_err": 6.647153161541265, "episode_avg_len": 32.31066235864297, "episode_std_avg_len": 2.924841966771258, "step_rewards": 0.15580425637419407, "step_value_ests": 22.074971544852435, "step_values": 5.498896109857748, "step_td_err": 6.586773038352102}