{"dim0": -0.3333333333333333, "dim1": 0.8, "scale": 15, "episode_rewards": 13.792106294535378, "episode_std_rewards": 0.2520192612663947, "episode_value_ests": 12.46338785950302, "episode_values": 7.733565118671881, "episode_td_err": 11.67138842694754, "episode_avg_len": 13.236450268016677, "episode_std_avg_len": 2.366048248780367, "step_rewards": 1.0419792327450008, "step_value_ests": 12.48557149499262, "step_values": 7.817202819150795, "step_td_err": 11.280970448487958}