{"dim0": -0.3333333333333333, "dim1": 0.4, "episode_rewards": 11.366033533210372, "episode_std_rewards": 0.19144774689573932, "episode_value_ests": 16.98685793075661, "episode_values": 6.818212559989061, "episode_td_err": 9.25021704159343, "episode_avg_len": 37.6068809926678, "episode_std_avg_len": 4.852418475388055, "step_rewards": 0.3022328157292918, "step_value_ests": 16.985494098490456, "step_values": 7.116281750082113, "step_td_err": 9.108494434548689}