{"dim0": -0.3333333333333333, "dim1": -0.7333333333333333, "episode_rewards": 8.87042393447705, "episode_std_rewards": 0.4622308441050242, "episode_value_ests": 10.52750389924291, "episode_values": 5.076776961311549, "episode_td_err": 3.9386295067807895, "episode_avg_len": 15.509537841191067, "episode_std_avg_len": 5.934145597097418, "step_rewards": 0.5719334789537377, "step_value_ests": 10.637369265451515, "step_values": 5.073009777759847, "step_td_err": 3.840189797285072}