{"dim0": -0.3333333333333333, "dim1": 0.0, "scale": 15, "episode_rewards": 9.6037309285789, "episode_std_rewards": 0.26629331701815667, "episode_value_ests": 22.272841550673796, "episode_values": 7.57821527293042, "episode_td_err": 6.540703432753489, "episode_avg_len": 32.99208312716477, "episode_std_avg_len": 3.163414999104102, "step_rewards": 0.2910919838423738, "step_value_ests": 22.26978704685261, "step_values": 7.8787325004055315, "step_td_err": 6.46104187904432}