{"dim0": -0.3333333333333333, "dim1": -0.13333333333333333, "scale": 15, "episode_rewards": 6.752951197571982, "episode_std_rewards": 0.26758214621265564, "episode_value_ests": 22.106557404886598, "episode_values": 6.132354657875555, "episode_td_err": 6.543908894407227, "episode_avg_len": 32.45959104186952, "episode_std_avg_len": 3.0432999332698967, "step_rewards": 0.20804178305454843, "step_value_ests": 22.10598497543925, "step_values": 6.40690580880422, "step_td_err": 6.482292009425146}