{"dim0": -0.3333333333333333, "dim1": 0.4666666666666667, "scale": 15, "episode_rewards": 22.32138122983396, "episode_std_rewards": 0.21738329797055322, "episode_value_ests": 18.35070121508627, "episode_values": 11.426262147748917, "episode_td_err": 7.828943741004214, "episode_avg_len": 39.15974941268598, "episode_std_avg_len": 11.560416732083233, "step_rewards": 0.5700082754513961, "step_value_ests": 18.447426620117607, "step_values": 11.825670545150023, "step_td_err": 7.968755532130153}