{"dim0": -0.3333333333333333, "dim1": -0.8666666666666667, "scale": 15, "episode_rewards": -13.348067081906132, "episode_std_rewards": 0.2952987903588804, "episode_value_ests": 21.053636090104366, "episode_values": -2.861681125815942, "episode_td_err": 7.57030458202482, "episode_avg_len": 31.90349338012442, "episode_std_avg_len": 3.0477827450503296, "step_rewards": -0.418388886849045, "step_value_ests": 21.05393974566004, "step_values": -2.6917621390508173, "step_td_err": 7.4866903775217315}