{"dim0": -0.3333333333333333, "dim1": 0.9333333333333333, "episode_rewards": 10.62040106092528, "episode_std_rewards": 0.1859349771669874, "episode_value_ests": 16.99987652604079, "episode_values": 7.282643322642889, "episode_td_err": 9.213026742519878, "episode_avg_len": 37.028693076638284, "episode_std_avg_len": 4.122803737475478, "step_rewards": 0.2868154444161515, "step_value_ests": 17.0003694820477, "step_values": 7.581834431260511, "step_td_err": 9.101021814938571}