{"dim0": -0.3333333333333333, "dim1": 0.6, "scale": 15, "episode_rewards": 18.35850527429842, "episode_std_rewards": 0.23808166313959128, "episode_value_ests": 14.575846570555887, "episode_values": 9.134193960943527, "episode_td_err": 7.048325943486593, "episode_avg_len": 23.499118787451533, "episode_std_avg_len": 7.052064325781005, "step_rewards": 0.7812422857363406, "step_value_ests": 14.93493996664829, "step_values": 9.413771460265686, "step_td_err": 7.012238078235893}