{"dim0": -0.3333333333333333, "dim1": 0.3333333333333333, "scale": 15, "episode_rewards": 18.055718515759636, "episode_std_rewards": 0.23348409359369743, "episode_value_ests": 21.596777336034517, "episode_values": 11.269235328518192, "episode_td_err": 6.750002470202898, "episode_avg_len": 37.92662116040955, "episode_std_avg_len": 5.975880645225756, "step_rewards": 0.4760697885370145, "step_value_ests": 21.538223592465318, "step_values": 11.45805509418447, "step_td_err": 6.7767358832504145}