{"dim0": -0.3333333333333333, "dim1": -0.4666666666666667, "scale": 15, "episode_rewards": -1.1983696025410926, "episode_std_rewards": 0.2718216068979128, "episode_value_ests": 21.68206916249922, "episode_values": 2.4225689609079786, "episode_td_err": 6.767405215175451, "episode_avg_len": 32.05641025641026, "episode_std_avg_len": 2.913995395504772, "step_rewards": -0.03738315029523485, "step_value_ests": 21.683122875414004, "step_values": 2.6438372292609853, "step_td_err": 6.713244197082022}