{"dim0": -0.3333333333333333, "dim1": -0.4, "scale": 15, "episode_rewards": 0.7544113610348153, "episode_std_rewards": 0.27111210478486086, "episode_value_ests": 21.705148773949386, "episode_values": 3.2879116649989344, "episode_td_err": 6.631818187316838, "episode_avg_len": 32.154340836012864, "episode_std_avg_len": 2.988397520804706, "step_rewards": 0.023462193328182758, "step_value_ests": 21.703529355225115, "step_values": 3.522290290527409, "step_td_err": 6.5757885274360515}