{"dim0": -0.3333333333333333, "dim1": 1.0, "episode_rewards": 10.561053852395784, "episode_std_rewards": 0.18530613934621376, "episode_value_ests": 16.997544833303962, "episode_values": 7.405969072867161, "episode_td_err": 9.136088107226726, "episode_avg_len": 37.096995548961424, "episode_std_avg_len": 3.982208935492324, "step_rewards": 0.28468757903742026, "step_value_ests": 16.998217840479384, "step_values": 7.695587064809647, "step_td_err": 9.029362784226272}