{"dim0": -0.3333333333333333, "dim1": 0.5333333333333333, "scale": 15, "episode_rewards": 20.71546176476083, "episode_std_rewards": 0.23244834169012996, "episode_value_ests": 16.130873459989083, "episode_values": 10.23790040652052, "episode_td_err": 7.424076028791377, "episode_avg_len": 31.30453834115806, "episode_std_avg_len": 10.449950531051575, "step_rewards": 0.6617398902038718, "step_value_ests": 16.49711789455508, "step_values": 10.699103667849343, "step_td_err": 7.637650808692838}