{"dim0": -0.3333333333333333, "dim1": 0.06666666666666667, "scale": 15, "episode_rewards": 10.766380988984409, "episode_std_rewards": 0.26609534242534333, "episode_value_ests": 22.30690784231995, "episode_values": 8.175157941781134, "episode_td_err": 6.54442521046078, "episode_avg_len": 33.296820376227735, "episode_std_avg_len": 3.2262183712599843, "step_rewards": 0.32334561881082996, "step_value_ests": 22.307837286955362, "step_values": 8.474355036615087, "step_td_err": 6.465197739920997}