{"dim0": -0.3333333333333333, "dim1": -0.9333333333333333, "scale": 15, "episode_rewards": -15.303091757971952, "episode_std_rewards": 0.2979951756594125, "episode_value_ests": 20.91615082789934, "episode_values": -3.7010817652764336, "episode_td_err": 7.652337760167679, "episode_avg_len": 31.99360204734485, "episode_std_avg_len": 3.1006713016855327, "step_rewards": -0.47831725028416916, "step_value_ests": 20.910634194548905, "step_values": -3.5531046305845804, "step_td_err": 7.574243738648719}