{"dim0": -0.3333333333333333, "dim1": 1.0, "scale": 15, "episode_rewards": 9.54806601595153, "episode_std_rewards": 0.3019088397478416, "episode_value_ests": 11.805903775392576, "episode_values": 6.196092988828472, "episode_td_err": 20.781962737922694, "episode_avg_len": 10.274735436145074, "episode_std_avg_len": 1.0560359379124118, "step_rewards": 0.9292760942887909, "step_value_ests": 11.758611645064075, "step_values": 6.209567353475954, "step_td_err": 20.62225369589332}