{"dim0": -0.3333333333333333, "dim1": 0.4666666666666667, "episode_rewards": 11.339687181665807, "episode_std_rewards": 0.19125134460877324, "episode_value_ests": 16.99236288298129, "episode_values": 6.850596582502509, "episode_td_err": 9.242057631368876, "episode_avg_len": 37.42245088868101, "episode_std_avg_len": 4.680715085594141, "step_rewards": 0.3030182928263437, "step_value_ests": 16.991150653480933, "step_values": 7.149534132473213, "step_td_err": 9.108587068086061}