{"dim0": -0.3333333333333333, "dim1": 0.26666666666666666, "scale": 15, "episode_rewards": 15.831420087561579, "episode_std_rewards": 0.25661563187472375, "episode_value_ests": 22.004833713957414, "episode_values": 10.563905967512992, "episode_td_err": 6.469551809970664, "episode_avg_len": 35.82446713236611, "episode_std_avg_len": 4.281429974619367, "step_rewards": 0.441916415087678, "step_value_ests": 21.988323852828575, "step_values": 10.83538739114488, "step_td_err": 6.402042278673015}