{"dim0": -0.3333333333333333, "dim1": 0.8666666666666667, "episode_rewards": 10.649986277588349, "episode_std_rewards": 0.1875185721012668, "episode_value_ests": 17.003644743025347, "episode_values": 7.203784290735521, "episode_td_err": 9.233922777336064, "episode_avg_len": 37.00777058279371, "episode_std_avg_len": 4.143978470550857, "step_rewards": 0.287777029252876, "step_value_ests": 17.004069405407034, "step_values": 7.501738129526044, "step_td_err": 9.119596843958359}