{"dim0": -0.3333333333333333, "dim1": -0.5333333333333333, "episode_rewards": 12.188528635700985, "episode_std_rewards": 0.38051976442209756, "episode_value_ests": 11.281469191651562, "episode_values": 6.722358295979645, "episode_td_err": 3.324254773998722, "episode_avg_len": 23.87608929210935, "episode_std_avg_len": 11.285191298281028, "step_rewards": 0.510490997356468, "step_value_ests": 11.819827064861283, "step_values": 6.834131977549426, "step_td_err": 3.673687957289534}