{"dim0": -0.3333333333333333, "dim1": -1.0, "scale": 15, "episode_rewards": -18.188474561117392, "episode_std_rewards": 0.3058502007628755, "episode_value_ests": 20.87795597658973, "episode_values": -4.899593578693235, "episode_td_err": 8.201937285782826, "episode_avg_len": 31.903189792663476, "episode_std_avg_len": 3.0145906804006297, "step_rewards": -0.5701146085806145, "step_value_ests": 20.871942551318703, "step_values": -4.759391860420972, "step_td_err": 8.099572114022179}