{"dim0": -0.3333333333333333, "dim1": -0.4666666666666667, "episode_rewards": 12.752112695858717, "episode_std_rewards": 0.37454761025725075, "episode_value_ests": 11.888798068130038, "episode_values": 6.900368170509135, "episode_td_err": 3.7748492525067276, "episode_avg_len": 28.424044337075458, "episode_std_avg_len": 13.112106403341599, "step_rewards": 0.44863822138165077, "step_value_ests": 12.575863777809333, "step_values": 6.770954791736698, "step_td_err": 4.41026162641586}