{"dim0": -0.3333333333333333, "dim1": -0.3333333333333333, "scale": 15, "episode_rewards": 2.259086381580578, "episode_std_rewards": 0.2677010561289476, "episode_value_ests": 21.853985077643515, "episode_values": 3.9845099355595757, "episode_td_err": 6.617895040959448, "episode_avg_len": 32.10786516853933, "episode_std_avg_len": 2.882100474853285, "step_rewards": 0.07035928330090686, "step_value_ests": 21.854175389398094, "step_values": 4.216746101037184, "step_td_err": 6.563177390784507}