{"dim0": -0.3333333333333333, "dim1": -0.8, "scale": 15, "episode_rewards": -11.110825672040635, "episode_std_rewards": 0.291024170507876, "episode_value_ests": 21.138937533171443, "episode_values": -1.904667589620173, "episode_td_err": 7.464268030291902, "episode_avg_len": 31.90874282067645, "episode_std_avg_len": 3.026362601479355, "step_rewards": -0.3482063124355048, "step_value_ests": 21.132477449099387, "step_values": -1.7280822992126712, "step_td_err": 7.376183284853349}