{"dim0": -0.3333333333333333, "dim1": 0.6, "episode_rewards": 11.196045508090311, "episode_std_rewards": 0.19145185515002763, "episode_value_ests": 17.001668275387793, "episode_values": 6.986793068666246, "episode_td_err": 9.276025271600545, "episode_avg_len": 37.14073523950984, "episode_std_avg_len": 4.430117586309414, "step_rewards": 0.3014492156897341, "step_value_ests": 17.001232781259567, "step_values": 7.278975490235638, "step_td_err": 9.149737039626352}