{"dim0": -0.3333333333333333, "dim1": 0.8666666666666667, "scale": 15, "episode_rewards": 12.316877668369639, "episode_std_rewards": 0.2745355088877347, "episode_value_ests": 12.253872932720533, "episode_values": 7.246568631677087, "episode_td_err": 14.408727876185166, "episode_avg_len": 11.847174505390356, "episode_std_avg_len": 1.7197933794763531, "step_rewards": 1.0396468510500603, "step_value_ests": 12.245099112208191, "step_values": 7.303517817155334, "step_td_err": 14.084319336238694}