{"dim0": -0.3333333333333333, "dim1": -0.26666666666666666, "scale": 15, "episode_rewards": 3.831117005847195, "episode_std_rewards": 0.26803888605977333, "episode_value_ests": 21.906062040882347, "episode_values": 4.6902699066240565, "episode_td_err": 6.586752972132312, "episode_avg_len": 32.27593997095369, "episode_std_avg_len": 2.951333043533061, "step_rewards": 0.11869885150656988, "step_value_ests": 21.908125213984196, "step_values": 4.938674648388114, "step_td_err": 6.5307402669823995}