{"dim0": -0.3333333333333333, "dim1": 0.7333333333333333, "episode_rewards": 11.019515164275926, "episode_std_rewards": 0.1874728362788626, "episode_value_ests": 17.003613346573108, "episode_values": 7.113718646410936, "episode_td_err": 9.257227506910386, "episode_avg_len": 37.02776749352092, "episode_std_avg_len": 4.247390358410034, "step_rewards": 0.2976013924200024, "step_value_ests": 17.00353381843351, "step_values": 7.413245343547528, "step_td_err": 9.137473148617584}