{"dim0": -0.3333333333333333, "dim1": -1.0, "episode_rewards": 5.157558888774716, "episode_std_rewards": 0.6000127054089882, "episode_value_ests": 10.328471866723207, "episode_values": 3.1365845452296464, "episode_td_err": 5.8915655121163235, "episode_avg_len": 11.273249915454853, "episode_std_avg_len": 3.3101375699740823, "step_rewards": 0.4575041738145143, "step_value_ests": 10.210247401094513, "step_values": 2.883357681869828, "step_td_err": 5.764536232291611}