{"dim0": -0.4, "dim1": 0.3333333333333333, "episode_rewards": 9.255603933800009, "episode_std_rewards": 0.20510675214127636, "episode_value_ests": 17.00139943232027, "episode_values": 5.882255304194852, "episode_td_err": 9.426866390382497, "episode_avg_len": 36.79852805887764, "episode_std_avg_len": 4.620588862866407, "step_rewards": 0.25152103690101524, "step_value_ests": 16.999812158575057, "step_values": 6.192056259793837, "step_td_err": 9.2844219361119}