{"dim0": -0.4, "dim1": 1.0, "scale": 15, "episode_rewards": 8.894412834236988, "episode_std_rewards": 0.30999941939997255, "episode_value_ests": 11.860984014243812, "episode_values": 6.125420436509003, "episode_td_err": 20.675370718955218, "episode_avg_len": 10.264935331554096, "episode_std_avg_len": 1.0809563497104568, "step_rewards": 0.8664850334610327, "step_value_ests": 11.808766280426633, "step_values": 6.142808416148261, "step_td_err": 20.511261121198512}