{"dim0": -0.4, "dim1": -1.0, "scale": 15, "episode_rewards": -23.68368459724166, "episode_std_rewards": 0.3049675524424575, "episode_value_ests": 21.726426287246184, "episode_values": -7.174491779478718, "episode_td_err": 10.123377590255055, "episode_avg_len": 31.68852978453739, "episode_std_avg_len": 2.9477292918250613, "step_rewards": -0.7473898208050743, "step_value_ests": 21.721854873218145, "step_values": -7.027315605747732, "step_td_err": 10.018647628216824}