{"dim0": -0.4, "dim1": -0.26666666666666666, "episode_rewards": 10.368392576435268, "episode_std_rewards": 0.2847218833570788, "episode_value_ests": 15.222225023521423, "episode_values": 4.974708150768754, "episode_td_err": 7.5612208000332, "episode_avg_len": 41.90613869683637, "episode_std_avg_len": 11.784573308229088, "step_rewards": 0.24741942108872966, "step_value_ests": 15.389270826152543, "step_values": 4.867899253232695, "step_td_err": 7.665108180701251}