{"dim0": -0.4, "dim1": 0.3333333333333333, "scale": 15, "episode_rewards": 13.723537531721451, "episode_std_rewards": 0.25370366404809375, "episode_value_ests": 22.27832949580724, "episode_values": 9.48736759502688, "episode_td_err": 8.231129211292327, "episode_avg_len": 37.362226788716605, "episode_std_avg_len": 5.73251192152674, "step_rewards": 0.3673104820365246, "step_value_ests": 22.209414975955635, "step_values": 9.76148286990513, "step_td_err": 8.188361025041955}