{"dim0": -0.4, "dim1": 0.6, "scale": 15, "episode_rewards": 17.717334008688198, "episode_std_rewards": 0.22829617353997858, "episode_value_ests": 14.620540616713367, "episode_values": 9.123768580868969, "episode_td_err": 6.610044933502036, "episode_avg_len": 23.96740563211504, "episode_std_avg_len": 7.268612680382402, "step_rewards": 0.7392261924648165, "step_value_ests": 15.01176304192416, "step_values": 9.433267507880796, "step_td_err": 6.545205922895867}