{"dim0": -0.4, "dim1": -0.4666666666666667, "scale": 15, "episode_rewards": -6.701733550049223, "episode_std_rewards": 0.27155106757234787, "episode_value_ests": 22.513117056085353, "episode_values": 0.08638691497065228, "episode_td_err": 8.827914980958608, "episode_avg_len": 31.70862396956246, "episode_std_avg_len": 2.8099394101851782, "step_rewards": -0.21135365433966194, "step_value_ests": 22.515966136968906, "step_values": 0.30552940712973586, "step_td_err": 8.765686686460118}