{"dim0": -0.4, "dim1": 0.7333333333333333, "scale": 15, "episode_rewards": 14.461360455163344, "episode_std_rewards": 0.23638561556364737, "episode_value_ests": 12.6617473623099, "episode_values": 7.976357341791079, "episode_td_err": 9.304773226688514, "episode_avg_len": 15.545468677133531, "episode_std_avg_len": 3.370530713527844, "step_rewards": 0.9302621075963541, "step_value_ests": 12.767911871693366, "step_values": 8.092368172174451, "step_td_err": 8.851079581971515}