{"dim0": -0.4, "dim1": -0.9333333333333333, "scale": 15, "episode_rewards": -21.152018245508383, "episode_std_rewards": 0.2960311481385432, "episode_value_ests": 21.81075311111948, "episode_values": -6.019319464533545, "episode_td_err": 9.737659844162554, "episode_avg_len": 31.672525732383214, "episode_std_avg_len": 2.9466833406637787, "step_rewards": -0.6678349060075667, "step_value_ests": 21.809532756084234, "step_values": -5.868297345690032, "step_td_err": 9.643897334007248}