{"dim0": -0.4, "dim1": 0.2, "scale": 15, "episode_rewards": 8.524755712196447, "episode_std_rewards": 0.2815944974134022, "episode_value_ests": 22.974431423238343, "episode_values": 7.376093042794274, "episode_td_err": 8.448143017987515, "episode_avg_len": 33.96739130434783, "episode_std_avg_len": 3.6008787784811216, "step_rewards": 0.2509688081670634, "step_value_ests": 22.967837504417748, "step_values": 7.741512004280592, "step_td_err": 8.30893555891831}