{"dim0": -0.4, "dim1": 0.6666666666666666, "scale": 15, "episode_rewards": 15.900595873403061, "episode_std_rewards": 0.23119802549819773, "episode_value_ests": 13.339645493430444, "episode_values": 8.401213273032353, "episode_td_err": 7.4829726939769765, "episode_avg_len": 18.7624765478424, "episode_std_avg_len": 4.862042269451984, "step_rewards": 0.8474678613379296, "step_value_ests": 13.599384072423756, "step_values": 8.56568145756556, "step_td_err": 7.1370071191832105}