{"dim0": -0.4, "dim1": -0.7333333333333333, "scale": 15, "episode_rewards": -14.509270107410913, "episode_std_rewards": 0.2833673671669404, "episode_value_ests": 22.10668882944743, "episode_values": -3.2385066726785987, "episode_td_err": 9.269439566731053, "episode_avg_len": 31.670044331855603, "episode_std_avg_len": 2.8113689728525326, "step_rewards": -0.45813861058655453, "step_value_ests": 22.105871626614288, "step_values": -3.056956678152525, "step_td_err": 9.200586595373814}