{"dim0": -0.4, "dim1": -0.3333333333333333, "scale": 15, "episode_rewards": -3.3247929574668427, "episode_std_rewards": 0.2663607391998281, "episode_value_ests": 22.694470142327894, "episode_values": 1.5468432742862552, "episode_td_err": 8.73729865733003, "episode_avg_len": 31.747619047619047, "episode_std_avg_len": 2.731088343026451, "step_rewards": -0.10472574187311189, "step_value_ests": 22.69636621218724, "step_values": 1.7668889451570233, "step_td_err": 8.684888529122842}