{"dim0": -0.4, "dim1": -0.2, "scale": 15, "episode_rewards": -0.42765990625272887, "episode_std_rewards": 0.2687016673309693, "episode_value_ests": 22.81399164608361, "episode_values": 2.813098646672811, "episode_td_err": 8.615592667426222, "episode_avg_len": 31.80852417302799, "episode_std_avg_len": 2.784666504635076, "step_rewards": -0.013444820763339995, "step_value_ests": 22.814241168877604, "step_values": 3.0588891380535976, "step_td_err": 8.568482464632211}