{"dim0": -0.4, "dim1": -0.13333333333333333, "scale": 15, "episode_rewards": 0.8724027158496098, "episode_std_rewards": 0.26497257659511725, "episode_value_ests": 22.91936919623078, "episode_values": 3.414510035715849, "episode_td_err": 8.690241550953838, "episode_avg_len": 31.989764912841835, "episode_std_avg_len": 2.808890894292728, "step_rewards": 0.027271307501837757, "step_value_ests": 22.919546529449256, "step_values": 3.6726169641535895, "step_td_err": 8.628476335129752}