{"dim0": -0.4, "dim1": -0.06666666666666667, "scale": 15, "episode_rewards": 2.104638894077119, "episode_std_rewards": 0.26703367873613415, "episode_value_ests": 22.992595254278537, "episode_values": 4.012633656520924, "episode_td_err": 8.724022754058034, "episode_avg_len": 32.03940413262855, "episode_std_avg_len": 2.9177498023164574, "step_rewards": 0.06568907728011646, "step_value_ests": 22.992723121509037, "step_values": 4.288556393881353, "step_td_err": 8.646928205953149}