{"dim0": -0.4, "dim1": -0.6666666666666666, "episode_rewards": 10.102756528729243, "episode_std_rewards": 0.37411247709394835, "episode_value_ests": 10.637588283371754, "episode_values": 5.661768640242546, "episode_td_err": 3.2595133695023293, "episode_avg_len": 18.93797935801534, "episode_std_avg_len": 7.883480445898711, "step_rewards": 0.5334653891917638, "step_value_ests": 10.994734102165452, "step_values": 5.817991439947705, "step_td_err": 3.2798276379308606}