{"dim0": -0.4, "dim1": 0.13333333333333333, "episode_rewards": 9.093657364674582, "episode_std_rewards": 0.1968295907305869, "episode_value_ests": 16.960684953144888, "episode_values": 5.552222271765941, "episode_td_err": 9.307530560374571, "episode_avg_len": 37.977596354661095, "episode_std_avg_len": 5.313761886135118, "step_rewards": 0.239447943986547, "step_value_ests": 16.95670083710654, "step_values": 5.8509370815417885, "step_td_err": 9.143867579621842}