{"dim0": -0.4, "dim1": 0.06666666666666667, "scale": 15, "episode_rewards": 5.097882199984985, "episode_std_rewards": 0.2725945265623553, "episode_value_ests": 23.063577742914433, "episode_values": 5.575571332798652, "episode_td_err": 8.710303934130058, "episode_avg_len": 32.733267877597775, "episode_std_avg_len": 3.0955235187436076, "step_rewards": 0.1557400935051129, "step_value_ests": 23.061717389919192, "step_values": 5.885786214226058, "step_td_err": 8.611715633332793}