{"dim0": -0.4, "dim1": 0.4, "scale": 15, "episode_rewards": 17.75545787503613, "episode_std_rewards": 0.23696511312436594, "episode_value_ests": 21.17457547475958, "episode_values": 10.62611814217796, "episode_td_err": 8.248815040834996, "episode_avg_len": 40.330846774193546, "episode_std_avg_len": 9.369154956854652, "step_rewards": 0.4402451050543598, "step_value_ests": 21.04761683799065, "step_values": 11.000643221178454, "step_td_err": 8.292608470660834}