{"dim0": -0.4, "dim1": 1.0, "episode_rewards": 7.946676290572129, "episode_std_rewards": 0.19630276164605934, "episode_value_ests": 17.021128418998675, "episode_values": 6.255155338737643, "episode_td_err": 9.468701924947622, "episode_avg_len": 36.116287468400145, "episode_std_avg_len": 3.786346927252197, "step_rewards": 0.22003026467006206, "step_value_ests": 17.021618601193637, "step_values": 6.55628903356565, "step_td_err": 9.360782203557775}