{"dim0": -0.4, "dim1": 0.26666666666666666, "episode_rewards": 9.466326349770748, "episode_std_rewards": 0.20196005666259587, "episode_value_ests": 16.994299568482962, "episode_values": 5.913843956056336, "episode_td_err": 9.376588282432223, "episode_avg_len": 37.19375232428412, "episode_std_avg_len": 4.847279202903337, "step_rewards": 0.2545138836016312, "step_value_ests": 16.992065107638624, "step_values": 6.226524579897603, "step_td_err": 9.229703830709301}