{"dim0": -0.4, "dim1": -0.4, "scale": 15, "episode_rewards": -4.842781588277765, "episode_std_rewards": 0.268415680246502, "episode_value_ests": 22.560677045509543, "episode_values": 0.8933898779175472, "episode_td_err": 8.653681744866983, "episode_avg_len": 31.717729146844274, "episode_std_avg_len": 2.7396710235100104, "step_rewards": -0.1526837424538507, "step_value_ests": 22.561169085727016, "step_values": 1.108102678779287, "step_td_err": 8.602125297806479}