{"dim0": -0.4, "dim1": 0.4666666666666667, "scale": 15, "episode_rewards": 20.440027773613863, "episode_std_rewards": 0.22767649343560262, "episode_value_ests": 18.79940371854336, "episode_values": 10.903657831062334, "episode_td_err": 8.022427269607048, "episode_avg_len": 39.13558990412835, "episode_std_avg_len": 11.510095576292755, "step_rewards": 0.5222874581343074, "step_value_ests": 18.87165072692633, "step_values": 11.361907749954671, "step_td_err": 8.16857248495501}