{"dim0": -0.4, "dim1": -0.6, "scale": 15, "episode_rewards": -10.348419928436622, "episode_std_rewards": 0.2740680241130734, "episode_value_ests": 22.29706923054736, "episode_values": -1.4478864924654633, "episode_td_err": 8.923347051387053, "episode_avg_len": 31.684619040076033, "episode_std_avg_len": 2.8092388059586657, "step_rewards": -0.326607049159957, "step_value_ests": 22.298949598239712, "step_values": -1.2579768748656295, "step_td_err": 8.865039493423067}