{"dim0": -0.4, "dim1": 0.9333333333333333, "scale": 15, "episode_rewards": 10.172504323758565, "episode_std_rewards": 0.29759029415612925, "episode_value_ests": 12.014836733421916, "episode_values": 6.615145567577338, "episode_td_err": 17.473930479779817, "episode_avg_len": 10.939017720411288, "episode_std_avg_len": 1.3486302627308244, "step_rewards": 0.9299284984955757, "step_value_ests": 11.979662948127391, "step_values": 6.648166816676508, "step_td_err": 17.225821973836865}