{"dim0": -0.4, "dim1": -0.5333333333333333, "episode_rewards": 12.453082134895656, "episode_std_rewards": 0.3392124188026895, "episode_value_ests": 11.450021336350325, "episode_values": 6.846807057823714, "episode_td_err": 3.197302960676002, "episode_avg_len": 25.748326467559217, "episode_std_avg_len": 11.6957821703916, "step_rewards": 0.48364627311159497, "step_value_ests": 12.102025482643723, "step_values": 7.071403942246372, "step_td_err": 3.6011120722527252}