{"dim0": -0.4, "dim1": 0.8666666666666667, "episode_rewards": 8.187694270667507, "episode_std_rewards": 0.19492870449020042, "episode_value_ests": 17.025313173160587, "episode_values": 6.137175801927213, "episode_td_err": 9.512609296490796, "episode_avg_len": 35.98686577905721, "episode_std_avg_len": 3.819940701067826, "step_rewards": 0.22751895985986054, "step_value_ests": 17.0255336835951, "step_values": 6.426616009372442, "step_td_err": 9.40447258795745}