{"dim0": -0.4, "dim1": -0.8666666666666667, "scale": 15, "episode_rewards": -18.850905278665255, "episode_std_rewards": 0.2962082637554627, "episode_value_ests": 21.923572722076628, "episode_values": -5.109981674267569, "episode_td_err": 9.645899510599259, "episode_avg_len": 31.63324371342717, "episode_std_avg_len": 2.8320730391542654, "step_rewards": -0.5959207171240465, "step_value_ests": 21.921462633483458, "step_values": -4.950253464838303, "step_td_err": 9.560266165677657}