{"dim0": -0.4, "dim1": -0.6666666666666666, "scale": 15, "episode_rewards": -12.571198979506743, "episode_std_rewards": 0.28351694109028497, "episode_value_ests": 22.205992868446145, "episode_values": -2.4565545566107523, "episode_td_err": 9.141693762248234, "episode_avg_len": 31.637298323315406, "episode_std_avg_len": 2.7517020431060275, "step_rewards": -0.3973537452862174, "step_value_ests": 22.20718858111192, "step_values": -2.270870192188041, "step_td_err": 9.085317342344407}