{"dim0": -0.4, "dim1": -0.5333333333333333, "scale": 15, "episode_rewards": -8.625214152780632, "episode_std_rewards": 0.27151013709629346, "episode_value_ests": 22.391232288910338, "episode_values": -0.7820086382319642, "episode_td_err": 8.879896273478566, "episode_avg_len": 31.629822896900695, "episode_std_avg_len": 2.774990395549093, "step_rewards": -0.27269245802908965, "step_value_ests": 22.39332677870675, "step_values": -0.5746171853836964, "step_td_err": 8.816752449261157}