{"dim0": -0.4, "dim1": 0.13333333333333333, "scale": 15, "episode_rewards": 6.757959735207691, "episode_std_rewards": 0.2765083290443685, "episode_value_ests": 23.02679311259464, "episode_values": 6.462273571081852, "episode_td_err": 8.506728519377065, "episode_avg_len": 33.189678061732494, "episode_std_avg_len": 3.308163021688673, "step_rewards": 0.20361630874026404, "step_value_ests": 23.021670097174525, "step_values": 6.800711183396361, "step_td_err": 8.387026676675148}