{"dim0": -0.4, "dim1": 0.8, "scale": 15, "episode_rewards": 13.066189763213359, "episode_std_rewards": 0.253286503090276, "episode_value_ests": 12.36343066337958, "episode_values": 7.6020218609960795, "episode_td_err": 11.675786006491515, "episode_avg_len": 13.36753107873279, "episode_std_avg_len": 2.4532787926604134, "step_rewards": 0.9774572197554974, "step_value_ests": 12.37948770895889, "step_values": 7.69619696583132, "step_td_err": 11.248955394740385}