{"dim0": -0.4, "dim1": -0.26666666666666666, "scale": 15, "episode_rewards": -1.8942357024459568, "episode_std_rewards": 0.2640544065480154, "episode_value_ests": 22.758523320808848, "episode_values": 2.1675847746193075, "episode_td_err": 8.665827954047174, "episode_avg_len": 31.751230354024447, "episode_std_avg_len": 2.754643007517653, "step_rewards": -0.059658655155259636, "step_value_ests": 22.759110067951806, "step_values": 2.392149529047641, "step_td_err": 8.620657938244877}