{"dim0": -0.4666666666666667, "dim1": 0.8666666666666667, "scale": 15, "episode_rewards": 10.603839961181722, "episode_std_rewards": 0.28446186339533364, "episode_value_ests": 12.176849241488188, "episode_values": 6.89420228540051, "episode_td_err": 14.585204739069164, "episode_avg_len": 11.977661995448557, "episode_std_avg_len": 1.833738910118894, "step_rewards": 0.8853013188392793, "step_value_ests": 12.151964365760396, "step_values": 6.960165712241751, "step_td_err": 14.220448415664842}