{"dim0": -0.4666666666666667, "dim1": -0.26666666666666666, "episode_rewards": 9.279467444288562, "episode_std_rewards": 0.2771247113180824, "episode_value_ests": 15.567445530683733, "episode_values": 4.647153021082085, "episode_td_err": 7.876403053699725, "episode_avg_len": 41.35814722911497, "episode_std_avg_len": 11.067314982322637, "step_rewards": 0.224368548060975, "step_value_ests": 15.666047543401303, "step_values": 4.651862829238411, "step_td_err": 7.890848529098677}