{"dim0": -0.4666666666666667, "dim1": 0.5333333333333333, "episode_rewards": 6.614387471636004, "episode_std_rewards": 0.21023559335758085, "episode_value_ests": 17.02672190938478, "episode_values": 4.999176331682075, "episode_td_err": 9.749499951201988, "episode_avg_len": 35.32762274814553, "episode_std_avg_len": 3.822521055592811, "step_rewards": 0.1872299055838173, "step_value_ests": 17.025812446828812, "step_values": 5.294224088421646, "step_td_err": 9.632341331590606}