{"dim0": -0.4666666666666667, "dim1": 0.13333333333333333, "scale": 15, "episode_rewards": 1.6156476044931825, "episode_std_rewards": 0.28730790782114424, "episode_value_ests": 23.673383415844963, "episode_values": 4.129436900024735, "episode_td_err": 10.671305634576669, "episode_avg_len": 32.77175159757496, "episode_std_avg_len": 3.2638379314596775, "step_rewards": 0.04930000765087993, "step_value_ests": 23.668783167843078, "step_values": 4.49990131666787, "step_td_err": 10.524194620555102}