{"dim0": -0.4666666666666667, "dim1": -0.5333333333333333, "scale": 15, "episode_rewards": -13.87410649695336, "episode_std_rewards": 0.2660525324454777, "episode_value_ests": 23.135461538134884, "episode_values": -2.99414662024765, "episode_td_err": 11.031031796246154, "episode_avg_len": 31.315171441991545, "episode_std_avg_len": 2.621781314526043, "step_rewards": -0.4430474386082751, "step_value_ests": 23.138374764688265, "step_values": -2.809750722409991, "step_td_err": 10.984441380738655}