{"dim0": -0.4666666666666667, "dim1": 0.0, "scale": 15, "episode_rewards": -1.8409277261046864, "episode_std_rewards": 0.2697308765285438, "episode_value_ests": 23.679063255565897, "episode_values": 2.247592084386855, "episode_td_err": 10.914760760037124, "episode_avg_len": 31.772676727561556, "episode_std_avg_len": 2.8240344958128607, "step_rewards": -0.057940592852466645, "step_value_ests": 23.67526435222356, "step_values": 2.5316507375326305, "step_td_err": 10.830874875035626}