{"dim0": -0.4666666666666667, "dim1": 0.13333333333333333, "episode_rewards": 7.147390152072036, "episode_std_rewards": 0.20565451758453604, "episode_value_ests": 16.983997101126526, "episode_values": 4.817285482456416, "episode_td_err": 9.52560578417724, "episode_avg_len": 36.9296528803545, "episode_std_avg_len": 4.717151006336694, "step_rewards": 0.19354068058067883, "step_value_ests": 16.98157126198414, "step_values": 5.098517055403899, "step_td_err": 9.380277729640666}