{"dim0": -0.4666666666666667, "dim1": -0.13333333333333333, "scale": 15, "episode_rewards": -4.637850996540628, "episode_std_rewards": 0.25963153928137583, "episode_value_ests": 23.58659018586285, "episode_values": 0.8912919079397562, "episode_td_err": 10.962820654615808, "episode_avg_len": 31.406343224996075, "episode_std_avg_len": 2.682508596128104, "step_rewards": -0.14767242920689336, "step_value_ests": 23.58763447727562, "step_values": 1.1338492329293204, "step_td_err": 10.912326174233742}