{"dim0": -0.4666666666666667, "dim1": -0.4666666666666667, "scale": 15, "episode_rewards": -12.077988238959247, "episode_std_rewards": 0.26994747126793645, "episode_value_ests": 23.208707932747483, "episode_values": -2.1997979141985695, "episode_td_err": 10.924284217053785, "episode_avg_len": 31.284686375723446, "episode_std_avg_len": 2.6818317068665674, "step_rewards": -0.38606710305178654, "step_value_ests": 23.2114040683731, "step_values": -1.9947786161615073, "step_td_err": 10.87098495660571}