{"dim0": -0.4666666666666667, "dim1": -0.5333333333333333, "episode_rewards": 12.644723209135782, "episode_std_rewards": 0.3192860895953584, "episode_value_ests": 11.644299280040899, "episode_values": 6.897349902952691, "episode_td_err": 3.118504920142998, "episode_avg_len": 27.242985562517024, "episode_std_avg_len": 12.00851256315124, "step_rewards": 0.46414601586594656, "step_value_ests": 12.392412667984805, "step_values": 7.098912916815254, "step_td_err": 3.6037744549377746}