{"dim0": -0.4666666666666667, "dim1": 0.5333333333333333, "scale": 15, "episode_rewards": 18.606745167820904, "episode_std_rewards": 0.2237421511410907, "episode_value_ests": 16.63370038068841, "episode_values": 10.065969794382154, "episode_td_err": 6.762705011984039, "episode_avg_len": 31.823098950047726, "episode_std_avg_len": 10.026621310696925, "step_rewards": 0.5846930620122085, "step_value_ests": 17.069770142417926, "step_values": 10.552138658936936, "step_td_err": 6.9897932211907134}