{"dim0": -0.4666666666666667, "dim1": -0.8666666666666667, "scale": 15, "episode_rewards": -24.149276429872053, "episode_std_rewards": 0.2920398126475083, "episode_value_ests": 22.66105213200379, "episode_values": -7.298272181215407, "episode_td_err": 11.8420258797561, "episode_avg_len": 31.467516123957843, "episode_std_avg_len": 2.742603193922467, "step_rewards": -0.7674351014786949, "step_value_ests": 22.66474340363606, "step_values": -7.142925445350394, "step_td_err": 11.76378964077763}