{"dim0": -0.4666666666666667, "dim1": 0.26666666666666666, "scale": 15, "episode_rewards": 6.37124558394076, "episode_std_rewards": 0.28577991820041215, "episode_value_ests": 23.409161452541962, "episode_values": 6.4859681721708995, "episode_td_err": 10.141908251244832, "episode_avg_len": 34.80546372020184, "episode_std_avg_len": 4.064182064707131, "step_rewards": 0.18305302969552883, "step_value_ests": 23.387514719172877, "step_values": 6.87974123799677, "step_td_err": 9.958214488551109}