{"dim0": -0.4666666666666667, "dim1": 0.6666666666666666, "scale": 15, "episode_rewards": 14.84279856817636, "episode_std_rewards": 0.22529714572353285, "episode_value_ests": 13.318114862616223, "episode_values": 8.180703459903338, "episode_td_err": 7.31541870375288, "episode_avg_len": 19.032353221048623, "episode_std_avg_len": 4.846497047226943, "step_rewards": 0.7798719578071475, "step_value_ests": 13.605475302384722, "step_values": 8.357445667277787, "step_td_err": 6.9000907836203815}