{"dim0": -0.4666666666666667, "dim1": -0.6666666666666666, "episode_rewards": 10.287286511266878, "episode_std_rewards": 0.3356657797965005, "episode_value_ests": 10.682153571057427, "episode_values": 5.7777225435626764, "episode_td_err": 2.9612230120965446, "episode_avg_len": 19.89565303889386, "episode_std_avg_len": 8.176504224344724, "step_rewards": 0.5170620180778353, "step_value_ests": 11.134451551428945, "step_values": 6.041966922512261, "step_td_err": 2.9978547757045884}