{"dim0": -0.4666666666666667, "dim1": -0.4, "episode_rewards": 12.818989172684734, "episode_std_rewards": 0.32995177320756836, "episode_value_ests": 13.447261037725562, "episode_values": 6.707014084565808, "episode_td_err": 4.922780967588076, "episode_avg_len": 36.47857012584352, "episode_std_avg_len": 13.512338792807546, "step_rewards": 0.3514115034789433, "step_value_ests": 14.036221089597262, "step_values": 6.592117657035766, "step_td_err": 5.4950455334523385}