{"dim0": -0.4666666666666667, "dim1": 1.0, "scale": 15, "episode_rewards": 7.923263201642373, "episode_std_rewards": 0.3173369033687881, "episode_value_ests": 11.883968004786583, "episode_values": 5.912766292752158, "episode_td_err": 20.889764451469198, "episode_avg_len": 10.279605263157896, "episode_std_avg_len": 1.11722798206976, "step_rewards": 0.77077504425577, "step_value_ests": 11.826095434532911, "step_values": 5.93246817593053, "step_td_err": 20.71286248704738}