{"dim0": -0.4666666666666667, "dim1": 0.9333333333333333, "scale": 15, "episode_rewards": 9.25544475006921, "episode_std_rewards": 0.3004943003363366, "episode_value_ests": 12.041028417571981, "episode_values": 6.431446110356962, "episode_td_err": 17.648552124054504, "episode_avg_len": 10.955304814591663, "episode_std_avg_len": 1.385879555416416, "step_rewards": 0.8448368079856284, "step_value_ests": 11.998478802903733, "step_values": 6.468567144213619, "step_td_err": 17.38521799107825}