{"dim0": -0.4666666666666667, "dim1": -0.4, "scale": 15, "episode_rewards": -10.618462999369829, "episode_std_rewards": 0.26085699392996575, "episode_value_ests": 23.298413623268488, "episode_values": -1.731941213990764, "episode_td_err": 10.958972173621191, "episode_avg_len": 31.2561337709017, "episode_std_avg_len": 2.638008121562245, "step_rewards": -0.33972413469944973, "step_value_ests": 23.301087778515203, "step_values": -1.5335677800230505, "step_td_err": 10.921229763714734}