{"dim0": -0.4666666666666667, "dim1": 0.4666666666666667, "scale": 15, "episode_rewards": 18.643124577797504, "episode_std_rewards": 0.23651090913441478, "episode_value_ests": 19.390832933531247, "episode_values": 10.626509715063294, "episode_td_err": 8.209918250378209, "episode_avg_len": 39.30373280943026, "episode_std_avg_len": 11.077884915439817, "step_rewards": 0.47433470678704615, "step_value_ests": 19.480306262074805, "step_values": 11.086023475633782, "step_td_err": 8.39075697780256}