{"dim0": -0.4666666666666667, "dim1": 0.8, "scale": 15, "episode_rewards": 12.064568927421256, "episode_std_rewards": 0.2539105462017387, "episode_value_ests": 12.288103545655845, "episode_values": 7.366916870655972, "episode_td_err": 11.746526107049482, "episode_avg_len": 13.52569651068434, "episode_std_avg_len": 2.519376295737754, "step_rewards": 0.8919739488381322, "step_value_ests": 12.307591041473847, "step_values": 7.464680786964894, "step_td_err": 11.289407555456298}