{"dim0": -0.4666666666666667, "dim1": 0.9333333333333333, "episode_rewards": 5.45891251549492, "episode_std_rewards": 0.20347507758265027, "episode_value_ests": 17.031662163910937, "episode_values": 5.058010093914881, "episode_td_err": 9.783355161925055, "episode_avg_len": 35.07347010345432, "episode_std_avg_len": 3.4789569570698586, "step_rewards": 0.15564221331374, "step_value_ests": 17.031500857291075, "step_values": 5.34515225253209, "step_td_err": 9.68235504184973}