{"dim0": -0.4666666666666667, "dim1": -0.6, "episode_rewards": 11.602146750681065, "episode_std_rewards": 0.32270068882219843, "episode_value_ests": 11.077535736549246, "episode_values": 6.4559736246523975, "episode_td_err": 2.858457906705279, "episode_avg_len": 23.174487313173444, "episode_std_avg_len": 10.167529733712033, "step_rewards": 0.5006430819328577, "step_value_ests": 11.67746326297044, "step_values": 6.782438150147933, "step_td_err": 3.075168277605793}