{"dim0": -0.4666666666666667, "dim1": 0.2, "scale": 15, "episode_rewards": 3.7003691917997035, "episode_std_rewards": 0.29173930235778495, "episode_value_ests": 23.607744470700403, "episode_values": 5.198336272756087, "episode_td_err": 10.508210251961259, "episode_avg_len": 33.61848739495798, "episode_std_avg_len": 3.64767605046951, "step_rewards": 0.11006947303508591, "step_value_ests": 23.598171831426136, "step_values": 5.599704422650418, "step_td_err": 10.338340799616795}