{"dim0": -0.4666666666666667, "dim1": -0.3333333333333333, "scale": 15, "episode_rewards": -8.898163592517959, "episode_std_rewards": 0.26080551897550586, "episode_value_ests": 23.356443440601005, "episode_values": -0.9888360333127977, "episode_td_err": 10.929688911817994, "episode_avg_len": 31.25, "episode_std_avg_len": 2.654300755377958, "step_rewards": -0.28474123496057463, "step_value_ests": 23.358269179456382, "step_values": -0.781281690561604, "step_td_err": 10.892927153328088}