{"dim0": -0.4666666666666667, "dim1": -0.7333333333333333, "scale": 15, "episode_rewards": -19.744226212094382, "episode_std_rewards": 0.28033340924834277, "episode_value_ests": 22.846400024693555, "episode_values": -5.426188899610547, "episode_td_err": 11.385584247661482, "episode_avg_len": 31.409704773869347, "episode_std_avg_len": 2.718471625411633, "step_rewards": -0.6286027313609195, "step_value_ests": 22.845266895290834, "step_values": -5.2639061307302795, "step_td_err": 11.319304094211478}