{"dim0": -0.4666666666666667, "dim1": 0.3333333333333333, "scale": 15, "episode_rewards": 9.69458202870558, "episode_std_rewards": 0.2722686990890011, "episode_value_ests": 22.902899369199552, "episode_values": 7.81324483919127, "episode_td_err": 9.780712836471826, "episode_avg_len": 36.87463126843658, "episode_std_avg_len": 5.699142622706379, "step_rewards": 0.2629065483565611, "step_value_ests": 22.838223153565757, "step_values": 8.218850036526414, "step_td_err": 9.652171737991011}