{"dim0": -0.4666666666666667, "dim1": -1.0, "scale": 15, "episode_rewards": -28.89761519536656, "episode_std_rewards": 0.30319984628591284, "episode_value_ests": 22.485164391414397, "episode_values": -9.176157120306929, "episode_td_err": 12.212167009319137, "episode_avg_len": 31.549526813880128, "episode_std_avg_len": 2.7539317628880697, "step_rewards": -0.9159444883545174, "step_value_ests": 22.482564004482363, "step_values": -9.035201778201834, "step_td_err": 12.114101592963477}