{"dim0": -0.4666666666666667, "dim1": -0.9333333333333333, "scale": 15, "episode_rewards": -26.42535597315878, "episode_std_rewards": 0.2961742449215136, "episode_value_ests": 22.560018581287444, "episode_values": -8.238602039147567, "episode_td_err": 11.842021499014134, "episode_avg_len": 31.48591216747993, "episode_std_avg_len": 2.7798998908157775, "step_rewards": -0.8392755411562153, "step_value_ests": 22.561832321697917, "step_values": -8.095347406862075, "step_td_err": 11.757704895820682}