{"dim0": -0.4666666666666667, "dim1": -0.6, "scale": 15, "episode_rewards": -15.662471800448506, "episode_std_rewards": 0.2746949104073958, "episode_value_ests": 23.02017055223601, "episode_values": -3.763421414952083, "episode_td_err": 11.083868415789961, "episode_avg_len": 31.329104010025063, "episode_std_avg_len": 2.640048240276383, "step_rewards": -0.49993360153027805, "step_value_ests": 23.02241387368247, "step_values": -3.581336500413133, "step_td_err": 11.036522929568784}