{"dim0": -0.4666666666666667, "dim1": 0.6, "scale": 15, "episode_rewards": 16.64768680602446, "episode_std_rewards": 0.21657482409039253, "episode_value_ests": 14.680552941075586, "episode_values": 8.936223322983398, "episode_td_err": 6.257814556126318, "episode_avg_len": 24.2647094504428, "episode_std_avg_len": 7.113969730440652, "step_rewards": 0.6860863856633017, "step_value_ests": 15.105037247590044, "step_values": 9.27130602077338, "step_td_err": 6.160787057172674}