{"dim0": -0.4666666666666667, "dim1": -1.0, "episode_rewards": 4.837804526777998, "episode_std_rewards": 0.48231559226960297, "episode_value_ests": 9.962134680268719, "episode_values": 2.825442088255251, "episode_td_err": 5.2426544654096725, "episode_avg_len": 12.577888183133137, "episode_std_avg_len": 3.3779471172514435, "step_rewards": 0.3846277257628559, "step_value_ests": 9.988708370925664, "step_values": 2.7780573926818097, "step_td_err": 5.06920495689234}