{"dim0": -0.4666666666666667, "dim1": -0.6666666666666666, "scale": 15, "episode_rewards": -17.73395266447666, "episode_std_rewards": 0.2732079917355959, "episode_value_ests": 22.943187344628445, "episode_values": -4.620537738983747, "episode_td_err": 11.234149830327048, "episode_avg_len": 31.341115637731118, "episode_std_avg_len": 2.6714007952412, "step_rewards": -0.5658366750393216, "step_value_ests": 22.945772594087465, "step_values": -4.453021348668281, "step_td_err": 11.178400583804933}