{"dim0": -0.4666666666666667, "dim1": -0.2, "scale": 15, "episode_rewards": -5.876019247109191, "episode_std_rewards": 0.26162028605608834, "episode_value_ests": 23.487957198210303, "episode_values": 0.36306753971468464, "episode_td_err": 10.751520093148585, "episode_avg_len": 31.35460103464493, "episode_std_avg_len": 2.674477222758605, "step_rewards": -0.187405326593585, "step_value_ests": 23.48927870272241, "step_values": 0.6011931439254486, "step_td_err": 10.699387257350066}