{"dim0": -0.4666666666666667, "dim1": -0.06666666666666667, "scale": 15, "episode_rewards": -3.1528665259321738, "episode_std_rewards": 0.26143800088130337, "episode_value_ests": 23.633400473141606, "episode_values": 1.6224987153865853, "episode_td_err": 10.868674245699706, "episode_avg_len": 31.60388686996366, "episode_std_avg_len": 2.7475536565158363, "step_rewards": -0.09976198620457216, "step_value_ests": 23.63414619532478, "step_values": 1.88401055590228, "step_td_err": 10.807454941732107}