{"dim0": -0.4666666666666667, "dim1": -0.26666666666666666, "scale": 15, "episode_rewards": -7.379784433557384, "episode_std_rewards": 0.2576632547365995, "episode_value_ests": 23.44906207818791, "episode_values": -0.27424544609243784, "episode_td_err": 10.888008166900574, "episode_avg_len": 31.316580554250823, "episode_std_avg_len": 2.654697798966329, "step_rewards": -0.23565102903789645, "step_value_ests": 23.45370594595061, "step_values": -0.06060600006658971, "step_td_err": 10.849278516895131}