{"dim0": -0.4666666666666667, "dim1": -0.4666666666666667, "episode_rewards": 13.123984827545112, "episode_std_rewards": 0.32745461607014825, "episode_value_ests": 12.4663631735401, "episode_values": 7.0349381992311795, "episode_td_err": 3.7944906126942937, "episode_avg_len": 31.80836513994911, "episode_std_avg_len": 13.177637874372545, "step_rewards": 0.41259539023155556, "step_value_ests": 13.193670396685308, "step_values": 7.079567733103472, "step_td_err": 4.420569718226974}