{"dim0": -0.4666666666666667, "dim1": 0.4, "scale": 15, "episode_rewards": 14.670363886116535, "episode_std_rewards": 0.24751541911218566, "episode_value_ests": 21.722190602570237, "episode_values": 9.533625747971346, "episode_td_err": 9.265762994728684, "episode_avg_len": 39.83628759211312, "episode_std_avg_len": 9.03095462760735, "step_rewards": 0.36826634139023046, "step_value_ests": 21.599978182457797, "step_values": 9.936600217545104, "step_td_err": 9.24496658676226}