{"dim0": -0.4666666666666667, "dim1": 0.06666666666666667, "scale": 15, "episode_rewards": -0.18549352150264659, "episode_std_rewards": 0.27386811096709723, "episode_value_ests": 23.713858984031383, "episode_values": 3.147776519894559, "episode_td_err": 10.835400175726749, "episode_avg_len": 32.20093382708099, "episode_std_avg_len": 3.0371296100963585, "step_rewards": -0.00576050131026469, "step_value_ests": 23.71299820919633, "step_values": 3.4757327119586674, "step_td_err": 10.727443638790792}