{"dim0": -0.4666666666666667, "dim1": 0.6, "episode_rewards": 6.468022432034442, "episode_std_rewards": 0.2092294508859233, "episode_value_ests": 17.02948645533324, "episode_values": 5.041696179214413, "episode_td_err": 9.763523624712882, "episode_avg_len": 35.24242424242424, "episode_std_avg_len": 3.752951017452561, "step_rewards": 0.18352944132169957, "step_value_ests": 17.02879753880172, "step_values": 5.339071688323016, "step_td_err": 9.649008799109453}