{"dim0": -0.5333333333333333, "dim1": -0.4666666666666667, "scale": 15, "episode_rewards": -17.219837852930855, "episode_std_rewards": 0.26446697698809457, "episode_value_ests": 23.783627463327313, "episode_values": -4.528985083449582, "episode_td_err": 13.130044453626368, "episode_avg_len": 30.931642437364676, "episode_std_avg_len": 2.563326800590335, "step_rewards": -0.5567062236607814, "step_value_ests": 23.783697140379903, "step_values": -4.338063082142212, "step_td_err": 13.08304756292822}