{"dim0": -0.5333333333333333, "dim1": -0.2, "scale": 15, "episode_rewards": -11.091301431650242, "episode_std_rewards": 0.2536258940393671, "episode_value_ests": 24.060885350235395, "episode_values": -2.069060427435273, "episode_td_err": 12.966453482858375, "episode_avg_len": 30.95635350564928, "episode_std_avg_len": 2.5479670629010105, "step_rewards": -0.3582883697728213, "step_value_ests": 24.06490080918266, "step_values": -1.8488362505243923, "step_td_err": 12.930537894582358}