{"dim0": -0.5333333333333333, "dim1": -0.13333333333333333, "scale": 15, "episode_rewards": -9.657444835365183, "episode_std_rewards": 0.251637838162855, "episode_value_ests": 24.12544357083217, "episode_values": -1.4251623569670302, "episode_td_err": 12.979342220334244, "episode_avg_len": 30.947083397802878, "episode_std_avg_len": 2.5604830445306384, "step_rewards": -0.312063166380675, "step_value_ests": 24.127619646892487, "step_values": -1.2017968828072148, "step_td_err": 12.94101387336205}