{"dim0": -0.5333333333333333, "dim1": 0.8666666666666667, "scale": 15, "episode_rewards": 9.448726094048023, "episode_std_rewards": 0.2873263953626589, "episode_value_ests": 12.127609633773133, "episode_values": 6.60051897812576, "episode_td_err": 14.880265925439264, "episode_avg_len": 12.069277653732424, "episode_std_avg_len": 1.9040477775998608, "step_rewards": 0.782874200522349, "step_value_ests": 12.096909669312387, "step_values": 6.672153429320822, "step_td_err": 14.476392314232301}