{"dim0": -0.5333333333333333, "dim1": 0.4666666666666667, "scale": 15, "episode_rewards": 16.40915904318611, "episode_std_rewards": 0.24363893829688102, "episode_value_ests": 19.683981301843744, "episode_values": 9.98132432041573, "episode_td_err": 8.438217989691795, "episode_avg_len": 39.29783889980354, "episode_std_avg_len": 10.746740504867432, "step_rewards": 0.41755881500313613, "step_value_ests": 19.77159718514647, "step_values": 10.426982191721368, "step_td_err": 8.577849052153983}