{"dim0": -0.5333333333333333, "dim1": -0.8666666666666667, "scale": 15, "episode_rewards": -29.42404691800735, "episode_std_rewards": 0.2905763902537433, "episode_value_ests": 23.314086258213322, "episode_values": -9.488795722255604, "episode_td_err": 14.126343620118826, "episode_avg_len": 31.224164845457384, "episode_std_avg_len": 2.615550033873284, "step_rewards": -0.9423485644416868, "step_value_ests": 23.3146018636033, "step_values": -9.339768398996592, "step_td_err": 14.040218653260554}