{"dim0": -0.5333333333333333, "dim1": 0.5333333333333333, "scale": 15, "episode_rewards": 16.752701612825597, "episode_std_rewards": 0.22527349596796847, "episode_value_ests": 16.865871527280728, "episode_values": 9.643150264142493, "episode_td_err": 6.643188954232779, "episode_avg_len": 32.078267842822775, "episode_std_avg_len": 10.088571708458662, "step_rewards": 0.5222445829965181, "step_value_ests": 17.30895549426295, "step_values": 10.110696656870449, "step_td_err": 6.812659044828405}