{"dim0": -0.5333333333333333, "dim1": 0.3333333333333333, "scale": 15, "episode_rewards": 5.453645581412803, "episode_std_rewards": 0.28369166098695753, "episode_value_ests": 23.437403606753875, "episode_values": 5.983816119341651, "episode_td_err": 11.34565746306252, "episode_avg_len": 36.57414518193454, "episode_std_avg_len": 5.499067959537366, "step_rewards": 0.1491120449783357, "step_value_ests": 23.37496325943834, "step_values": 6.4274972401145405, "step_td_err": 11.155785042644474}