{"dim0": -0.5333333333333333, "dim1": -0.6666666666666666, "scale": 15, "episode_rewards": -22.879902680850286, "episode_std_rewards": 0.2704291872216136, "episode_value_ests": 23.55668180195023, "episode_values": -6.824573560576329, "episode_td_err": 13.539357865283714, "episode_avg_len": 31.10122842481729, "episode_std_avg_len": 2.584570207186649, "step_rewards": -0.7356591311548717, "step_value_ests": 23.55870067185336, "step_values": -6.655355141732483, "step_td_err": 13.478019877955967}