{"dim0": -0.5333333333333333, "dim1": 0.9333333333333333, "scale": 15, "episode_rewards": 8.025145464781538, "episode_std_rewards": 0.311524807139359, "episode_value_ests": 12.00822521118583, "episode_values": 6.089472619221083, "episode_td_err": 18.13504718670306, "episode_avg_len": 10.99681108423136, "episode_std_avg_len": 1.4285223125732205, "step_rewards": 0.7297702400552303, "step_value_ests": 11.961876674536066, "step_values": 6.128790767780798, "step_td_err": 17.84399986180675}