{"dim0": -0.5333333333333333, "dim1": -0.9333333333333333, "scale": 15, "episode_rewards": -31.953422220767546, "episode_std_rewards": 0.29224616219961286, "episode_value_ests": 23.267755201691347, "episode_values": -10.477157241682509, "episode_td_err": 14.445305109967713, "episode_avg_len": 31.31360576170346, "episode_std_avg_len": 2.686327076908453, "step_rewards": -1.0204325386202115, "step_value_ests": 23.263348337304443, "step_values": -10.328390983484628, "step_td_err": 14.344400600801292}