{"dim0": -0.5333333333333333, "dim1": -0.3333333333333333, "scale": 15, "episode_rewards": -13.917785592142451, "episode_std_rewards": 0.25216486819575845, "episode_value_ests": 23.93632620144971, "episode_values": -3.17279920141251, "episode_td_err": 13.033156046328989, "episode_avg_len": 30.934735539746367, "episode_std_avg_len": 2.5251735491672047, "step_rewards": -0.44990801923165763, "step_value_ests": 23.940146915522227, "step_values": -2.9885282055149687, "step_td_err": 13.008759805738796}