{"dim0": -0.5333333333333333, "dim1": 0.0, "episode_rewards": 4.999299810955417, "episode_std_rewards": 0.20875264079273104, "episode_value_ests": 16.927526641143047, "episode_values": 3.679028172328043, "episode_td_err": 9.61228224032617, "episode_avg_len": 37.31132251445626, "episode_std_avg_len": 5.262010319876444, "step_rewards": 0.13398881288698464, "step_value_ests": 16.916534189960366, "step_values": 3.9511129889804693, "step_td_err": 9.45045527088797}