{"dim0": -0.5333333333333333, "dim1": -0.13333333333333333, "episode_rewards": 5.276884510807488, "episode_std_rewards": 0.2133105602528072, "episode_value_ests": 16.674749242853167, "episode_values": 3.3355663176955592, "episode_td_err": 9.311096094818094, "episode_avg_len": 39.15384615384615, "episode_std_avg_len": 6.952190800293041, "step_rewards": 0.13477308180844272, "step_value_ests": 16.642613157080664, "step_values": 3.5188522802168767, "step_td_err": 9.13703767076119}