{"dim0": -0.5333333333333333, "dim1": 0.6666666666666666, "scale": 15, "episode_rewards": 13.630125926815802, "episode_std_rewards": 0.21263890846430625, "episode_value_ests": 13.327660413170742, "episode_values": 7.897537889050647, "episode_td_err": 7.226213148776786, "episode_avg_len": 19.260496918335903, "episode_std_avg_len": 4.894184190465886, "step_rewards": 0.7076725997572777, "step_value_ests": 13.614194509236233, "step_values": 8.079085021343827, "step_td_err": 6.761650272937241}