{"dim0": -0.5333333333333333, "dim1": 0.13333333333333333, "episode_rewards": 4.82895925224056, "episode_std_rewards": 0.21324103169847095, "episode_value_ests": 16.99445117363619, "episode_values": 3.8200669082738443, "episode_td_err": 9.724069949918341, "episode_avg_len": 36.21636791598769, "episode_std_avg_len": 4.483305188159141, "step_rewards": 0.1333363760673753, "step_value_ests": 16.991970554347667, "step_values": 4.106538457552049, "step_td_err": 9.58126506902481}