{"dim0": -0.5333333333333333, "dim1": -0.26666666666666666, "scale": 15, "episode_rewards": -12.540343862590966, "episode_std_rewards": 0.2533369400258241, "episode_value_ests": 24.01039461854542, "episode_values": -2.6400749217036616, "episode_td_err": 13.035814528643579, "episode_avg_len": 30.903121137206426, "episode_std_avg_len": 2.537550408476773, "step_rewards": -0.4057953825088809, "step_value_ests": 24.01199021131029, "step_values": -2.429198371822471, "step_td_err": 12.994801736384536}