{"dim0": -0.5333333333333333, "dim1": -0.7333333333333333, "scale": 15, "episode_rewards": -25.14552652818952, "episode_std_rewards": 0.27951276154887633, "episode_value_ests": 23.504360468428814, "episode_values": -7.772693341973812, "episode_td_err": 13.922642365318527, "episode_avg_len": 31.153271028037384, "episode_std_avg_len": 2.6141593035311574, "step_rewards": -0.8071552584497146, "step_value_ests": 23.50484789635798, "step_values": -7.603734915837627, "step_td_err": 13.848317181810206}