{"dim0": -0.5333333333333333, "dim1": 1.0, "episode_rewards": 2.6354056523970013, "episode_std_rewards": 0.21563207606651794, "episode_value_ests": 17.038933510550194, "episode_values": 3.9151036886356123, "episode_td_err": 10.047781865122001, "episode_avg_len": 34.37865245788931, "episode_std_avg_len": 3.3415832871225177, "step_rewards": 0.07665820106314902, "step_value_ests": 17.038553852664617, "step_values": 4.220338220353187, "step_td_err": 9.942790338983515}