{"dim0": -0.5333333333333333, "dim1": 0.4, "scale": 15, "episode_rewards": 11.326799426041383, "episode_std_rewards": 0.26710141577155516, "episode_value_ests": 22.157116731689396, "episode_values": 8.295092656840103, "episode_td_err": 10.258145178175106, "episode_avg_len": 39.59540775930325, "episode_std_avg_len": 9.166458071404952, "step_rewards": 0.28606346207863115, "step_value_ests": 22.01057947170088, "step_values": 8.789026714063363, "step_td_err": 10.164877689605607}