{"dim0": -0.5333333333333333, "dim1": 0.13333333333333333, "scale": 15, "episode_rewards": -3.5682020326266426, "episode_std_rewards": 0.28805872322599463, "episode_value_ests": 24.180325983681534, "episode_values": 1.619718467139562, "episode_td_err": 12.75831138804105, "episode_avg_len": 32.19105102205054, "episode_std_avg_len": 3.1998265293000534, "step_rewards": -0.11084453347554453, "step_value_ests": 24.178099736324626, "step_values": 2.0059587646538013, "step_td_err": 12.615421451735534}