{"dim0": -0.5333333333333333, "dim1": 0.2, "episode_rewards": 4.883590537352765, "episode_std_rewards": 0.21002412841688237, "episode_value_ests": 17.00642097223983, "episode_values": 3.9277060329812574, "episode_td_err": 9.773134546377953, "episode_avg_len": 35.78139534883721, "episode_std_avg_len": 4.2882054224709565, "step_rewards": 0.13648407195253404, "step_value_ests": 17.00450894407525, "step_values": 4.217183406155671, "step_td_err": 9.63961953499883}