{"dim0": -0.5333333333333333, "dim1": 0.2, "scale": 15, "episode_rewards": -1.1721895019142206, "episode_std_rewards": 0.29804900509434085, "episode_value_ests": 24.130621359109032, "episode_values": 2.9188190321442984, "episode_td_err": 12.456017319242921, "episode_avg_len": 33.08751033912324, "episode_std_avg_len": 3.6298711780627495, "step_rewards": -0.035426947809010685, "step_value_ests": 24.125474881876336, "step_values": 3.358715553881172, "step_td_err": 12.274303660585746}