{"dim0": -0.5333333333333333, "dim1": 0.5333333333333333, "episode_rewards": 4.173534163866933, "episode_std_rewards": 0.21346291000088663, "episode_value_ests": 17.034409363023613, "episode_values": 3.9572818716974987, "episode_td_err": 9.968995212642735, "episode_avg_len": 34.6752773925104, "episode_std_avg_len": 3.5657776441304803, "step_rewards": 0.12036051266797898, "step_value_ests": 17.033488743846647, "step_values": 4.245480268454676, "step_td_err": 9.857379731229974}