{"dim0": -0.5333333333333333, "dim1": -0.8, "scale": 15, "episode_rewards": -27.06526790359129, "episode_std_rewards": 0.2781280696087505, "episode_value_ests": 23.39391702790174, "episode_values": -8.525507300246446, "episode_td_err": 13.821611240745167, "episode_avg_len": 31.10793157076205, "episode_std_avg_len": 2.6127780121711623, "step_rewards": -0.8700439578255209, "step_value_ests": 23.39925708959837, "step_values": -8.373256329789315, "step_td_err": 13.761728048701622}