{"dim0": -0.5333333333333333, "dim1": -0.5333333333333333, "episode_rewards": 12.567430177529825, "episode_std_rewards": 0.3061669345094608, "episode_value_ests": 11.816345231052981, "episode_values": 6.958788106605359, "episode_td_err": 3.013621134450928, "episode_avg_len": 27.956947162426616, "episode_std_avg_len": 11.941233537225314, "step_rewards": 0.449527986890504, "step_value_ests": 12.572902552509277, "step_values": 7.190490213625754, "step_td_err": 3.5133309831970756}