{"dim0": -0.5333333333333333, "dim1": -0.9333333333333333, "episode_rewards": 5.757767359283033, "episode_std_rewards": 0.4064965851276558, "episode_value_ests": 9.915964881806143, "episode_values": 3.320542716330072, "episode_td_err": 4.397176525627504, "episode_avg_len": 13.91442882983164, "episode_std_avg_len": 3.9327230417631793, "step_rewards": 0.41379832616188666, "step_value_ests": 10.040839946002082, "step_values": 3.3573274107270232, "step_td_err": 4.2168238298548415}