{"dim0": -0.5333333333333333, "dim1": 0.8, "scale": 15, "episode_rewards": 10.827820140039693, "episode_std_rewards": 0.26001861639313034, "episode_value_ests": 12.249081631958255, "episode_values": 7.042550527126434, "episode_td_err": 11.985766831770661, "episode_avg_len": 13.620292815798434, "episode_std_avg_len": 2.574418462794909, "step_rewards": 0.7949770453892372, "step_value_ests": 12.259579084592701, "step_values": 7.142683672916419, "step_td_err": 11.488185757205065}