{"dim0": -0.5333333333333333, "dim1": -0.6, "scale": 15, "episode_rewards": -20.78681591744376, "episode_std_rewards": 0.268297643451547, "episode_value_ests": 23.63708727448307, "episode_values": -5.95119922725516, "episode_td_err": 13.37171736099248, "episode_avg_len": 30.997365566403225, "episode_std_avg_len": 2.557837253230444, "step_rewards": -0.6705994376494285, "step_value_ests": 23.63898962445893, "step_values": -5.781644559754463, "step_td_err": 13.322559379471945}