{"dim0": -0.5333333333333333, "dim1": 1.0, "scale": 15, "episode_rewards": 6.753345470975676, "episode_std_rewards": 0.3264735678860676, "episode_value_ests": 11.880205515324281, "episode_values": 5.596482502646037, "episode_td_err": 21.38031947304171, "episode_avg_len": 10.30470400329744, "episode_std_avg_len": 1.1391871943537792, "step_rewards": 0.655365303924756, "step_value_ests": 11.81754596646396, "step_values": 5.61431919897007, "step_td_err": 21.193013885371354}