{"dim0": -0.5333333333333333, "dim1": -0.26666666666666666, "episode_rewards": 7.7860788351110894, "episode_std_rewards": 0.27068093191859405, "episode_value_ests": 15.799287274263783, "episode_values": 4.086202898721683, "episode_td_err": 8.100271161109221, "episode_avg_len": 40.89695358822327, "episode_std_avg_len": 10.769191165065125, "step_rewards": 0.19038285622705106, "step_value_ests": 15.87517148979164, "step_values": 4.160109006833884, "step_td_err": 8.068678380640808}