{"dim0": -0.5333333333333333, "dim1": 0.8666666666666667, "episode_rewards": 3.104521221293017, "episode_std_rewards": 0.21285046352798276, "episode_value_ests": 17.038691014929206, "episode_values": 3.9109385641076946, "episode_td_err": 10.027674616421786, "episode_avg_len": 34.39202200825309, "episode_std_avg_len": 3.356976297088352, "step_rewards": 0.0902686448778156, "step_value_ests": 17.038252335703145, "step_values": 4.202113134359183, "step_td_err": 9.92275612128257}