{"dim0": -0.5333333333333333, "dim1": -0.4, "scale": 15, "episode_rewards": -15.566619852937306, "episode_std_rewards": 0.25685549528169405, "episode_value_ests": 23.88742254301741, "episode_values": -3.9039276823109557, "episode_td_err": 13.150095644713277, "episode_avg_len": 30.89034749034749, "episode_std_avg_len": 2.4880920018665686, "step_rewards": -0.5039315228746297, "step_value_ests": 23.89014542004354, "step_values": -3.721930699173117, "step_td_err": 13.11519585517313}