{"dim0": -0.5333333333333333, "dim1": 0.06666666666666667, "scale": 15, "episode_rewards": -5.405203740393791, "episode_std_rewards": 0.2785479424618722, "episode_value_ests": 24.215382004154375, "episode_values": 0.6755658042423388, "episode_td_err": 12.862090221253338, "episode_avg_len": 31.683351813717724, "episode_std_avg_len": 2.935173182059952, "step_rewards": -0.1706007550013549, "step_value_ests": 24.214148216819726, "step_values": 1.0078860367322746, "step_td_err": 12.757538795253016}