{"dim0": -0.5333333333333333, "dim1": 0.7333333333333333, "scale": 15, "episode_rewards": 12.214250557258776, "episode_std_rewards": 0.234128971720648, "episode_value_ests": 12.560640325000163, "episode_values": 7.45160838811522, "episode_td_err": 9.405926532257503, "episode_avg_len": 15.893277177368086, "episode_std_avg_len": 3.5391021544813044, "step_rewards": 0.7685168024787098, "step_value_ests": 12.683645029144936, "step_values": 7.576499808798066, "step_td_err": 8.847286545983238}