{"dim0": -0.5333333333333333, "dim1": -0.4666666666666667, "episode_rewards": 12.811098964950427, "episode_std_rewards": 0.32344603013334733, "episode_value_ests": 12.72526402829581, "episode_values": 6.949454501676377, "episode_td_err": 3.908606223155396, "episode_avg_len": 32.76085176085176, "episode_std_avg_len": 13.244793105271544, "step_rewards": 0.39104901967961975, "step_value_ests": 13.461967223085743, "step_values": 7.008672990242947, "step_td_err": 4.546340266781139}