{"dim0": -0.6, "dim1": -0.8, "scale": 15, "episode_rewards": -32.134433863371356, "episode_std_rewards": 0.27344518877843754, "episode_value_ests": 23.9239068952216, "episode_values": -10.665241125462167, "episode_td_err": 16.12250079078859, "episode_avg_len": 30.922541743970314, "episode_std_avg_len": 2.509912119110954, "step_rewards": -1.039191219448749, "step_value_ests": 23.926241082553574, "step_values": -10.52045041007058, "step_td_err": 16.048555299163194}