{"dim0": -0.6, "dim1": 0.9333333333333333, "scale": 15, "episode_rewards": 6.703192307164887, "episode_std_rewards": 0.31538187870547996, "episode_value_ests": 11.9934648203717, "episode_values": 5.728710948148162, "episode_td_err": 18.737272935941906, "episode_avg_len": 11.057220256523662, "episode_std_avg_len": 1.448087718470736, "step_rewards": 0.6062276188457096, "step_value_ests": 11.948512067627457, "step_values": 5.771175560269606, "step_td_err": 18.410941843261075}