{"dim0": -0.6, "dim1": -0.5333333333333333, "scale": 15, "episode_rewards": -23.741843511830073, "episode_std_rewards": 0.2568896380334798, "episode_value_ests": 24.197424402829128, "episode_values": -7.301601879221046, "episode_td_err": 15.359749080078101, "episode_avg_len": 30.703715075222597, "episode_std_avg_len": 2.4263220521024866, "step_rewards": -0.7732563780527444, "step_value_ests": 24.200071286060147, "step_values": -7.138281683449246, "step_td_err": 15.311167661941463}