{"dim0": -0.6, "dim1": 1.0, "scale": 15, "episode_rewards": 5.384945936273082, "episode_std_rewards": 0.3323456136864902, "episode_value_ests": 11.894093661325543, "episode_values": 5.20880299759774, "episode_td_err": 22.159753958360696, "episode_avg_len": 10.314595152140278, "episode_std_avg_len": 1.1554960840277302, "step_rewards": 0.5220705085216752, "step_value_ests": 11.832670485062302, "step_values": 5.229399771998478, "step_td_err": 21.939303903528476}