{"dim0": -0.6, "dim1": 0.06666666666666667, "scale": 15, "episode_rewards": -10.064460199409295, "episode_std_rewards": 0.2691800835560461, "episode_value_ests": 24.628728715885863, "episode_values": -1.4826987412003465, "episode_td_err": 14.867263830243862, "episode_avg_len": 31.29145807259074, "episode_std_avg_len": 2.8126750706396995, "step_rewards": -0.3216360252712257, "step_value_ests": 24.628691400474505, "step_values": -1.1724847854906162, "step_td_err": 14.773998771960416}