{"dim0": -0.6, "dim1": 0.2, "episode_rewards": 2.200975521365583, "episode_std_rewards": 0.21847229015162117, "episode_value_ests": 17.015780908388425, "episode_values": 2.7473514267725334, "episode_td_err": 10.026807680491176, "episode_avg_len": 35.09668362870679, "episode_std_avg_len": 3.9044053324773658, "step_rewards": 0.06271178053886917, "step_value_ests": 17.014258016777863, "step_values": 3.0307239190747586, "step_td_err": 9.89976746336548}