{"dim0": -0.6, "dim1": -0.4, "scale": 15, "episode_rewards": -20.205836883975717, "episode_std_rewards": 0.24741151443911483, "episode_value_ests": 24.35667570709764, "episode_values": -5.838413915429581, "episode_td_err": 15.030921424218871, "episode_avg_len": 30.674129734703268, "episode_std_avg_len": 2.4124773319564192, "step_rewards": -0.658725677263984, "step_value_ests": 24.361181593052255, "step_values": -5.672086437871362, "step_td_err": 15.00927657931054}