{"dim0": -0.6, "dim1": -0.8666666666666667, "scale": 15, "episode_rewards": -34.43401843699381, "episode_std_rewards": 0.2830066197704973, "episode_value_ests": 23.8838894854507, "episode_values": -11.551286329012607, "episode_td_err": 16.424489889460236, "episode_avg_len": 30.996590732992406, "episode_std_avg_len": 2.54011439810318, "step_rewards": -1.1108969606887331, "step_value_ests": 23.88592954631938, "step_values": -11.405671500633106, "step_td_err": 16.343265564226982}