{"dim0": -0.6, "dim1": -0.06666666666666667, "scale": 15, "episode_rewards": -13.083055083761714, "episode_std_rewards": 0.2503901252253412, "episode_value_ests": 24.587181349023272, "episode_values": -3.01189618041798, "episode_td_err": 14.909319445394779, "episode_avg_len": 30.725499231950845, "episode_std_avg_len": 2.515099321529396, "step_rewards": -0.42580447546176564, "step_value_ests": 24.588811042461998, "step_values": -2.785356495981269, "step_td_err": 14.865533697219915}