{"dim0": -0.6, "dim1": -0.9333333333333333, "episode_rewards": 5.598874638509336, "episode_std_rewards": 0.3896290463388283, "episode_value_ests": 9.889817793917269, "episode_values": 3.2774139350915044, "episode_td_err": 4.179808870348789, "episode_avg_len": 14.2435550491383, "episode_std_avg_len": 4.053086006564534, "step_rewards": 0.3930812651191357, "step_value_ests": 10.049168655088716, "step_values": 3.3504249547111726, "step_td_err": 3.9915985101363174}