{"dim0": -0.6, "dim1": 0.8666666666666667, "episode_rewards": 0.5187001966014971, "episode_std_rewards": 0.22126615339942043, "episode_value_ests": 17.04171051562224, "episode_values": 2.8055213839612394, "episode_td_err": 10.27878888755225, "episode_avg_len": 33.82479282935904, "episode_std_avg_len": 3.2203186885480655, "step_rewards": 0.015334911265185306, "step_value_ests": 17.040940493691853, "step_values": 3.099991374555603, "step_td_err": 10.17157677136354}