{"dim0": -0.6, "dim1": -1.0, "scale": 15, "episode_rewards": -39.58570501821959, "episode_std_rewards": 0.29625327063509826, "episode_value_ests": 23.71896762387272, "episode_values": -13.708498969213352, "episode_td_err": 17.159445591070334, "episode_avg_len": 31.112459169388707, "episode_std_avg_len": 2.579629089122058, "step_rewards": -1.2723425301323543, "step_value_ests": 23.719363765737512, "step_values": -13.575517441141843, "step_td_err": 17.045431570236502}