{"dim0": -0.6, "dim1": 0.13333333333333333, "episode_rewards": 2.249924517582194, "episode_std_rewards": 0.21767244607103864, "episode_value_ests": 17.0021944795484, "episode_values": 2.687399694530548, "episode_td_err": 9.99107901979132, "episode_avg_len": 35.435429583702394, "episode_std_avg_len": 4.110426891022515, "step_rewards": 0.06349364305765291, "step_value_ests": 17.00003581733519, "step_values": 2.9700965648128057, "step_td_err": 9.855538731273912}