{"dim0": -0.6, "dim1": -0.7333333333333333, "scale": 15, "episode_rewards": -29.750483561147718, "episode_std_rewards": 0.27093258335973536, "episode_value_ests": 24.019624780204744, "episode_values": -9.68446570764732, "episode_td_err": 15.897337879102235, "episode_avg_len": 30.856062943535946, "episode_std_avg_len": 2.515570356561084, "step_rewards": -0.9641697845764916, "step_value_ests": 24.02095834122328, "step_values": -9.52811762726379, "step_td_err": 15.822958799775622}