{"dim0": -0.6, "dim1": -0.13333333333333333, "scale": 15, "episode_rewards": -14.442679356184748, "episode_std_rewards": 0.23988477520949503, "episode_value_ests": 24.553969494285525, "episode_values": -3.5923196296744853, "episode_td_err": 14.870871395377499, "episode_avg_len": 30.61380682687892, "episode_std_avg_len": 2.456062222030201, "step_rewards": -0.4717701211697748, "step_value_ests": 24.55760282191545, "step_values": -3.397391140098043, "step_td_err": 14.847554292038371}