{"dim0": -0.6, "dim1": 0.13333333333333333, "scale": 15, "episode_rewards": -8.097940780652126, "episode_std_rewards": 0.2872613236874666, "episode_value_ests": 24.602570820906823, "episode_values": -0.47189281737891264, "episode_td_err": 14.720669536374235, "episode_avg_len": 31.855390985825768, "episode_std_avg_len": 3.113520674641583, "step_rewards": -0.2542094298655869, "step_value_ests": 24.600140178191513, "step_values": -0.08851758739134025, "step_td_err": 14.57288628534598}