{"dim0": -0.6, "dim1": -0.26666666666666666, "scale": 15, "episode_rewards": -17.14221087123494, "episode_std_rewards": 0.24086251773387796, "episode_value_ests": 24.476634609701023, "episode_values": -4.662707076828242, "episode_td_err": 14.960465522855467, "episode_avg_len": 30.56854653828519, "episode_std_avg_len": 2.3825299921768144, "step_rewards": -0.5607793896829669, "step_value_ests": 24.47989224355973, "step_values": -4.4887442313772645, "step_td_err": 14.940841720516598}