{"dim0": -0.6, "dim1": 0.2, "scale": 15, "episode_rewards": -5.963175868551503, "episode_std_rewards": 0.2975020113634854, "episode_value_ests": 24.538376695326917, "episode_values": 0.731032415016401, "episode_td_err": 14.427487090317047, "episode_avg_len": 32.66987912446913, "episode_std_avg_len": 3.5216654708751114, "step_rewards": -0.18252825013010826, "step_value_ests": 24.533064772266407, "step_values": 1.1652613580799212, "step_td_err": 14.23478557423661}