{"dim0": -0.6, "dim1": -0.2, "scale": 15, "episode_rewards": -15.795956529677355, "episode_std_rewards": 0.23969420589692272, "episode_value_ests": 24.502902939552087, "episode_values": -4.148796827442151, "episode_td_err": 14.91713617257154, "episode_avg_len": 30.575053500458576, "episode_std_avg_len": 2.411333448950844, "step_rewards": -0.5166289089057666, "step_value_ests": 24.507680540748684, "step_values": -3.960571166245233, "step_td_err": 14.893269853764687}