{"dim0": -0.6, "dim1": 0.9333333333333333, "episode_rewards": 0.20325652790126134, "episode_std_rewards": 0.2219805627587261, "episode_value_ests": 17.043411524259028, "episode_values": 2.7611228419131124, "episode_td_err": 10.288590418074866, "episode_avg_len": 33.80716579347642, "episode_std_avg_len": 3.2363642829944403, "step_rewards": 0.006012232115017538, "step_value_ests": 17.04274292930239, "step_values": 3.0652617147254584, "step_td_err": 10.18027775265069}