{"dim0": -0.6, "dim1": 0.26666666666666666, "episode_rewards": 2.0944548114853254, "episode_std_rewards": 0.21934973516514222, "episode_value_ests": 17.022583074831036, "episode_values": 2.7525091126301118, "episode_td_err": 10.083379504965295, "episode_avg_len": 34.78177708224656, "episode_std_avg_len": 3.8307328331518895, "step_rewards": 0.06021701555192774, "step_value_ests": 17.021335982647038, "step_values": 3.0359746318833243, "step_td_err": 9.956611104923116}