{"dim0": -0.6, "dim1": 0.0, "scale": 15, "episode_rewards": -11.702897644756312, "episode_std_rewards": 0.253359411998827, "episode_value_ests": 24.64117336256557, "episode_values": -2.358101576208488, "episode_td_err": 14.924042290258635, "episode_avg_len": 30.948940120686988, "episode_std_avg_len": 2.620192900731882, "step_rewards": -0.37813565179034436, "step_value_ests": 24.640605373333308, "step_values": -2.109552047894791, "step_td_err": 14.86807884474263}