{"dim0": -0.6, "dim1": -0.8666666666666667, "episode_rewards": 6.7023438991406215, "episode_std_rewards": 0.3511095843964817, "episode_value_ests": 10.015446480490818, "episode_values": 3.8678054640139155, "episode_td_err": 3.647293242996841, "episode_avg_len": 15.474160606529475, "episode_std_avg_len": 4.816008730581353, "step_rewards": 0.43313133872427956, "step_value_ests": 10.240719257369399, "step_values": 3.9922524803053303, "step_td_err": 3.4729473275584763}