{"dim0": -0.6, "dim1": 0.3333333333333333, "scale": 15, "episode_rewards": 1.71161280993721, "episode_std_rewards": 0.2954075205791933, "episode_value_ests": 23.847025992429142, "episode_values": 4.481805081270185, "episode_td_err": 12.837566833128658, "episode_avg_len": 36.229668538308275, "episode_std_avg_len": 5.450918480329081, "step_rewards": 0.04724340241002748, "step_value_ests": 23.78811444771134, "step_values": 4.961083601565711, "step_td_err": 12.597953300294895}