{"dim0": -0.6, "dim1": 0.7333333333333333, "episode_rewards": 0.8789706306058344, "episode_std_rewards": 0.2238704148632497, "episode_value_ests": 17.04266629535516, "episode_values": 2.76609909527479, "episode_td_err": 10.288910026282784, "episode_avg_len": 33.83556081881238, "episode_std_avg_len": 3.356204976609047, "step_rewards": 0.02597771721038333, "step_value_ests": 17.041787634796993, "step_values": 3.0773565819904714, "step_td_err": 10.172960420698383}