{"dim0": -0.6, "dim1": -0.26666666666666666, "episode_rewards": 5.981294799130898, "episode_std_rewards": 0.26494662605053226, "episode_value_ests": 15.86842775338968, "episode_values": 3.4244351640791506, "episode_td_err": 8.219706487498128, "episode_avg_len": 40.390953150242325, "episode_std_avg_len": 10.045324532933567, "step_rewards": 0.148085012425487, "step_value_ests": 15.914146917966633, "step_values": 3.465554822588418, "step_td_err": 8.15732747603136}