{"dim0": -0.6, "dim1": 0.4666666666666667, "scale": 15, "episode_rewards": 14.304681760001484, "episode_std_rewards": 0.25161612143533096, "episode_value_ests": 20.030072970114954, "episode_values": 9.404787952643549, "episode_td_err": 8.589193769927967, "episode_avg_len": 39.7300357568534, "episode_std_avg_len": 11.91919321863803, "step_rewards": 0.36004703966403906, "step_value_ests": 20.110985301829686, "step_values": 9.89593682481889, "step_td_err": 8.708574773659139}