{"dim0": -0.6, "dim1": 0.4666666666666667, "episode_rewards": 1.8432461573042016, "episode_std_rewards": 0.2215573616020372, "episode_value_ests": 17.034886478589506, "episode_values": 2.852591548749027, "episode_td_err": 10.176423204625996, "episode_avg_len": 34.18321654418048, "episode_std_avg_len": 3.492443483825914, "step_rewards": 0.05392254865547476, "step_value_ests": 17.03382844220087, "step_values": 3.15269033543465, "step_td_err": 10.060765305851078}