{"dim0": -0.6, "dim1": -0.4666666666666667, "scale": 15, "episode_rewards": -22.02227824424556, "episode_std_rewards": 0.2509416314856842, "episode_value_ests": 24.29680486403715, "episode_values": -6.580540269199687, "episode_td_err": 15.290148127580348, "episode_avg_len": 30.69720687538367, "episode_std_avg_len": 2.4276387478968857, "step_rewards": -0.7174033238152816, "step_value_ests": 24.300403697985484, "step_values": -6.413069440757196, "step_td_err": 15.250455135949014}