{"dim0": -0.6, "dim1": 0.8666666666666667, "scale": 15, "episode_rewards": 8.041334025981708, "episode_std_rewards": 0.2920022541722717, "episode_value_ests": 12.083751051341169, "episode_values": 6.197214932726122, "episode_td_err": 15.444361293032184, "episode_avg_len": 12.134631719451523, "episode_std_avg_len": 1.9359080797144825, "step_rewards": 0.6626763969351985, "step_value_ests": 12.056338630133391, "step_values": 6.272597028773087, "step_td_err": 14.998951940577529}