{"dim0": -0.6, "dim1": 0.8, "scale": 15, "episode_rewards": 9.431513031580428, "episode_std_rewards": 0.2633455016624296, "episode_value_ests": 12.214015720582095, "episode_values": 6.6562242769677695, "episode_td_err": 12.364633062401369, "episode_avg_len": 13.725020587427943, "episode_std_avg_len": 2.6371409883090404, "step_rewards": 0.687176603597932, "step_value_ests": 12.228271855467044, "step_values": 6.759624884942925, "step_td_err": 11.811632050199774}