{"dim0": -0.6, "dim1": -0.2, "episode_rewards": 4.306066714246871, "episode_std_rewards": 0.22941198968776605, "episode_value_ests": 16.418065823367225, "episode_values": 2.7924403665851276, "episode_td_err": 9.052858287832398, "episode_avg_len": 39.622028526148966, "episode_std_avg_len": 8.24977585091325, "step_rewards": 0.10867860315140195, "step_value_ests": 16.380476493368, "step_values": 2.9276270104652258, "step_td_err": 8.890511696016558}