{"dim0": -0.6, "dim1": -0.6, "scale": 15, "episode_rewards": -25.591670165824056, "episode_std_rewards": 0.26082072277311247, "episode_value_ests": 24.137699658989817, "episode_values": -8.022471275912944, "episode_td_err": 15.46825243614216, "episode_avg_len": 30.76618981695124, "episode_std_avg_len": 2.462848347865077, "step_rewards": -0.83181148910821, "step_value_ests": 24.141289309020248, "step_values": -7.868512734803362, "step_td_err": 15.42776977759049}