{"dim0": -0.6, "dim1": 0.4, "scale": 15, "episode_rewards": 8.214615783357575, "episode_std_rewards": 0.279782046817231, "episode_value_ests": 22.620422421493558, "episode_values": 7.150401019450822, "episode_td_err": 11.230619933859298, "episode_avg_len": 39.54646105179913, "episode_std_avg_len": 8.969386685796364, "step_rewards": 0.20772062947928077, "step_value_ests": 22.477181481903532, "step_values": 7.672510554265666, "step_td_err": 11.060376354784022}