{"dim0": -0.6, "dim1": 0.7333333333333333, "scale": 15, "episode_rewards": 10.829494545729043, "episode_std_rewards": 0.2319907698723252, "episode_value_ests": 12.498784217821338, "episode_values": 7.080970483336337, "episode_td_err": 9.582925196908196, "episode_avg_len": 16.054503130518544, "episode_std_avg_len": 3.512676769576773, "step_rewards": 0.6745456061572466, "step_value_ests": 12.62027094378316, "step_values": 7.210213717469417, "step_td_err": 8.98245674543325}