{"dim0": -0.6, "dim1": -0.13333333333333333, "episode_rewards": 3.267811495308229, "episode_std_rewards": 0.20884424309677066, "episode_value_ests": 16.740904574100195, "episode_values": 2.5665570286355726, "episode_td_err": 9.52041555634235, "episode_avg_len": 38.297664624808576, "episode_std_avg_len": 6.515062820158905, "step_rewards": 0.0853266518290882, "step_value_ests": 16.710416497417892, "step_values": 2.722550306790378, "step_td_err": 9.353013141364002}