{"dim0": -0.6, "dim1": 0.0, "episode_rewards": 2.7071646152227937, "episode_std_rewards": 0.2137683057189062, "episode_value_ests": 16.94336927798166, "episode_values": 2.7353911291915827, "episode_td_err": 9.81771934429795, "episode_avg_len": 36.56837294332724, "episode_std_avg_len": 4.731780771786434, "step_rewards": 0.07403021784475591, "step_value_ests": 16.932709894041384, "step_values": 3.0035074078114032, "step_td_err": 9.667457468986338}