{"dim0": -0.6, "dim1": -0.4, "episode_rewards": 10.382739138996424, "episode_std_rewards": 0.3224965748248969, "episode_value_ests": 14.042478417293708, "episode_values": 5.646711719243278, "episode_td_err": 5.510985729594123, "episode_avg_len": 37.25423728813559, "episode_std_avg_len": 12.440238712560834, "step_rewards": 0.2786995492269286, "step_value_ests": 14.548141163330891, "step_values": 5.576477659166475, "step_td_err": 5.993359388152735}