{"dim0": 0.0, "dim1": 0.4666666666666667, "episode_rewards": 36.83673237161832, "episode_std_rewards": 0.22831743360282872, "episode_value_ests": 13.083463972319315, "episode_values": 19.34301933088372, "episode_td_err": 2.3474375753586445, "episode_avg_len": 43.54745319982586, "episode_std_avg_len": 12.049709794803032, "step_rewards": 0.8458986614575573, "step_value_ests": 13.196891934600956, "step_values": 19.688159025283444, "step_td_err": 2.3647488264851844}