{"dim0": 0.0, "dim1": -0.06666666666666667, "scale": 15, "episode_rewards": 33.42187189837701, "episode_std_rewards": 0.29574865577690496, "episode_value_ests": 19.168883018012927, "episode_values": 15.467374566747695, "episode_td_err": 2.674691695208004, "episode_avg_len": 47.37035282974189, "episode_std_avg_len": 18.055160358613566, "step_rewards": 0.7055440777167444, "step_value_ests": 19.231610701580472, "step_values": 15.525569434104664, "step_td_err": 2.2767708062023555}