{"dim0": 0.0, "dim1": -0.26666666666666666, "scale": 15, "episode_rewards": 27.75884889247196, "episode_std_rewards": 0.2934460581654626, "episode_value_ests": 18.83653879375787, "episode_values": 13.090264911226928, "episode_td_err": 3.1074150997691135, "episode_avg_len": 41.62117744955273, "episode_std_avg_len": 15.230693694004547, "step_rewards": 0.666940499848119, "step_value_ests": 18.708329890874406, "step_values": 13.238209698372083, "step_td_err": 2.5046664588430914}