{"dim0": 0.0, "dim1": 0.26666666666666666, "scale": 15, "episode_rewards": 34.17593917813489, "episode_std_rewards": 0.30446756738746705, "episode_value_ests": 19.796304482551914, "episode_values": 15.46859174722182, "episode_td_err": 3.6575748053308503, "episode_avg_len": 58.63529756669598, "episode_std_avg_len": 22.018943299355215, "step_rewards": 0.5828560712813086, "step_value_ests": 19.929661775325073, "step_values": 15.149216831044072, "step_td_err": 3.4536715268122684}