{"dim0": 0.0, "dim1": 0.0, "scale": 15, "episode_rewards": 35.00114266135537, "episode_std_rewards": 0.2945761712756816, "episode_value_ests": 19.33294858779424, "episode_values": 16.174528608922753, "episode_td_err": 2.5352585476552503, "episode_avg_len": 49.32749691738594, "episode_std_avg_len": 18.115066411577402, "step_rewards": 0.7095665673037401, "step_value_ests": 19.43358126348339, "step_values": 16.07820281618299, "step_td_err": 2.270481401507789}