{"dim0": 0.0, "dim1": 0.3333333333333333, "scale": 15, "episode_rewards": 31.91921560411709, "episode_std_rewards": 0.29750933335463103, "episode_value_ests": 19.364870216613593, "episode_values": 14.043733624378417, "episode_td_err": 4.738355618593488, "episode_avg_len": 60.06244371059742, "episode_std_avg_len": 23.61473401239557, "step_rewards": 0.5314338483781216, "step_value_ests": 19.468676340881753, "step_values": 13.921347271720105, "step_td_err": 4.4690264826452815}