{"dim0": 0.0, "dim1": -0.8666666666666667, "scale": 15, "episode_rewards": 9.521313392098339, "episode_std_rewards": 0.32666601775764464, "episode_value_ests": 18.062984571952626, "episode_values": 5.263953065858595, "episode_td_err": 5.409878075369359, "episode_avg_len": 31.00015499070056, "episode_std_avg_len": 10.909386971435694, "step_rewards": 0.30713760608469687, "step_value_ests": 17.47898278189251, "step_values": 5.326389392004747, "step_td_err": 3.8667457331051547}