{"dim0": 0.0, "dim1": -0.8, "episode_rewards": 8.734698040570716, "episode_std_rewards": 0.7258193486493548, "episode_value_ests": 11.786150162372156, "episode_values": 5.621678285840917, "episode_td_err": 6.093056991072219, "episode_avg_len": 7.671691599539701, "episode_std_avg_len": 2.5862120644613005, "step_rewards": 1.1385621967774089, "step_value_ests": 11.607191762092606, "step_values": 5.333683175554694, "step_td_err": 5.890241803236573}