{"dim0": 0.0, "dim1": 0.06666666666666667, "scale": 15, "episode_rewards": 36.51796599415767, "episode_std_rewards": 0.28966238557510254, "episode_value_ests": 19.513519548203437, "episode_values": 16.854636418091577, "episode_td_err": 2.5261717189732096, "episode_avg_len": 51.99740057187419, "episode_std_avg_len": 19.72909833294112, "step_rewards": 0.7023036842712966, "step_value_ests": 19.655717035588594, "step_values": 16.765660892770885, "step_td_err": 2.313483008299261}