{"dim0": 0.0, "dim1": 0.3333333333333333, "episode_rewards": 32.57757115289076, "episode_std_rewards": 0.303614412385166, "episode_value_ests": 12.715352206767918, "episode_values": 16.70722852739277, "episode_td_err": 2.7588769787410454, "episode_avg_len": 41.74457429048414, "episode_std_avg_len": 14.110902252562582, "step_rewards": 0.7804025243183991, "step_value_ests": 12.86240442324131, "step_values": 17.105465360007585, "step_td_err": 2.854425463033576}