{"dim0": 0.0, "dim1": -0.7333333333333333, "scale": 15, "episode_rewards": 13.526204353920988, "episode_std_rewards": 0.3108562752153482, "episode_value_ests": 18.162168604411534, "episode_values": 7.0183076818644095, "episode_td_err": 4.8183873012814855, "episode_avg_len": 32.61340290233165, "episode_std_avg_len": 11.606589788102374, "step_rewards": 0.4147437295773252, "step_value_ests": 17.64385945701679, "step_values": 7.156549643593545, "step_td_err": 3.456185415944253}