{"dim0": 0.0, "dim1": 1.0, "scale": 15, "episode_rewards": 11.230723849672366, "episode_std_rewards": 0.26916185996040665, "episode_value_ests": 12.657819523909536, "episode_values": 6.386270495161187, "episode_td_err": 20.67335627358893, "episode_avg_len": 10.357864208400228, "episode_std_avg_len": 0.9157688982030736, "step_rewards": 1.0842702340666186, "step_value_ests": 12.6307770635283, "step_values": 6.404438144306693, "step_td_err": 20.55259757685606}