{"dim0": 0.0, "dim1": -0.7333333333333333, "episode_rewards": 9.53543896589858, "episode_std_rewards": 0.7149380515761272, "episode_value_ests": 11.797995209062638, "episode_values": 6.111964407743241, "episode_td_err": 5.449314613104693, "episode_avg_len": 7.96404252777446, "episode_std_avg_len": 2.769777119011013, "step_rewards": 1.1973114071960191, "step_value_ests": 11.629699805117877, "step_values": 5.8210452170175095, "step_td_err": 5.296039545417498}