{"dim0": 0.0, "dim1": 0.5333333333333333, "scale": 15, "episode_rewards": 19.031426149922464, "episode_std_rewards": 0.2971240006849309, "episode_value_ests": 16.7204761889415, "episode_values": 8.366165436117845, "episode_td_err": 8.199759076210857, "episode_avg_len": 28.179064525218372, "episode_std_avg_len": 11.909264177876215, "step_rewards": 0.6753746609611762, "step_value_ests": 16.82679839170811, "step_values": 8.385675115987416, "step_td_err": 8.053313933762556}