{"dim0": 0.0, "dim1": 0.4666666666666667, "scale": 15, "episode_rewards": 21.73619816026635, "episode_std_rewards": 0.29875000743690694, "episode_value_ests": 17.611402627266582, "episode_values": 8.974875840694535, "episode_td_err": 8.169100095932942, "episode_avg_len": 41.18616144975288, "episode_std_avg_len": 19.82931548191585, "step_rewards": 0.527754891331267, "step_value_ests": 17.680549257732032, "step_values": 9.189382691907367, "step_td_err": 7.802662925139023}