{"dim0": 0.0, "dim1": -0.2, "scale": 15, "episode_rewards": 29.476014544912726, "episode_std_rewards": 0.2981943317379889, "episode_value_ests": 19.022744421604568, "episode_values": 13.823651396049973, "episode_td_err": 2.981760114770533, "episode_avg_len": 43.37952721752331, "episode_std_avg_len": 15.950855909450572, "step_rewards": 0.679491373824973, "step_value_ests": 18.94896708084243, "step_values": 13.933196914274623, "step_td_err": 2.4282454462488996}