{"dim0": 0.0, "dim1": 0.8666666666666667, "episode_rewards": 38.867935074328166, "episode_std_rewards": 0.15902498277743035, "episode_value_ests": 13.396584619994117, "episode_values": 21.75218892734258, "episode_td_err": 1.4149258227731496, "episode_avg_len": 42.04961109943242, "episode_std_avg_len": 7.644292612121677, "step_rewards": 0.9243351854650756, "step_value_ests": 13.491661026483415, "step_values": 22.078915498497974, "step_td_err": 1.4112889030769913}