{"dim0": 0.0, "dim1": 0.06666666666666667, "episode_rewards": 20.71064794042235, "episode_std_rewards": 0.5742158631316708, "episode_value_ests": 12.253650503224994, "episode_values": 10.920722692561485, "episode_td_err": 3.0406315123898575, "episode_avg_len": 28.195094446010714, "episode_std_avg_len": 15.67267194186732, "step_rewards": 0.7345479186132917, "step_value_ests": 12.444256422401867, "step_values": 11.160954772486075, "step_td_err": 3.6002312843569326}