{"dim0": 0.0, "dim1": -0.5333333333333333, "scale": 15, "episode_rewards": 19.396270136229745, "episode_std_rewards": 0.3032010562374696, "episode_value_ests": 18.476776173565018, "episode_values": 9.502445455207985, "episode_td_err": 4.068856183714269, "episode_avg_len": 35.57648523657061, "episode_std_avg_len": 12.840015294740507, "step_rewards": 0.5451991675752015, "step_value_ests": 18.120795049205437, "step_values": 9.680794817141944, "step_td_err": 3.0220978823482896}