{"dim0": 0.0, "dim1": -0.4, "scale": 15, "episode_rewards": 23.75797400508514, "episode_std_rewards": 0.283320873170398, "episode_value_ests": 18.582340735353654, "episode_values": 11.38541970550902, "episode_td_err": 3.4991196792694206, "episode_avg_len": 38.157382678367036, "episode_std_avg_len": 13.593285306908507, "step_rewards": 0.6226311224054288, "step_value_ests": 18.341719548877823, "step_values": 11.620519477954575, "step_td_err": 2.703615151378099}