{"dim0": 0.0, "dim1": -0.4666666666666667, "episode_rewards": 12.296817563626924, "episode_std_rewards": 0.7074483316931057, "episode_value_ests": 11.883052689938333, "episode_values": 7.628850686433824, "episode_td_err": 3.7988556111898872, "episode_avg_len": 9.872254306727873, "episode_std_avg_len": 4.516208553443796, "step_rewards": 1.2455936791707976, "step_value_ests": 11.742504543156825, "step_values": 7.311477403847391, "step_td_err": 3.7826514358927117}