{"dim0": 0.0, "dim1": 0.6, "scale": 15, "episode_rewards": 17.730049923604415, "episode_std_rewards": 0.29167649153962194, "episode_value_ests": 15.886972370635315, "episode_values": 8.25505115931007, "episode_td_err": 8.187894693033307, "episode_avg_len": 21.257413115102562, "episode_std_avg_len": 6.744352789669058, "step_rewards": 0.8340643251180883, "step_value_ests": 15.985630743438104, "step_values": 8.227974350532637, "step_td_err": 8.049913722519378}