{"dim0": 0.0, "dim1": -0.3333333333333333, "episode_rewards": 13.589356004334945, "episode_std_rewards": 0.7074179780931255, "episode_value_ests": 11.949226081436358, "episode_values": 8.218658339879909, "episode_td_err": 3.3031958866917805, "episode_avg_len": 11.738219588052344, "episode_std_avg_len": 6.511901314355835, "step_rewards": 1.1577016345959967, "step_value_ests": 11.853162897789538, "step_values": 7.893436117526955, "step_td_err": 3.397267765035438}