{"dim0": 0.0, "dim1": -0.6666666666666666, "scale": 15, "episode_rewards": 15.457251830427358, "episode_std_rewards": 0.30356746757822634, "episode_value_ests": 18.29336245897405, "episode_values": 7.789386617005786, "episode_td_err": 4.557261833949345, "episode_avg_len": 33.67491582491583, "episode_std_avg_len": 11.956903972280708, "step_rewards": 0.45901382235945043, "step_value_ests": 17.833579270658245, "step_values": 7.971488180328695, "step_td_err": 3.3118127539439093}