{"dim0": 0.0, "dim1": -0.3333333333333333, "scale": 15, "episode_rewards": 25.774772321349793, "episode_std_rewards": 0.2859829188467358, "episode_value_ests": 18.703520866625247, "episode_values": 12.26992706215239, "episode_td_err": 3.262886937259217, "episode_avg_len": 40.019207683073226, "episode_std_avg_len": 14.41582316746162, "step_rewards": 0.6440600355076908, "step_value_ests": 18.53286809039687, "step_values": 12.440573267768215, "step_td_err": 2.57352497916083}