{"dim0": 0.0, "dim1": -0.4666666666666667, "scale": 15, "episode_rewards": 21.718012965507068, "episode_std_rewards": 0.2864584282430995, "episode_value_ests": 18.51226405114784, "episode_values": 10.515769605412864, "episode_td_err": 3.8453091720741677, "episode_avg_len": 36.84051565377532, "episode_std_avg_len": 13.70620355679729, "step_rewards": 0.5895143588545689, "step_value_ests": 18.20349837700815, "step_values": 10.727656199138465, "step_td_err": 2.8538425968180623}