{"dim0": 0.0, "dim1": 0.6666666666666666, "scale": 15, "episode_rewards": 16.624323669920948, "episode_std_rewards": 0.28696903364484, "episode_value_ests": 15.141623357618005, "episode_values": 8.113518735558555, "episode_td_err": 8.82493717901834, "episode_avg_len": 17.053888130968623, "episode_std_avg_len": 4.175853315485496, "step_rewards": 0.9748113475502623, "step_value_ests": 15.236581371780721, "step_values": 8.095524107064493, "step_td_err": 8.62339717685817}