{"dim0": 0.0, "dim1": 1.0, "episode_rewards": 38.04487581762873, "episode_std_rewards": 0.1447920935326066, "episode_value_ests": 13.416406927715224, "episode_values": 21.743978418020895, "episode_td_err": 1.2095244981988713, "episode_avg_len": 41.2796697626419, "episode_std_avg_len": 7.032345253690569, "step_rewards": 0.921637116682056, "step_value_ests": 13.506020666993708, "step_values": 22.05626975399941, "step_td_err": 1.205654582123064}