{"dim0": 0.0, "dim1": -0.9333333333333333, "scale": 15, "episode_rewards": 7.52950093375731, "episode_std_rewards": 0.33462629980930686, "episode_value_ests": 18.148471960550584, "episode_values": 4.475477363601982, "episode_td_err": 6.033854573703671, "episode_avg_len": 30.123192771084337, "episode_std_avg_len": 11.088263280482527, "step_rewards": 0.2499569348766038, "step_value_ests": 17.485054939567185, "step_values": 4.512367951900765, "step_td_err": 4.174992376552645}