{"dim0": 0.0, "dim1": 0.8666666666666667, "scale": 15, "episode_rewards": 13.690398271276921, "episode_std_rewards": 0.26894587570984835, "episode_value_ests": 13.383163075431455, "episode_values": 7.36146982764038, "episode_td_err": 14.693366078751383, "episode_avg_len": 11.7504846953763, "episode_std_avg_len": 1.4975708058792705, "step_rewards": 1.165092217571583, "step_value_ests": 13.407139266132697, "step_values": 7.376247550390603, "step_td_err": 14.450322359026568}