{"dim0": 0.0, "dim1": 0.4, "scale": 15, "episode_rewards": 26.614802691127, "episode_std_rewards": 0.30007148712384785, "episode_value_ests": 18.682194365669652, "episode_values": 11.10971773974378, "episode_td_err": 6.703678857896115, "episode_avg_len": 55.467276760953965, "episode_std_avg_len": 24.31732147801577, "step_rewards": 0.4798289053531183, "step_value_ests": 18.794422203305512, "step_values": 11.15796394831859, "step_td_err": 6.2387232232707}