{"dim0": 0.0, "dim1": 0.13333333333333333, "scale": 15, "episode_rewards": 36.63562775553827, "episode_std_rewards": 0.2965426181729937, "episode_value_ests": 19.687095767698956, "episode_values": 16.886706082107743, "episode_td_err": 2.71312135323528, "episode_avg_len": 53.664072980949825, "episode_std_avg_len": 19.978841903169204, "step_rewards": 0.682684442691175, "step_value_ests": 19.824754332620348, "step_values": 16.690552830411956, "step_td_err": 2.4982279873131876}