{"dim0": 0.0, "dim1": 0.6666666666666666, "episode_rewards": 38.68009607386799, "episode_std_rewards": 0.18779550054606764, "episode_value_ests": 13.405604509463663, "episode_values": 21.087556455292738, "episode_td_err": 1.8172992289511003, "episode_avg_len": 43.175264407511335, "episode_std_avg_len": 9.690123112080812, "step_rewards": 0.8958855632888423, "step_value_ests": 13.50259434551336, "step_values": 21.375868470033172, "step_td_err": 1.8128645493451363}