{"dim0": 0.0, "dim1": 0.7333333333333333, "scale": 15, "episode_rewards": 15.641745596984238, "episode_std_rewards": 0.27848006015005095, "episode_value_ests": 14.468534200533547, "episode_values": 7.920487044768469, "episode_td_err": 10.127674867637436, "episode_avg_len": 14.578686493184634, "episode_std_avg_len": 2.8104955677671937, "step_rewards": 1.0729187162572273, "step_value_ests": 14.546971548344326, "step_values": 7.918733858036054, "step_td_err": 9.871799920583097}