{"dim0": 0.0, "dim1": -0.13333333333333333, "scale": 15, "episode_rewards": 31.751471766050408, "episode_std_rewards": 0.28895581793204905, "episode_value_ests": 19.071706682817126, "episode_values": 14.807078013996088, "episode_td_err": 2.7801356096885055, "episode_avg_len": 45.337035358114235, "episode_std_avg_len": 16.65412527218723, "step_rewards": 0.7003429208647552, "step_value_ests": 19.056276255142098, "step_values": 14.856305324243483, "step_td_err": 2.333753406432355}