{"dim0": 0.06666666666666667, "dim1": 0.06666666666666667, "scale": 15, "episode_rewards": 16.505145337945272, "episode_std_rewards": 0.47444878396872875, "episode_value_ests": 20.42019664178553, "episode_values": 4.292668716490026, "episode_td_err": 4.344510029953959, "episode_avg_len": 56.05015410479126, "episode_std_avg_len": 24.19541962316777, "step_rewards": 0.2944710072890662, "step_value_ests": 20.28734064708609, "step_values": 3.964872775474982, "step_td_err": 3.714732639901984}