{"dim0": 0.06666666666666667, "dim1": -0.8, "scale": 15, "episode_rewards": 8.20020634234418, "episode_std_rewards": 0.43899380755583906, "episode_value_ests": 19.416780063292492, "episode_values": 3.6756375611760026, "episode_td_err": 7.863705483923594, "episode_avg_len": 28.19977442548992, "episode_std_avg_len": 13.89935789726149, "step_rewards": 0.290789785003811, "step_value_ests": 18.574254739483784, "step_values": 3.2633145946995765, "step_td_err": 5.689398722183538}