{"dim0": 0.06666666666666667, "dim1": 1.0, "scale": 15, "episode_rewards": 11.71934406125046, "episode_std_rewards": 0.2806313644540713, "episode_value_ests": 13.778600430654537, "episode_values": 6.796569864720915, "episode_td_err": 17.68293117933222, "episode_avg_len": 10.214238292222053, "episode_std_avg_len": 0.9563869405147456, "step_rewards": 1.1473536964743145, "step_value_ests": 13.73460498769037, "step_values": 6.804604672215609, "step_td_err": 17.66674629039771}