{"dim0": 0.06666666666666667, "dim1": -0.7333333333333333, "scale": 15, "episode_rewards": 9.521984312972792, "episode_std_rewards": 0.4441385740977823, "episode_value_ests": 19.529629317687878, "episode_values": 4.132608790095806, "episode_td_err": 7.593814911801279, "episode_avg_len": 29.11835783956908, "episode_std_avg_len": 14.735375185488204, "step_rewards": 0.32700966055281183, "step_value_ests": 18.71690222634419, "step_values": 3.728095294315327, "step_td_err": 5.477632342416292}