{"dim0": 0.06666666666666667, "dim1": -0.6, "scale": 15, "episode_rewards": 11.217628802511463, "episode_std_rewards": 0.46894153420361157, "episode_value_ests": 19.59300551888762, "episode_values": 4.5375055408830836, "episode_td_err": 6.896309195264581, "episode_avg_len": 32.00464, "episode_std_avg_len": 16.342243985156994, "step_rewards": 0.350500077567236, "step_value_ests": 18.894200521676932, "step_values": 3.8532402795958065, "step_td_err": 5.059561090027099}