{"dim0": 0.06666666666666667, "dim1": 0.6666666666666666, "scale": 15, "episode_rewards": 15.665399046895946, "episode_std_rewards": 0.3242224620491821, "episode_value_ests": 16.107021320048755, "episode_values": 7.502782361701902, "episode_td_err": 8.409373327626184, "episode_avg_len": 17.436230494289948, "episode_std_avg_len": 4.575018132947293, "step_rewards": 0.8984395481595682, "step_value_ests": 16.215499267626296, "step_values": 7.288122659492493, "step_td_err": 8.233126976765016}