{"dim0": 0.06666666666666667, "dim1": -0.7333333333333333, "episode_rewards": 9.236820507881779, "episode_std_rewards": 0.7130910989356729, "episode_value_ests": 11.958067158594476, "episode_values": 5.952281034757706, "episode_td_err": 6.21377781157007, "episode_avg_len": 7.002275671323041, "episode_std_avg_len": 2.1779277115499442, "step_rewards": 1.3191169473247164, "step_value_ests": 11.849552470018676, "step_values": 5.768721320468764, "step_td_err": 5.9895394706779}