{"dim0": 0.06666666666666667, "dim1": -0.5333333333333333, "scale": 15, "episode_rewards": 12.15430323689415, "episode_std_rewards": 0.4736935985985254, "episode_value_ests": 19.719032454876036, "episode_values": 4.810022229734005, "episode_td_err": 6.5770209516534885, "episode_avg_len": 33.34005667611269, "episode_std_avg_len": 16.894484839727678, "step_rewards": 0.3645555661458249, "step_value_ests": 19.10203006020814, "step_values": 4.078904608965595, "step_td_err": 4.912010618931075}