{"dim0": 0.06666666666666667, "dim1": -1.0, "scale": 15, "episode_rewards": 4.656987997711089, "episode_std_rewards": 0.42916899600788955, "episode_value_ests": 19.304662427676224, "episode_values": 2.3766849201485836, "episode_td_err": 9.19951625081059, "episode_avg_len": 25.570625079892626, "episode_std_avg_len": 12.832118529880137, "step_rewards": 0.18212257162900158, "step_value_ests": 18.276889691655356, "step_values": 1.9819607017338559, "step_td_err": 6.459597077437846}