{"dim0": 0.06666666666666667, "dim1": 0.7333333333333333, "scale": 15, "episode_rewards": 15.462952888251056, "episode_std_rewards": 0.3082463849531588, "episode_value_ests": 15.453893895742201, "episode_values": 7.846068563725791, "episode_td_err": 9.280444980180338, "episode_avg_len": 14.694144441995444, "episode_std_avg_len": 3.076543216446754, "step_rewards": 1.0523207356025697, "step_value_ests": 15.526635565872555, "step_values": 7.735749386009308, "step_td_err": 9.130711163318647}