{"dim0": 0.06666666666666667, "dim1": -0.4, "scale": 15, "episode_rewards": 13.812187589354778, "episode_std_rewards": 0.48556345296642967, "episode_value_ests": 19.816408362565998, "episode_values": 5.095092355888803, "episode_td_err": 5.958680163153747, "episode_avg_len": 37.31735074626866, "episode_std_avg_len": 18.838637190370484, "step_rewards": 0.3701277639794902, "step_value_ests": 19.30248736942452, "step_values": 4.298373532363258, "step_td_err": 4.510883893132998}