{"dim0": 0.06666666666666667, "dim1": -0.2, "scale": 15, "episode_rewards": 15.119445786820567, "episode_std_rewards": 0.5033182102180107, "episode_value_ests": 20.028385431082995, "episode_values": 4.6972735160292745, "episode_td_err": 5.068389074788256, "episode_avg_len": 44.914009878760666, "episode_std_avg_len": 21.475542765820055, "step_rewards": 0.33663094939938515, "step_value_ests": 19.677357075874912, "step_values": 3.8059832169744907, "step_td_err": 4.020204661737619}