{"dim0": 0.06666666666666667, "dim1": 0.5333333333333333, "scale": 15, "episode_rewards": 13.14785201269386, "episode_std_rewards": 0.3865998226507521, "episode_value_ests": 17.90827451392621, "episode_values": 4.7710568275575795, "episode_td_err": 8.447994336071405, "episode_avg_len": 29.36034052546602, "episode_std_avg_len": 12.541610554652143, "step_rewards": 0.4478099292237405, "step_value_ests": 18.176189327487222, "step_values": 3.554662473198827, "step_td_err": 8.173121998913656}