{"dim0": 0.06666666666666667, "dim1": 0.9333333333333333, "scale": 15, "episode_rewards": 13.0498922953692, "episode_std_rewards": 0.2775256167187078, "episode_value_ests": 14.047388071216798, "episode_values": 7.365291697990175, "episode_td_err": 15.174962109595272, "episode_avg_len": 10.788553859431468, "episode_std_avg_len": 1.1836838497326838, "step_rewards": 1.2096053340792143, "step_value_ests": 14.025229303363636, "step_values": 7.3682118977686555, "step_td_err": 15.112585544461032}