{"dim0": 0.06666666666666667, "dim1": 0.4, "scale": 15, "episode_rewards": 6.971858500510306, "episode_std_rewards": 0.3950980657144096, "episode_value_ests": 20.113974657695792, "episode_values": -0.11895540100671624, "episode_td_err": 7.690892516950227, "episode_avg_len": 55.792526491912994, "episode_std_avg_len": 25.507769447872064, "step_rewards": 0.12496043715677335, "step_value_ests": 20.133437572126955, "step_values": -0.7574429383135528, "step_td_err": 7.009368009075786}