{"dim0": 0.06666666666666667, "dim1": 0.8, "scale": 15, "episode_rewards": 14.93909754865022, "episode_std_rewards": 0.29920457285233326, "episode_value_ests": 14.879417684928596, "episode_values": 7.905693010722759, "episode_td_err": 10.870841952962534, "episode_avg_len": 12.921630701641039, "episode_std_avg_len": 2.2067502375084667, "step_rewards": 1.1561309786351475, "step_value_ests": 14.918682839476933, "step_values": 7.84645383310709, "step_td_err": 10.717753752088747}