{"dim0": 0.06666666666666667, "dim1": 0.4666666666666667, "scale": 15, "episode_rewards": 9.400647349016875, "episode_std_rewards": 0.403970747390354, "episode_value_ests": 19.216980104684822, "episode_values": 1.9006701308592935, "episode_td_err": 8.579199177003531, "episode_avg_len": 41.83936414975946, "episode_std_avg_len": 19.525551248870503, "step_rewards": 0.22468427855089473, "step_value_ests": 19.387794485721166, "step_values": 0.4535128076141444, "step_td_err": 8.047264490330823}