{"dim0": 0.06666666666666667, "dim1": -0.8666666666666667, "scale": 15, "episode_rewards": 7.124823969156511, "episode_std_rewards": 0.43017965508626405, "episode_value_ests": 19.34274463305681, "episode_values": 3.2635795441803963, "episode_td_err": 8.276410085341869, "episode_avg_len": 27.382530120481928, "episode_std_avg_len": 13.61312793982514, "step_rewards": 0.2601959693939018, "step_value_ests": 18.44642950932112, "step_values": 2.911502598175548, "step_td_err": 5.887225841173187}