{"dim0": 0.06666666666666667, "dim1": -0.26666666666666666, "scale": 15, "episode_rewards": 15.581728799047621, "episode_std_rewards": 0.4974665407585646, "episode_value_ests": 19.941768733051145, "episode_values": 5.364957414003937, "episode_td_err": 5.345748021802941, "episode_avg_len": 42.17604891418933, "episode_std_avg_len": 21.007473340442683, "step_rewards": 0.3694449622521527, "step_value_ests": 19.53203066998311, "step_values": 4.5450313264351525, "step_td_err": 4.111689726429939}