{"dim0": 0.06666666666666667, "dim1": -0.4666666666666667, "scale": 15, "episode_rewards": 12.978193756283996, "episode_std_rewards": 0.4820835884282666, "episode_value_ests": 19.70553010534978, "episode_values": 4.946455890497399, "episode_td_err": 6.3103468928739295, "episode_avg_len": 35.26732498677482, "episode_std_avg_len": 17.982969349349748, "step_rewards": 0.36799484398521276, "step_value_ests": 19.144773874466253, "step_values": 4.291861030127511, "step_td_err": 4.694475754423485}