{"dim0": 0.06666666666666667, "dim1": 0.2, "scale": 15, "episode_rewards": 14.01535741093971, "episode_std_rewards": 0.43564164100824115, "episode_value_ests": 20.783037412854235, "episode_values": 2.7666877861527484, "episode_td_err": 4.648981644460047, "episode_avg_len": 62.288383681096235, "episode_std_avg_len": 26.348010849246716, "step_rewards": 0.22500756293011984, "step_value_ests": 20.71953273821001, "step_values": 2.8106583311366236, "step_td_err": 4.122351534841078}