{"dim0": 0.06666666666666667, "dim1": 0.6, "scale": 15, "episode_rewards": 15.289280513684115, "episode_std_rewards": 0.3466877439249216, "episode_value_ests": 16.92425208749043, "episode_values": 6.721996499913416, "episode_td_err": 8.233181167641186, "episode_avg_len": 21.67403554399653, "episode_std_avg_len": 7.156022520467011, "step_rewards": 0.7054191861339397, "step_value_ests": 17.08417956615266, "step_values": 6.204281992911724, "step_td_err": 8.079124572892027}