{"dim0": 0.06666666666666667, "dim1": -0.13333333333333333, "scale": 15, "episode_rewards": 15.575822922897803, "episode_std_rewards": 0.5035666837242329, "episode_value_ests": 20.148783349540277, "episode_values": 4.675441859426083, "episode_td_err": 4.850601025460007, "episode_avg_len": 47.32434350603265, "episode_std_avg_len": 21.864489668370922, "step_rewards": 0.3291291916371176, "step_value_ests": 19.859779036027195, "step_values": 3.917486366175674, "step_td_err": 3.912951748985192}