{"dim0": 0.06666666666666667, "dim1": -0.6666666666666666, "scale": 15, "episode_rewards": 10.078820220658182, "episode_std_rewards": 0.46001584288415087, "episode_value_ests": 19.62564802999072, "episode_values": 4.191164069376453, "episode_td_err": 7.422147346783168, "episode_avg_len": 30.308986210031822, "episode_std_avg_len": 15.509203096277378, "step_rewards": 0.3325357090737084, "step_value_ests": 18.870273614620654, "step_values": 3.6014316980125027, "step_td_err": 5.380145289703895}