{"dim0": 0.06666666666666667, "dim1": 0.3333333333333333, "scale": 15, "episode_rewards": 8.343539060607073, "episode_std_rewards": 0.39857753581826316, "episode_value_ests": 20.654082315237883, "episode_values": 0.23131577924495011, "episode_td_err": 6.302782861583484, "episode_avg_len": 61.443932411674346, "episode_std_avg_len": 26.351677588439763, "step_rewards": 0.13579109821138013, "step_value_ests": 20.593502419736982, "step_values": 0.18007651864880972, "step_td_err": 5.664136721510485}