{"dim0": 0.06666666666666667, "dim1": -0.9333333333333333, "scale": 15, "episode_rewards": 5.83690420561974, "episode_std_rewards": 0.4397675187880098, "episode_value_ests": 19.31026907016872, "episode_values": 2.803441794528332, "episode_td_err": 8.72541527887534, "episode_avg_len": 26.4753143613501, "episode_std_avg_len": 13.391899455624984, "step_rewards": 0.22046590744700376, "step_value_ests": 18.34635332796216, "step_values": 2.3742020770661707, "step_td_err": 6.132022946395013}