{"dim0": 0.06666666666666667, "dim1": -0.06666666666666667, "scale": 15, "episode_rewards": 16.166867825530105, "episode_std_rewards": 0.4984623689626291, "episode_value_ests": 20.255634836905223, "episode_values": 4.735058998248594, "episode_td_err": 4.586156566276073, "episode_avg_len": 50.38261964735516, "episode_std_avg_len": 23.10810101856159, "step_rewards": 0.3208818425617292, "step_value_ests": 20.05105246090096, "step_values": 4.051453014659494, "step_td_err": 3.7519319841576464}