{"dim0": 0.6666666666666666, "dim1": 0.06666666666666667, "scale": 15, "episode_rewards": 6.508073921449013, "episode_std_rewards": 0.6248935744668784, "episode_value_ests": 22.430399997332437, "episode_values": 2.7234492148285105, "episode_td_err": 29.08211100796625, "episode_avg_len": 8.404067568703253, "episode_std_avg_len": 2.4704360548644946, "step_rewards": 0.774395715913218, "step_value_ests": 22.437339395458697, "step_values": 2.1029649950351317, "step_td_err": 28.571504865807796}