{"dim0": 0.6666666666666666, "dim1": -0.4666666666666667, "scale": 15, "episode_rewards": 4.781031684898526, "episode_std_rewards": 0.6731609990747773, "episode_value_ests": 22.354437256271684, "episode_values": 2.1427483611157583, "episode_td_err": 30.93699782242346, "episode_avg_len": 7.680824916471447, "episode_std_avg_len": 1.8401116339317596, "step_rewards": 0.6224633078988241, "step_value_ests": 22.37599920030719, "step_values": 1.514992730796935, "step_td_err": 30.739599486410196}