{"dim0": 0.6666666666666666, "dim1": 0.8666666666666667, "scale": 15, "episode_rewards": 4.953304067286631, "episode_std_rewards": 0.6041089933477889, "episode_value_ests": 20.66838868126096, "episode_values": 1.5814583681652117, "episode_td_err": 22.053387917961686, "episode_avg_len": 9.789672050905532, "episode_std_avg_len": 2.251373875460118, "step_rewards": 0.505972420887016, "step_value_ests": 20.395466827049365, "step_values": 1.059457824903594, "step_td_err": 20.944139690992298}