{"dim0": 0.6666666666666666, "dim1": 0.4666666666666667, "scale": 15, "episode_rewards": 6.488360523838594, "episode_std_rewards": 0.6181178007479639, "episode_value_ests": 22.362094639520734, "episode_values": 2.4457776245160243, "episode_td_err": 28.123547184513402, "episode_avg_len": 9.54855342308794, "episode_std_avg_len": 3.459986115995783, "step_rewards": 0.6795124074134677, "step_value_ests": 22.29948193883398, "step_values": 1.6612767100243462, "step_td_err": 27.368473120299534}