{"dim0": 0.6666666666666666, "dim1": 0.6, "scale": 15, "episode_rewards": 6.154348920961541, "episode_std_rewards": 0.6204507920521003, "episode_value_ests": 22.17790157562352, "episode_values": 2.21101033171528, "episode_td_err": 27.541325589585657, "episode_avg_len": 9.850810225089889, "episode_std_avg_len": 3.353825547002116, "step_rewards": 0.6247556069333763, "step_value_ests": 22.040627914380643, "step_values": 1.4735664657260137, "step_td_err": 26.598401963886328}