{"dim0": 0.6666666666666666, "dim1": -1.0, "scale": 15, "episode_rewards": 1.9031063689286867, "episode_std_rewards": 0.7344920300588129, "episode_value_ests": 22.320596538871612, "episode_values": 1.0134261927213828, "episode_td_err": 33.81517371356402, "episode_avg_len": 7.324202585417659, "episode_std_avg_len": 1.6284812904248873, "step_rewards": 0.2598380297013812, "step_value_ests": 22.343400641330042, "step_values": 0.3174335033057026, "step_td_err": 33.74908466674524}