{"dim0": 0.6666666666666666, "dim1": 0.13333333333333333, "scale": 15, "episode_rewards": 6.630233641710001, "episode_std_rewards": 0.6222810480885027, "episode_value_ests": 22.422425458117015, "episode_values": 2.7400583263583487, "episode_td_err": 28.76426972624361, "episode_avg_len": 8.554771376021215, "episode_std_avg_len": 2.631287849220516, "step_rewards": 0.7750334112135784, "step_value_ests": 22.422103902683048, "step_values": 2.094606580733114, "step_td_err": 28.187587244864485}