{"dim0": 0.6666666666666666, "dim1": -0.8666666666666667, "scale": 15, "episode_rewards": 2.749653198333524, "episode_std_rewards": 0.7166415129305238, "episode_value_ests": 22.321244927405722, "episode_values": 1.360196834744021, "episode_td_err": 32.84746568365627, "episode_avg_len": 7.400555041628122, "episode_std_avg_len": 1.6702322945164605, "step_rewards": 0.3715468884248174, "step_value_ests": 22.345808166627883, "step_values": 0.6780436539822218, "step_td_err": 32.75867298952136}