{"dim0": 0.6666666666666666, "dim1": -0.6666666666666666, "scale": 15, "episode_rewards": 3.808723475676368, "episode_std_rewards": 0.694186709227014, "episode_value_ests": 22.34846702331313, "episode_values": 1.7669099731331201, "episode_td_err": 31.941073717334046, "episode_avg_len": 7.52464258841234, "episode_std_avg_len": 1.723349791411682, "step_rewards": 0.5061666957499956, "step_value_ests": 22.372187407770554, "step_values": 1.1255867136390045, "step_td_err": 31.80084713842001}