{"dim0": 0.6666666666666666, "dim1": -0.5333333333333333, "scale": 15, "episode_rewards": 4.486419910632883, "episode_std_rewards": 0.679217683194204, "episode_value_ests": 22.358979135530667, "episode_values": 2.0354822353876254, "episode_td_err": 31.207778669382176, "episode_avg_len": 7.636578846888125, "episode_std_avg_len": 1.81358158827928, "step_rewards": 0.587490812389252, "step_value_ests": 22.383530067258608, "step_values": 1.398650370659995, "step_td_err": 31.041124762966557}