{"dim0": 0.6666666666666666, "dim1": -0.7333333333333333, "scale": 15, "episode_rewards": 3.472753585136842, "episode_std_rewards": 0.699648394598736, "episode_value_ests": 22.325292511245504, "episode_values": 1.6400320517248634, "episode_td_err": 32.18106764677235, "episode_avg_len": 7.4761513157894735, "episode_std_avg_len": 1.7055047439538205, "step_rewards": 0.46451087443915956, "step_value_ests": 22.348410708145078, "step_values": 0.9875714614164475, "step_td_err": 32.05721760730072}