{"dim0": 0.6666666666666666, "dim1": 1.0, "scale": 15, "episode_rewards": 3.2973334080560015, "episode_std_rewards": 0.600990097761577, "episode_value_ests": 19.57533071758491, "episode_values": 0.6835295836185881, "episode_td_err": 19.96588919913388, "episode_avg_len": 9.637962606013879, "episode_std_avg_len": 1.6922685353767155, "step_rewards": 0.3421193402429822, "step_value_ests": 19.34636711102639, "step_values": 0.28675568013197045, "step_td_err": 19.383014841342813}