{"dim0": 0.6666666666666666, "dim1": 0.7333333333333333, "scale": 15, "episode_rewards": 5.747954136434935, "episode_std_rewards": 0.6122568996586422, "episode_value_ests": 21.637379278304138, "episode_values": 1.9957800383878872, "episode_td_err": 25.23587560710641, "episode_avg_len": 9.91306502775575, "episode_std_avg_len": 2.8575199222405026, "step_rewards": 0.5798362181970104, "step_value_ests": 21.41348505687336, "step_values": 1.3752904818073635, "step_td_err": 23.970334456590084}