{"dim0": 0.6666666666666666, "dim1": 0.6666666666666666, "scale": 15, "episode_rewards": 6.033263384088204, "episode_std_rewards": 0.614137567947122, "episode_value_ests": 21.987650999014893, "episode_values": 2.1541481711621215, "episode_td_err": 26.611624887879124, "episode_avg_len": 9.886406327236777, "episode_std_avg_len": 3.0955053422302603, "step_rewards": 0.6102584887156346, "step_value_ests": 21.81335155158331, "step_values": 1.4944146601777992, "step_td_err": 25.47605806781996}