{"dim0": 0.6666666666666666, "dim1": -0.9333333333333333, "scale": 15, "episode_rewards": 2.306024246610806, "episode_std_rewards": 0.7240839249567215, "episode_value_ests": 22.30948268562798, "episode_values": 1.1599233450733284, "episode_td_err": 33.31254365512935, "episode_avg_len": 7.366124042427813, "episode_std_avg_len": 1.6416984708269478, "step_rewards": 0.31305802526925125, "step_value_ests": 22.330769548990475, "step_values": 0.46818924085118274, "step_td_err": 33.24886316496522}