{"dim0": 0.6666666666666666, "dim1": -0.26666666666666666, "scale": 15, "episode_rewards": 5.569745681424358, "episode_std_rewards": 0.6567612510623901, "episode_value_ests": 22.382532170908636, "episode_values": 2.424293315385753, "episode_td_err": 30.197715699299813, "episode_avg_len": 7.899755114937989, "episode_std_avg_len": 2.022364671006946, "step_rewards": 0.7050529542228828, "step_value_ests": 22.402944451206753, "step_values": 1.8045728398125989, "step_td_err": 29.912085277359107}