{"dim0": 0.6666666666666666, "dim1": 0.0, "scale": 15, "episode_rewards": 6.356188320225105, "episode_std_rewards": 0.635108019999811, "episode_value_ests": 22.417922376170946, "episode_values": 2.6773122235410876, "episode_td_err": 29.23321543622153, "episode_avg_len": 8.308657361249585, "episode_std_avg_len": 2.380010813175852, "step_rewards": 0.7650078759860139, "step_value_ests": 22.431959367399912, "step_values": 2.0499846382471434, "step_td_err": 28.778838051452535}