{"dim0": 0.6666666666666666, "dim1": 0.4, "scale": 15, "episode_rewards": 6.63011307863049, "episode_std_rewards": 0.6158539826597428, "episode_value_ests": 22.429360969777456, "episode_values": 2.5876023183059997, "episode_td_err": 28.295499108483895, "episode_avg_len": 9.320626339826639, "episode_std_avg_len": 3.3322557187485597, "step_rewards": 0.711337718829077, "step_value_ests": 22.382574090058718, "step_values": 1.827634867593828, "step_td_err": 27.51678730674491}