{"dim0": 0.6666666666666666, "dim1": -0.3333333333333333, "scale": 15, "episode_rewards": 5.273205609721099, "episode_std_rewards": 0.6595309871394842, "episode_value_ests": 22.36996734636922, "episode_values": 2.291188559431605, "episode_td_err": 30.485579453021895, "episode_avg_len": 7.836376459525115, "episode_std_avg_len": 1.9608533485092754, "step_rewards": 0.6729137678565095, "step_value_ests": 22.389493866569996, "step_values": 1.6727494304594188, "step_td_err": 30.222585361834785}