{"dim0": 0.6666666666666666, "dim1": -0.13333333333333333, "scale": 15, "episode_rewards": 5.984016679511501, "episode_std_rewards": 0.6460778073313727, "episode_value_ests": 22.390117559300865, "episode_values": 2.5539964357500327, "episode_td_err": 29.774080302308413, "episode_avg_len": 8.054448068946076, "episode_std_avg_len": 2.1555661798207835, "step_rewards": 0.7429455908447504, "step_value_ests": 22.40615803597927, "step_values": 1.9394282749903484, "step_td_err": 29.40786115600277}