{"dim0": 0.6666666666666666, "dim1": -0.8, "scale": 15, "episode_rewards": 3.0872806384656917, "episode_std_rewards": 0.708273250072371, "episode_value_ests": 22.338632430491792, "episode_values": 1.4896239802730293, "episode_td_err": 32.543574396301814, "episode_avg_len": 7.437618534082035, "episode_std_avg_len": 1.6724898529562193, "step_rewards": 0.41508994099637964, "step_value_ests": 22.36374061009946, "step_values": 0.8291438400192267, "step_td_err": 32.43917523672108}