{"dim0": 0.7333333333333333, "dim1": 0.06666666666666667, "scale": 15, "episode_rewards": 6.1189909434933325, "episode_std_rewards": 0.6509399882971263, "episode_value_ests": 22.407858654786875, "episode_values": 2.7194305605689495, "episode_td_err": 30.49791593161223, "episode_avg_len": 7.738074051147135, "episode_std_avg_len": 1.9857966794934359, "step_rewards": 0.790764071660211, "step_value_ests": 22.424715016756817, "step_values": 2.1435476574758687, "step_td_err": 30.19543603883503}