{"dim0": 0.7333333333333333, "dim1": -0.4666666666666667, "scale": 15, "episode_rewards": 4.420447438419255, "episode_std_rewards": 0.6891670586829213, "episode_value_ests": 22.34828653959579, "episode_values": 2.154132410394391, "episode_td_err": 32.3569546910075, "episode_avg_len": 7.24569793138427, "episode_std_avg_len": 1.6060792362035687, "step_rewards": 0.6100789020299031, "step_value_ests": 22.368441462911957, "step_values": 1.564348061220904, "step_td_err": 32.23813692607648}