{"dim0": 0.7333333333333333, "dim1": -0.6666666666666666, "scale": 15, "episode_rewards": 3.4694084298454477, "episode_std_rewards": 0.7095470865393498, "episode_value_ests": 22.326248251649602, "episode_values": 1.8024421335334042, "episode_td_err": 33.282307466975716, "episode_avg_len": 7.12040300473495, "episode_std_avg_len": 1.5386692911906203, "step_rewards": 0.48724888570750124, "step_value_ests": 22.34622275195674, "step_values": 1.189181723796112, "step_td_err": 33.207534651382346}