{"dim0": 0.7333333333333333, "dim1": -0.06666666666666667, "scale": 15, "episode_rewards": 5.774795476823999, "episode_std_rewards": 0.6558396122131671, "episode_value_ests": 22.380470569020392, "episode_values": 2.6155619263423686, "episode_td_err": 30.914798962853805, "episode_avg_len": 7.582764634516227, "episode_std_avg_len": 1.8534138059075034, "step_rewards": 0.7615686039544898, "step_value_ests": 22.399961897471716, "step_values": 2.045665139980708, "step_td_err": 30.668600839125308}