{"dim0": 0.7333333333333333, "dim1": 0.6666666666666666, "scale": 15, "episode_rewards": 5.782232105822811, "episode_std_rewards": 0.6501000344989639, "episode_value_ests": 22.128430834392887, "episode_values": 2.1991705372178854, "episode_td_err": 28.650667748618186, "episode_avg_len": 8.860718557568777, "episode_std_avg_len": 2.6637826926213206, "step_rewards": 0.652569209625066, "step_value_ests": 21.985742333671695, "step_values": 1.5072634810822658, "step_td_err": 27.723152694546698}