{"dim0": 0.7333333333333333, "dim1": -0.4, "scale": 15, "episode_rewards": 4.698773740614043, "episode_std_rewards": 0.6862578341045207, "episode_value_ests": 22.350889782979053, "episode_values": 2.2742719419322657, "episode_td_err": 32.06898290357763, "episode_avg_len": 7.284866144600255, "episode_std_avg_len": 1.6509139081791389, "step_rewards": 0.6450048150983397, "step_value_ests": 22.372700386674005, "step_values": 1.6796552999647707, "step_td_err": 31.93804548009684}