{"dim0": 0.7333333333333333, "dim1": 0.4666666666666667, "scale": 15, "episode_rewards": 6.33823290184437, "episode_std_rewards": 0.6385389858674364, "episode_value_ests": 22.421534397551948, "episode_values": 2.6294297140603087, "episode_td_err": 29.76103904701081, "episode_avg_len": 8.432667172611518, "episode_std_avg_len": 2.606691020335544, "step_rewards": 0.7516284909749946, "step_value_ests": 22.401469346517423, "step_values": 1.9555063599424938, "step_td_err": 29.29066287125184}