{"dim0": 0.7333333333333333, "dim1": 0.6, "scale": 15, "episode_rewards": 5.969940757855533, "episode_std_rewards": 0.643239315950852, "episode_value_ests": 22.28701600741411, "episode_values": 2.3502319487139784, "episode_td_err": 29.266653498118153, "episode_avg_len": 8.752144232452302, "episode_std_avg_len": 2.696602949264412, "step_rewards": 0.6821117887567981, "step_value_ests": 22.191629703505125, "step_values": 1.6557912291549357, "step_td_err": 28.57197753665251}