{"dim0": 0.7333333333333333, "dim1": 0.0, "scale": 15, "episode_rewards": 5.96306829415308, "episode_std_rewards": 0.6564022362502908, "episode_value_ests": 22.38050300716, "episode_values": 2.669524079766104, "episode_td_err": 30.662612891224896, "episode_avg_len": 7.655439026257368, "episode_std_avg_len": 1.91795927778891, "step_rewards": 0.7789322432979179, "step_value_ests": 22.397270160082662, "step_values": 2.0858971973561395, "step_td_err": 30.393989774812738}