{"dim0": 0.7333333333333333, "dim1": 0.7333333333333333, "scale": 15, "episode_rewards": 5.504156937042806, "episode_std_rewards": 0.6517623024803373, "episode_value_ests": 21.88208923992609, "episode_values": 2.037723347207456, "episode_td_err": 27.62769173725895, "episode_avg_len": 8.96195725231886, "episode_std_avg_len": 2.562869053768509, "step_rewards": 0.6141690684385528, "step_value_ests": 21.674859894812286, "step_values": 1.3552787581403318, "step_td_err": 26.47835291791382}