{"dim0": 0.7333333333333333, "dim1": 0.8666666666666667, "scale": 15, "episode_rewards": 4.741118436996956, "episode_std_rewards": 0.6729256198977286, "episode_value_ests": 21.047778647980135, "episode_values": 1.5844479237878881, "episode_td_err": 24.657175305566962, "episode_avg_len": 9.03750564844103, "episode_std_avg_len": 2.235086340495828, "step_rewards": 0.5246047550537132, "step_value_ests": 20.738359389300346, "step_values": 0.9251265347837538, "step_td_err": 23.44552603280319}