{"dim0": 0.7333333333333333, "dim1": -0.8, "scale": 15, "episode_rewards": 2.784007633719234, "episode_std_rewards": 0.7194182484851777, "episode_value_ests": 22.322467114665052, "episode_values": 1.5279824872497283, "episode_td_err": 33.99887141541424, "episode_avg_len": 7.056557174611015, "episode_std_avg_len": 1.487132579284328, "step_rewards": 0.39452775125749606, "step_value_ests": 22.343904680408112, "step_values": 0.9130303881389928, "step_td_err": 33.9649309446174}