{"dim0": 0.7333333333333333, "dim1": -1.0, "scale": 15, "episode_rewards": 1.6113009288128914, "episode_std_rewards": 0.7390641910092731, "episode_value_ests": 22.313404694238375, "episode_values": 1.0354161536507545, "episode_td_err": 35.28329825895895, "episode_avg_len": 6.983344972067039, "episode_std_avg_len": 1.450113841029039, "step_rewards": 0.23073483198352632, "step_value_ests": 22.335054843557344, "step_values": 0.3956801050885254, "step_td_err": 35.27381726866111}