{"dim0": 0.7333333333333333, "dim1": -0.26666666666666666, "scale": 15, "episode_rewards": 5.13446568887756, "episode_std_rewards": 0.6734725403305902, "episode_value_ests": 22.361834196635446, "episode_values": 2.402400517273932, "episode_td_err": 31.536459535910673, "episode_avg_len": 7.404813032210292, "episode_std_avg_len": 1.7036643468727508, "step_rewards": 0.6933957233684471, "step_value_ests": 22.381927285002998, "step_values": 1.8238211617111126, "step_td_err": 31.36111548843685}