{"dim0": 0.7333333333333333, "dim1": 0.5333333333333333, "scale": 15, "episode_rewards": 6.100908364050911, "episode_std_rewards": 0.642558031737375, "episode_value_ests": 22.386516129753428, "episode_values": 2.4614161217168595, "episode_td_err": 29.595271076142296, "episode_avg_len": 8.639367629907996, "episode_std_avg_len": 2.728923816685709, "step_rewards": 0.7061753389137675, "step_value_ests": 22.337148885919202, "step_values": 1.762582391728166, "step_td_err": 29.03536287239401}