{"dim0": 0.7333333333333333, "dim1": 0.8, "scale": 15, "episode_rewards": 5.223867049899201, "episode_std_rewards": 0.6539800689389373, "episode_value_ests": 21.53386060590617, "episode_values": 1.8602128586532545, "episode_td_err": 26.247290078235032, "episode_avg_len": 9.009820704567979, "episode_std_avg_len": 2.3914195043919655, "step_rewards": 0.5797970038683123, "step_value_ests": 21.27699079788968, "step_values": 1.2021433961691899, "step_td_err": 25.010771880448317}