{"dim0": 0.7333333333333333, "dim1": 0.2, "scale": 15, "episode_rewards": 6.302106311512475, "episode_std_rewards": 0.6372817808303226, "episode_value_ests": 22.4140850274041, "episode_values": 2.736657483967912, "episode_td_err": 30.179296982433385, "episode_avg_len": 7.938437723267445, "episode_std_avg_len": 2.162794919792097, "step_rewards": 0.793872362699413, "step_value_ests": 22.425464371939995, "step_values": 2.149523656194596, "step_td_err": 29.801020425141488}