{"dim0": 0.7333333333333333, "dim1": -0.5333333333333333, "scale": 15, "episode_rewards": 4.118453181453438, "episode_std_rewards": 0.6946603840512, "episode_value_ests": 22.329884119915054, "episode_values": 2.040445802115736, "episode_td_err": 32.62269848130451, "episode_avg_len": 7.193799007265664, "episode_std_avg_len": 1.574491500669083, "step_rewards": 0.5725004517493248, "step_value_ests": 22.347839476457818, "step_values": 1.4416382419415155, "step_td_err": 32.51702688827191}