{"dim0": 0.7333333333333333, "dim1": 0.9333333333333333, "scale": 15, "episode_rewards": 3.9797566532004174, "episode_std_rewards": 0.6845667074179461, "episode_value_ests": 20.489362298519076, "episode_values": 1.1034054127722097, "episode_td_err": 23.111652720607893, "episode_avg_len": 9.121864453160631, "episode_std_avg_len": 2.04708751156229, "step_rewards": 0.4362876332613639, "step_value_ests": 20.16786638073812, "step_values": 0.47732974834059644, "step_td_err": 22.092529104403603}