{"dim0": 0.7333333333333333, "dim1": 1.0, "scale": 15, "episode_rewards": 2.9848593109677255, "episode_std_rewards": 0.7052751775376644, "episode_value_ests": 19.95858463255489, "episode_values": 0.49826414828553667, "episode_td_err": 22.330550584408616, "episode_avg_len": 9.139925969930996, "episode_std_avg_len": 1.8390865902296534, "step_rewards": 0.32657368569367745, "step_value_ests": 19.6459811875058, "step_values": -0.09255887758711502, "step_td_err": 21.57283536045684}