{"dim0": 0.7333333333333333, "dim1": -0.7333333333333333, "scale": 15, "episode_rewards": 3.1203292809303442, "episode_std_rewards": 0.7163235212106837, "episode_value_ests": 22.311493966435112, "episode_values": 1.6481347753364846, "episode_td_err": 33.653290719519, "episode_avg_len": 7.086882573878534, "episode_std_avg_len": 1.5167662406633944, "step_rewards": 0.4402964559384027, "step_value_ests": 22.335549919624064, "step_values": 1.0305592841540887, "step_td_err": 33.619764464495695}