{"dim0": 0.7333333333333333, "dim1": -0.13333333333333333, "scale": 15, "episode_rewards": 5.646671488711727, "episode_std_rewards": 0.6610143605773625, "episode_value_ests": 22.37147920243757, "episode_values": 2.586714396627558, "episode_td_err": 31.13646151556631, "episode_avg_len": 7.489028682693028, "episode_std_avg_len": 1.771903561247425, "step_rewards": 0.7539925039626373, "step_value_ests": 22.3906839266368, "step_values": 2.0186342318528085, "step_td_err": 30.918319468308557}