{"dim0": 0.7333333333333333, "dim1": -0.6, "scale": 15, "episode_rewards": 3.8253685133910453, "episode_std_rewards": 0.6966520237491057, "episode_value_ests": 22.336993474385366, "episode_values": 1.9388162408453307, "episode_td_err": 32.924058364164544, "episode_avg_len": 7.159143787808283, "episode_std_avg_len": 1.5236081913434765, "step_rewards": 0.5343332424619667, "step_value_ests": 22.35823383368968, "step_values": 1.35722083562367, "step_td_err": 32.84376279891253}