{"dim0": 0.7333333333333333, "dim1": 0.26666666666666666, "scale": 15, "episode_rewards": 6.325196570006385, "episode_std_rewards": 0.6423662318163869, "episode_value_ests": 22.42637691706296, "episode_values": 2.7212547070765853, "episode_td_err": 30.05529985848992, "episode_avg_len": 8.071146085552865, "episode_std_avg_len": 2.3153832456638055, "step_rewards": 0.7836800998222938, "step_value_ests": 22.431312441412814, "step_values": 2.0978594342168537, "step_td_err": 29.616478426768797}