{"dim0": 0.7333333333333333, "dim1": -0.2, "scale": 15, "episode_rewards": 5.381753854233987, "episode_std_rewards": 0.6701831370971498, "episode_value_ests": 22.365140832600098, "episode_values": 2.4980616354722947, "episode_td_err": 31.336474513126884, "episode_avg_len": 7.445685354776264, "episode_std_avg_len": 1.7600266906431943, "step_rewards": 0.7228016761118834, "step_value_ests": 22.384250485241314, "step_values": 1.913883704987367, "step_td_err": 31.141186806218716}