{"dim0": 0.7333333333333333, "dim1": 0.13333333333333333, "scale": 15, "episode_rewards": 6.2337822315263125, "episode_std_rewards": 0.6436063334821059, "episode_value_ests": 22.411844295466903, "episode_values": 2.7437150544925015, "episode_td_err": 30.29740673402266, "episode_avg_len": 7.834266912139136, "episode_std_avg_len": 2.0596664374534153, "step_rewards": 0.7957071544074041, "step_value_ests": 22.42875791384097, "step_values": 2.168752828492215, "step_td_err": 29.967010649670026}