{"dim0": 0.8, "dim1": 0.26666666666666666, "scale": 15, "episode_rewards": 6.026232254057392, "episode_std_rewards": 0.6593152218161226, "episode_value_ests": 22.393780320032008, "episode_values": 2.8032576515506866, "episode_td_err": 31.295183830666268, "episode_avg_len": 7.419297399562266, "episode_std_avg_len": 1.8302369963279599, "step_rewards": 0.8122375919872057, "step_value_ests": 22.406209943590184, "step_values": 2.233713489969732, "step_td_err": 31.063916708669826}