{"dim0": 0.8, "dim1": -0.13333333333333333, "scale": 15, "episode_rewards": 5.268114191233288, "episode_std_rewards": 0.6753877161082429, "episode_value_ests": 22.34093230483597, "episode_values": 2.6158865037507155, "episode_td_err": 32.273817045385556, "episode_avg_len": 7.0530380505695245, "episode_std_avg_len": 1.5219037719767812, "step_rewards": 0.7469283666785115, "step_value_ests": 22.35898956925135, "step_values": 2.0811935374602406, "step_td_err": 32.179116285721065}