{"dim0": 0.8, "dim1": 0.8, "scale": 15, "episode_rewards": 5.092778582031135, "episode_std_rewards": 0.6882750055207272, "episode_value_ests": 21.796916422388712, "episode_values": 1.9959957601205056, "episode_td_err": 28.621370482023217, "episode_avg_len": 8.238075624021748, "episode_std_avg_len": 2.173425791848658, "step_rewards": 0.618200028072198, "step_value_ests": 21.57006081602282, "step_values": 1.2765885224357953, "step_td_err": 27.565220180130925}