{"dim0": 0.8, "dim1": 0.0, "scale": 15, "episode_rewards": 5.536496386037705, "episode_std_rewards": 0.6701951104799448, "episode_value_ests": 22.36671267864313, "episode_values": 2.662632551649679, "episode_td_err": 31.9891121057238, "episode_avg_len": 7.1758036739380024, "episode_std_avg_len": 1.61090840957852, "step_rewards": 0.7715507053441076, "step_value_ests": 22.383922856716282, "step_values": 2.1181794221749035, "step_td_err": 31.848052307041343}