{"dim0": 0.8, "dim1": -0.6, "scale": 15, "episode_rewards": 3.47581022062652, "episode_std_rewards": 0.7152677597900384, "episode_value_ests": 22.315655122294427, "episode_values": 1.9667267295968742, "episode_td_err": 34.212804311288004, "episode_avg_len": 6.81112927394088, "episode_std_avg_len": 1.3795769750915814, "step_rewards": 0.5103133534588511, "step_value_ests": 22.331547899874014, "step_values": 1.4047938400970676, "step_td_err": 34.19538146515635}