{"dim0": 0.8, "dim1": -0.4666666666666667, "scale": 15, "episode_rewards": 4.062760745343933, "episode_std_rewards": 0.6960006578466044, "episode_value_ests": 22.31684468614858, "episode_values": 2.1862252962580313, "episode_td_err": 33.590869613156976, "episode_avg_len": 6.865808444902163, "episode_std_avg_len": 1.3958209070297265, "step_rewards": 0.5917381438686246, "step_value_ests": 22.33499225065072, "step_values": 1.6458010933195857, "step_td_err": 33.55502591718903}