{"dim0": 0.8, "dim1": 0.2, "scale": 15, "episode_rewards": 5.929165062442075, "episode_std_rewards": 0.6618231298064454, "episode_value_ests": 22.383923109050468, "episode_values": 2.7591339795493868, "episode_td_err": 31.503722654596075, "episode_avg_len": 7.355214769049721, "episode_std_avg_len": 1.7504673076919213, "step_rewards": 0.8061171901317725, "step_value_ests": 22.399669078575556, "step_values": 2.207757547538272, "step_td_err": 31.29407102172666}