{"dim0": 0.8, "dim1": 0.5333333333333333, "scale": 15, "episode_rewards": 5.908116040734983, "episode_std_rewards": 0.6614182065622227, "episode_value_ests": 22.372871110287658, "episode_values": 2.593897296293216, "episode_td_err": 30.952061122854353, "episode_avg_len": 7.807620237351655, "episode_std_avg_len": 2.135278468222508, "step_rewards": 0.7567115024973367, "step_value_ests": 22.35124255751133, "step_values": 1.9559711972555276, "step_td_err": 30.61979983774512}