{"dim0": 0.8, "dim1": 0.7333333333333333, "scale": 15, "episode_rewards": 5.357395951702035, "episode_std_rewards": 0.6731593465657217, "episode_value_ests": 22.055869646042133, "episode_values": 2.1767264428576216, "episode_td_err": 29.669406092604966, "episode_avg_len": 8.142077837485752, "episode_std_avg_len": 2.186900389798041, "step_rewards": 0.657988790900135, "step_value_ests": 21.90034779385855, "step_values": 1.4954765431003743, "step_td_err": 28.83531289501532}