{"dim0": 0.8, "dim1": -0.26666666666666666, "scale": 15, "episode_rewards": 4.840973639951897, "episode_std_rewards": 0.6879025122570417, "episode_value_ests": 22.33052848915518, "episode_values": 2.4761087936608868, "episode_td_err": 32.796741614444095, "episode_avg_len": 6.961296160941144, "episode_std_avg_len": 1.4625005457306515, "step_rewards": 0.6954126829302165, "step_value_ests": 22.349026860671295, "step_values": 1.9366639091359192, "step_td_err": 32.7315725816175}