{"dim0": 0.8, "dim1": 0.06666666666666667, "scale": 15, "episode_rewards": 5.715061962828767, "episode_std_rewards": 0.6695782884992474, "episode_value_ests": 22.37308001041636, "episode_values": 2.7360368738758267, "episode_td_err": 31.714475925673714, "episode_avg_len": 7.225280878580977, "episode_std_avg_len": 1.6433484761681236, "step_rewards": 0.7909812862460219, "step_value_ests": 22.389688581544007, "step_values": 2.193569188048285, "step_td_err": 31.56474305160024}