{"dim0": 0.8, "dim1": 0.6, "scale": 15, "episode_rewards": 5.805544943956953, "episode_std_rewards": 0.6593909012288289, "episode_value_ests": 22.338268829448072, "episode_values": 2.504488108979591, "episode_td_err": 30.746829115818635, "episode_avg_len": 7.914015511237733, "episode_std_avg_len": 2.152909018202678, "step_rewards": 0.7335776554535688, "step_value_ests": 22.289221028359833, "step_values": 1.8676915814536934, "step_td_err": 30.295852925678663}