{"dim0": 0.8, "dim1": 0.13333333333333333, "scale": 15, "episode_rewards": 5.802453814671682, "episode_std_rewards": 0.66556149482366, "episode_value_ests": 22.376682356034923, "episode_values": 2.7326397451384117, "episode_td_err": 31.604462285633183, "episode_avg_len": 7.298883293190278, "episode_std_avg_len": 1.713176456854971, "step_rewards": 0.7949782975822155, "step_value_ests": 22.389579784669642, "step_values": 2.17550086436694, "step_td_err": 31.417220838193945}