{"dim0": 0.8, "dim1": 0.8666666666666667, "scale": 15, "episode_rewards": 4.614086832555271, "episode_std_rewards": 0.7103585554662816, "episode_value_ests": 21.403115885475675, "episode_values": 1.6891357280412438, "episode_td_err": 27.141603450074168, "episode_avg_len": 8.355459938173615, "episode_std_avg_len": 2.107959994253903, "step_rewards": 0.5522241584182432, "step_value_ests": 21.106976058622077, "step_values": 0.9473877345534356, "step_td_err": 26.01209474861201}