{"dim0": 0.8, "dim1": -0.8666666666666667, "scale": 15, "episode_rewards": 2.1065080394323057, "episode_std_rewards": 0.7329004777538639, "episode_value_ests": 22.291647870167388, "episode_values": 1.416601471338546, "episode_td_err": 35.70764587562431, "episode_avg_len": 6.715465717547512, "episode_std_avg_len": 1.325086572708683, "step_rewards": 0.31368011215186464, "step_value_ests": 22.308999350578784, "step_values": 0.8392563645594378, "step_td_err": 35.7298393145959}