{"dim0": 0.8, "dim1": -0.3333333333333333, "scale": 15, "episode_rewards": 4.62832532240019, "episode_std_rewards": 0.6895578472206227, "episode_value_ests": 22.33185156235414, "episode_values": 2.4077274459175415, "episode_td_err": 33.011365970274575, "episode_avg_len": 6.925002596862989, "episode_std_avg_len": 1.4306874734723303, "step_rewards": 0.6683499764313173, "step_value_ests": 22.34779089173707, "step_values": 1.871430993749213, "step_td_err": 32.95814310666667}