{"dim0": 0.8, "dim1": -0.8, "scale": 15, "episode_rewards": 2.4265802597074524, "episode_std_rewards": 0.7285925969189664, "episode_value_ests": 22.29626422765294, "episode_values": 1.5218872455643648, "episode_td_err": 35.319409692584564, "episode_avg_len": 6.75408618127786, "episode_std_avg_len": 1.3424165204642275, "step_rewards": 0.35927588049348047, "step_value_ests": 22.310178626717438, "step_values": 0.941912430160127, "step_td_err": 35.339551419497035}