{"dim0": 0.8, "dim1": -0.6666666666666666, "scale": 15, "episode_rewards": 3.155815190123488, "episode_std_rewards": 0.7143810813874978, "episode_value_ests": 22.315246146528647, "episode_values": 1.8487043098634406, "episode_td_err": 34.57205237604051, "episode_avg_len": 6.7833740333740336, "episode_std_avg_len": 1.3659945778752913, "step_rewards": 0.4652279491882587, "step_value_ests": 22.331165383848795, "step_values": 1.285952953300999, "step_td_err": 34.562574695485544}