{"dim0": 0.8, "dim1": 0.6666666666666666, "scale": 15, "episode_rewards": 5.593974391287211, "episode_std_rewards": 0.6773587794393515, "episode_value_ests": 22.25142677491784, "episode_values": 2.3630388478408637, "episode_td_err": 30.352624022914583, "episode_avg_len": 8.035355564483728, "episode_std_avg_len": 2.215607074561983, "step_rewards": 0.6961701129956933, "step_value_ests": 22.16148603943512, "step_values": 1.6864797734782606, "step_td_err": 29.736740200398817}