{"dim0": 0.8, "dim1": -1.0, "scale": 15, "episode_rewards": 1.2378546242332749, "episode_std_rewards": 0.7537805134345629, "episode_value_ests": 22.29233979165816, "episode_values": 1.020278283386055, "episode_td_err": 36.67820952916188, "episode_avg_len": 6.703603150661974, "episode_std_avg_len": 1.3177567088810564, "step_rewards": 0.18465511701882859, "step_value_ests": 22.312157670659623, "step_values": 0.41821960895442634, "step_td_err": 36.735475185203704}