{"dim0": 0.8, "dim1": 0.4, "scale": 15, "episode_rewards": 6.0904998061594045, "episode_std_rewards": 0.6553762285125364, "episode_value_ests": 22.40923473705072, "episode_values": 2.780079330489597, "episode_td_err": 31.14061255654207, "episode_avg_len": 7.577382079939382, "episode_std_avg_len": 1.9575984248997704, "step_rewards": 0.803773617577448, "step_value_ests": 22.4124237682178, "step_values": 2.1916018629070706, "step_td_err": 30.86805363799801}