{"dim0": 0.8, "dim1": 1.0, "scale": 15, "episode_rewards": 2.9814158574219283, "episode_std_rewards": 0.7860356373888033, "episode_value_ests": 20.391318192907217, "episode_values": 0.6204792756906999, "episode_td_err": 24.54649021890876, "episode_avg_len": 8.56030645437425, "episode_std_avg_len": 1.9020937045227961, "step_rewards": 0.34828377620738654, "step_value_ests": 20.025012952258404, "step_values": -0.1534756449135795, "step_td_err": 23.688701402139213}