{"dim0": 0.8, "dim1": 0.4666666666666667, "scale": 15, "episode_rewards": 5.956510836371918, "episode_std_rewards": 0.662613324746585, "episode_value_ests": 22.392517844077055, "episode_values": 2.6497349873719798, "episode_td_err": 31.054801156819686, "episode_avg_len": 7.709841563548052, "episode_std_avg_len": 2.05681396625799, "step_rewards": 0.7725853751047441, "step_value_ests": 22.38849810180051, "step_values": 2.031838558425471, "step_td_err": 30.772923715276562}