{"dim0": 0.8666666666666667, "dim1": 0.9333333333333333, "scale": 15, "episode_rewards": 4.102725517407532, "episode_std_rewards": 0.7754190141834483, "episode_value_ests": 21.285147110374147, "episode_values": 1.5795504344638887, "episode_td_err": 27.93303063027474, "episode_avg_len": 7.803355442840421, "episode_std_avg_len": 1.869346453174042, "step_rewards": 0.5257642750557753, "step_value_ests": 20.96185148268923, "step_values": 0.7533685461521268, "step_td_err": 27.01662585643819}