{"dim0": 0.8666666666666667, "dim1": -0.9333333333333333, "scale": 15, "episode_rewards": 1.351985977337492, "episode_std_rewards": 0.7511790823948812, "episode_value_ests": 22.276676913393132, "episode_values": 1.2648524843472295, "episode_td_err": 37.558871463155896, "episode_avg_len": 6.436267095736122, "episode_std_avg_len": 1.1877698971176895, "step_rewards": 0.2100574692173902, "step_value_ests": 22.288341688181312, "step_values": 0.7250583792363097, "step_td_err": 37.655118240525}