{"dim0": 0.8666666666666667, "dim1": -0.06666666666666667, "scale": 15, "episode_rewards": 5.029643713311423, "episode_std_rewards": 0.6872384260583794, "episode_value_ests": 22.323064582843777, "episode_values": 2.6783645285251847, "episode_td_err": 33.28298170823912, "episode_avg_len": 6.730062588330305, "episode_std_avg_len": 1.3510901457177582, "step_rewards": 0.7473398125646932, "step_value_ests": 22.337451918015816, "step_values": 2.176504317191634, "step_td_err": 33.25802320884954}