{"dim0": 0.8666666666666667, "dim1": 0.3333333333333333, "scale": 15, "episode_rewards": 5.6971890717833, "episode_std_rewards": 0.6670343560710854, "episode_value_ests": 22.377678986146837, "episode_values": 2.8329676010467084, "episode_td_err": 32.47384095364091, "episode_avg_len": 7.0015753544547525, "episode_std_avg_len": 1.5536266005156596, "step_rewards": 0.8137010291774498, "step_value_ests": 22.390664824888706, "step_values": 2.3087415166567262, "step_td_err": 32.35586036148241}