{"dim0": 0.8666666666666667, "dim1": 0.2, "scale": 15, "episode_rewards": 5.605648306492418, "episode_std_rewards": 0.6785781279329371, "episode_value_ests": 22.36721306880841, "episode_values": 2.8551503673135223, "episode_td_err": 32.67882108386227, "episode_avg_len": 6.888950124001102, "episode_std_avg_len": 1.4663486142339466, "step_rewards": 0.8137159081704394, "step_value_ests": 22.3812503692317, "step_values": 2.3406436028281328, "step_td_err": 32.59894793760124}