{"dim0": 0.8666666666666667, "dim1": 0.5333333333333333, "scale": 15, "episode_rewards": 5.653706824881981, "episode_std_rewards": 0.6724673444587035, "episode_value_ests": 22.384135741475433, "episode_values": 2.739824186747216, "episode_td_err": 32.2178095110042, "episode_avg_len": 7.208282274922511, "episode_std_avg_len": 1.738399645801808, "step_rewards": 0.7843348261417465, "step_value_ests": 22.37801487561547, "step_values": 2.1587638455831177, "step_td_err": 32.02619911001351}