{"dim0": 0.8666666666666667, "dim1": -0.8666666666666667, "scale": 15, "episode_rewards": 1.7633406477340507, "episode_std_rewards": 0.7452094510176267, "episode_value_ests": 22.268052241748897, "episode_values": 1.4341605111103015, "episode_td_err": 36.988122213506976, "episode_avg_len": 6.447453255963894, "episode_std_avg_len": 1.1903511286121309, "step_rewards": 0.27349413446355125, "step_value_ests": 22.281629063241482, "step_values": 0.901098864963197, "step_td_err": 37.08606815454486}