{"dim0": 0.8666666666666667, "dim1": 1.0, "scale": 15, "episode_rewards": 3.2445921075205786, "episode_std_rewards": 0.8218683585371667, "episode_value_ests": 20.83852246851618, "episode_values": 0.9881698975452181, "episode_td_err": 26.78252176438551, "episode_avg_len": 7.957151382534315, "episode_std_avg_len": 1.8401275247384778, "step_rewards": 0.4077579967426976, "step_value_ests": 20.465475033200676, "step_values": 0.11979088913319046, "step_td_err": 25.926959130204317}