{"dim0": 0.8666666666666667, "dim1": 0.4666666666666667, "scale": 15, "episode_rewards": 5.680659353139684, "episode_std_rewards": 0.6713718503454297, "episode_value_ests": 22.379765098359243, "episode_values": 2.742702302138837, "episode_td_err": 32.32201457558801, "episode_avg_len": 7.147012578616352, "episode_std_avg_len": 1.644780435786442, "step_rewards": 0.7948299083922207, "step_value_ests": 22.383193029854755, "step_values": 2.1904291063845927, "step_td_err": 32.18126096170925}