{"dim0": 0.8666666666666667, "dim1": -0.4, "scale": 15, "episode_rewards": 3.915006155029944, "episode_std_rewards": 0.7036758319652168, "episode_value_ests": 22.29521190009268, "episode_values": 2.2981365179428512, "episode_td_err": 34.442917265566095, "episode_avg_len": 6.588700378850271, "episode_std_avg_len": 1.2613369828678005, "step_rewards": 0.5942000591796698, "step_value_ests": 22.307642272264957, "step_values": 1.7980230027567747, "step_td_err": 34.45996950106596}