{"dim0": 0.8666666666666667, "dim1": 0.06666666666666667, "scale": 15, "episode_rewards": 5.400825384020579, "episode_std_rewards": 0.6797352210787607, "episode_value_ests": 22.327559258276192, "episode_values": 2.812971523636937, "episode_td_err": 32.841276319005914, "episode_avg_len": 6.787585691983981, "episode_std_avg_len": 1.3847191730287367, "step_rewards": 0.7956916684527251, "step_value_ests": 22.342474356607568, "step_values": 2.3144898471429545, "step_td_err": 32.80623057047806}