{"dim0": 0.8666666666666667, "dim1": -0.26666666666666666, "scale": 15, "episode_rewards": 4.4477213962030016, "episode_std_rewards": 0.6915766443110248, "episode_value_ests": 22.299185835200902, "episode_values": 2.4876668517023233, "episode_td_err": 33.90073945506397, "episode_avg_len": 6.630519824956902, "episode_std_avg_len": 1.2907608739706697, "step_rewards": 0.670795279046151, "step_value_ests": 22.31027303667269, "step_values": 1.9872331500825398, "step_td_err": 33.90311033900537}