{"dim0": 0.8666666666666667, "dim1": 0.4, "scale": 15, "episode_rewards": 5.744473749319717, "episode_std_rewards": 0.672284934967866, "episode_value_ests": 22.378570241279135, "episode_values": 2.820771588622237, "episode_td_err": 32.26172577265351, "episode_avg_len": 7.080218068535825, "episode_std_avg_len": 1.6008554276634692, "step_rewards": 0.8113413589403274, "step_value_ests": 22.38563492414211, "step_values": 2.2806969819567224, "step_td_err": 32.133846751506674}