{"dim0": 0.8666666666666667, "dim1": 0.13333333333333333, "scale": 15, "episode_rewards": 5.496844534256456, "episode_std_rewards": 0.6760884713372326, "episode_value_ests": 22.357755357995227, "episode_values": 2.8410138819740745, "episode_td_err": 32.781209116805165, "episode_avg_len": 6.83526999316473, "episode_std_avg_len": 1.4255744530148726, "step_rewards": 0.8041883553617196, "step_value_ests": 22.372789981098176, "step_values": 2.3388359581369076, "step_td_err": 32.71921922689204}