{"dim0": 0.8666666666666667, "dim1": -1.0, "scale": 15, "episode_rewards": 0.9853807878968504, "episode_std_rewards": 0.7548714332707005, "episode_value_ests": 22.265102017977586, "episode_values": 1.0970736789818922, "episode_td_err": 37.914647341498394, "episode_avg_len": 6.437031315374465, "episode_std_avg_len": 1.1886321722917703, "step_rewards": 0.1530800053035826, "step_value_ests": 22.27862580943735, "step_values": 0.5495456984419893, "step_td_err": 38.01707564476986}