{"dim0": 0.8666666666666667, "dim1": 0.0, "scale": 15, "episode_rewards": 5.200079095640215, "episode_std_rewards": 0.6846243953703249, "episode_value_ests": 22.33888917035058, "episode_values": 2.758043917770834, "episode_td_err": 33.13010182302519, "episode_avg_len": 6.7532752566180445, "episode_std_avg_len": 1.387314487675017, "step_rewards": 0.7700084622708464, "step_value_ests": 22.348597897489334, "step_values": 2.244326255481309, "step_td_err": 33.08494164772912}