{"dim0": 0.8666666666666667, "dim1": -0.6666666666666666, "scale": 15, "episode_rewards": 2.7804550376507784, "episode_std_rewards": 0.7265570192952009, "episode_value_ests": 22.288011147757015, "episode_values": 1.8617777581519197, "episode_td_err": 35.83813671694204, "episode_avg_len": 6.493636363636363, "episode_std_avg_len": 1.215948573215027, "step_rewards": 0.4281815121679765, "step_value_ests": 22.298363310616363, "step_values": 1.343445162649517, "step_td_err": 35.908207141640794}