{"dim0": 0.8666666666666667, "dim1": -0.2, "scale": 15, "episode_rewards": 4.688336554973979, "episode_std_rewards": 0.6933163465935027, "episode_value_ests": 22.312406738725578, "episode_values": 2.5836440066180164, "episode_td_err": 33.705928260315076, "episode_avg_len": 6.653802648213454, "episode_std_avg_len": 1.2987639849714419, "step_rewards": 0.7046101008470392, "step_value_ests": 22.324418776094912, "step_values": 2.0868475314703736, "step_td_err": 33.70216294304372}