{"dim0": 0.8666666666666667, "dim1": -0.13333333333333333, "scale": 15, "episode_rewards": 4.870542707701813, "episode_std_rewards": 0.6844391960294998, "episode_value_ests": 22.319549677531914, "episode_values": 2.635877242644616, "episode_td_err": 33.53401675151652, "episode_avg_len": 6.686637023168734, "episode_std_avg_len": 1.3166134301105936, "step_rewards": 0.7283994466614114, "step_value_ests": 22.331724162790856, "step_values": 2.141207729750242, "step_td_err": 33.51343311144925}