{"dim0": 0.8666666666666667, "dim1": -0.4666666666666667, "scale": 15, "episode_rewards": 3.729877369110215, "episode_std_rewards": 0.7085236005730065, "episode_value_ests": 22.294716263510583, "episode_values": 2.2479000413482932, "episode_td_err": 34.73872430909979, "episode_avg_len": 6.545704467353952, "episode_std_avg_len": 1.2406801797820484, "step_rewards": 0.56982061865344, "step_value_ests": 22.306711766987366, "step_values": 1.7465955451702886, "step_td_err": 34.77864438858012}