{"dim0": 0.8666666666666667, "dim1": -0.5333333333333333, "scale": 15, "episode_rewards": 3.421081791077853, "episode_std_rewards": 0.7095791811755134, "episode_value_ests": 22.276699105956677, "episode_values": 2.095415009461206, "episode_td_err": 35.17529961550083, "episode_avg_len": 6.526808732826421, "episode_std_avg_len": 1.228047473857563, "step_rewards": 0.5241584258278641, "step_value_ests": 22.286166698837125, "step_values": 1.5932929052630338, "step_td_err": 35.20752533712658}