{"dim0": 0.8666666666666667, "dim1": -0.3333333333333333, "scale": 15, "episode_rewards": 4.2586783130127595, "episode_std_rewards": 0.6956645248959948, "episode_value_ests": 22.294817756938688, "episode_values": 2.4322666516091678, "episode_td_err": 34.13037412512175, "episode_avg_len": 6.5950999142649875, "episode_std_avg_len": 1.2598910501556115, "step_rewards": 0.6457337065965257, "step_value_ests": 22.307884486411336, "step_values": 1.9404628395311483, "step_td_err": 34.15477475072204}