{"dim0": 0.8666666666666667, "dim1": 0.6, "scale": 15, "episode_rewards": 5.525512243835085, "episode_std_rewards": 0.6794852082246472, "episode_value_ests": 22.355301292188468, "episode_values": 2.605812559731669, "episode_td_err": 32.08795752210367, "episode_avg_len": 7.312991334235256, "episode_std_avg_len": 1.7763832544750213, "step_rewards": 0.7555748381606564, "step_value_ests": 22.33089726673208, "step_values": 2.0037851878298074, "step_td_err": 31.857839145426954}