{"dim0": 0.8666666666666667, "dim1": -0.7333333333333333, "scale": 15, "episode_rewards": 2.474190282881389, "episode_std_rewards": 0.7282977071165916, "episode_value_ests": 22.273339521690527, "episode_values": 1.7303729935743999, "episode_td_err": 36.21270743408172, "episode_avg_len": 6.471718871343516, "episode_std_avg_len": 1.1974020854570395, "step_rewards": 0.38230805943023793, "step_value_ests": 22.28447131372173, "step_values": 1.2192283824125405, "step_td_err": 36.27386888601283}