{"dim0": 0.8666666666666667, "dim1": 0.7333333333333333, "scale": 15, "episode_rewards": 5.273767509543225, "episode_std_rewards": 0.6937468860643812, "episode_value_ests": 22.182102371925986, "episode_values": 2.4045100706592004, "episode_td_err": 31.283495773670165, "episode_avg_len": 7.479431563201197, "episode_std_avg_len": 1.8506673416810278, "step_rewards": 0.7051027160259291, "step_value_ests": 22.077669533005505, "step_values": 1.74488127449043, "step_td_err": 30.782315210055067}