{"dim0": 0.8666666666666667, "dim1": 0.6666666666666666, "scale": 15, "episode_rewards": 5.4632558884153255, "episode_std_rewards": 0.6775293732867967, "episode_value_ests": 22.31510323923956, "episode_values": 2.552689194037095, "episode_td_err": 31.913341690021593, "episode_avg_len": 7.378610690965433, "episode_std_avg_len": 1.801768236620194, "step_rewards": 0.7404179617586656, "step_value_ests": 22.26155713488189, "step_values": 1.9351492378709199, "step_td_err": 31.58517992760538}