{"dim0": 0.8666666666666667, "dim1": 0.26666666666666666, "scale": 15, "episode_rewards": 5.6891035458458425, "episode_std_rewards": 0.67710206474568, "episode_value_ests": 22.363261608047548, "episode_values": 2.8712723148623542, "episode_td_err": 32.446592723225166, "episode_avg_len": 6.934435892101796, "episode_std_avg_len": 1.495909155639644, "step_rewards": 0.8204133161466868, "step_value_ests": 22.37716655618002, "step_values": 2.3525104844636995, "step_td_err": 32.37345402181514}