{"dim0": 0.8666666666666667, "dim1": 0.8, "scale": 15, "episode_rewards": 5.0265307784989455, "episode_std_rewards": 0.7031758865750792, "episode_value_ests": 21.97514621107723, "episode_values": 2.2159471215295974, "episode_td_err": 30.49431030585771, "episode_avg_len": 7.56648885862369, "episode_std_avg_len": 1.8735354015147325, "step_rewards": 0.6643148324695014, "step_value_ests": 21.80494729889303, "step_values": 1.5175460015934081, "step_td_err": 29.762051711896607}