{"dim0": 0.9333333333333333, "dim1": 0.2, "scale": 15, "episode_rewards": 5.238826004764165, "episode_std_rewards": 0.6822048635958644, "episode_value_ests": 22.341819490021855, "episode_values": 2.9166830447373098, "episode_td_err": 33.669464344069716, "episode_avg_len": 6.527300022845208, "episode_std_avg_len": 1.2575078991178492, "step_rewards": 0.8026022990254084, "step_value_ests": 22.352127903003197, "step_values": 2.454360297253214, "step_td_err": 33.6664135320184}