{"dim0": 0.9333333333333333, "dim1": -0.4666666666666667, "scale": 15, "episode_rewards": 3.2676810369969522, "episode_std_rewards": 0.7139551480474133, "episode_value_ests": 22.268581890120043, "episode_values": 2.203847708306019, "episode_td_err": 35.92174260722448, "episode_avg_len": 6.302253032928943, "episode_std_avg_len": 1.1210743022853318, "step_rewards": 0.5184941036044554, "step_value_ests": 22.27684772107004, "step_values": 1.7436476271248227, "step_td_err": 36.00052560447765}