{"dim0": 0.9333333333333333, "dim1": 0.7333333333333333, "scale": 15, "episode_rewards": 5.1095266259955325, "episode_std_rewards": 0.6947950839476895, "episode_value_ests": 22.27024465249247, "episode_values": 2.6063893520331565, "episode_td_err": 32.80718752935154, "episode_avg_len": 6.948443579766537, "episode_std_avg_len": 1.536446804735438, "step_rewards": 0.735348365045976, "step_value_ests": 22.210974636744943, "step_values": 2.015304361552553, "step_td_err": 32.567715623446404}