{"dim0": 0.9333333333333333, "dim1": -0.9333333333333333, "scale": 15, "episode_rewards": 0.9238566946992397, "episode_std_rewards": 0.7520686734574977, "episode_value_ests": 22.235111137634494, "episode_values": 1.2139937420342595, "episode_td_err": 38.77444924028458, "episode_avg_len": 6.224418025644217, "episode_std_avg_len": 1.0832794589535515, "step_rewards": 0.14842459020152682, "step_value_ests": 22.24280173187873, "step_values": 0.7232359484848897, "step_td_err": 38.88045060732059}