{"dim0": 0.9333333333333333, "dim1": -0.3333333333333333, "scale": 15, "episode_rewards": 3.774101963636234, "episode_std_rewards": 0.7127180544947549, "episode_value_ests": 22.27397992017385, "episode_values": 2.4119443738872723, "episode_td_err": 35.34525082876557, "episode_avg_len": 6.326406022648194, "episode_std_avg_len": 1.1468228458335918, "step_rewards": 0.5965633489417453, "step_value_ests": 22.28007256011441, "step_values": 1.9423421054450867, "step_td_err": 35.42769235052944}