{"dim0": 0.9333333333333333, "dim1": 0.3333333333333333, "scale": 15, "episode_rewards": 5.391368750139002, "episode_std_rewards": 0.6769016195670177, "episode_value_ests": 22.34693436634097, "episode_values": 2.9417881396852703, "episode_td_err": 33.46477785765511, "episode_avg_len": 6.598376880443388, "episode_std_avg_len": 1.293478987338969, "step_rewards": 0.8170749940213662, "step_value_ests": 22.356302700905278, "step_values": 2.472099032237352, "step_td_err": 33.465180129051134}