{"dim0": 0.9333333333333333, "dim1": -0.2, "scale": 15, "episode_rewards": 4.219345998167639, "episode_std_rewards": 0.6965952235395007, "episode_value_ests": 22.28490706907966, "episode_values": 2.567715597428234, "episode_td_err": 34.87704950056375, "episode_avg_len": 6.363101298040214, "episode_std_avg_len": 1.1469542713002563, "step_rewards": 0.6630958396760342, "step_value_ests": 22.292368604190315, "step_values": 2.120157074712293, "step_td_err": 34.933119472676964}