{"dim0": 0.9333333333333333, "dim1": 0.8666666666666667, "scale": 15, "episode_rewards": 4.72443182272964, "episode_std_rewards": 0.7267537058700503, "episode_value_ests": 21.924127837982578, "episode_values": 2.308089586876415, "episode_td_err": 31.164071844100036, "episode_avg_len": 7.118664578587699, "episode_std_avg_len": 1.6237222536408613, "step_rewards": 0.6636682724088876, "step_value_ests": 21.7446591157876, "step_values": 1.6176803457910864, "step_td_err": 30.58358759434678}