{"dim0": 0.9333333333333333, "dim1": 1.0, "scale": 15, "episode_rewards": 3.607048675807422, "episode_std_rewards": 0.8300472890849437, "episode_value_ests": 21.252108283443153, "episode_values": 1.4976291152347916, "episode_td_err": 28.80926536596372, "episode_avg_len": 7.370702045328911, "episode_std_avg_len": 1.70192780412472, "step_rewards": 0.48937654155934074, "step_value_ests": 20.92055093315709, "step_values": 0.6140726171670156, "step_td_err": 28.06453257711702}