{"dim0": 0.9333333333333333, "dim1": -0.13333333333333333, "scale": 15, "episode_rewards": 4.44763545345328, "episode_std_rewards": 0.6959802764969154, "episode_value_ests": 22.284267629912055, "episode_values": 2.657413065389508, "episode_td_err": 34.548151842272354, "episode_avg_len": 6.385759897828863, "episode_std_avg_len": 1.1690076255891395, "step_rewards": 0.6964927470833129, "step_value_ests": 22.292698655321264, "step_values": 2.2006921364226293, "step_td_err": 34.604270533482236}