{"dim0": 0.9333333333333333, "dim1": 0.0, "scale": 15, "episode_rewards": 4.85324567997717, "episode_std_rewards": 0.6880989222596567, "episode_value_ests": 22.301389008221268, "episode_values": 2.804276781978353, "episode_td_err": 34.208286384332425, "episode_avg_len": 6.424973497381862, "episode_std_avg_len": 1.1884230880952094, "step_rewards": 0.7553720932786474, "step_value_ests": 22.30917067720482, "step_values": 2.352792139409719, "step_td_err": 34.247343307776426}