{"dim0": 0.9333333333333333, "dim1": 0.06666666666666667, "scale": 15, "episode_rewards": 4.98380198879758, "episode_std_rewards": 0.6825093267750533, "episode_value_ests": 22.31022672864298, "episode_values": 2.8406941410105717, "episode_td_err": 33.977558974988234, "episode_avg_len": 6.458937510092039, "episode_std_avg_len": 1.214836947141825, "step_rewards": 0.7716132848491611, "step_value_ests": 22.31879894985472, "step_values": 2.385640224032109, "step_td_err": 33.98447370781549}