{"dim0": 0.9333333333333333, "dim1": -0.5333333333333333, "scale": 15, "episode_rewards": 3.0412024019797705, "episode_std_rewards": 0.721011559816437, "episode_value_ests": 22.25332171669474, "episode_values": 2.1494222609734748, "episode_td_err": 36.09763466495455, "episode_avg_len": 6.2665434264945485, "episode_std_avg_len": 1.0991046024590196, "step_rewards": 0.48530779969093646, "step_value_ests": 22.261399851001116, "step_values": 1.6913525847202613, "step_td_err": 36.20373399524907}