{"dim0": 0.9333333333333333, "dim1": -0.6, "scale": 15, "episode_rewards": 2.7020133558067827, "episode_std_rewards": 0.7214854159937754, "episode_value_ests": 22.26486809234595, "episode_values": 1.9848825301691555, "episode_td_err": 36.59837706040681, "episode_avg_len": 6.267855463975681, "episode_std_avg_len": 1.0984854109383675, "step_rewards": 0.4310905653993662, "step_value_ests": 22.2717634880773, "step_values": 1.5232825192297472, "step_td_err": 36.693415191381504}