{"dim0": 0.9333333333333333, "dim1": 0.26666666666666666, "scale": 15, "episode_rewards": 5.337794787011077, "episode_std_rewards": 0.674994440308683, "episode_value_ests": 22.333063501461247, "episode_values": 2.9233538128108814, "episode_td_err": 33.5197381196405, "episode_avg_len": 6.566780484601747, "episode_std_avg_len": 1.2689779197225302, "step_rewards": 0.8128480614705361, "step_value_ests": 22.343634220585532, "step_values": 2.462108220867546, "step_td_err": 33.51074250174392}