{"dim0": 0.9333333333333333, "dim1": -1.0, "scale": 15, "episode_rewards": 0.5598815334894774, "episode_std_rewards": 0.7636633502401631, "episode_value_ests": 22.245232409259298, "episode_values": 1.070641791077909, "episode_td_err": 39.34606581392561, "episode_avg_len": 6.207579378627518, "episode_std_avg_len": 1.0733910090683518, "step_rewards": 0.09019321370535033, "step_value_ests": 22.25364279142624, "step_values": 0.5763587571843413, "step_td_err": 39.4672697694917}