{"dim0": 0.9333333333333333, "dim1": 0.13333333333333333, "scale": 15, "episode_rewards": 5.105764777075078, "episode_std_rewards": 0.6812248261447917, "episode_value_ests": 22.328900978148532, "episode_values": 2.8723168689783876, "episode_td_err": 33.91355450338865, "episode_avg_len": 6.491917683718515, "episode_std_avg_len": 1.2278151757988782, "step_rewards": 0.7864802090575091, "step_value_ests": 22.33647504555954, "step_values": 2.414302541753211, "step_td_err": 33.92291501529256}