{"dim0": 0.9333333333333333, "dim1": -0.7333333333333333, "scale": 15, "episode_rewards": 2.0835861280772185, "episode_std_rewards": 0.7320432425947105, "episode_value_ests": 22.239621929933772, "episode_values": 1.735394515053549, "episode_td_err": 37.30583944394587, "episode_avg_len": 6.237844244144341, "episode_std_avg_len": 1.0859601641093817, "step_rewards": 0.3340234296541062, "step_value_ests": 22.24637253739205, "step_values": 1.2675220496502364, "step_td_err": 37.402869423792296}