{"dim0": 0.9333333333333333, "dim1": -0.4, "scale": 15, "episode_rewards": 3.5506002775932752, "episode_std_rewards": 0.7140894076086741, "episode_value_ests": 22.26625793750409, "episode_values": 2.323331879009295, "episode_td_err": 35.58740737221882, "episode_avg_len": 6.307379375591296, "episode_std_avg_len": 1.1250000627367676, "step_rewards": 0.5629279715334101, "step_value_ests": 22.272510953900234, "step_values": 1.8614780344098905, "step_td_err": 35.668722582031386}