{"dim0": 0.9333333333333333, "dim1": 0.6, "scale": 15, "episode_rewards": 5.342210805863788, "episode_std_rewards": 0.6811128966737248, "episode_value_ests": 22.361990198117905, "episode_values": 2.8169281380469187, "episode_td_err": 33.179298296369744, "episode_avg_len": 6.805008335885135, "episode_std_avg_len": 1.4528941429651265, "step_rewards": 0.7850410377445807, "step_value_ests": 22.358419483121775, "step_values": 2.2920414156594906, "step_td_err": 33.11852098108651}