{"dim0": 0.9333333333333333, "dim1": 0.5333333333333333, "scale": 15, "episode_rewards": 5.375016470037836, "episode_std_rewards": 0.6744710455219101, "episode_value_ests": 22.367343151792983, "episode_values": 2.843003185254637, "episode_td_err": 33.3139341478593, "episode_avg_len": 6.756790540540541, "episode_std_avg_len": 1.4099805334739144, "step_rewards": 0.7954984600732993, "step_value_ests": 22.370017192945966, "step_values": 2.3339283489637355, "step_td_err": 33.27217245734595}