{"dim0": 0.9333333333333333, "dim1": 0.9333333333333333, "scale": 15, "episode_rewards": 4.2788842421330635, "episode_std_rewards": 0.7662138765580955, "episode_value_ests": 21.64082747145425, "episode_values": 1.9886839061549342, "episode_td_err": 30.05139584313721, "episode_avg_len": 7.236747838043203, "episode_std_avg_len": 1.6843158940535805, "step_rewards": 0.5912717062820946, "step_value_ests": 21.380498450575356, "step_values": 1.199334136539453, "step_td_err": 29.311875697652233}