{"dim0": 0.9333333333333333, "dim1": 0.4, "scale": 15, "episode_rewards": 5.377617695199191, "episode_std_rewards": 0.6811260119975858, "episode_value_ests": 22.3549903361577, "episode_values": 2.893039051425834, "episode_td_err": 33.34322763673691, "episode_avg_len": 6.664922687283391, "episode_std_avg_len": 1.3575106499191494, "step_rewards": 0.8068537247190631, "step_value_ests": 22.362720991759172, "step_values": 2.3938730940961217, "step_td_err": 33.31777838604472}