{"dim0": 0.9333333333333333, "dim1": 0.4666666666666667, "scale": 15, "episode_rewards": 5.4044438283359355, "episode_std_rewards": 0.6741206216198504, "episode_value_ests": 22.364218295055743, "episode_values": 2.895448439316128, "episode_td_err": 33.30831476166655, "episode_avg_len": 6.7015145422865565, "episode_std_avg_len": 1.3726009464585938, "step_rewards": 0.8064511080642883, "step_value_ests": 22.373744251977204, "step_values": 2.4041228803302475, "step_td_err": 33.288327107322246}