{"dim0": 0.9333333333333333, "dim1": -0.06666666666666667, "scale": 15, "episode_rewards": 4.651356430886059, "episode_std_rewards": 0.6947724463348061, "episode_value_ests": 22.28624307665106, "episode_values": 2.7221972333083158, "episode_td_err": 34.376361533169295, "episode_avg_len": 6.404194684598143, "episode_std_avg_len": 1.1787809429955887, "step_rewards": 0.726298412206675, "step_value_ests": 22.292150181868042, "step_values": 2.265540516845206, "step_td_err": 34.422104626495546}