{"dim0": 0.9333333333333333, "dim1": -0.26666666666666666, "scale": 15, "episode_rewards": 4.052847011087355, "episode_std_rewards": 0.7017819103959486, "episode_value_ests": 22.274500457805058, "episode_values": 2.514158353167223, "episode_td_err": 35.03728754141645, "episode_avg_len": 6.3417573009480925, "episode_std_avg_len": 1.1423209264367076, "step_rewards": 0.6390731809433096, "step_value_ests": 22.28198827869177, "step_values": 2.0612299900947564, "step_td_err": 35.10166318207096}