{"dim0": 0.9333333333333333, "dim1": 0.8, "scale": 15, "episode_rewards": 4.986774417717682, "episode_std_rewards": 0.702273239602657, "episode_value_ests": 22.12378738511297, "episode_values": 2.5013439325734352, "episode_td_err": 32.07245350560062, "episode_avg_len": 7.028394714647175, "episode_std_avg_len": 1.5927321343852734, "step_rewards": 0.7095182641528719, "step_value_ests": 22.01131439782038, "step_values": 1.8667904139763243, "step_td_err": 31.67011248152126}