{"dim0": 1.0, "dim1": 0.8, "scale": 15, "episode_rewards": 4.827028032855965, "episode_std_rewards": 0.6925958633874106, "episode_value_ests": 22.214321636238754, "episode_values": 2.716085735220422, "episode_td_err": 33.512943135573316, "episode_avg_len": 6.575401913403689, "episode_std_avg_len": 1.3214031605234042, "step_rewards": 0.7341038762993735, "step_value_ests": 22.147679240967005, "step_values": 2.1795627315958197, "step_td_err": 33.344528541300264}