{"dim0": 1.0, "dim1": -0.8, "scale": 15, "episode_rewards": 1.1769076154396179, "episode_std_rewards": 0.7533730284922859, "episode_value_ests": 22.225054056625922, "episode_values": 1.479274114287778, "episode_td_err": 39.20693412693733, "episode_avg_len": 6.039315155358275, "episode_std_avg_len": 0.9932710111642312, "step_rewards": 0.19487435001556883, "step_value_ests": 22.228677672473545, "step_values": 1.0424017653908595, "step_td_err": 39.330102260431275}