{"dim0": 1.0, "dim1": -0.9333333333333333, "scale": 15, "episode_rewards": 0.4611097800698196, "episode_std_rewards": 0.7645200300674744, "episode_value_ests": 22.21813656786651, "episode_values": 1.1714398023394725, "episode_td_err": 40.201005219342186, "episode_avg_len": 6.025124265702666, "episode_std_avg_len": 0.9839967615919457, "step_rewards": 0.07653116512378584, "step_value_ests": 22.223090438930413, "step_values": 0.729302684153659, "step_td_err": 40.33749787644796}