{"dim0": 1.0, "dim1": -0.2, "scale": 15, "episode_rewards": 3.830859601042028, "episode_std_rewards": 0.6987213765579907, "episode_value_ests": 22.253807039576525, "episode_values": 2.5959616967237467, "episode_td_err": 35.83096244794304, "episode_avg_len": 6.112809071181882, "episode_std_avg_len": 1.0255547947072172, "step_rewards": 0.6266938090872434, "step_value_ests": 22.255790840846615, "step_values": 2.1938708864137157, "step_td_err": 35.908316576141935}