{"dim0": 1.0, "dim1": -0.8666666666666667, "scale": 15, "episode_rewards": 0.8149304685484714, "episode_std_rewards": 0.7572274744127657, "episode_value_ests": 22.219804684703153, "episode_values": 1.3180479828897655, "episode_td_err": 39.657470510792, "episode_avg_len": 6.040471156750226, "episode_std_avg_len": 0.9901625554098431, "step_rewards": 0.13491173906819945, "step_value_ests": 22.224118800160884, "step_values": 0.876061031765016, "step_td_err": 39.79299180438374}