{"dim0": 1.0, "dim1": 0.06666666666666667, "scale": 15, "episode_rewards": 4.534101455833767, "episode_std_rewards": 0.6885959925820436, "episode_value_ests": 22.290996662415843, "episode_values": 2.829263091287736, "episode_td_err": 35.135977875113724, "episode_avg_len": 6.186044353716247, "episode_std_avg_len": 1.0669921058958245, "step_rewards": 0.7329565060602773, "step_value_ests": 22.292217004681884, "step_values": 2.416840455014533, "step_td_err": 35.213998867005415}