{"dim0": 1.0, "dim1": 1.0, "scale": 15, "episode_rewards": 3.878249344467199, "episode_std_rewards": 0.8014922706436713, "episode_value_ests": 21.608285204872335, "episode_values": 2.0127394433682415, "episode_td_err": 30.729002693602965, "episode_avg_len": 6.862711457296778, "episode_std_avg_len": 1.5061405217316728, "step_rewards": 0.5651191032290379, "step_value_ests": 21.34987124063462, "step_values": 1.221840750588966, "step_td_err": 30.14500554066266}