{"dim0": 1.0, "dim1": 0.4666666666666667, "scale": 15, "episode_rewards": 5.056785368028148, "episode_std_rewards": 0.6778860904692755, "episode_value_ests": 22.341429081057193, "episode_values": 2.9758204827483863, "episode_td_err": 34.30920043720685, "episode_avg_len": 6.360843430970327, "episode_std_avg_len": 1.1819475377284163, "step_rewards": 0.7949866119023071, "step_value_ests": 22.34696300040817, "step_values": 2.53511212355604, "step_td_err": 34.35427551056544}