{"dim0": 1.0, "dim1": 0.8666666666666667, "scale": 15, "episode_rewards": 4.646981759990856, "episode_std_rewards": 0.7148075326847503, "episode_value_ests": 22.070542914071822, "episode_values": 2.5741996706849863, "episode_td_err": 32.72246531194896, "episode_avg_len": 6.664067706250833, "episode_std_avg_len": 1.3971841340396995, "step_rewards": 0.6973191097131308, "step_value_ests": 21.94644745842982, "step_values": 1.9688839495449062, "step_td_err": 32.36004460634841}