{"dim0": 1.0, "dim1": 0.2, "scale": 15, "episode_rewards": 4.820655635600578, "episode_std_rewards": 0.6851431973426018, "episode_value_ests": 22.288681285978655, "episode_values": 2.9340076174022203, "episode_td_err": 34.63586788307975, "episode_avg_len": 6.2297149976639155, "episode_std_avg_len": 1.1014120977222077, "step_rewards": 0.7738164004947704, "step_value_ests": 22.2922709374287, "step_values": 2.513875741188859, "step_td_err": 34.698619641859125}