{"dim0": 1.0, "dim1": -0.4666666666666667, "scale": 15, "episode_rewards": 2.75940560235822, "episode_std_rewards": 0.7206169468651593, "episode_value_ests": 22.239733236889332, "episode_values": 2.1562751319981577, "episode_td_err": 37.120598289317556, "episode_avg_len": 6.072966325570097, "episode_std_avg_len": 1.0030721630565176, "step_rewards": 0.4543752516360581, "step_value_ests": 22.242972187257745, "step_values": 1.7453335736161433, "step_td_err": 37.22802679567569}