{"dim0": 1.0, "dim1": -0.26666666666666666, "scale": 15, "episode_rewards": 3.5678455117081924, "episode_std_rewards": 0.7048187791629285, "episode_value_ests": 22.24908347076122, "episode_values": 2.4745109375535925, "episode_td_err": 36.22070487190591, "episode_avg_len": 6.102489778482944, "episode_std_avg_len": 1.0126848013713519, "step_rewards": 0.5846540741925086, "step_value_ests": 22.250682640142916, "step_values": 2.0748135017333365, "step_td_err": 36.30359683216155}