{"dim0": 1.0, "dim1": 0.0, "scale": 15, "episode_rewards": 4.428860876119779, "episode_std_rewards": 0.6904839810469515, "episode_value_ests": 22.27938479249351, "episode_values": 2.8132073923502205, "episode_td_err": 35.18909927301, "episode_avg_len": 6.15962426855559, "episode_std_avg_len": 1.052541286760271, "step_rewards": 0.7190147780163758, "step_value_ests": 22.2828545045789, "step_values": 2.410492571377279, "step_td_err": 35.264161345997096}