{"dim0": 1.0, "dim1": 0.9333333333333333, "scale": 15, "episode_rewards": 4.287318775098095, "episode_std_rewards": 0.752284562296376, "episode_value_ests": 21.859658313330595, "episode_values": 2.303997837705715, "episode_td_err": 31.84521807563695, "episode_avg_len": 6.7598945482813395, "episode_std_avg_len": 1.4692841060634394, "step_rewards": 0.6342286472779547, "step_value_ests": 21.664243210872076, "step_values": 1.59545843418201, "step_td_err": 31.33709570309305}