{"dim0": 1.0, "dim1": -1.0, "scale": 15, "episode_rewards": 0.049872592178317014, "episode_std_rewards": 0.7668844842406637, "episode_value_ests": 22.22035778156629, "episode_values": 0.9855980239550971, "episode_td_err": 40.8005837791194, "episode_avg_len": 6.02893832519443, "episode_std_avg_len": 0.9864369176396767, "step_rewards": 0.00827220142058903, "step_value_ests": 22.22500948346769, "step_values": 0.5374713596067526, "step_td_err": 40.92442427025324}