{"dim0": 1.0, "dim1": -0.5333333333333333, "scale": 15, "episode_rewards": 2.528650191137555, "episode_std_rewards": 0.7226348825129497, "episode_value_ests": 22.229600783008003, "episode_values": 2.0617993866816975, "episode_td_err": 37.491768753457045, "episode_avg_len": 6.054734802615646, "episode_std_avg_len": 0.9987131384030199, "step_rewards": 0.4176318655682786, "step_value_ests": 22.23171463157177, "step_values": 1.650069014846187, "step_td_err": 37.58431544856707}