{"dim0": 1.0, "dim1": -0.7333333333333333, "scale": 15, "episode_rewards": 1.5644199239510235, "episode_std_rewards": 0.7433510273725797, "episode_value_ests": 22.22011119580805, "episode_values": 1.6522389006536768, "episode_td_err": 38.75596344189429, "episode_avg_len": 6.033394672539141, "episode_std_avg_len": 0.9828238019323662, "step_rewards": 0.25929348382784323, "step_value_ests": 22.22150702094819, "step_values": 1.2306416364163553, "step_td_err": 38.8723517485133}