{"dim0": 1.0, "dim1": 0.4, "scale": 15, "episode_rewards": 5.0296901523967525, "episode_std_rewards": 0.6808322884626039, "episode_value_ests": 22.326407302322714, "episode_values": 2.977312863602359, "episode_td_err": 34.3981731612179, "episode_avg_len": 6.317119393556538, "episode_std_avg_len": 1.1496122734651526, "step_rewards": 0.7961999511244059, "step_value_ests": 22.330399949798583, "step_values": 2.548135221488998, "step_td_err": 34.442960644511466}