{"dim0": 1.0, "dim1": 0.6, "scale": 15, "episode_rewards": 5.014243779609055, "episode_std_rewards": 0.6791917867110907, "episode_value_ests": 22.348718905820892, "episode_values": 2.900132726004556, "episode_td_err": 34.25667055629349, "episode_avg_len": 6.437109752172514, "episode_std_avg_len": 1.226394261893347, "step_rewards": 0.7789588763678849, "step_value_ests": 22.344297750632396, "step_values": 2.4344144332936395, "step_td_err": 34.28260864790541}