{"dim0": 1.0, "dim1": -0.6, "scale": 15, "episode_rewards": 2.1851338653027783, "episode_std_rewards": 0.7322534030122729, "episode_value_ests": 22.23469106892262, "episode_values": 1.9106832925215487, "episode_td_err": 37.9121135101716, "episode_avg_len": 6.05766900896535, "episode_std_avg_len": 0.9925851555297461, "step_rewards": 0.3607218984841827, "step_value_ests": 22.238451551229954, "step_values": 1.4959652965012942, "step_td_err": 38.01665294726624}