{"dim0": 1.0, "dim1": -0.06666666666666667, "scale": 15, "episode_rewards": 4.214273031849534, "episode_std_rewards": 0.6944717581604126, "episode_value_ests": 22.257391518622057, "episode_values": 2.7285590729103304, "episode_td_err": 35.394941876831176, "episode_avg_len": 6.1411858629901435, "episode_std_avg_len": 1.0354485183278144, "step_rewards": 0.686231149141219, "step_value_ests": 22.26072558985233, "step_values": 2.330171187160817, "step_td_err": 35.47738990056769}