{"dim0": 1.0, "dim1": -0.4, "scale": 15, "episode_rewards": 3.0717339197847116, "episode_std_rewards": 0.7160210718710236, "episode_value_ests": 22.227147481151512, "episode_values": 2.276668067002891, "episode_td_err": 36.77357707846048, "episode_avg_len": 6.078716226483907, "episode_std_avg_len": 1.0029910738529497, "step_rewards": 0.5053260927696711, "step_value_ests": 22.228431138163696, "step_values": 1.870157073314804, "step_td_err": 36.87165117854151}