{"dim0": 1.0, "dim1": -0.13333333333333333, "scale": 15, "episode_rewards": 4.0488399316885575, "episode_std_rewards": 0.6966432224347845, "episode_value_ests": 22.258269741642543, "episode_values": 2.6879680891579523, "episode_td_err": 35.55779980305162, "episode_avg_len": 6.119014838610983, "episode_std_avg_len": 1.0348528250535374, "step_rewards": 0.6616816658362025, "step_value_ests": 22.261113626999855, "step_values": 2.2824439142074486, "step_td_err": 35.63749661333873}