{"dim0": 1.0, "dim1": -0.3333333333333333, "scale": 15, "episode_rewards": 3.354726443098207, "episode_std_rewards": 0.7107441417793601, "episode_value_ests": 22.239082729198028, "episode_values": 2.400965968589356, "episode_td_err": 36.36124915019063, "episode_avg_len": 6.088465402295351, "episode_std_avg_len": 1.0113803342715846, "step_rewards": 0.550997044646665, "step_value_ests": 22.241467471711637, "step_values": 1.9932424985948927, "step_td_err": 36.4631555945328}