{"dim0": 0.13333333333333333, "dim1": -0.4, "scale": 15, "episode_rewards": 3.3224567707246773, "episode_std_rewards": 0.6106724161975196, "episode_value_ests": 20.387813258533757, "episode_values": -1.1819022612571097, "episode_td_err": 8.396576093806349, "episode_avg_len": 28.11017425519955, "episode_std_avg_len": 13.902038338055744, "step_rewards": 0.11819410084624862, "step_value_ests": 19.90116157999983, "step_values": -4.061206893814751, "step_td_err": 6.960101370894463}