{"dim0": 0.13333333333333333, "dim1": -0.6666666666666666, "scale": 15, "episode_rewards": 3.710554096319238, "episode_std_rewards": 0.5895153746903479, "episode_value_ests": 20.44675244564635, "episode_values": 0.06894659755755671, "episode_td_err": 10.060113358280868, "episode_avg_len": 23.484208054479275, "episode_std_avg_len": 12.41525991031831, "step_rewards": 0.15800209603455215, "step_value_ests": 19.87341827817599, "step_values": -2.3222279434922712, "step_td_err": 8.242300480217754}