{"dim0": 0.13333333333333333, "dim1": 0.0, "scale": 15, "episode_rewards": 1.8310812375977659, "episode_std_rewards": 0.5368376685524122, "episode_value_ests": 20.35628567256497, "episode_values": -3.4305409344736675, "episode_td_err": 6.415304219547106, "episode_avg_len": 37.12882866159272, "episode_std_avg_len": 15.052698672121595, "step_rewards": 0.049316967531806255, "step_value_ests": 20.105976371417594, "step_values": -5.4749215842146395, "step_td_err": 5.519669283436611}