{"dim0": 0.13333333333333333, "dim1": -0.5333333333333333, "scale": 15, "episode_rewards": 3.8204777483411445, "episode_std_rewards": 0.6036379355799694, "episode_value_ests": 20.43426584799454, "episode_values": -0.33643589876123614, "episode_td_err": 9.177395881230034, "episode_avg_len": 25.41860465116279, "episode_std_avg_len": 13.032482933881695, "step_rewards": 0.15030241827874585, "step_value_ests": 19.89084841893014, "step_values": -2.9938865962401486, "step_td_err": 7.573259299591585}