{"dim0": 0.13333333333333333, "dim1": 0.8, "scale": 15, "episode_rewards": 14.51053238809883, "episode_std_rewards": 0.3248536416442187, "episode_value_ests": 16.206556659628134, "episode_values": 7.718414721751546, "episode_td_err": 9.315568161671225, "episode_avg_len": 12.745109284394315, "episode_std_avg_len": 2.2963186918783856, "step_rewards": 1.1385176905361007, "step_value_ests": 16.237185700122414, "step_values": 7.577605486681081, "step_td_err": 9.267290132888588}