{"dim0": 0.13333333333333333, "dim1": -0.13333333333333333, "scale": 15, "episode_rewards": 2.794659394089474, "episode_std_rewards": 0.5748283581592112, "episode_value_ests": 20.357309817981324, "episode_values": -2.474925970186157, "episode_td_err": 6.920383665689568, "episode_avg_len": 34.13293515358362, "episode_std_avg_len": 15.144488648880422, "step_rewards": 0.08187574205132672, "step_value_ests": 20.006182143927777, "step_values": -4.803093738115925, "step_td_err": 5.826021482496449}