{"dim0": 0.13333333333333333, "dim1": -1.0, "scale": 15, "episode_rewards": 1.6579226221309442, "episode_std_rewards": 0.554583495744387, "episode_value_ests": 20.438978234079453, "episode_values": 0.007635101593330032, "episode_td_err": 12.231194727326365, "episode_avg_len": 19.94495961711038, "episode_std_avg_len": 10.621665801375778, "step_rewards": 0.08312489240181994, "step_value_ests": 19.723749228018345, "step_values": -1.671761486743131, "step_td_err": 9.860296715709469}