{"dim0": 0.13333333333333333, "dim1": -0.8666666666666667, "scale": 15, "episode_rewards": 2.4357559043714097, "episode_std_rewards": 0.5745410191424918, "episode_value_ests": 20.403882022500955, "episode_values": -0.03940133383075396, "episode_td_err": 11.27760404259839, "episode_avg_len": 21.176071995764953, "episode_std_avg_len": 11.051734506541267, "step_rewards": 0.11502397162507481, "step_value_ests": 19.781396932490484, "step_values": -2.059301037473958, "step_td_err": 9.248006596421371}