{"dim0": 0.13333333333333333, "dim1": 0.6666666666666666, "scale": 15, "episode_rewards": 13.638970429799164, "episode_std_rewards": 0.3853994553249507, "episode_value_ests": 17.45008473058994, "episode_values": 6.185561837372425, "episode_td_err": 8.319871206409239, "episode_avg_len": 17.62762206945179, "episode_std_avg_len": 5.0316616370584875, "step_rewards": 0.773727186574708, "step_value_ests": 17.54985386445011, "step_values": 5.572185202147336, "step_td_err": 8.2077994418334}