{"dim0": 0.13333333333333333, "dim1": 0.7333333333333333, "scale": 15, "episode_rewards": 14.549567407958204, "episode_std_rewards": 0.34948351680219863, "episode_value_ests": 16.760504218765522, "episode_values": 7.274416479777166, "episode_td_err": 8.426164103523703, "episode_avg_len": 14.696105804555474, "episode_std_avg_len": 3.3195820227630595, "step_rewards": 0.9900287600983488, "step_value_ests": 16.82815785600774, "step_values": 7.003455676323449, "step_td_err": 8.33923978100384}