{"dim0": 0.13333333333333333, "dim1": 0.5333333333333333, "scale": 15, "episode_rewards": 5.442834438070882, "episode_std_rewards": 0.46958380797683735, "episode_value_ests": 19.069492766177977, "episode_values": -0.07606524743465796, "episode_td_err": 9.339152452410119, "episode_avg_len": 29.44280877373767, "episode_std_avg_len": 11.177014957519118, "step_rewards": 0.18486125015782356, "step_value_ests": 19.131825913585534, "step_values": -2.1306226135719837, "step_td_err": 8.913525166516699}