{"dim0": 0.13333333333333333, "dim1": 0.8666666666666667, "scale": 15, "episode_rewards": 14.041792987080493, "episode_std_rewards": 0.30172918071793864, "episode_value_ests": 15.75989170090614, "episode_values": 7.786070658953009, "episode_td_err": 10.434032019863011, "episode_avg_len": 11.513729779517586, "episode_std_avg_len": 1.675738133776638, "step_rewards": 1.2195694406568598, "step_value_ests": 15.770206559787068, "step_values": 7.7203169542483625, "step_td_err": 10.402417981444989}