{"dim0": 0.13333333333333333, "dim1": 0.13333333333333333, "scale": 15, "episode_rewards": 0.6097622781452655, "episode_std_rewards": 0.47514459293287464, "episode_value_ests": 20.460986442187682, "episode_values": -4.251797244130475, "episode_td_err": 6.088810228860747, "episode_avg_len": 40.1777822418642, "episode_std_avg_len": 14.866809660208562, "step_rewards": 0.015176603687943461, "step_value_ests": 20.282273627082688, "step_values": -5.754726413050679, "step_td_err": 5.4160460736227325}