{"dim0": 0.13333333333333333, "dim1": -0.2, "scale": 15, "episode_rewards": 2.9477363686182225, "episode_std_rewards": 0.5867015986116856, "episode_value_ests": 20.334452051961506, "episode_values": -2.16478589612911, "episode_td_err": 7.325068962177833, "episode_avg_len": 32.32746080491353, "episode_std_avg_len": 14.839394298514982, "step_rewards": 0.09118366537993572, "step_value_ests": 19.96170547575386, "step_values": -4.727195863318865, "step_td_err": 6.1140821154221205}