{"dim0": 0.13333333333333333, "dim1": 0.26666666666666666, "scale": 15, "episode_rewards": -1.4274750475771762, "episode_std_rewards": 0.42198806436386144, "episode_value_ests": 20.561724864687406, "episode_values": -5.278250424196022, "episode_td_err": 6.5032167499760565, "episode_avg_len": 42.54541586896405, "episode_std_avg_len": 14.46305913340163, "step_rewards": -0.03355179443946834, "step_value_ests": 20.459214471117637, "step_values": -6.467613122255317, "step_td_err": 5.978786872061567}