{"dim0": 0.13333333333333333, "dim1": 0.4666666666666667, "scale": 15, "episode_rewards": -0.7035302490598113, "episode_std_rewards": 0.4309259112607104, "episode_value_ests": 19.745099235691324, "episode_values": -4.133508680385027, "episode_td_err": 9.256973318132415, "episode_avg_len": 36.61376533040454, "episode_std_avg_len": 12.956163469777694, "step_rewards": -0.01921491118739407, "step_value_ests": 19.73749151576694, "step_values": -5.99924163278764, "step_td_err": 8.608217241013485}