{"dim0": 0.13333333333333333, "dim1": 0.9333333333333333, "scale": 15, "episode_rewards": 13.09200088237318, "episode_std_rewards": 0.29077775353094154, "episode_value_ests": 15.382581892373894, "episode_values": 7.498102926968201, "episode_td_err": 12.318129213817297, "episode_avg_len": 10.621720658523632, "episode_std_avg_len": 1.243709957484646, "step_rewards": 1.2325687431694239, "step_value_ests": 15.36453205482955, "step_values": 7.472957497172815, "step_td_err": 12.319825457281993}