{"dim0": 0.13333333333333333, "dim1": 0.6, "scale": 15, "episode_rewards": 10.933033575491002, "episode_std_rewards": 0.43182505191504716, "episode_value_ests": 18.199108302089158, "episode_values": 3.884528670832501, "episode_td_err": 8.714303538068663, "episode_avg_len": 22.3679973163368, "episode_std_avg_len": 7.792755625332746, "step_rewards": 0.48878017199626084, "step_value_ests": 18.33364031681419, "step_values": 2.576025966932988, "step_td_err": 8.510183578796694}