{"dim0": 0.13333333333333333, "dim1": -0.9333333333333333, "scale": 15, "episode_rewards": 2.1438046020874557, "episode_std_rewards": 0.5667739390893051, "episode_value_ests": 20.442967331071884, "episode_values": 0.08597874883274424, "episode_td_err": 11.852127471358248, "episode_avg_len": 20.3471007121058, "episode_std_avg_len": 10.870315222599903, "step_rewards": 0.10536167449212891, "step_value_ests": 19.751603294138985, "step_values": -1.7899975912585062, "step_td_err": 9.61084626195148}