{"dim0": 0.13333333333333333, "dim1": -0.3333333333333333, "scale": 15, "episode_rewards": 3.42782324989135, "episode_std_rewards": 0.6071489172553262, "episode_value_ests": 20.369985013973803, "episode_values": -1.3852675035533955, "episode_td_err": 8.11407278855935, "episode_avg_len": 29.3496698459281, "episode_std_avg_len": 14.37771435603602, "step_rewards": 0.11679256590911594, "step_value_ests": 19.922242353205547, "step_values": -4.140270042230362, "step_td_err": 6.706477438561877}