{"dim0": 0.13333333333333333, "dim1": -0.6, "scale": 15, "episode_rewards": 3.730405752092424, "episode_std_rewards": 0.5982577331524707, "episode_value_ests": 20.49377414810889, "episode_values": -0.1655202554021816, "episode_td_err": 9.625738615594575, "episode_avg_len": 24.529310767721363, "episode_std_avg_len": 12.758946491233734, "step_rewards": 0.15207951774174364, "step_value_ests": 19.94652577805947, "step_values": -2.7020520890004622, "step_td_err": 7.932571053520836}