{"dim0": 0.2, "dim1": 0.9333333333333333, "scale": 15, "episode_rewards": 12.517163903518124, "episode_std_rewards": 0.30777713937571116, "episode_value_ests": 16.598528715544077, "episode_values": 7.1480560919380345, "episode_td_err": 10.41426736955567, "episode_avg_len": 10.559022278534474, "episode_std_avg_len": 1.2743564772195763, "step_rewards": 1.1854472481760336, "step_value_ests": 16.60781105930675, "step_values": 7.089979223536702, "step_td_err": 10.428868623680946}