{"dim0": 0.2, "dim1": -0.4666666666666667, "scale": 15, "episode_rewards": 2.8004845678615973, "episode_std_rewards": 0.6485901449470314, "episode_value_ests": 20.692648189504297, "episode_values": -1.0675246279498802, "episode_td_err": 11.318274365872934, "episode_avg_len": 20.387461773700306, "episode_std_avg_len": 9.338106347258964, "step_rewards": 0.13736308123820515, "step_value_ests": 20.25285243807108, "step_values": -4.0767922676664226, "step_td_err": 9.792445348993356}