{"dim0": 0.2, "dim1": -0.9333333333333333, "scale": 15, "episode_rewards": 1.205940101719961, "episode_std_rewards": 0.6361889763920874, "episode_value_ests": 20.835245968820477, "episode_values": -0.7522476976705971, "episode_td_err": 14.249213699316961, "episode_avg_len": 16.085564937675915, "episode_std_avg_len": 7.321998178818695, "step_rewards": 0.07497032938491238, "step_value_ests": 20.468238758604222, "step_values": -3.165395292013488, "step_td_err": 12.691433958352947}