{"dim0": 0.2, "dim1": -0.5333333333333333, "scale": 15, "episode_rewards": 2.7358875334219546, "episode_std_rewards": 0.648070566971449, "episode_value_ests": 20.718277494259514, "episode_values": -0.9226978068742449, "episode_td_err": 11.71440591008853, "episode_avg_len": 19.57658803954194, "episode_std_avg_len": 8.99185802832279, "step_rewards": 0.13975303193262528, "step_value_ests": 20.301533339544516, "step_values": -3.8741975716742756, "step_td_err": 10.219966570540269}