{"dim0": 0.2, "dim1": -0.26666666666666666, "scale": 15, "episode_rewards": 2.4567326242057654, "episode_std_rewards": 0.6478701546593663, "episode_value_ests": 20.52116582491767, "episode_values": -1.816960662077955, "episode_td_err": 9.925135501300655, "episode_avg_len": 23.511108498883274, "episode_std_avg_len": 10.485923438895936, "step_rewards": 0.1044924200116917, "step_value_ests": 20.06212393773988, "step_values": -4.771686398656086, "step_td_err": 8.386467035685683}