{"dim0": 0.2, "dim1": -0.3333333333333333, "scale": 15, "episode_rewards": 2.7214493848046906, "episode_std_rewards": 0.6468573767116689, "episode_value_ests": 20.584046375728555, "episode_values": -1.485568181428651, "episode_td_err": 10.42613632171884, "episode_avg_len": 22.34476594793878, "episode_std_avg_len": 10.106007510867189, "step_rewards": 0.12179359547311501, "step_value_ests": 20.14067086971625, "step_values": -4.473992924085759, "step_td_err": 8.871215958836856}