{"dim0": 0.2, "dim1": 0.8, "scale": 15, "episode_rewards": 13.477685094579495, "episode_std_rewards": 0.35468980331937244, "episode_value_ests": 17.512338849510414, "episode_values": 7.0547377028496205, "episode_td_err": 8.649831695942595, "episode_avg_len": 12.673721563905962, "episode_std_avg_len": 2.334367999713367, "step_rewards": 1.0634354736783216, "step_value_ests": 17.560166564715562, "step_values": 6.838873428798486, "step_td_err": 8.670243753607647}