{"dim0": 0.2, "dim1": 0.06666666666666667, "scale": 15, "episode_rewards": 1.196060959436112, "episode_std_rewards": 0.562192841053248, "episode_value_ests": 20.334880597002424, "episode_values": -3.254351002069308, "episode_td_err": 7.793623785326582, "episode_avg_len": 29.53632604843473, "episode_std_avg_len": 10.62190550324187, "step_rewards": 0.04049457462904385, "step_value_ests": 19.98512678140924, "step_values": -5.386922463003231, "step_td_err": 6.684079726515016}