{"dim0": 0.2, "dim1": 0.26666666666666666, "scale": 15, "episode_rewards": -1.1827048535598508, "episode_std_rewards": 0.4952070430014192, "episode_value_ests": 20.231479813396284, "episode_values": -4.719359232507088, "episode_td_err": 7.461085611588486, "episode_avg_len": 32.90720631786772, "episode_std_avg_len": 10.07931415984013, "step_rewards": -0.03594060346951039, "step_value_ests": 19.99696759144969, "step_values": -6.3173287219563345, "step_td_err": 6.712960401278112}