{"dim0": 0.2, "dim1": 0.0, "scale": 15, "episode_rewards": 1.6780980108491668, "episode_std_rewards": 0.5866582338384622, "episode_value_ests": 20.348369532268094, "episode_values": -2.890320763405215, "episode_td_err": 8.14510601358114, "episode_avg_len": 28.217974040632054, "episode_std_avg_len": 10.74806553876144, "step_rewards": 0.059469117394211735, "step_value_ests": 19.96720175980164, "step_values": -5.202523575905244, "step_td_err": 6.9195791968609655}