{"dim0": 0.2, "dim1": -0.06666666666666667, "scale": 15, "episode_rewards": 1.8361206186303942, "episode_std_rewards": 0.606741853951232, "episode_value_ests": 20.360922079948246, "episode_values": -2.6805033221153587, "episode_td_err": 8.533881123901658, "episode_avg_len": 27.068886182162675, "episode_std_avg_len": 10.748782687551845, "step_rewards": 0.06783140637091767, "step_value_ests": 19.947557897559037, "step_values": -5.201322809438144, "step_td_err": 7.20744894612528}