{"dim0": 0.2, "dim1": -0.13333333333333333, "scale": 15, "episode_rewards": 2.283904557175659, "episode_std_rewards": 0.624505903274074, "episode_value_ests": 20.482761560190927, "episode_values": -2.212601532315848, "episode_td_err": 9.015446321097068, "episode_avg_len": 25.683960446898677, "episode_std_avg_len": 10.756807280574892, "step_rewards": 0.0889233793167377, "step_value_ests": 20.039884275499997, "step_values": -4.910895991514041, "step_td_err": 7.585644940456233}