{"dim0": 0.2, "dim1": -0.2, "scale": 15, "episode_rewards": 2.2965732408991433, "episode_std_rewards": 0.6322013668293529, "episode_value_ests": 20.556173976151086, "episode_values": -2.0623854836568154, "episode_td_err": 9.467330338302187, "episode_avg_len": 24.749535948521224, "episode_std_avg_len": 10.672632923653607, "step_rewards": 0.09279257783564071, "step_value_ests": 20.11167165509746, "step_values": -4.910413361935782, "step_td_err": 7.973826401090193}