{"dim0": 0.2, "dim1": 0.6, "scale": 15, "episode_rewards": 6.767460907838817, "episode_std_rewards": 0.48221959989611685, "episode_value_ests": 19.257276457708247, "episode_values": 1.2125099468450196, "episode_td_err": 10.157701305628894, "episode_avg_len": 22.423318385650223, "episode_std_avg_len": 8.094464350028185, "step_rewards": 0.30180461212064164, "step_value_ests": 19.26303436981991, "step_values": -0.5533786194422219, "step_td_err": 9.708115793118335}