{"dim0": 0.2, "dim1": 0.7333333333333333, "scale": 15, "episode_rewards": 12.949017417027088, "episode_std_rewards": 0.3843847350489438, "episode_value_ests": 18.04996402838977, "episode_values": 6.237862156518437, "episode_td_err": 8.66885913001036, "episode_avg_len": 14.583302952971199, "episode_std_avg_len": 3.4669374939618267, "step_rewards": 0.8879344726490002, "step_value_ests": 18.119474359983222, "step_values": 5.813468001698188, "step_td_err": 8.64542862698554}