{"dim0": 0.2, "dim1": 0.4666666666666667, "scale": 15, "episode_rewards": -2.6946172252340377, "episode_std_rewards": 0.441958244774134, "episode_value_ests": 19.930180911830142, "episode_values": -5.235132214868385, "episode_td_err": 9.761619351854009, "episode_avg_len": 32.011843790012804, "episode_std_avg_len": 9.633780092962871, "step_rewards": -0.0841756333346446, "step_value_ests": 19.781906889985546, "step_values": -6.782731913017568, "step_td_err": 8.932781664280338}