{"dim0": 0.2, "dim1": 0.3333333333333333, "scale": 15, "episode_rewards": -2.4185237930299532, "episode_std_rewards": 0.4675184218366775, "episode_value_ests": 20.19766567453357, "episode_values": -5.335076112503042, "episode_td_err": 8.016266240258197, "episode_avg_len": 33.37527114967462, "episode_std_avg_len": 9.69836260101301, "step_rewards": -0.07246454364921412, "step_value_ests": 19.999638781014824, "step_values": -6.77663111867016, "step_td_err": 7.288204041042117}