{"dim0": 0.2, "dim1": -0.8666666666666667, "scale": 15, "episode_rewards": 1.6871942300822715, "episode_std_rewards": 0.6405762162127191, "episode_value_ests": 20.85390466366535, "episode_values": -0.601784013445877, "episode_td_err": 13.82649055617842, "episode_avg_len": 16.449543547989144, "episode_std_avg_len": 7.603196845221364, "step_rewards": 0.10256784482561042, "step_value_ests": 20.477290620583187, "step_values": -3.1344457642578, "step_td_err": 12.285440654969916}