{"dim0": 0.2, "dim1": 0.8666666666666667, "scale": 15, "episode_rewards": 13.211666678663647, "episode_std_rewards": 0.3279246688663551, "episode_value_ests": 17.010745472272855, "episode_values": 7.282315266647386, "episode_td_err": 9.298870922129513, "episode_avg_len": 11.396102786166031, "episode_std_avg_len": 1.703513906011371, "step_rewards": 1.1593144539466218, "step_value_ests": 17.038393784305434, "step_values": 7.162114251358592, "step_td_err": 9.338945310256355}