{"dim0": 0.2, "dim1": -0.4, "scale": 15, "episode_rewards": 2.857562743029822, "episode_std_rewards": 0.6498743287904647, "episode_value_ests": 20.62546841150601, "episode_values": -1.2276402025904651, "episode_td_err": 10.8736524500734, "episode_avg_len": 21.292314243133916, "episode_std_avg_len": 9.789074788391734, "step_rewards": 0.13420630140996975, "step_value_ests": 20.177762236473633, "step_values": -4.209273643767787, "step_td_err": 9.295011725776535}