{"dim0": 0.2, "dim1": -1.0, "scale": 15, "episode_rewards": 0.741296092185471, "episode_std_rewards": 0.6317598703712719, "episode_value_ests": 20.857003157195617, "episode_values": -0.8495084977325561, "episode_td_err": 14.740508457823905, "episode_avg_len": 15.701232435826988, "episode_std_avg_len": 7.1968218876295476, "step_rewards": 0.04721260545726242, "step_value_ests": 20.4790059213364, "step_values": -3.190040473729105, "step_td_err": 13.159212440086897}