{"dim0": 0.2, "dim1": 0.2, "scale": 15, "episode_rewards": -0.2768212464563509, "episode_std_rewards": 0.5166677925290162, "episode_value_ests": 20.271302478164742, "episode_values": -4.201719886348762, "episode_td_err": 7.453784633479759, "episode_avg_len": 31.83256406175394, "episode_std_avg_len": 10.267176168580997, "step_rewards": -0.008696165534115582, "step_value_ests": 20.006906235579812, "step_values": -5.928183933351535, "step_td_err": 6.553097967937962}