{"dim0": 0.2, "dim1": 0.13333333333333333, "scale": 15, "episode_rewards": 0.77482696665796, "episode_std_rewards": 0.5512379185116358, "episode_value_ests": 20.325269220610714, "episode_values": -3.553465327455334, "episode_td_err": 7.575829145191966, "episode_avg_len": 30.64016544117647, "episode_std_avg_len": 10.666296250710616, "step_rewards": 0.02528794983648135, "step_value_ests": 20.019061638085343, "step_values": -5.517951307762976, "step_td_err": 6.541974577779323}