{"dim0": 0.2, "dim1": 0.5333333333333333, "scale": 15, "episode_rewards": 0.8188836356687916, "episode_std_rewards": 0.4819732003864231, "episode_value_ests": 19.62982894084477, "episode_values": -2.9297113628294085, "episode_td_err": 10.598770832704185, "episode_avg_len": 28.152850105559466, "episode_std_avg_len": 9.635423186547918, "step_rewards": 0.029087059839354706, "step_value_ests": 19.53010063388251, "step_values": -4.859023875541493, "step_td_err": 9.834854506117008}