{"dim0": 0.2, "dim1": -0.6, "scale": 15, "episode_rewards": 2.732662547151763, "episode_std_rewards": 0.6486472168525664, "episode_value_ests": 20.762240916164323, "episode_values": -0.722389350019097, "episode_td_err": 12.17491845587117, "episode_avg_len": 18.82111602521878, "episode_std_avg_len": 8.870941613810974, "step_rewards": 0.14519131296413107, "step_value_ests": 20.357065781696605, "step_values": -3.5711227668522834, "step_td_err": 10.641419176734983}