{"dim0": 0.2, "dim1": 0.4, "scale": 15, "episode_rewards": -3.5093491660664617, "episode_std_rewards": 0.45223793754610925, "episode_value_ests": 20.10312344044941, "episode_values": -5.856561975254762, "episode_td_err": 8.643387606611762, "episode_avg_len": 33.700252737994944, "episode_std_avg_len": 9.651411668669438, "step_rewards": -0.10413420912152058, "step_value_ests": 19.924589465651678, "step_values": -7.262437688198306, "step_td_err": 7.920281892008543}