{"dim0": 0.2, "dim1": -0.7333333333333333, "scale": 15, "episode_rewards": 2.3039537283875187, "episode_std_rewards": 0.6368201541087201, "episode_value_ests": 20.791550813717453, "episode_values": -0.6503606281895492, "episode_td_err": 13.02596786183805, "episode_avg_len": 17.525762355415353, "episode_std_avg_len": 8.06894703337658, "step_rewards": 0.13146097052238134, "step_value_ests": 20.394491824694956, "step_values": -3.350277125391717, "step_td_err": 11.499179031944625}