{"dim0": 0.2, "dim1": -0.6666666666666666, "scale": 15, "episode_rewards": 2.392323082345883, "episode_std_rewards": 0.6521198992606104, "episode_value_ests": 20.739665760353315, "episode_values": -0.7633712585523326, "episode_td_err": 12.590906478430021, "episode_avg_len": 18.23384082414076, "episode_std_avg_len": 8.547866533269453, "step_rewards": 0.13120236736840207, "step_value_ests": 20.31588551531966, "step_values": -3.625421498180447, "step_td_err": 11.027737524077297}