{"dim0": 0.2, "dim1": 0.6666666666666666, "scale": 15, "episode_rewards": 11.086411704889098, "episode_std_rewards": 0.4353772344798526, "episode_value_ests": 18.676093569326873, "episode_values": 4.486713213842397, "episode_td_err": 9.279388680927315, "episode_avg_len": 17.60943828138757, "episode_std_avg_len": 5.532782355795736, "step_rewards": 0.6295721378351385, "step_value_ests": 18.736995891762334, "step_values": 3.4891500491234013, "step_td_err": 9.148217607810981}