{"dim0": 0.26666666666666666, "dim1": -0.26666666666666666, "scale": 15, "episode_rewards": 4.680615219305719, "episode_std_rewards": 0.6501878207926288, "episode_value_ests": 21.150098112731605, "episode_values": 0.04333963713104302, "episode_td_err": 13.41938321431461, "episode_avg_len": 18.417180738421877, "episode_std_avg_len": 8.418583547331151, "step_rewards": 0.25414395861039857, "step_value_ests": 20.72985781374752, "step_values": -2.4139111210633444, "step_td_err": 11.422120267673963}