{"dim0": 0.26666666666666666, "dim1": 0.4666666666666667, "scale": 15, "episode_rewards": -0.011256364763724677, "episode_std_rewards": 0.496121288672012, "episode_value_ests": 20.403898376316096, "episode_values": -3.3398947486730384, "episode_td_err": 11.36042857416032, "episode_avg_len": 27.742024965325935, "episode_std_avg_len": 9.098110383099671, "step_rewards": -0.0004057513745948151, "step_value_ests": 20.11090866670455, "step_values": -4.857708087256657, "step_td_err": 9.947112318280398}