{"dim0": 0.26666666666666666, "dim1": 0.2, "scale": 15, "episode_rewards": 2.9610344645576574, "episode_std_rewards": 0.5777955881607336, "episode_value_ests": 20.67399015090447, "episode_values": -1.7157534668509005, "episode_td_err": 9.724625327887972, "episode_avg_len": 26.047792681338716, "episode_std_avg_len": 9.677731086355333, "step_rewards": 0.11367698218356198, "step_value_ests": 20.281200406722064, "step_values": -3.584377690952158, "step_td_err": 8.058969874233705}