{"dim0": 0.26666666666666666, "dim1": 0.13333333333333333, "scale": 15, "episode_rewards": 3.7273056283417803, "episode_std_rewards": 0.5922436494185257, "episode_value_ests": 20.80501029852924, "episode_values": -1.1616502220731768, "episode_td_err": 10.128586515723525, "episode_avg_len": 24.7205537016438, "episode_std_avg_len": 9.804926962880709, "step_rewards": 0.15077759476293331, "step_value_ests": 20.381387890879704, "step_values": -3.181413722918173, "step_td_err": 8.299091419273642}