{"dim0": 0.26666666666666666, "dim1": -0.6, "scale": 15, "episode_rewards": 3.9360543318157477, "episode_std_rewards": 0.6467401708297759, "episode_value_ests": 21.24487732592525, "episode_values": 0.23361577213267534, "episode_td_err": 15.655117421108711, "episode_avg_len": 15.06530581500452, "episode_std_avg_len": 6.4649050245442705, "step_rewards": 0.26126614223095124, "step_value_ests": 20.95364178634371, "step_values": -1.999819367641071, "step_td_err": 14.157808816209885}