{"dim0": 0.26666666666666666, "dim1": -0.5333333333333333, "scale": 15, "episode_rewards": 4.089655191841591, "episode_std_rewards": 0.6453421494143717, "episode_value_ests": 21.232205631575944, "episode_values": 0.19251355725145486, "episode_td_err": 15.207546650995145, "episode_avg_len": 15.673458192931589, "episode_std_avg_len": 6.84941812599269, "step_rewards": 0.26092870772360516, "step_value_ests": 20.920161339775035, "step_values": -2.101486951268992, "step_td_err": 13.638944514007795}