{"dim0": 0.26666666666666666, "dim1": -0.4666666666666667, "scale": 15, "episode_rewards": 4.259343651410324, "episode_std_rewards": 0.6487008730662509, "episode_value_ests": 21.219875199308387, "episode_values": 0.17699172960875023, "episode_td_err": 14.710156445198482, "episode_avg_len": 16.340522875816994, "episode_std_avg_len": 7.285902206894554, "step_rewards": 0.2606614050101114, "step_value_ests": 20.86505989837404, "step_values": -2.215020428735152, "step_td_err": 13.01057949173815}