{"dim0": 0.26666666666666666, "dim1": 0.06666666666666667, "scale": 15, "episode_rewards": 3.992582418264044, "episode_std_rewards": 0.6034903998071033, "episode_value_ests": 20.813285092539978, "episode_values": -1.0184591946420705, "episode_td_err": 10.482966460838181, "episode_avg_len": 23.794075660242683, "episode_std_avg_len": 9.693816907910788, "step_rewards": 0.16779733221304394, "step_value_ests": 20.364306038987227, "step_values": -3.1292663437107553, "step_td_err": 8.561995219540357}