{"dim0": 0.26666666666666666, "dim1": 1.0, "scale": 15, "episode_rewards": 10.488872927999315, "episode_std_rewards": 0.3141914491423703, "episode_value_ests": 17.1923285418164, "episode_values": 6.0485051551872155, "episode_td_err": 11.043849660112615, "episode_avg_len": 9.994153507895263, "episode_std_avg_len": 0.999158049527914, "step_rewards": 1.0495008826623715, "step_value_ests": 17.194238971537636, "step_values": 5.994398750904194, "step_td_err": 11.082103248661898}