{"dim0": 0.26666666666666666, "dim1": -0.9333333333333333, "scale": 15, "episode_rewards": 1.9526110354143718, "episode_std_rewards": 0.6587165233365293, "episode_value_ests": 21.230152208154706, "episode_values": -0.2375591142549499, "episode_td_err": 17.412806934452774, "episode_avg_len": 13.248393720606742, "episode_std_avg_len": 5.358762537268185, "step_rewards": 0.14738473784767223, "step_value_ests": 20.99834794797217, "step_values": -2.2605562885059776, "step_td_err": 16.145665021122504}