{"dim0": 0.26666666666666666, "dim1": 0.9333333333333333, "scale": 15, "episode_rewards": 11.447517796016035, "episode_std_rewards": 0.3283739653852377, "episode_value_ests": 17.55394466987861, "episode_values": 6.397015334440882, "episode_td_err": 9.924116986819175, "episode_avg_len": 10.580384066021267, "episode_std_avg_len": 1.306282890003178, "step_rewards": 1.081956734706782, "step_value_ests": 17.569928581483687, "step_values": 6.297712497686581, "step_td_err": 9.969303665409226}