{"dim0": 0.26666666666666666, "dim1": -0.3333333333333333, "scale": 15, "episode_rewards": 4.605042702679109, "episode_std_rewards": 0.6485759439916676, "episode_value_ests": 21.136333944516196, "episode_values": 0.08319826621373108, "episode_td_err": 13.854903659240506, "episode_avg_len": 17.653133274492497, "episode_std_avg_len": 7.979899802767113, "step_rewards": 0.2608626259754728, "step_value_ests": 20.73818450567499, "step_values": -2.335785177462194, "step_td_err": 11.964709755968983}