{"dim0": 0.26666666666666666, "dim1": 0.5333333333333333, "scale": 15, "episode_rewards": 1.847910924492703, "episode_std_rewards": 0.49252374257145987, "episode_value_ests": 20.323976965090374, "episode_values": -2.101568655944848, "episode_td_err": 12.485757081883246, "episode_avg_len": 25.197278911564627, "episode_std_avg_len": 8.83402185899215, "step_rewards": 0.07333771757570932, "step_value_ests": 20.083201198096262, "step_values": -3.728602553705931, "step_td_err": 11.13936471320905}