{"dim0": 0.26666666666666666, "dim1": 0.3333333333333333, "scale": 15, "episode_rewards": 1.1391984081625157, "episode_std_rewards": 0.5331034884789171, "episode_value_ests": 20.54294449321935, "episode_values": -2.7511381637846277, "episode_td_err": 9.766163781063973, "episode_avg_len": 27.95764607212748, "episode_std_avg_len": 9.419465498166902, "step_rewards": 0.04074729343176876, "step_value_ests": 20.206540361526066, "step_values": -4.351791741654408, "step_td_err": 8.330574469442448}