{"dim0": 0.26666666666666666, "dim1": -0.7333333333333333, "scale": 15, "episode_rewards": 3.3028825485424207, "episode_std_rewards": 0.6530664217991135, "episode_value_ests": 21.24920851882907, "episode_values": 0.14539675266746602, "episode_td_err": 16.334991320179714, "episode_avg_len": 14.228941377347752, "episode_std_avg_len": 5.997516955898515, "step_rewards": 0.23212426426891863, "step_value_ests": 20.99208677617229, "step_values": -1.993613322927555, "step_td_err": 14.960659807133082}