{"dim0": 0.26666666666666666, "dim1": -0.13333333333333333, "scale": 15, "episode_rewards": 4.604920012146374, "episode_std_rewards": 0.6330284634387521, "episode_value_ests": 21.045709507837252, "episode_values": -0.273636991764147, "episode_td_err": 12.22950355626657, "episode_avg_len": 20.376974019358126, "episode_std_avg_len": 9.064006260389077, "step_rewards": 0.2259864495960833, "step_value_ests": 20.600833374331593, "step_values": -2.651773788183835, "step_td_err": 10.176329052027357}