{"dim0": 0.26666666666666666, "dim1": 0.8, "scale": 15, "episode_rewards": 11.970962602733582, "episode_std_rewards": 0.3725214974745726, "episode_value_ests": 18.506170557462713, "episode_values": 6.01788301190841, "episode_td_err": 9.313732315040342, "episode_avg_len": 12.597153114568243, "episode_std_avg_len": 2.2975075058600862, "step_rewards": 0.950291108940282, "step_value_ests": 18.560551132127312, "step_values": 5.754428459022004, "step_td_err": 9.35604421039122}