{"dim0": 0.26666666666666666, "dim1": 0.4, "scale": 15, "episode_rewards": 0.23872616795074397, "episode_std_rewards": 0.5201988805552783, "episode_value_ests": 20.466292517332253, "episode_values": -3.284983984668254, "episode_td_err": 10.26822300158336, "episode_avg_len": 28.391199432221434, "episode_std_avg_len": 9.178397929609782, "step_rewards": 0.008408456589537793, "step_value_ests": 20.163638354898268, "step_values": -4.782883293232696, "step_td_err": 8.920214261822414}