{"dim0": 0.26666666666666666, "dim1": 0.26666666666666666, "scale": 15, "episode_rewards": 2.1624459023587224, "episode_std_rewards": 0.5581594457192118, "episode_value_ests": 20.629000847189328, "episode_values": -2.1795694593482184, "episode_td_err": 9.556058062006255, "episode_avg_len": 27.148771548798695, "episode_std_avg_len": 9.591089497253954, "step_rewards": 0.07965170352079552, "step_value_ests": 20.25360545525059, "step_values": -3.906837420007254, "step_td_err": 8.013813381774794}