{"dim0": 0.26666666666666666, "dim1": 0.6666666666666666, "scale": 15, "episode_rewards": 9.19833863353805, "episode_std_rewards": 0.4380783031457734, "episode_value_ests": 19.728675975591468, "episode_values": 3.2834624968580974, "episode_td_err": 11.531879155381365, "episode_avg_len": 17.061161818647104, "episode_std_avg_len": 5.279456038143572, "step_rewards": 0.5391390534426951, "step_value_ests": 19.744267816433208, "step_values": 2.371895591683101, "step_td_err": 11.226523776187836}