{"dim0": 0.26666666666666666, "dim1": -0.4, "scale": 15, "episode_rewards": 4.641543750209952, "episode_std_rewards": 0.6459985735524721, "episode_value_ests": 21.21163923924087, "episode_values": 0.27167616424337204, "episode_td_err": 14.464628823728281, "episode_avg_len": 16.79786698018139, "episode_std_avg_len": 7.563117381508614, "step_rewards": 0.2763174488574162, "step_value_ests": 20.84194702791414, "step_values": -2.104095723925971, "step_td_err": 12.692411498247212}