{"dim0": 0.26666666666666666, "dim1": 0.8666666666666667, "scale": 15, "episode_rewards": 11.973324672392005, "episode_std_rewards": 0.34868825657130975, "episode_value_ests": 17.975048730520708, "episode_values": 6.411189374546062, "episode_td_err": 9.279634412791838, "episode_avg_len": 11.399373040752351, "episode_std_avg_len": 1.7293765953588576, "step_rewards": 1.0503494033915548, "step_value_ests": 18.00840264725028, "step_values": 6.245047196970765, "step_td_err": 9.320084252698985}