{"dim0": 0.26666666666666666, "dim1": -0.06666666666666667, "scale": 15, "episode_rewards": 4.4888262738218625, "episode_std_rewards": 0.6181741231978184, "episode_value_ests": 20.994784908697916, "episode_values": -0.4540267714977374, "episode_td_err": 11.696342902774784, "episode_avg_len": 21.416211585822893, "episode_std_avg_len": 9.272713122287309, "step_rewards": 0.2095994548724657, "step_value_ests": 20.53828630634806, "step_values": -2.7408007367107183, "step_td_err": 9.643047534201568}