{"dim0": 0.3333333333333333, "dim1": 0.6, "scale": 15, "episode_rewards": 6.173358841791671, "episode_std_rewards": 0.46075740525030323, "episode_value_ests": 20.82151200344919, "episode_values": 1.0651214710312231, "episode_td_err": 15.251811545266893, "episode_avg_len": 19.139138755980863, "episode_std_avg_len": 6.899800234600818, "step_rewards": 0.3225515484526458, "step_value_ests": 20.64845480488261, "step_values": -0.007239980860689373, "step_td_err": 13.928249560733624}