{"dim0": 0.3333333333333333, "dim1": 0.4666666666666667, "scale": 15, "episode_rewards": 3.3280028641437416, "episode_std_rewards": 0.5355892154427689, "episode_value_ests": 20.924091599485468, "episode_values": -1.0097872350865504, "episode_td_err": 13.883589380504107, "episode_avg_len": 23.628706438275252, "episode_std_avg_len": 8.932059795128811, "step_rewards": 0.1408457493361903, "step_value_ests": 20.55159141175437, "step_values": -2.4212830289828955, "step_td_err": 11.709465498824269}