{"dim0": 0.3333333333333333, "dim1": -0.9333333333333333, "scale": 15, "episode_rewards": 2.781259764921784, "episode_std_rewards": 0.6626441634385704, "episode_value_ests": 21.67472755271666, "episode_values": 0.43523420913297356, "episode_td_err": 20.97552390253794, "episode_avg_len": 11.309884641483826, "episode_std_avg_len": 4.0165614522103175, "step_rewards": 0.2459140701329815, "step_value_ests": 21.565262240981802, "step_values": -1.0402592729199407, "step_td_err": 20.03682804458573}