{"dim0": 0.3333333333333333, "dim1": 0.26666666666666666, "scale": 15, "episode_rewards": 5.268171632697519, "episode_std_rewards": 0.5917993464160054, "episode_value_ests": 21.22001768566143, "episode_values": 0.16962418904395318, "episode_td_err": 12.85142455417493, "episode_avg_len": 22.15352237483385, "episode_std_avg_len": 9.300401954551486, "step_rewards": 0.23780288947107128, "step_value_ests": 20.764390764421098, "step_values": -1.522899092214173, "step_td_err": 10.37673708391568}