{"dim0": 0.3333333333333333, "dim1": -0.7333333333333333, "scale": 15, "episode_rewards": 3.9935363852730625, "episode_std_rewards": 0.6485418865448401, "episode_value_ests": 21.72170825560855, "episode_values": 0.8261401169843461, "episode_td_err": 20.12408683099822, "episode_avg_len": 12.029411764705882, "episode_std_avg_len": 4.6059092691128924, "step_rewards": 0.3319810198026507, "step_value_ests": 21.57870992787869, "step_values": -0.7609148659133262, "step_td_err": 18.984031904044148}