{"dim0": 0.3333333333333333, "dim1": -0.13333333333333333, "scale": 15, "episode_rewards": 6.617381750984444, "episode_std_rewards": 0.6145563121154288, "episode_value_ests": 21.697122911512537, "episode_values": 1.482813378981699, "episode_td_err": 16.42824628653172, "episode_avg_len": 16.13822319051077, "episode_std_avg_len": 7.4504209941971355, "step_rewards": 0.4100440099797012, "step_value_ests": 21.3552286078952, "step_values": -0.30497615164405606, "step_td_err": 14.04659852325098}