{"dim0": 0.3333333333333333, "dim1": 0.3333333333333333, "scale": 15, "episode_rewards": 4.5681012015611095, "episode_std_rewards": 0.5856198428353541, "episode_value_ests": 21.12165192951574, "episode_values": -0.2906508381340883, "episode_td_err": 12.796227576356939, "episode_avg_len": 23.085641735918745, "episode_std_avg_len": 9.301396688625934, "step_rewards": 0.19787629271113746, "step_value_ests": 20.69103031371066, "step_values": -1.91563377761962, "step_td_err": 10.458866764882913}