{"dim0": 0.3333333333333333, "dim1": -0.6, "scale": 15, "episode_rewards": 4.85721168849573, "episode_std_rewards": 0.6396289657709238, "episode_value_ests": 21.76356028045868, "episode_values": 1.1673533946798353, "episode_td_err": 19.47574651630628, "episode_avg_len": 12.568843084270721, "episode_std_avg_len": 4.999647020791252, "step_rewards": 0.3864485900515607, "step_value_ests": 21.60057842015295, "step_values": -0.422644102967791, "step_td_err": 18.1732319514038}