{"dim0": 0.3333333333333333, "dim1": 0.6666666666666666, "scale": 15, "episode_rewards": 8.231158365049431, "episode_std_rewards": 0.4275188049613929, "episode_value_ests": 20.48325248728889, "episode_values": 2.708886505090274, "episode_td_err": 14.327234374257094, "episode_avg_len": 16.283318407555157, "episode_std_avg_len": 4.97851814462544, "step_rewards": 0.5054963711346655, "step_value_ests": 20.439843883234207, "step_values": 1.9942793579276632, "step_td_err": 13.721722543547859}