{"dim0": 0.3333333333333333, "dim1": 0.8666666666666667, "scale": 15, "episode_rewards": 10.373433487612239, "episode_std_rewards": 0.36454114455301023, "episode_value_ests": 18.748515317678457, "episode_values": 5.237878403163816, "episode_td_err": 10.491066897281577, "episode_avg_len": 11.485471459745034, "episode_std_avg_len": 1.7834052536652196, "step_rewards": 0.903178726617333, "step_value_ests": 18.766980984684622, "step_values": 5.039721940203081, "step_td_err": 10.508395008152394}