{"dim0": 0.3333333333333333, "dim1": -0.5333333333333333, "scale": 15, "episode_rewards": 5.132617977138619, "episode_std_rewards": 0.6353323476279408, "episode_value_ests": 21.77420227526108, "episode_values": 1.209782892486048, "episode_td_err": 19.211274342294377, "episode_avg_len": 12.911814073595869, "episode_std_avg_len": 5.294207573363557, "step_rewards": 0.3975133120631447, "step_value_ests": 21.5910158932271, "step_values": -0.43620607955001567, "step_td_err": 17.78767676017121}