{"dim0": 0.3333333333333333, "dim1": 0.13333333333333333, "scale": 15, "episode_rewards": 6.188357946187883, "episode_std_rewards": 0.6029942139848081, "episode_value_ests": 21.394889349808906, "episode_values": 0.8348943224407886, "episode_td_err": 13.83807684161474, "episode_avg_len": 19.99200319872051, "episode_std_avg_len": 8.919288903257584, "step_rewards": 0.3095416644683179, "step_value_ests": 20.949038275402486, "step_values": -0.9211157438413671, "step_td_err": 11.173891216266549}