{"dim0": 0.3333333333333333, "dim1": -0.3333333333333333, "scale": 15, "episode_rewards": 5.997949297506706, "episode_std_rewards": 0.6193616126445648, "episode_value_ests": 21.775714634336442, "episode_values": 1.4075022625924223, "episode_td_err": 17.99608179816336, "episode_avg_len": 14.298541607091792, "episode_std_avg_len": 6.2520988197370615, "step_rewards": 0.41947979467583196, "step_value_ests": 21.531894769899086, "step_values": -0.2825769871775944, "step_td_err": 16.149818869742838}