{"dim0": 0.3333333333333333, "dim1": 0.4, "scale": 15, "episode_rewards": 3.919526418782038, "episode_std_rewards": 0.5563325397545242, "episode_value_ests": 21.05312444933035, "episode_values": -0.6925815912815007, "episode_td_err": 13.180335540630354, "episode_avg_len": 23.583303855677396, "episode_std_avg_len": 9.145777911431646, "step_rewards": 0.1661992078280609, "step_value_ests": 20.63901179498416, "step_values": -2.215592657248831, "step_td_err": 10.968222094842849}