{"dim0": 0.3333333333333333, "dim1": 0.5333333333333333, "scale": 15, "episode_rewards": 4.340649046846438, "episode_std_rewards": 0.5061161786066989, "episode_value_ests": 20.934218027046374, "episode_values": -0.2917910150730212, "episode_td_err": 15.15373945893278, "episode_avg_len": 21.787690631808278, "episode_std_avg_len": 8.327496053879882, "step_rewards": 0.19922483388438786, "step_value_ests": 20.62057758680123, "step_values": -1.6215112944398953, "step_td_err": 13.157710553869867}