{"dim0": 0.3333333333333333, "dim1": 0.0, "scale": 15, "episode_rewards": 6.462640059004969, "episode_std_rewards": 0.6164764754559446, "episode_value_ests": 21.52362036524065, "episode_values": 1.1593227116982234, "episode_td_err": 14.993148655042788, "episode_avg_len": 18.148171672262045, "episode_std_avg_len": 8.421593714454193, "step_rewards": 0.3561041947207592, "step_value_ests": 21.097767715959257, "step_values": -0.6877473925346579, "step_td_err": 12.327089866097445}