{"dim0": 0.3333333333333333, "dim1": -0.8666666666666667, "scale": 15, "episode_rewards": 3.29319967475976, "episode_std_rewards": 0.6624846551912236, "episode_value_ests": 21.675319886554234, "episode_values": 0.6342521750818688, "episode_td_err": 20.6617840114161, "episode_avg_len": 11.482489378803537, "episode_std_avg_len": 4.1669651466902735, "step_rewards": 0.28680189165591097, "step_value_ests": 21.558929131245158, "step_values": -0.8672081401978018, "step_td_err": 19.692635043294715}