{"dim0": 0.3333333333333333, "dim1": -0.6666666666666666, "scale": 15, "episode_rewards": 4.371853034207248, "episode_std_rewards": 0.6441515851456945, "episode_value_ests": 21.739563934918202, "episode_values": 0.9474624535133759, "episode_td_err": 19.749254293877883, "episode_avg_len": 12.356357345854443, "episode_std_avg_len": 4.8446299466241625, "step_rewards": 0.35381406605839266, "step_value_ests": 21.57870631738365, "step_values": -0.6616883347238698, "step_td_err": 18.52172515915387}