{"dim0": 0.3333333333333333, "dim1": 0.8, "scale": 15, "episode_rewards": 10.332411757065268, "episode_std_rewards": 0.3799423953760304, "episode_value_ests": 19.274051126056563, "episode_values": 4.867573473242829, "episode_td_err": 11.115375927528925, "episode_avg_len": 12.516803304336943, "episode_std_avg_len": 2.3175016910543236, "step_rewards": 0.8254832728325446, "step_value_ests": 19.29473667577066, "step_values": 4.5872054553483945, "step_td_err": 11.066784793182348}