{"dim0": 0.3333333333333333, "dim1": 1.0, "scale": 15, "episode_rewards": 9.228068882194359, "episode_std_rewards": 0.33720831774456, "episode_value_ests": 17.91976745099877, "episode_values": 5.1163607036585255, "episode_td_err": 11.230356439986076, "episode_avg_len": 10.088625472887768, "episode_std_avg_len": 1.0458175885190486, "step_rewards": 0.9147003134365456, "step_value_ests": 17.92152994147207, "step_values": 5.032854495902599, "step_td_err": 11.281519735239346}