{"dim0": 0.3333333333333333, "dim1": -0.06666666666666667, "scale": 15, "episode_rewards": 6.508315325807327, "episode_std_rewards": 0.6117666781205399, "episode_value_ests": 21.618426929184178, "episode_values": 1.291135146993941, "episode_td_err": 15.623331896878925, "episode_avg_len": 17.20837993633313, "episode_std_avg_len": 7.925670481725324, "step_rewards": 0.3782061617587785, "step_value_ests": 21.239178071700266, "step_values": -0.510066021796332, "step_td_err": 13.099128841787273}