{"dim0": 0.3333333333333333, "dim1": -0.8, "scale": 15, "episode_rewards": 3.57147229838087, "episode_std_rewards": 0.65931136131333, "episode_value_ests": 21.680660348195904, "episode_values": 0.6926177258273974, "episode_td_err": 20.291611773050136, "episode_avg_len": 11.800637205734851, "episode_std_avg_len": 4.427021822927067, "step_rewards": 0.30265080064025807, "step_value_ests": 21.54401018625152, "step_values": -0.892932830171786, "step_td_err": 19.234664426166983}