{"dim0": 0.3333333333333333, "dim1": -0.2, "scale": 15, "episode_rewards": 6.42181706474352, "episode_std_rewards": 0.6164492673144074, "episode_value_ests": 21.704502124167217, "episode_values": 1.4345204997892311, "episode_td_err": 16.97230721098552, "episode_avg_len": 15.523166472642608, "episode_std_avg_len": 7.086933627105268, "step_rewards": 0.41369246899858136, "step_value_ests": 21.39919398296569, "step_values": -0.336230573000144, "step_td_err": 14.735625561807895}