{"dim0": 0.3333333333333333, "dim1": -0.4666666666666667, "scale": 15, "episode_rewards": 5.535914916762002, "episode_std_rewards": 0.6307624022191364, "episode_value_ests": 21.75982903591586, "episode_values": 1.3332107610615491, "episode_td_err": 18.846025264347226, "episode_avg_len": 13.273161667109106, "episode_std_avg_len": 5.598229095501481, "step_rewards": 0.4170758298288492, "step_value_ests": 21.567162218253316, "step_values": -0.33549978032149796, "step_td_err": 17.30044485578159}