{"dim0": 0.3333333333333333, "dim1": -0.4, "scale": 15, "episode_rewards": 5.7154775534243045, "episode_std_rewards": 0.630217024973105, "episode_value_ests": 21.75651417969499, "episode_values": 1.315328657143753, "episode_td_err": 18.414649784827727, "episode_avg_len": 13.829899045775134, "episode_std_avg_len": 5.960233031829219, "step_rewards": 0.41326965110206737, "step_value_ests": 21.530406987146517, "step_values": -0.3939802330575566, "step_td_err": 16.676963222779932}