{"dim0": 0.3333333333333333, "dim1": 0.9333333333333333, "scale": 15, "episode_rewards": 10.031633188358619, "episode_std_rewards": 0.347312900372758, "episode_value_ests": 18.232087794848372, "episode_values": 5.351374223099608, "episode_td_err": 10.515117049557032, "episode_avg_len": 10.644632497738039, "episode_std_avg_len": 1.340370973680755, "step_rewards": 0.9424123557567929, "step_value_ests": 18.244843559281957, "step_values": 5.2170918452682695, "step_td_err": 10.562997519232125}