{"dim0": 0.3333333333333333, "dim1": 0.2, "scale": 15, "episode_rewards": 5.9207852087064925, "episode_std_rewards": 0.5907218745257756, "episode_value_ests": 21.30222574451236, "episode_values": 0.6158816958497018, "episode_td_err": 13.234254907803159, "episode_avg_len": 21.06561348077936, "episode_std_avg_len": 9.087232291025456, "step_rewards": 0.28106398202495847, "step_value_ests": 20.859817016940223, "step_values": -1.0593133426218133, "step_td_err": 10.660248166813076}