{"dim0": 0.3333333333333333, "dim1": -1.0, "scale": 15, "episode_rewards": 2.2119136317364965, "episode_std_rewards": 0.6736754653253246, "episode_value_ests": 21.62736458138881, "episode_values": 0.19555643874190604, "episode_td_err": 21.304518008089065, "episode_avg_len": 11.14962649124763, "episode_std_avg_len": 3.9260672345318013, "step_rewards": 0.19838454978494852, "step_value_ests": 21.518838538099992, "step_values": -1.3004394111951794, "step_td_err": 20.379959153283625}