{"dim0": 0.3333333333333333, "dim1": 0.06666666666666667, "scale": 15, "episode_rewards": 6.468782448819202, "episode_std_rewards": 0.6048361518065948, "episode_value_ests": 21.510763072426005, "episode_values": 1.1010471834413154, "episode_td_err": 14.432220339921932, "episode_avg_len": 18.91855845629966, "episode_std_avg_len": 8.636820746652466, "step_rewards": 0.34192787276903613, "step_value_ests": 21.070763745461257, "step_values": -0.7116202762064398, "step_td_err": 11.764094601044476}