{"dim0": 0.4, "dim1": -0.4666666666666667, "scale": 15, "episode_rewards": 5.91663932391925, "episode_std_rewards": 0.6278602503950154, "episode_value_ests": 22.119139648560484, "episode_values": 1.9020167615306116, "episode_td_err": 22.4574587156724, "episode_avg_len": 11.27141568981064, "episode_std_avg_len": 4.255326464083639, "step_rewards": 0.5249242408181158, "step_value_ests": 22.0407444328475, "step_values": 0.718885341982802, "step_td_err": 21.321496079902527}