{"dim0": 0.4, "dim1": -0.2, "scale": 15, "episode_rewards": 6.922851216696234, "episode_std_rewards": 0.5932553809647994, "episode_value_ests": 22.114906022291848, "episode_values": 2.1483054015979755, "episode_td_err": 20.82251945553415, "episode_avg_len": 12.825702193151212, "episode_std_avg_len": 5.459695611279075, "step_rewards": 0.5397639140875237, "step_value_ests": 21.95916922002234, "step_values": 0.904231745078697, "step_td_err": 19.02295749376921}