{"dim0": 0.4, "dim1": 0.7333333333333333, "scale": 15, "episode_rewards": 8.423791269986031, "episode_std_rewards": 0.4129739207166215, "episode_value_ests": 20.45985437693072, "episode_values": 3.2770565515650714, "episode_td_err": 15.168047726345836, "episode_avg_len": 13.550609756097561, "episode_std_avg_len": 3.2117057506470776, "step_rewards": 0.6216540378336449, "step_value_ests": 20.427999957599294, "step_values": 2.9002896320505247, "step_td_err": 14.727440760134575}