{"dim0": 0.4, "dim1": -1.0, "scale": 15, "episode_rewards": 2.581075380076474, "episode_std_rewards": 0.6729839598288416, "episode_value_ests": 21.956238289560968, "episode_values": 0.6327687822354676, "episode_td_err": 24.700809228555, "episode_avg_len": 9.847464303298867, "episode_std_avg_len": 3.1064127729082998, "step_rewards": 0.262105583790928, "step_value_ests": 21.913888789098493, "step_values": -0.5312585124874604, "step_td_err": 24.064888734824684}