{"dim0": 0.4, "dim1": -0.4, "scale": 15, "episode_rewards": 6.172710004094656, "episode_std_rewards": 0.6166393817878824, "episode_value_ests": 22.108248645000582, "episode_values": 1.9518545915264938, "episode_td_err": 22.165736365664678, "episode_avg_len": 11.59835305033635, "episode_std_avg_len": 4.531598595252958, "step_rewards": 0.5322057344956962, "step_value_ests": 22.01313449437663, "step_values": 0.7550378744208409, "step_td_err": 20.892592698816987}