{"dim0": 0.4, "dim1": 0.4, "scale": 15, "episode_rewards": 5.887686814503538, "episode_std_rewards": 0.5819212280817633, "episode_value_ests": 21.593580095814104, "episode_values": 0.8791654356162181, "episode_td_err": 16.894601033920146, "episode_avg_len": 19.3148899188876, "episode_std_avg_len": 8.482948975857937, "step_rewards": 0.3048263199649976, "step_value_ests": 21.170590075848178, "step_values": -0.5525934574044825, "step_td_err": 14.109031247987524}