{"dim0": 0.4, "dim1": -0.5333333333333333, "scale": 15, "episode_rewards": 5.535759774410097, "episode_std_rewards": 0.6339064855411793, "episode_value_ests": 22.08547102936009, "episode_values": 1.7456763555438757, "episode_td_err": 22.786960071011002, "episode_avg_len": 11.037194415319243, "episode_std_avg_len": 4.0748943715229355, "step_rewards": 0.5015549754860397, "step_value_ests": 22.013385563039062, "step_values": 0.5475197444238857, "step_td_err": 21.76920227161937}