{"dim0": 0.4, "dim1": 0.8666666666666667, "scale": 15, "episode_rewards": 8.852863672397215, "episode_std_rewards": 0.38353725627889007, "episode_value_ests": 19.254883063821108, "episode_values": 4.173539434062888, "episode_td_err": 12.225914637018438, "episode_avg_len": 11.415273100850408, "episode_std_avg_len": 1.824039526422283, "step_rewards": 0.775527978541109, "step_value_ests": 19.24304246756529, "step_values": 3.9586641074540285, "step_td_err": 12.135974775667801}