{"dim0": 0.4, "dim1": 0.6666666666666666, "scale": 15, "episode_rewards": 7.591107484356399, "episode_std_rewards": 0.4377220194150543, "episode_value_ests": 21.005411758251764, "episode_values": 2.4387577969064154, "episode_td_err": 17.102725769373507, "episode_avg_len": 15.098059938099192, "episode_std_avg_len": 4.5563466085099344, "step_rewards": 0.5027869484873763, "step_value_ests": 20.921920909892332, "step_values": 1.8891525971645409, "step_td_err": 16.197485656745755}