{"dim0": 0.4, "dim1": 0.4666666666666667, "scale": 15, "episode_rewards": 5.577778931919737, "episode_std_rewards": 0.579082295795393, "episode_value_ests": 21.541861324806547, "episode_values": 0.7158340751470261, "episode_td_err": 17.482129516923443, "episode_avg_len": 19.354329946782777, "episode_std_avg_len": 8.331185656881749, "step_rewards": 0.2881928202762152, "step_value_ests": 21.14915484495837, "step_values": -0.6542331663068465, "step_td_err": 14.840805049247166}