{"dim0": 0.4, "dim1": -0.6, "scale": 15, "episode_rewards": 5.1739184779374465, "episode_std_rewards": 0.6424283633089861, "episode_value_ests": 22.05507769436064, "episode_values": 1.6054920660809338, "episode_td_err": 22.953921218357518, "episode_avg_len": 10.814318157240185, "episode_std_avg_len": 3.8915656145577837, "step_rewards": 0.4784322416548757, "step_value_ests": 21.99031873427272, "step_values": 0.4198097861543865, "step_td_err": 22.024239882799233}