{"dim0": 0.4, "dim1": -0.13333333333333333, "scale": 15, "episode_rewards": 7.04579149129498, "episode_std_rewards": 0.6003758104122864, "episode_value_ests": 22.06143298217592, "episode_values": 2.1218197650047435, "episode_td_err": 20.240064929248458, "episode_avg_len": 13.448695535233997, "episode_std_avg_len": 6.004485809080906, "step_rewards": 0.5239014797261071, "step_value_ests": 21.847373669062343, "step_values": 0.7795250923280189, "step_td_err": 18.08859294698068}