{"dim0": 0.4, "dim1": 0.5333333333333333, "scale": 15, "episode_rewards": 5.7852012221586735, "episode_std_rewards": 0.5322875916880846, "episode_value_ests": 21.455762884659887, "episode_values": 0.8848208820939888, "episode_td_err": 18.22605625278777, "episode_avg_len": 18.554967993320346, "episode_std_avg_len": 7.580634243658716, "step_rewards": 0.3117871841245592, "step_value_ests": 21.131971805845804, "step_values": -0.2555119345973993, "step_td_err": 15.928142835765474}