{"dim0": 0.4, "dim1": 0.2, "scale": 15, "episode_rewards": 7.280191692080215, "episode_std_rewards": 0.5930782118880483, "episode_value_ests": 21.88618661039187, "episode_values": 1.9018888943245014, "episode_td_err": 17.513312081351803, "episode_avg_len": 16.834946553320428, "episode_std_avg_len": 7.948096345549881, "step_rewards": 0.43244519185267694, "step_value_ests": 21.49909185295697, "step_values": 0.4444340395575696, "step_td_err": 14.524397428638252}