{"dim0": 0.4, "dim1": 0.3333333333333333, "scale": 15, "episode_rewards": 6.455941854530706, "episode_std_rewards": 0.5912291906682617, "episode_value_ests": 21.679843670536375, "episode_values": 1.2769104240777, "episode_td_err": 16.73064223045994, "episode_avg_len": 18.690215867675917, "episode_std_avg_len": 8.525910889176206, "step_rewards": 0.3454182605614542, "step_value_ests": 21.257427970711387, "step_values": -0.19719192439060731, "step_td_err": 13.802947840953342}