{"dim0": 0.4, "dim1": -0.3333333333333333, "scale": 15, "episode_rewards": 6.440993075733504, "episode_std_rewards": 0.6047702642126633, "episode_value_ests": 22.106665252193153, "episode_values": 2.0106934574629474, "episode_td_err": 21.66630555708161, "episode_avg_len": 11.999220062395008, "episode_std_avg_len": 4.836125344010557, "step_rewards": 0.5367843111669627, "step_value_ests": 21.983292999295855, "step_values": 0.7889420221128114, "step_td_err": 20.234066204472935}