{"dim0": 0.4, "dim1": 0.9333333333333333, "scale": 15, "episode_rewards": 8.518272073777545, "episode_std_rewards": 0.3673483161149676, "episode_value_ests": 18.78973890848664, "episode_values": 4.22542966227571, "episode_td_err": 11.836584965094717, "episode_avg_len": 10.729613733905579, "episode_std_avg_len": 1.428091353932299, "step_rewards": 0.7939029572760672, "step_value_ests": 18.780511199890228, "step_values": 4.065401282703102, "step_td_err": 11.839426530372071}