{"dim0": 0.4, "dim1": -0.9333333333333333, "scale": 15, "episode_rewards": 3.0135666837405086, "episode_std_rewards": 0.676341703264785, "episode_value_ests": 22.00202692242549, "episode_values": 0.8187410887760153, "episode_td_err": 24.504184034102465, "episode_avg_len": 9.978845482213242, "episode_std_avg_len": 3.2024524610721783, "step_rewards": 0.30199552534529467, "step_value_ests": 21.963479962776695, "step_values": -0.3557601957325465, "step_td_err": 23.85971095658365}