{"dim0": 0.4, "dim1": 0.26666666666666666, "scale": 15, "episode_rewards": 7.043093879914622, "episode_std_rewards": 0.5953447478438434, "episode_value_ests": 21.798119336681175, "episode_values": 1.705264480352398, "episode_td_err": 17.003230702122647, "episode_avg_len": 17.714817110973343, "episode_std_avg_len": 8.302713740157989, "step_rewards": 0.3975820826031457, "step_value_ests": 21.397646072536734, "step_values": 0.25135546885034077, "step_td_err": 13.996720808362005}