{"dim0": 0.4, "dim1": -0.7333333333333333, "scale": 15, "episode_rewards": 4.416328079315698, "episode_std_rewards": 0.6547903999993295, "episode_value_ests": 22.061099196365436, "episode_values": 1.369962872398335, "episode_td_err": 23.595401830239897, "episode_avg_len": 10.39694339034153, "episode_std_avg_len": 3.528929300977656, "step_rewards": 0.4247717731557858, "step_value_ests": 22.014801204068068, "step_values": 0.19227428883924716, "step_td_err": 22.83666464110371}