{"dim0": 0.4, "dim1": 0.0, "scale": 15, "episode_rewards": 7.442228336095688, "episode_std_rewards": 0.5987529419374282, "episode_value_ests": 22.049481062794243, "episode_values": 2.2489011757394004, "episode_td_err": 19.188456516497943, "episode_avg_len": 14.530475844533237, "episode_std_avg_len": 6.766622134386482, "step_rewards": 0.5121806343937221, "step_value_ests": 21.76961517091706, "step_values": 0.8704025679000188, "step_td_err": 16.660879181989223}