{"dim0": 0.4, "dim1": -0.8, "scale": 15, "episode_rewards": 3.9534079631672228, "episode_std_rewards": 0.6632792784394139, "episode_value_ests": 22.01152410189049, "episode_values": 1.1640703631513842, "episode_td_err": 23.879111693534398, "episode_avg_len": 10.24243355354125, "episode_std_avg_len": 3.407058301851417, "step_rewards": 0.38598326681849543, "step_value_ests": 21.96640103989662, "step_values": -0.005237893407520455, "step_td_err": 23.16072184000631}