{"dim0": 0.4, "dim1": 1.0, "scale": 15, "episode_rewards": 7.83137711869147, "episode_std_rewards": 0.35962747013759105, "episode_value_ests": 18.41555359776834, "episode_values": 4.0645690429394445, "episode_td_err": 12.157329031719126, "episode_avg_len": 10.170607678616832, "episode_std_avg_len": 1.113096373250049, "step_rewards": 0.7700009051727095, "step_value_ests": 18.403539239540716, "step_values": 3.9510369418023212, "step_td_err": 12.201972700669609}