{"dim0": 0.4, "dim1": -0.8666666666666667, "scale": 15, "episode_rewards": 3.4776242778338537, "episode_std_rewards": 0.6689740018327801, "episode_value_ests": 22.003942442478284, "episode_values": 0.977291223076095, "episode_td_err": 24.083982200515614, "episode_avg_len": 10.126734177215189, "episode_std_avg_len": 3.3195377469444267, "step_rewards": 0.3434102462823988, "step_value_ests": 21.964034468948974, "step_values": -0.20131573858156843, "step_td_err": 23.4091591771232}