{"dim0": 0.4, "dim1": -0.6666666666666666, "scale": 15, "episode_rewards": 4.71979151779246, "episode_std_rewards": 0.6444174166783572, "episode_value_ests": 22.049594512494036, "episode_values": 1.4295493118279934, "episode_td_err": 23.299359738836692, "episode_avg_len": 10.647218525419218, "episode_std_avg_len": 3.744154291481827, "step_rewards": 0.44328868676118643, "step_value_ests": 21.988646481286136, "step_values": 0.23914142071186087, "step_td_err": 22.43009642189494}