{"dim0": 0.4666666666666667, "dim1": -0.13333333333333333, "scale": 15, "episode_rewards": 7.078287791053055, "episode_std_rewards": 0.600111598311358, "episode_value_ests": 22.302279906059937, "episode_values": 2.4819768055712585, "episode_td_err": 23.560371163943906, "episode_avg_len": 11.320654327276843, "episode_std_avg_len": 4.5899406255727, "step_rewards": 0.6252542994796768, "step_value_ests": 22.209163941273317, "step_values": 1.4779458945954467, "step_td_err": 22.056498261174756}