{"dim0": 0.4666666666666667, "dim1": 0.0, "scale": 15, "episode_rewards": 7.491548833414401, "episode_std_rewards": 0.5900031206235999, "episode_value_ests": 22.300240936766375, "episode_values": 2.608245231517003, "episode_td_err": 22.805061935388803, "episode_avg_len": 12.057695785856394, "episode_std_avg_len": 5.232772940845537, "step_rewards": 0.6213084959567435, "step_value_ests": 22.152326564089755, "step_values": 1.5567254186759338, "step_td_err": 20.89109149733266}