{"dim0": 0.4666666666666667, "dim1": -0.06666666666666667, "scale": 15, "episode_rewards": 7.375445920091642, "episode_std_rewards": 0.5834559457935968, "episode_value_ests": 22.306768578685347, "episode_values": 2.595262630680676, "episode_td_err": 23.395221030602197, "episode_avg_len": 11.529774600795527, "episode_std_avg_len": 4.778734596301157, "step_rewards": 0.6396869128371993, "step_value_ests": 22.198132382274146, "step_values": 1.625465333758272, "step_td_err": 21.741930555774285}