{"dim0": 0.4666666666666667, "dim1": 0.5333333333333333, "scale": 15, "episode_rewards": 6.389312007198152, "episode_std_rewards": 0.5555141022200984, "episode_value_ests": 21.798520149667276, "episode_values": 1.5235401622562057, "episode_td_err": 21.243263814614355, "episode_avg_len": 15.694365976145637, "episode_std_avg_len": 6.540715564605461, "step_rewards": 0.4071086412098118, "step_value_ests": 21.534213602748206, "step_values": 0.5031158932159894, "step_td_err": 19.11984218351014}