{"dim0": 0.4666666666666667, "dim1": -0.6, "scale": 15, "episode_rewards": 5.074835383256117, "episode_std_rewards": 0.6492249940445635, "episode_value_ests": 22.246524490200155, "episode_values": 1.8007128219507211, "episode_td_err": 25.779853356352547, "episode_avg_len": 9.643297974927677, "episode_std_avg_len": 3.095047825536543, "step_rewards": 0.5262551666919923, "step_value_ests": 22.23486987361157, "step_values": 0.8507886947774501, "step_td_err": 25.17123950050048}