{"dim0": 0.4666666666666667, "dim1": 0.8, "scale": 15, "episode_rewards": 7.60912435847632, "episode_std_rewards": 0.4294137361795279, "episode_value_ests": 20.265852729779194, "episode_values": 3.0691285066444824, "episode_td_err": 15.8364035897845, "episode_avg_len": 11.965480107687705, "episode_std_avg_len": 2.4322477294014133, "step_rewards": 0.6359230294142172, "step_value_ests": 20.186075646321346, "step_values": 2.7757149052614576, "step_td_err": 15.335083302664616}