{"dim0": 0.4666666666666667, "dim1": -0.26666666666666666, "scale": 15, "episode_rewards": 6.6164342836164325, "episode_std_rewards": 0.6066107631654073, "episode_value_ests": 22.295991022474333, "episode_values": 2.331401038162457, "episode_td_err": 24.402575986688117, "episode_avg_len": 10.670294494238156, "episode_std_avg_len": 3.998695503077638, "step_rewards": 0.6200798194641427, "step_value_ests": 22.236757713914745, "step_values": 1.371247428140235, "step_td_err": 23.25374493206657}