{"dim0": 0.4666666666666667, "dim1": -0.6666666666666666, "scale": 15, "episode_rewards": 4.6703346374282955, "episode_std_rewards": 0.6542819011303669, "episode_value_ests": 22.24231746924548, "episode_values": 1.6527738983075935, "episode_td_err": 26.142612656069044, "episode_avg_len": 9.499572527785693, "episode_std_avg_len": 2.948430261442553, "step_rewards": 0.4916362945561855, "step_value_ests": 22.245253628078586, "step_values": 0.7251209591039584, "step_td_err": 25.601037326842977}