{"dim0": 0.4666666666666667, "dim1": -0.2, "scale": 15, "episode_rewards": 6.936775710892253, "episode_std_rewards": 0.5967091880077317, "episode_value_ests": 22.30964839318012, "episode_values": 2.4821772649369813, "episode_td_err": 24.093640947109805, "episode_avg_len": 10.869307683947397, "episode_std_avg_len": 4.2072871723355885, "step_rewards": 0.6381984862878618, "step_value_ests": 22.244548073930265, "step_values": 1.5272657791045565, "step_td_err": 22.819306142733296}