{"dim0": 0.4666666666666667, "dim1": 0.8666666666666667, "scale": 15, "episode_rewards": 7.50048494457525, "episode_std_rewards": 0.4115011365947193, "episode_value_ests": 19.66885887356854, "episode_values": 3.2108996471432367, "episode_td_err": 14.314279691915603, "episode_avg_len": 11.28361071932299, "episode_std_avg_len": 1.919968395866526, "step_rewards": 0.6647238309746718, "step_value_ests": 19.60704887896632, "step_values": 2.9729485813519587, "step_td_err": 14.036854176827799}