{"dim0": 0.4666666666666667, "dim1": 0.6666666666666666, "scale": 15, "episode_rewards": 7.098294501754234, "episode_std_rewards": 0.48579398766676585, "episode_value_ests": 21.336446501852564, "episode_values": 2.2872036882709956, "episode_td_err": 19.904443099982, "episode_avg_len": 13.736744505494505, "episode_std_avg_len": 4.177335676935656, "step_rewards": 0.5167377539063215, "step_value_ests": 21.200533792050567, "step_values": 1.7572697145368248, "step_td_err": 18.829714503541993}