{"dim0": 0.4666666666666667, "dim1": 1.0, "scale": 15, "episode_rewards": 6.337727209672909, "episode_std_rewards": 0.385428622692073, "episode_value_ests": 18.768484277637434, "episode_values": 2.939121101272469, "episode_td_err": 13.753867050172815, "episode_avg_len": 10.233575521899304, "episode_std_avg_len": 1.2062806318081563, "step_rewards": 0.6193072202487305, "step_value_ests": 18.72859107407894, "step_values": 2.801030873001338, "step_td_err": 13.731993256995077}