{"dim0": 0.4666666666666667, "dim1": -0.4, "scale": 15, "episode_rewards": 6.0302340621335055, "episode_std_rewards": 0.6240901919623489, "episode_value_ests": 22.290499150187806, "episode_values": 2.149579033990699, "episode_td_err": 25.031187188927564, "episode_avg_len": 10.17194731221075, "episode_std_avg_len": 3.5849315230831555, "step_rewards": 0.5928298561765659, "step_value_ests": 22.257019568277315, "step_values": 1.1972464857618155, "step_td_err": 24.142457116622246}