{"dim0": 0.4666666666666667, "dim1": -0.5333333333333333, "scale": 15, "episode_rewards": 5.382777043295137, "episode_std_rewards": 0.6415810996098313, "episode_value_ests": 22.254799770814095, "episode_values": 1.9002280394959998, "episode_td_err": 25.604036856040484, "episode_avg_len": 9.79921607055365, "episode_std_avg_len": 3.2318023108233978, "step_rewards": 0.5493069041992268, "step_value_ests": 22.238861089117474, "step_values": 0.9601452897959883, "step_td_err": 24.910982281731712}