{"dim0": 0.4666666666666667, "dim1": -0.7333333333333333, "scale": 15, "episode_rewards": 4.278912019141237, "episode_std_rewards": 0.6608647701229822, "episode_value_ests": 22.217048193648154, "episode_values": 1.490388123457531, "episode_td_err": 26.393706553707204, "episode_avg_len": 9.368887015177066, "episode_std_avg_len": 2.8373563241884594, "step_rewards": 0.45671508389519927, "step_value_ests": 22.217911474865918, "step_values": 0.5624140797152267, "step_td_err": 25.912069079163295}