{"dim0": 0.4666666666666667, "dim1": 0.2, "scale": 15, "episode_rewards": 7.666499636238647, "episode_std_rewards": 0.5854354833555904, "episode_value_ests": 22.209459569703004, "episode_values": 2.517335759401669, "episode_td_err": 21.50714694959977, "episode_avg_len": 13.572814875135721, "episode_std_avg_len": 6.352476228776687, "step_rewards": 0.5648422752956752, "step_value_ests": 21.964200399958223, "step_values": 1.3502231571283072, "step_td_err": 18.971937780928155}