{"dim0": 0.4666666666666667, "dim1": -0.8666666666666667, "scale": 15, "episode_rewards": 3.5068442920589007, "episode_std_rewards": 0.6777366067181938, "episode_value_ests": 22.19646434340098, "episode_values": 1.2207333612826863, "episode_td_err": 27.023257064197715, "episode_avg_len": 9.108297659167501, "episode_std_avg_len": 2.6421036561728104, "step_rewards": 0.3850164348251467, "step_value_ests": 22.198854972933532, "step_values": 0.2883690097380665, "step_td_err": 26.603212150748675}