{"dim0": 0.4666666666666667, "dim1": 0.4666666666666667, "scale": 15, "episode_rewards": 6.449231753114416, "episode_std_rewards": 0.5902812139159697, "episode_value_ests": 21.93578889934689, "episode_values": 1.592988747370549, "episode_td_err": 21.005216793285985, "episode_avg_len": 15.87774867031833, "episode_std_avg_len": 7.211673504440033, "step_rewards": 0.4061804911404431, "step_value_ests": 21.602056994350594, "step_values": 0.33613959556226886, "step_td_err": 18.462462105616428}