{"dim0": 0.4666666666666667, "dim1": -0.3333333333333333, "scale": 15, "episode_rewards": 6.40624867885414, "episode_std_rewards": 0.6087201819972735, "episode_value_ests": 22.292798808307538, "episode_values": 2.294706602322038, "episode_td_err": 24.727295302668914, "episode_avg_len": 10.347837334437086, "episode_std_avg_len": 3.703439492266299, "step_rewards": 0.6190905859656746, "step_value_ests": 22.253643517157965, "step_values": 1.3754833352655789, "step_td_err": 23.74102373652645}