{"dim0": 0.4666666666666667, "dim1": -1.0, "scale": 15, "episode_rewards": 2.5887204338253498, "episode_std_rewards": 0.695095364018959, "episode_value_ests": 22.15459997193856, "episode_values": 0.8440811926619233, "episode_td_err": 27.584472686966844, "episode_avg_len": 8.93872625698324, "episode_std_avg_len": 2.516688377362583, "step_rewards": 0.28960730638808324, "step_value_ests": 22.158510246048408, "step_values": -0.11696981850550005, "step_td_err": 27.208046795791535}