{"dim0": 0.4666666666666667, "dim1": -0.8, "scale": 15, "episode_rewards": 3.9282209152920844, "episode_std_rewards": 0.6656729071718578, "episode_value_ests": 22.222733243530747, "episode_values": 1.3880086838260075, "episode_td_err": 26.762001083049263, "episode_avg_len": 9.198169610007358, "episode_std_avg_len": 2.6620328042952712, "step_rewards": 0.4270655012730236, "step_value_ests": 22.226874027565472, "step_values": 0.4879288116925011, "step_td_err": 26.349071599214742}