{"dim0": 0.4666666666666667, "dim1": 0.13333333333333333, "scale": 15, "episode_rewards": 7.6497277546674125, "episode_std_rewards": 0.5870470354545286, "episode_value_ests": 22.24280626194854, "episode_values": 2.558050585344759, "episode_td_err": 21.855605658572024, "episode_avg_len": 13.080902550686723, "episode_std_avg_len": 5.9770157302962925, "step_rewards": 0.5848012188016657, "step_value_ests": 22.038750488510367, "step_values": 1.4429680277348345, "step_td_err": 19.50561076325219}