{"dim0": 0.4666666666666667, "dim1": -0.4666666666666667, "scale": 15, "episode_rewards": 5.624796252330236, "episode_std_rewards": 0.624661403619404, "episode_value_ests": 22.290459665344333, "episode_values": 1.983308275696443, "episode_td_err": 25.324728541642607, "episode_avg_len": 10.01021021021021, "episode_std_avg_len": 3.3858026397548966, "step_rewards": 0.5619059074896408, "step_value_ests": 22.27073406428352, "step_values": 1.0520057703465515, "step_td_err": 24.545664400691738}