{"dim0": 0.5333333333333333, "dim1": 1.0, "scale": 15, "episode_rewards": 5.095003054179066, "episode_std_rewards": 0.4371358046129527, "episode_value_ests": 19.02711949220924, "episode_values": 1.99768981853346, "episode_td_err": 15.685523777626074, "episode_avg_len": 10.181998676373263, "episode_std_avg_len": 1.3528438811688301, "step_rewards": 0.5003932151358186, "step_value_ests": 18.937575894965818, "step_values": 1.8118070237549453, "step_td_err": 15.505294548002595}