{"dim0": 0.5333333333333333, "dim1": -0.6666666666666666, "scale": 15, "episode_rewards": 4.428656933310806, "episode_std_rewards": 0.6626811350657066, "episode_value_ests": 22.322495679186208, "episode_values": 1.724634106010805, "episode_td_err": 28.449131372823565, "episode_avg_len": 8.651455512781695, "episode_std_avg_len": 2.395020467194379, "step_rewards": 0.5118973248799453, "step_value_ests": 22.33582369449896, "step_values": 0.9494921405591547, "step_td_err": 28.08126291267171}