{"dim0": 0.5333333333333333, "dim1": -1.0, "scale": 15, "episode_rewards": 2.37296959060155, "episode_std_rewards": 0.7093397418867086, "episode_value_ests": 22.25715912827695, "episode_values": 0.902994188527032, "episode_td_err": 30.02651380825643, "episode_avg_len": 8.274626618675272, "episode_std_avg_len": 2.151602140579716, "step_rewards": 0.28677663657305313, "step_value_ests": 22.2753754128609, "step_values": 0.04900227069457097, "step_td_err": 29.790659898091807}