{"dim0": 0.5333333333333333, "dim1": -0.06666666666666667, "scale": 15, "episode_rewards": 7.022177758211993, "episode_std_rewards": 0.5995038238954997, "episode_value_ests": 22.394593996663417, "episode_values": 2.6597400148916006, "episode_td_err": 25.788386579419996, "episode_avg_len": 10.065777554101661, "episode_std_avg_len": 3.692489069417804, "step_rewards": 0.6976289432653472, "step_value_ests": 22.355226983898024, "step_values": 1.8633999656167366, "step_td_err": 24.726217778500803}