{"dim0": 0.5333333333333333, "dim1": 0.7333333333333333, "scale": 15, "episode_rewards": 6.697498664242359, "episode_std_rewards": 0.5090698077312082, "episode_value_ests": 21.12900802917353, "episode_values": 2.340026509833814, "episode_td_err": 20.377035022207583, "episode_avg_len": 11.902814973516634, "episode_std_avg_len": 3.1315491093930525, "step_rewards": 0.5626819100476711, "step_value_ests": 20.96498187025418, "step_values": 1.893389291006438, "step_td_err": 19.365977390429396}