{"dim0": 0.5333333333333333, "dim1": 0.06666666666666667, "scale": 15, "episode_rewards": 7.321701411028402, "episode_std_rewards": 0.5816345322251922, "episode_value_ests": 22.38408001301125, "episode_values": 2.6937585529137142, "episode_td_err": 25.26886872543244, "episode_avg_len": 10.640881038518835, "episode_std_avg_len": 4.228786088689082, "step_rewards": 0.6880728564227566, "step_value_ests": 22.30606634872095, "step_values": 1.8592682791915554, "step_td_err": 23.849970805615644}