{"dim0": 0.5333333333333333, "dim1": 0.4666666666666667, "scale": 15, "episode_rewards": 6.765868980850428, "episode_std_rewards": 0.5960156959415868, "episode_value_ests": 22.187859383149117, "episode_values": 2.0908508582320913, "episode_td_err": 23.955960011818576, "episode_avg_len": 13.166820276497695, "episode_std_avg_len": 5.859408786261047, "step_rewards": 0.5138574719461511, "step_value_ests": 21.966529373645695, "step_values": 1.0069166726932872, "step_td_err": 22.012010822680228}