{"dim0": 0.5333333333333333, "dim1": -0.26666666666666666, "scale": 15, "episode_rewards": 6.341346425502069, "episode_std_rewards": 0.6165534573592826, "episode_value_ests": 22.38482865676, "episode_values": 2.43460576317425, "episode_td_err": 26.736318977060623, "episode_avg_len": 9.440432360993109, "episode_std_avg_len": 3.1118678621684706, "step_rewards": 0.6717220338025891, "step_value_ests": 22.376224626814977, "step_values": 1.6597376733861948, "step_td_err": 26.004426867174846}