{"dim0": 0.5333333333333333, "dim1": -0.8666666666666667, "scale": 15, "episode_rewards": 3.25248456131505, "episode_std_rewards": 0.6937153141549997, "episode_value_ests": 22.28549938725492, "episode_values": 1.2669697610670294, "episode_td_err": 29.23538248965644, "episode_avg_len": 8.41865555415246, "episode_std_avg_len": 2.236491976606688, "step_rewards": 0.3863425151906563, "step_value_ests": 22.30770364258142, "step_values": 0.4368262715087469, "step_td_err": 28.974647752785852}