{"dim0": 0.5333333333333333, "dim1": -0.4666666666666667, "scale": 15, "episode_rewards": 5.466243883222991, "episode_std_rewards": 0.6361026947009186, "episode_value_ests": 22.352439728865622, "episode_values": 2.1070525401745894, "episode_td_err": 27.550988775509094, "episode_avg_len": 9.000720039602179, "episode_std_avg_len": 2.682919188983725, "step_rewards": 0.6073118438493942, "step_value_ests": 22.36011902621822, "step_values": 1.3396763404487455, "step_td_err": 27.066225923071805}