{"dim0": 0.5333333333333333, "dim1": 0.4, "scale": 15, "episode_rewards": 6.988274943782768, "episode_std_rewards": 0.5972217594728422, "episode_value_ests": 22.25544857006367, "episode_values": 2.2467943843345104, "episode_td_err": 23.983733823984775, "episode_avg_len": 12.780752763754872, "episode_std_avg_len": 5.82671337124256, "step_rewards": 0.5467811695411965, "step_value_ests": 22.05588915665903, "step_values": 1.1368525575491601, "step_td_err": 21.930386751692087}