{"dim0": 0.5333333333333333, "dim1": 0.0, "scale": 15, "episode_rewards": 7.147160831711971, "episode_std_rewards": 0.5917284389514689, "episode_value_ests": 22.402141935062843, "episode_values": 2.6770315217474105, "episode_td_err": 25.57286056260524, "episode_avg_len": 10.347508924414093, "episode_std_avg_len": 3.9460166979855424, "step_rewards": 0.6907131836193767, "step_value_ests": 22.35413131693626, "step_values": 1.8661948573416807, "step_td_err": 24.34628461856355}