{"dim0": 0.5333333333333333, "dim1": -0.9333333333333333, "scale": 15, "episode_rewards": 2.884585970900026, "episode_std_rewards": 0.700182988529367, "episode_value_ests": 22.26394309589898, "episode_values": 1.1220866702453824, "episode_td_err": 29.62770252107128, "episode_avg_len": 8.317987107506758, "episode_std_avg_len": 2.163754338512105, "step_rewards": 0.3467889446831151, "step_value_ests": 22.2819943917379, "step_values": 0.2969402556272391, "step_td_err": 29.380487857612284}