{"dim0": 0.5333333333333333, "dim1": 0.6, "scale": 15, "episode_rewards": 6.555180064076547, "episode_std_rewards": 0.5585939459159985, "episode_value_ests": 21.860892064238207, "episode_values": 2.0006453925479106, "episode_td_err": 23.471686257240542, "episode_avg_len": 12.88602538496231, "episode_std_avg_len": 4.78682460187199, "step_rewards": 0.5087045747811648, "step_value_ests": 21.678242280133833, "step_values": 1.2362896250787547, "step_td_err": 22.039189977136292}