{"dim0": 0.5333333333333333, "dim1": -0.8, "scale": 15, "episode_rewards": 3.704352292456709, "episode_std_rewards": 0.6766046034756128, "episode_value_ests": 22.282004256893398, "episode_values": 1.444601503388852, "episode_td_err": 29.01650091580479, "episode_avg_len": 8.459290276191684, "episode_std_avg_len": 2.252507021489785, "step_rewards": 0.4379034377012044, "step_value_ests": 22.30259750227959, "step_values": 0.6550952108645837, "step_td_err": 28.72607288319016}