{"dim0": 0.5333333333333333, "dim1": -0.4, "scale": 15, "episode_rewards": 5.757923295605158, "episode_std_rewards": 0.6322332593038698, "episode_value_ests": 22.362215620066962, "episode_values": 2.2201328099436073, "episode_td_err": 27.335524003082405, "episode_avg_len": 9.117244837489174, "episode_std_avg_len": 2.7957016600783313, "step_rewards": 0.6315420281277486, "step_value_ests": 22.36807251239174, "step_values": 1.4548903694704818, "step_td_err": 26.79220830127254}