{"dim0": 0.5333333333333333, "dim1": -0.13333333333333333, "scale": 15, "episode_rewards": 6.818429699979653, "episode_std_rewards": 0.5993922354094526, "episode_value_ests": 22.383425013642967, "episode_values": 2.580134170771561, "episode_td_err": 26.25994285350602, "episode_avg_len": 9.798941798941799, "episode_std_avg_len": 3.448686421472627, "step_rewards": 0.695833268518442, "step_value_ests": 22.360273658038473, "step_values": 1.8024234908038148, "step_td_err": 25.330632659541973}