{"dim0": 0.5333333333333333, "dim1": -0.6, "scale": 15, "episode_rewards": 4.837312167218527, "episode_std_rewards": 0.6532081157222006, "episode_value_ests": 22.338096237799245, "episode_values": 1.8956579492860308, "episode_td_err": 28.166439715060445, "episode_avg_len": 8.718906665504162, "episode_std_avg_len": 2.4498057119838976, "step_rewards": 0.5548071969111753, "step_value_ests": 22.35801408747702, "step_values": 1.1334425489379587, "step_td_err": 27.787991444302584}