{"dim0": 0.5333333333333333, "dim1": -0.2, "scale": 15, "episode_rewards": 6.559892342430756, "episode_std_rewards": 0.612045375597672, "episode_value_ests": 22.378283721305312, "episode_values": 2.4951857910897606, "episode_td_err": 26.434966903456456, "episode_avg_len": 9.634104046242774, "episode_std_avg_len": 3.274475456494664, "step_rewards": 0.6809032070801708, "step_value_ests": 22.358928065379047, "step_values": 1.7144773398673987, "step_td_err": 25.606622913851137}