{"dim0": 0.5333333333333333, "dim1": 0.8, "scale": 15, "episode_rewards": 6.598710429953442, "episode_std_rewards": 0.48633613224971467, "episode_value_ests": 20.60553464647436, "episode_values": 2.4384353279287123, "episode_td_err": 18.5116542667538, "episode_avg_len": 11.416861693019008, "episode_std_avg_len": 2.533621840121214, "step_rewards": 0.5779793613500908, "step_value_ests": 20.455259768299573, "step_values": 2.0850962230422123, "step_td_err": 17.670947103455813}