{"dim0": 0.5333333333333333, "dim1": 0.9333333333333333, "scale": 15, "episode_rewards": 5.826350405310735, "episode_std_rewards": 0.4499587353877692, "episode_value_ests": 19.45820768007335, "episode_values": 2.2867575105122464, "episode_td_err": 15.858836526264556, "episode_avg_len": 10.541851149061776, "episode_std_avg_len": 1.6659354845777485, "step_rewards": 0.5526875994477763, "step_value_ests": 19.35057787647799, "step_values": 2.0525961770477066, "step_td_err": 15.510296062759958}