{"dim0": 0.5333333333333333, "dim1": 0.3333333333333333, "scale": 15, "episode_rewards": 7.184373947857614, "episode_std_rewards": 0.5940106732906607, "episode_value_ests": 22.316161090625762, "episode_values": 2.4316355523396105, "episode_td_err": 23.98537015393337, "episode_avg_len": 12.348005926657612, "episode_std_avg_len": 5.634214150564476, "step_rewards": 0.5818246274362048, "step_value_ests": 22.141494348209307, "step_values": 1.3619239683056226, "step_td_err": 21.91522232309311}