{"dim0": 0.5333333333333333, "dim1": -0.3333333333333333, "scale": 15, "episode_rewards": 6.049922299629362, "episode_std_rewards": 0.6227750604041031, "episode_value_ests": 22.37158737959048, "episode_values": 2.3243757561024982, "episode_td_err": 27.00019195543231, "episode_avg_len": 9.2761003664023, "episode_std_avg_len": 2.9285619103737015, "step_rewards": 0.6522053514580288, "step_value_ests": 22.370890150077248, "step_values": 1.5591121140515798, "step_td_err": 26.385728983419117}