{"dim0": 0.5333333333333333, "dim1": 0.2, "scale": 15, "episode_rewards": 7.418636952228738, "episode_std_rewards": 0.5857790936435833, "episode_value_ests": 22.371657094918753, "episode_values": 2.6648855801023896, "episode_td_err": 24.493330299787157, "episode_avg_len": 11.457180500658762, "episode_std_avg_len": 4.99268091464758, "step_rewards": 0.647509825982246, "step_value_ests": 22.245182396659786, "step_values": 1.710826405793421, "step_td_err": 22.651462806530798}