{"dim0": 0.5333333333333333, "dim1": 0.26666666666666666, "scale": 15, "episode_rewards": 7.426615503511259, "episode_std_rewards": 0.5913923103595791, "episode_value_ests": 22.3512455170657, "episode_values": 2.632233346544495, "episode_td_err": 24.202755022950416, "episode_avg_len": 11.804284955438824, "episode_std_avg_len": 5.236050001054381, "step_rewards": 0.6291457323799563, "step_value_ests": 22.20322704565942, "step_values": 1.6355231125128389, "step_td_err": 22.30388870154539}