{"dim0": 0.5333333333333333, "dim1": 0.8666666666666667, "scale": 15, "episode_rewards": 6.345863895312031, "episode_std_rewards": 0.46172987586843944, "episode_value_ests": 19.998083749597352, "episode_values": 2.4298865297631482, "episode_td_err": 16.745583298813973, "episode_avg_len": 10.963984212257428, "episode_std_avg_len": 2.0624944160081373, "step_rewards": 0.5787917760970079, "step_value_ests": 19.870146393344115, "step_values": 2.141432702766943, "step_td_err": 16.182031577706518}