{"dim0": 0.5333333333333333, "dim1": 0.5333333333333333, "scale": 15, "episode_rewards": 6.67163022917744, "episode_std_rewards": 0.5854183117387878, "episode_value_ests": 22.059866235817864, "episode_values": 2.0246568589283593, "episode_td_err": 23.892299422029946, "episode_avg_len": 13.103511530398324, "episode_std_avg_len": 5.420949273277878, "step_rewards": 0.5091482701946105, "step_value_ests": 21.85300359356211, "step_values": 1.0623077338002362, "step_td_err": 22.262092122520066}