{"dim0": 0.6, "dim1": 0.06666666666666667, "scale": 15, "episode_rewards": 6.950523962699704, "episode_std_rewards": 0.6022932865295159, "episode_value_ests": 22.423238879088217, "episode_values": 2.7367638558614833, "episode_td_err": 27.323784725030745, "episode_avg_len": 9.328839964550586, "episode_std_avg_len": 3.206613098911999, "step_rewards": 0.7450576908931403, "step_value_ests": 22.4162933060936, "step_values": 2.0401398199235423, "step_td_err": 26.486603349374064}