{"dim0": 0.6, "dim1": 0.7333333333333333, "scale": 15, "episode_rewards": 6.125366642448131, "episode_std_rewards": 0.5651278080173741, "episode_value_ests": 21.400543701214538, "episode_values": 2.0854098273749844, "episode_td_err": 22.90353850043965, "episode_avg_len": 10.909289259804723, "episode_std_avg_len": 3.067168820802726, "step_rewards": 0.5614817332800079, "step_value_ests": 21.19232895557776, "step_values": 1.5508783963230524, "step_td_err": 21.67422550719599}