{"dim0": 0.6, "dim1": -0.8666666666666667, "scale": 15, "episode_rewards": 3.0140782623681934, "episode_std_rewards": 0.70046871512974, "episode_value_ests": 22.314052958642012, "episode_values": 1.3111473728973886, "episode_td_err": 31.22712570134682, "episode_avg_len": 7.846600494330888, "episode_std_avg_len": 1.8903627218725383, "step_rewards": 0.38412536289388544, "step_value_ests": 22.33690960413146, "step_values": 0.5841746006024682, "step_td_err": 31.066542260649875}