{"dim0": 0.6, "dim1": 0.0, "scale": 15, "episode_rewards": 6.748475985123586, "episode_std_rewards": 0.6095218675714498, "episode_value_ests": 22.43183277217229, "episode_values": 2.6800404773403175, "episode_td_err": 27.64598809589004, "episode_avg_len": 9.158393625789907, "episode_std_avg_len": 3.001153092561113, "step_rewards": 0.7368624085036019, "step_value_ests": 22.424448937215953, "step_values": 1.9937114428746103, "step_td_err": 26.920932511021153}