{"dim0": 0.6, "dim1": 0.6, "scale": 15, "episode_rewards": 6.391766960268337, "episode_std_rewards": 0.5831636198975518, "episode_value_ests": 22.079152769023263, "episode_values": 2.1532855376867457, "episode_td_err": 25.592684419146245, "episode_avg_len": 11.23859294223421, "episode_std_avg_len": 4.073850009255835, "step_rewards": 0.5687337367873088, "step_value_ests": 21.907623164672327, "step_values": 1.4024246124006077, "step_td_err": 24.38248485037017}