{"dim0": 0.6, "dim1": -0.13333333333333333, "scale": 15, "episode_rewards": 6.372637017918344, "episode_std_rewards": 0.619860909772828, "episode_value_ests": 22.40082548983495, "episode_values": 2.558853707679994, "episode_td_err": 28.10487023584433, "episode_avg_len": 8.823532006882251, "episode_std_avg_len": 2.701941250928954, "step_rewards": 0.7222319829460313, "step_value_ests": 22.411798161513772, "step_values": 1.8910526642405483, "step_td_err": 27.528609555618477}