{"dim0": 0.6, "dim1": 0.2, "scale": 15, "episode_rewards": 7.043377736909867, "episode_std_rewards": 0.5997800800677968, "episode_value_ests": 22.419856412328492, "episode_values": 2.6945698296627207, "episode_td_err": 26.845925760800714, "episode_avg_len": 9.863448071801953, "episode_std_avg_len": 3.7201048085381294, "step_rewards": 0.714088793861629, "step_value_ests": 22.371929161643177, "step_values": 1.9127902943371893, "step_td_err": 25.75531337881321}