{"dim0": 0.6, "dim1": -0.6, "scale": 15, "episode_rewards": 4.511503594761475, "episode_std_rewards": 0.6700085925589828, "episode_value_ests": 22.346047486344922, "episode_values": 1.8955130318274729, "episode_td_err": 29.957084872019912, "episode_avg_len": 8.090614886731391, "episode_std_avg_len": 2.0742977781407723, "step_rewards": 0.5576218443125183, "step_value_ests": 22.37217496097565, "step_values": 1.2007549482088176, "step_td_err": 29.714472517067165}