{"dim0": 0.6, "dim1": -1.0, "scale": 15, "episode_rewards": 2.127225064201617, "episode_std_rewards": 0.71621107043593, "episode_value_ests": 22.31887108855797, "episode_values": 0.9475733920285171, "episode_td_err": 32.01541511410313, "episode_avg_len": 7.772091396595943, "episode_std_avg_len": 1.831058481550997, "step_rewards": 0.27370046949438975, "step_value_ests": 22.342365762266393, "step_values": 0.19998035844708767, "step_td_err": 31.89450897796899}