{"dim0": 0.6, "dim1": 0.3333333333333333, "scale": 15, "episode_rewards": 7.009586348109157, "episode_std_rewards": 0.6035771443595879, "episode_value_ests": 22.407273927044418, "episode_values": 2.5972681800599684, "episode_td_err": 26.397225723940796, "episode_avg_len": 10.460303347280334, "episode_std_avg_len": 4.239729592904616, "step_rewards": 0.6701131043137138, "step_value_ests": 22.32184527566084, "step_values": 1.7098685521372887, "step_td_err": 25.13845918511982}