{"dim0": 0.6, "dim1": 0.8666666666666667, "scale": 15, "episode_rewards": 5.512831614397826, "episode_std_rewards": 0.5375208001464042, "episode_value_ests": 20.331576513209885, "episode_values": 1.8982640491549363, "episode_td_err": 19.25347526500229, "episode_avg_len": 10.486341949352488, "episode_std_avg_len": 2.2154528016011983, "step_rewards": 0.5257154154445853, "step_value_ests": 20.12092980122585, "step_values": 1.493033972854818, "step_td_err": 18.367689658140318}