{"dim0": 0.6, "dim1": 0.4, "scale": 15, "episode_rewards": 6.877080558302095, "episode_std_rewards": 0.6018966938463016, "episode_value_ests": 22.368830483901174, "episode_values": 2.465891348438212, "episode_td_err": 26.4505935004975, "episode_avg_len": 10.731970379909852, "episode_std_avg_len": 4.4109574972424745, "step_rewards": 0.6408031624067771, "step_value_ests": 22.261325241648546, "step_values": 1.55877926300469, "step_td_err": 25.15736054217259}