{"dim0": 0.6, "dim1": -0.2, "scale": 15, "episode_rewards": 6.195234101331173, "episode_std_rewards": 0.6297842205195083, "episode_value_ests": 22.402303990743224, "episode_values": 2.5144963869768278, "episode_td_err": 28.33345871647073, "episode_avg_len": 8.675500997657673, "episode_std_avg_len": 2.552472005919504, "step_rewards": 0.7141067821908895, "step_value_ests": 22.412908082630498, "step_values": 1.8478495460363642, "step_td_err": 27.847278596297553}