{"dim0": 0.6, "dim1": -0.5333333333333333, "scale": 15, "episode_rewards": 4.817605933159014, "episode_std_rewards": 0.6638626185565045, "episode_value_ests": 22.362927837431002, "episode_values": 2.015994392070928, "episode_td_err": 29.698110051289657, "episode_avg_len": 8.160138718890249, "episode_std_avg_len": 2.1118891317849227, "step_rewards": 0.5903828475374489, "step_value_ests": 22.384999578799764, "step_values": 1.3352438221991914, "step_td_err": 29.41994805214145}