{"dim0": 0.6, "dim1": 0.9333333333333333, "scale": 15, "episode_rewards": 4.883494278743741, "episode_std_rewards": 0.524156525736959, "episode_value_ests": 19.75231973818924, "episode_values": 1.6140772610033856, "episode_td_err": 18.11471911824282, "episode_avg_len": 10.241218637992832, "episode_std_avg_len": 1.8313230005185186, "step_rewards": 0.47684698973489087, "step_value_ests": 19.569085013001995, "step_values": 1.2817737927789241, "step_td_err": 17.507839902807167}