{"dim0": 0.6, "dim1": 0.4666666666666667, "scale": 15, "episode_rewards": 6.727337038543197, "episode_std_rewards": 0.6076305162050349, "episode_value_ests": 22.310732755730754, "episode_values": 2.343468311552135, "episode_td_err": 26.274836056130308, "episode_avg_len": 11.020056201443605, "episode_std_avg_len": 4.593082569513334, "step_rewards": 0.6104630426169633, "step_value_ests": 22.17895863035119, "step_values": 1.3926249055110433, "step_td_err": 24.989541209506157}