{"dim0": 0.6, "dim1": 1.0, "scale": 15, "episode_rewards": 3.9830168932274135, "episode_std_rewards": 0.5120086292255177, "episode_value_ests": 19.266927546778625, "episode_values": 1.1713619452226143, "episode_td_err": 17.7121864261689, "episode_avg_len": 10.004001600640256, "episode_std_avg_len": 1.526570063921556, "step_rewards": 0.39814236864701225, "step_value_ests": 19.119541636130364, "step_values": 0.8989448276046073, "step_td_err": 17.36076783997099}