{"dim0": 0.6, "dim1": 0.6666666666666666, "scale": 15, "episode_rewards": 6.310786490997213, "episode_std_rewards": 0.5760512295133783, "episode_value_ests": 21.77845283721484, "episode_values": 2.126058335301877, "episode_td_err": 24.499091344675072, "episode_avg_len": 11.062724708225012, "episode_std_avg_len": 3.566650401590535, "step_rewards": 0.5704549880288726, "step_value_ests": 21.58687431947688, "step_values": 1.4984149701686622, "step_td_err": 23.25668121582648}