{"dim0": 0.6, "dim1": -0.8, "scale": 15, "episode_rewards": 3.3869168473931026, "episode_std_rewards": 0.6873240569541192, "episode_value_ests": 22.338554725487874, "episode_values": 1.4642855205048473, "episode_td_err": 30.919676585946597, "episode_avg_len": 7.904517250918864, "episode_std_avg_len": 1.9232323870545798, "step_rewards": 0.42847864580210626, "step_value_ests": 22.36157153588353, "step_values": 0.7553584531437245, "step_td_err": 30.722696418522872}