{"dim0": 0.6, "dim1": -0.06666666666666667, "scale": 15, "episode_rewards": 6.602918832597267, "episode_std_rewards": 0.6140332658402637, "episode_value_ests": 22.415042919935118, "episode_values": 2.6390224198696277, "episode_td_err": 27.88083861320677, "episode_avg_len": 8.965572888649811, "episode_std_avg_len": 2.8282968450435186, "step_rewards": 0.7364748370911574, "step_value_ests": 22.41450490706878, "step_values": 1.965922177557211, "step_td_err": 27.237212011648584}