{"dim0": 0.6, "dim1": -0.4666666666666667, "scale": 15, "episode_rewards": 5.0862116907920045, "episode_std_rewards": 0.6557678318715376, "episode_value_ests": 22.369699816436594, "episode_values": 2.104605489637143, "episode_td_err": 29.4023216219176, "episode_avg_len": 8.269836675625388, "episode_std_avg_len": 2.2176118202787647, "step_rewards": 0.6150316977580904, "step_value_ests": 22.389737551247332, "step_values": 1.4177123279746988, "step_td_err": 29.07817398570574}