{"dim0": 0.6, "dim1": -0.6666666666666666, "scale": 15, "episode_rewards": 4.081262745517001, "episode_std_rewards": 0.6764170026505368, "episode_value_ests": 22.344093598474, "episode_values": 1.7131227774190763, "episode_td_err": 30.196361325280144, "episode_avg_len": 8.05355560924539, "episode_std_avg_len": 2.0282967534483882, "step_rewards": 0.5067653274575713, "step_value_ests": 22.36868345736146, "step_values": 1.0101517227376329, "step_td_err": 29.960028041656493}