{"dim0": 0.6, "dim1": 0.26666666666666666, "scale": 15, "episode_rewards": 7.090357924934745, "episode_std_rewards": 0.6006313560868655, "episode_value_ests": 22.422171754346376, "episode_values": 2.6970222376394783, "episode_td_err": 26.59889334404281, "episode_avg_len": 10.1317562433514, "episode_std_avg_len": 3.987317808802789, "step_rewards": 0.6998152891397813, "step_value_ests": 22.36233711535199, "step_values": 1.87523351539754, "step_td_err": 25.402425102109063}