{"dim0": 0.6, "dim1": -0.26666666666666666, "scale": 15, "episode_rewards": 5.985083419468734, "episode_std_rewards": 0.6344340158827515, "episode_value_ests": 22.401961109418245, "episode_values": 2.4510932414268654, "episode_td_err": 28.675033361288097, "episode_avg_len": 8.5439360929557, "episode_std_avg_len": 2.432066997322432, "step_rewards": 0.7005065761673138, "step_value_ests": 22.41854951611096, "step_values": 1.795453846842006, "step_td_err": 28.214717473922132}