{"dim0": -0.2, "dim1": 0.2, "episode_rewards": 110.88852986536581, "episode_value_ests": 59.4105235096023, "episode_values": 41.96644771496898, "episode_td_err": 2.7959853698759956, "episode_avg_len": 124.82, "step_rewards": 0.8883875169473306, "step_value_ests": 60.26938658646142, "step_values": 43.12117892041661, "step_td_err": 2.6796195181555627}