{"dim0": -0.2, "dim1": -0.2, "episode_rewards": 131.4395906549954, "episode_value_ests": 64.61267417546449, "episode_values": 41.903299536371286, "episode_td_err": 31.524628549770018, "episode_avg_len": 161.12, "step_rewards": 0.8157869330622853, "step_value_ests": 64.56300546225926, "step_values": 47.36332500873593, "step_td_err": 10.531782062367547}