{"dim0": -0.2, "dim1": 0.6, "episode_rewards": 91.60015455124201, "episode_value_ests": 58.24175409469229, "episode_values": 37.671902888011736, "episode_td_err": 3.973027764695358, "episode_avg_len": 98.24, "step_rewards": 0.9324119966535221, "step_value_ests": 58.597166026502556, "step_values": 38.427234193933465, "step_td_err": 3.777596123305052}