{"dim0": -0.2, "dim1": -0.6, "episode_rewards": 28.07778835284058, "episode_value_ests": 72.31799313914445, "episode_values": 9.990241370282776, "episode_td_err": 195.18163361224666, "episode_avg_len": 40.12, "step_rewards": 0.6998451733011112, "step_value_ests": 72.12116956853438, "step_values": 12.379372945136486, "step_td_err": 128.79320091453343}