{"dim0": -0.25, "dim1": -0.75, "episode_rewards": 7.561862288415432, "episode_value_ests": 11.6843873546975, "episode_values": 4.183765734661951, "episode_td_err": 8.622241652140351, "episode_avg_len": 5.32, "step_rewards": 1.4214026857923745, "step_value_ests": 11.704966030454726, "step_values": 4.165838816846069, "step_td_err": 8.569056124193084}