{"dim0": -0.25, "dim1": 0.5, "episode_rewards": 7.867136040325277, "episode_value_ests": 16.42863636157928, "episode_values": 4.504763201889667, "episode_td_err": 8.388080487699032, "episode_avg_len": 39.88, "step_rewards": 0.1972702116430611, "step_value_ests": 16.426266086735243, "step_values": 4.83729918086731, "step_td_err": 8.203922523803744}