{"dim0": -0.25, "dim1": 0.0, "episode_rewards": 16.895278218458408, "episode_value_ests": 11.982353764265877, "episode_values": 8.169422451367264, "episode_td_err": 4.065210453106995, "episode_avg_len": 25.88, "step_rewards": 0.6528314613005567, "step_value_ests": 12.17533967571428, "step_values": 9.803795658433414, "step_td_err": 4.335477704482131}