{"dim0": -0.25, "dim1": -0.25, "episode_rewards": 14.685178891047835, "episode_value_ests": 12.292101761302085, "episode_values": 9.049106985290841, "episode_td_err": 3.8232267894082805, "episode_avg_len": 7.28, "step_rewards": 2.017194902616461, "step_value_ests": 12.426840604661585, "step_values": 8.819821000491189, "step_td_err": 3.87390111410054}