{"dim0": -0.2, "dim1": -0.4, "episode_rewards": 79.36282168745413, "episode_value_ests": 69.08424264610625, "episode_values": 24.92292145796517, "episode_td_err": 84.01430768312962, "episode_avg_len": 117.46, "step_rewards": 0.6756582810101662, "step_value_ests": 68.6208640264933, "step_values": 33.2591898400499, "step_td_err": 32.74053703911803}