{"dim0": -0.2, "dim1": 0.4, "episode_rewards": 105.55198094265128, "episode_value_ests": 58.64226970673687, "episode_values": 41.79144437319346, "episode_td_err": 3.2445112730418275, "episode_avg_len": 112.06, "step_rewards": 0.9419237992383659, "step_value_ests": 59.1174619695916, "step_values": 42.571304504228074, "step_td_err": 3.0935615042235534}