{"dim0": -0.25, "dim1": 1.0, "episode_rewards": -11.986830871859565, "episode_value_ests": 16.5298370539208, "episode_values": -3.83745733399615, "episode_td_err": 10.559057787692339, "episode_avg_len": 34.32, "step_rewards": -0.34926663379544187, "step_value_ests": 16.527483622233074, "step_values": -3.4751199012065106, "step_td_err": 10.393772269674939}