{"dim0": -0.2, "dim1": 0.0, "episode_rewards": 128.45497853867826, "episode_value_ests": 60.96515774241996, "episode_values": 45.497613317516965, "episode_td_err": 7.7506093134296945, "episode_avg_len": 144.8, "step_rewards": 0.8871200175323084, "step_value_ests": 61.671429705768, "step_values": 47.23478052470007, "step_td_err": 4.215690287765939}