{"dim0": -0.2, "dim1": 0.8, "episode_rewards": 79.70715336360823, "episode_value_ests": 58.01104486116523, "episode_values": 34.35443513480437, "episode_td_err": 6.492892024380291, "episode_avg_len": 85.58, "step_rewards": 0.9313759448890889, "step_value_ests": 58.30512265265893, "step_values": 35.814778862104696, "step_td_err": 5.479975932697691}