{"dim0": -0.25, "dim1": -0.5, "episode_rewards": 11.407370928674936, "episode_value_ests": 12.026588164454417, "episode_values": 7.2111011911717195, "episode_td_err": 5.952305096632814, "episode_avg_len": 5.44, "step_rewards": 2.096943185418187, "step_value_ests": 12.03459947819219, "step_values": 7.13617339680613, "step_td_err": 6.08067893759633}