{"dim0": -0.2, "dim1": -0.8, "episode_rewards": 17.25562495537284, "episode_value_ests": 72.729857178133, "episode_values": 6.625010834729243, "episode_td_err": 335.0918187896137, "episode_avg_len": 19.12, "step_rewards": 0.9024908449462783, "step_value_ests": 72.6006932438168, "step_values": 7.233762359576678, "step_td_err": 275.1023222606051}