{"dim0": -0.4, "dim1": 0.0, "episode_rewards": 117.28696937449993, "episode_value_ests": 59.27403641968971, "episode_values": 44.24019036011333, "episode_td_err": 3.3300529842581996, "episode_avg_len": 124.32, "step_rewards": 0.9434280033341371, "step_value_ests": 59.79878778202385, "step_values": 45.11059239032802, "step_td_err": 3.093988021127463}