{"dim0": -0.5, "dim1": 0.75, "episode_rewards": -1.249732717089355, "episode_value_ests": 16.48591474780951, "episode_values": 0.5719481934223505, "episode_td_err": 9.062716643508045, "episode_avg_len": 36.84, "step_rewards": -0.03392325507842983, "step_value_ests": 16.485214343159, "step_values": 0.773887510295833, "step_td_err": 8.923149223192015}