{"dim0": -0.5, "dim1": -1.0, "episode_rewards": 2.7215657559456305, "episode_value_ests": 11.661641205906868, "episode_values": 0.9364197205245517, "episode_td_err": 15.354712629391775, "episode_avg_len": 5.0, "step_rewards": 0.544313151189126, "step_value_ests": 11.661641205906868, "step_values": 0.9364197205245516, "step_td_err": 15.354712629391774}