{"dim0": -0.4, "dim1": 0.4, "episode_rewards": 93.88405202907765, "episode_value_ests": 57.71151287643144, "episode_values": 38.581001368121555, "episode_td_err": 4.483231142588491, "episode_avg_len": 98.94, "step_rewards": 0.948898848080429, "step_value_ests": 58.19989248149342, "step_values": 39.85080300403947, "step_td_err": 4.104163308609591}