{"dim0": -0.5, "dim1": -0.75, "episode_rewards": 4.98663319349289, "episode_value_ests": 11.908792747855186, "episode_values": 2.5981001942266415, "episode_td_err": 13.460018897037475, "episode_avg_len": 5.12, "step_rewards": 0.97395179560408, "step_value_ests": 11.906135583180003, "step_values": 2.5791373509121773, "step_td_err": 13.425239626804627}