{"dim0": -0.4, "dim1": -0.2, "episode_rewards": 116.0006731301776, "episode_value_ests": 62.12628777999823, "episode_values": 41.32620212383466, "episode_td_err": 21.224191232147437, "episode_avg_len": 132.74, "step_rewards": 0.8738938762255356, "step_value_ests": 62.23046276408433, "step_values": 44.77781083710325, "step_td_err": 9.1335604678746}