{"dim0": -0.5, "dim1": 0.0, "episode_rewards": 17.38210141144693, "episode_value_ests": 12.260222304259013, "episode_values": 9.633334640901554, "episode_td_err": 2.919891771473752, "episode_avg_len": 21.08, "step_rewards": 0.8245778658181655, "step_value_ests": 12.384622697981756, "step_values": 10.8948247344282, "step_td_err": 3.324191004828751}