{"dim0": -0.4, "dim1": -0.4, "episode_rewards": 90.69781918106543, "episode_value_ests": 67.76471848212026, "episode_values": 30.125431206117142, "episode_td_err": 62.75916808739372, "episode_avg_len": 118.6, "step_rewards": 0.7647370925890845, "step_value_ests": 66.2884436857841, "step_values": 38.59899363689014, "step_td_err": 24.57038844922947}