{"dim0": -0.4, "dim1": 0.2, "episode_rewards": 104.22999209467322, "episode_value_ests": 58.34991066414789, "episode_values": 41.2476297932339, "episode_td_err": 3.460455181268411, "episode_avg_len": 109.18, "step_rewards": 0.9546619536057265, "step_value_ests": 58.985259713260085, "step_values": 42.242465038178814, "step_td_err": 3.32087726321039}