{"dim0": -0.5, "dim1": 0.25, "episode_rewards": 8.554605114740552, "episode_value_ests": 15.629806161297054, "episode_values": 3.984635800942312, "episode_td_err": 8.057215527203226, "episode_avg_len": 43.0, "step_rewards": 0.19894430499396634, "step_value_ests": 15.707224917300913, "step_values": 3.399451419465828, "step_td_err": 8.218216557749939}