{"dim0": -0.4, "dim1": -1.0, "episode_rewards": 14.471246874138014, "episode_value_ests": 72.58202550718302, "episode_values": 6.1084729667384225, "episode_td_err": 428.039334842499, "episode_avg_len": 14.9, "step_rewards": 0.9712246224253701, "step_value_ests": 72.25053253173829, "step_values": 6.066839588332935, "step_td_err": 349.87739820233816}