{"dim0": -0.5, "dim1": -0.5, "episode_rewards": 10.622117282003165, "episode_value_ests": 12.18553021743184, "episode_values": 6.589089508181662, "episode_td_err": 6.160473565776325, "episode_avg_len": 5.8, "step_rewards": 1.831399531379856, "step_value_ests": 12.25504405210758, "step_values": 6.563801292841498, "step_td_err": 6.297060361843321}