{"dim0": -0.4, "dim1": -0.6, "episode_rewards": 38.36479221021815, "episode_value_ests": 71.69004553020545, "episode_values": 13.332364058478433, "episode_td_err": 145.8781370864554, "episode_avg_len": 58.22, "step_rewards": 0.6589624220236714, "step_value_ests": 71.13002821589123, "step_values": 18.898914254853427, "step_td_err": 83.97021227343316}