{"dim0": -0.4, "dim1": 0.6, "episode_rewards": 87.22493420743471, "episode_value_ests": 58.03617968924872, "episode_values": 36.866715959003244, "episode_td_err": 5.108654016087517, "episode_avg_len": 91.86, "step_rewards": 0.9495420662686122, "step_value_ests": 58.17977919750891, "step_values": 37.661229582519674, "step_td_err": 4.83520574264582}