{"dim0": -0.6, "dim1": 0.8, "episode_rewards": 76.06978631985199, "episode_value_ests": 57.37317936048069, "episode_values": 33.404760292686646, "episode_td_err": 6.177197156572239, "episode_avg_len": 79.66, "step_rewards": 0.9549307848336931, "step_value_ests": 57.63890310019786, "step_values": 34.25389411836887, "step_td_err": 5.879478812648459}