{"dim0": -0.6, "dim1": 0.2, "episode_rewards": 92.03617893795614, "episode_value_ests": 57.31199218000749, "episode_values": 38.03614445502075, "episode_td_err": 3.808342583486576, "episode_avg_len": 95.72, "step_rewards": 0.9615146148971598, "step_value_ests": 57.72951063811406, "step_values": 39.09876056737172, "step_td_err": 3.5790134600499535}