{"dim0": -0.75, "dim1": 0.5, "episode_rewards": 9.783863429932389, "episode_value_ests": 16.41745137664761, "episode_values": 5.34999152775868, "episode_td_err": 7.632311758990421, "episode_avg_len": 48.8, "step_rewards": 0.20048900471172929, "step_value_ests": 16.41288266103776, "step_values": 5.885802806751686, "step_td_err": 7.09301040838517}