{"dim0": -0.6, "dim1": -0.2, "episode_rewards": 116.9309153634635, "episode_value_ests": 59.61488077633542, "episode_values": 43.97154864940357, "episode_td_err": 7.696293473922711, "episode_avg_len": 123.4, "step_rewards": 0.9475762995418436, "step_value_ests": 59.98206230052286, "step_values": 45.76896640075594, "step_td_err": 4.8659925345097825}