{"dim0": -0.6, "dim1": -0.6, "episode_rewards": 43.35524023483857, "episode_value_ests": 70.77471720479724, "episode_values": 15.58047960069662, "episode_td_err": 163.76905811446773, "episode_avg_len": 59.44, "step_rewards": 0.729395024139276, "step_value_ests": 69.27202871614317, "step_values": 22.987201329638275, "step_td_err": 74.44115096746765}