{"dim0": -0.6, "dim1": 0.4, "episode_rewards": 89.1809535748628, "episode_value_ests": 56.9537373943652, "episode_values": 37.75512068895048, "episode_td_err": 4.5029002369511035, "episode_avg_len": 89.32, "step_rewards": 0.9984432778197805, "step_value_ests": 57.22696000102705, "step_values": 38.47234161850866, "step_td_err": 4.384444452116057}