{"dim0": -0.75, "dim1": -0.75, "episode_rewards": 6.34796722613275, "episode_value_ests": 11.617584618727365, "episode_values": 3.826009814431696, "episode_td_err": 10.812857132680659, "episode_avg_len": 5.04, "step_rewards": 1.259517306772371, "step_value_ests": 11.626882361514228, "step_values": 3.8180674054293253, "step_td_err": 10.833351525455244}