{"dim0": -0.75, "dim1": 0.25, "episode_rewards": 6.703556734204758, "episode_value_ests": 15.295516147640496, "episode_values": 2.3788420987179375, "episode_td_err": 7.3483965193595, "episode_avg_len": 52.84, "step_rewards": 0.12686519179040043, "step_value_ests": 15.325334936233743, "step_values": 2.796280313554852, "step_td_err": 7.025887075360368}