{"dim0": -0.75, "dim1": -0.5, "episode_rewards": 10.576811390221119, "episode_value_ests": 11.813373530864716, "episode_values": 6.223946040091736, "episode_td_err": 6.1649357400461255, "episode_avg_len": 5.64, "step_rewards": 1.8753211684789217, "step_value_ests": 11.804030130095516, "step_values": 6.283517439008333, "step_td_err": 6.0674394244989625}