{"dim0": -0.75, "dim1": 0.0, "episode_rewards": 13.471168089862912, "episode_value_ests": 12.60067261571383, "episode_values": 7.917751057421141, "episode_td_err": 4.215079808317866, "episode_avg_len": 15.8, "step_rewards": 0.8526055753077793, "step_value_ests": 12.756722485736201, "step_values": 6.305040060071041, "step_td_err": 3.8798804543940757}