{"dim0": -0.75, "dim1": -1.0, "episode_rewards": -0.8142146429046988, "episode_value_ests": 11.594139602661135, "episode_values": -1.411614428690861, "episode_td_err": 24.784522667542447, "episode_avg_len": 5.0, "step_rewards": -0.16284292858093977, "step_value_ests": 11.594139602661134, "step_values": -1.4116144286908612, "step_td_err": 24.784522667542447}