{"dim0": -0.75, "dim1": -0.25, "episode_rewards": 13.814767102338374, "episode_value_ests": 12.603847169085155, "episode_values": 9.162308055778878, "episode_td_err": 3.4630495097020697, "episode_avg_len": 7.32, "step_rewards": 1.8872632653467725, "step_value_ests": 12.645864322211573, "step_values": 9.278166757251423, "step_td_err": 3.2675075850047004}