{"dim0": -0.6, "dim1": -0.4, "episode_rewards": 79.85026095494511, "episode_value_ests": 65.47174239317204, "episode_values": 28.977894195030263, "episode_td_err": 81.36192479790617, "episode_avg_len": 97.64, "step_rewards": 0.8178027545569962, "step_value_ests": 63.886582114666226, "step_values": 37.544054105477294, "step_td_err": 23.772201688189313}