{"dim0": -0.6, "dim1": -1.0, "episode_rewards": 16.195499771346803, "episode_value_ests": 72.70214039048903, "episode_values": 6.643572814895063, "episode_td_err": 415.54192705418194, "episode_avg_len": 15.62, "step_rewards": 1.0368437753743152, "step_value_ests": 72.4969156047904, "step_values": 7.124574716714164, "step_td_err": 334.7551108440842}