{"dim0": -0.6, "dim1": 0.0, "episode_rewards": 103.80250847838062, "episode_value_ests": 57.15060934750733, "episode_values": 41.79157004365602, "episode_td_err": 3.6003862037999586, "episode_avg_len": 103.12, "step_rewards": 1.0066185849338696, "step_value_ests": 57.41578959838377, "step_values": 42.64439779926264, "step_td_err": 3.4131618364845533}