{"dim0": -0.6, "dim1": -0.8, "episode_rewards": 20.57353335468768, "episode_value_ests": 72.41030254881736, "episode_values": 7.901538590495934, "episode_td_err": 284.7009760220492, "episode_avg_len": 24.88, "step_rewards": 0.8269105046096334, "step_value_ests": 72.11132076238896, "step_values": 9.349910051605354, "step_td_err": 204.88826301953551}