{"dim0": -0.75, "dim1": 0.75, "episode_rewards": 1.8536295938212424, "episode_value_ests": 16.48968048218737, "episode_values": 2.329949491237003, "episode_td_err": 8.27357023449992, "episode_avg_len": 40.96, "step_rewards": 0.04525462875540143, "step_value_ests": 16.488974697887897, "step_values": 2.593024755400043, "step_td_err": 8.030703734754914}