{"dim0": -1.0, "dim1": -0.25, "episode_rewards": 13.410562527477742, "episode_value_ests": 12.301772347306684, "episode_values": 8.21622955285821, "episode_td_err": 4.0912882294870965, "episode_avg_len": 6.96, "step_rewards": 1.926804960844503, "step_value_ests": 12.389938360658185, "step_values": 8.279333650311262, "step_td_err": 3.976350184043175}