{"dim0": -0.8, "dim1": 0.8, "episode_rewards": 73.35575971656428, "episode_value_ests": 55.37140849380531, "episode_values": 34.05594792081455, "episode_td_err": 5.826139752290411, "episode_avg_len": 73.24, "step_rewards": 1.00158055320268, "step_value_ests": 55.697567650329084, "step_values": 34.27683129532854, "step_td_err": 5.800985169166137}