{"dim0": -1.0, "dim1": -0.5, "episode_rewards": 9.4025927792117, "episode_value_ests": 12.005900369859878, "episode_values": 5.421952479089715, "episode_td_err": 9.17679342287662, "episode_avg_len": 5.48, "step_rewards": 1.7158016020459306, "step_value_ests": 11.993813170133716, "step_values": 5.397029280425079, "step_td_err": 9.14817039782725}