{"dim0": -0.8, "dim1": 0.2, "episode_rewards": 90.98768962201146, "episode_value_ests": 56.60398185484075, "episode_values": 38.67890808006412, "episode_td_err": 4.0072430201268086, "episode_avg_len": 88.4, "step_rewards": 1.0292725070363287, "step_value_ests": 56.726660815245424, "step_values": 39.709434493359005, "step_td_err": 3.8785208774475626}