{"dim0": -1.0, "dim1": 0.5, "episode_rewards": 8.051555391096045, "episode_value_ests": 16.3567111040417, "episode_values": 4.0705030359688195, "episode_td_err": 7.680323146919973, "episode_avg_len": 48.24, "step_rewards": 0.1669062062830855, "step_value_ests": 16.35954636167333, "step_values": 4.687542750734206, "step_td_err": 7.273564835105794}