{"dim0": -0.8, "dim1": -0.2, "episode_rewards": 104.1728161686266, "episode_value_ests": 57.90567547588105, "episode_values": 42.13710925078086, "episode_td_err": 7.596127803558262, "episode_avg_len": 104.52, "step_rewards": 0.9966783024170168, "step_value_ests": 58.03755312254727, "step_values": 43.6804218055383, "step_td_err": 4.916861713331292}