{"dim0": -0.8, "dim1": 0.4, "episode_rewards": 79.87507883950602, "episode_value_ests": 55.7921733545296, "episode_values": 34.9607311687821, "episode_td_err": 4.735285140286363, "episode_avg_len": 80.88, "step_rewards": 0.9875751587476017, "step_value_ests": 56.04156342166468, "step_values": 35.68475639432143, "step_td_err": 4.551556161016407}