{"dim0": -0.8, "dim1": -0.8, "episode_rewards": 25.7894315696595, "episode_value_ests": 71.96194003743884, "episode_values": 9.990049731799182, "episode_td_err": 271.40565898549835, "episode_avg_len": 33.06, "step_rewards": 0.7800795998082124, "step_value_ests": 71.03667168752828, "step_values": 14.335803308817976, "step_td_err": 148.01405794328087}