{"dim0": -1.0, "dim1": 0.75, "episode_rewards": 2.6556456950539724, "episode_value_ests": 16.50215367754272, "episode_values": 2.3276779782835773, "episode_td_err": 8.201089455946738, "episode_avg_len": 42.76, "step_rewards": 0.0621058394540218, "step_value_ests": 16.50552080991226, "step_values": 2.333792198656426, "step_td_err": 7.9584930928992526}