{"dim0": -1.0, "dim1": -0.75, "episode_rewards": 6.411729192882777, "episode_value_ests": 11.961434949874876, "episode_values": 3.9376082994843506, "episode_td_err": 9.913953515761488, "episode_avg_len": 5.04, "step_rewards": 1.2721684906513444, "step_value_ests": 11.97142852109576, "step_values": 3.945929569702332, "step_td_err": 9.897127314769914}