{"dim0": -0.8, "dim1": -0.6, "episode_rewards": 45.59405858666258, "episode_value_ests": 69.12995622342818, "episode_values": 17.951429121253597, "episode_td_err": 143.1995210677743, "episode_avg_len": 54.5, "step_rewards": 0.8365882309479372, "step_value_ests": 66.28513119400094, "step_values": 26.932734090462432, "step_td_err": 72.43722109167675}