{"dim0": -1.0, "dim1": -1.0, "episode_rewards": 0.0927525252662599, "episode_value_ests": 11.736957270622254, "episode_values": -0.8410774792528057, "episode_td_err": 20.428718331282177, "episode_avg_len": 5.0, "step_rewards": 0.01855050505325198, "step_value_ests": 11.727234511852265, "step_values": -0.8437289421501609, "step_td_err": 20.334711086066957}