{"dim0": -1.0, "dim1": 0.0, "episode_rewards": 13.89614064056659, "episode_value_ests": 12.28491166974163, "episode_values": 7.592186085042482, "episode_td_err": 4.161323788498247, "episode_avg_len": 16.28, "step_rewards": 0.8535712924180953, "step_value_ests": 12.1466808884384, "step_values": 7.736241772655467, "step_td_err": 4.322154523025722}