{"dim0": -1.0, "dim1": -0.8, "episode_rewards": 24.11695774123538, "episode_value_ests": 71.66348936898568, "episode_values": 10.165647893098402, "episode_td_err": 240.73265890557468, "episode_avg_len": 29.96, "step_rewards": 0.8049718872241449, "step_value_ests": 70.1866724583431, "step_values": 13.892917911567329, "step_td_err": 158.40034472646835}