{"dim0": -1.0, "dim1": 0.6, "episode_rewards": 74.47419374927645, "episode_value_ests": 55.65247902127911, "episode_values": 34.503615903257604, "episode_td_err": 5.048982845469741, "episode_avg_len": 73.64, "step_rewards": 1.0113279976816465, "step_value_ests": 55.82111601975869, "step_values": 34.85223382794332, "step_td_err": 4.997921709722942}