{"dim0": -1.0, "dim1": -0.4, "episode_rewards": 87.2431506000692, "episode_value_ests": 60.02101443822443, "episode_values": 34.78832105115113, "episode_td_err": 32.746381866172094, "episode_avg_len": 92.08, "step_rewards": 0.9474712271944962, "step_value_ests": 59.01404755748323, "step_values": 38.58356897363455, "step_td_err": 12.192786138978676}