{"dim0": -1.0, "dim1": -0.6, "episode_rewards": 68.21148990499088, "episode_value_ests": 65.65266996811754, "episode_values": 26.624003216897012, "episode_td_err": 71.17293620388567, "episode_avg_len": 77.56, "step_rewards": 0.8794673788678556, "step_value_ests": 63.46437845631566, "step_values": 33.67018125801714, "step_td_err": 33.251961527948}