{"dim0": -1.0, "dim1": 0.0, "episode_rewards": 89.19891483325802, "episode_value_ests": 55.66722511338885, "episode_values": 37.53410147023651, "episode_td_err": 5.454487385909436, "episode_avg_len": 88.56, "step_rewards": 1.0072144854703933, "step_value_ests": 55.992495013446344, "step_values": 38.661820608745074, "step_td_err": 4.341616384820477}