{"dim0": -1.0, "dim1": -0.2, "episode_rewards": 96.26357008897118, "episode_value_ests": 57.16938871280302, "episode_values": 38.562407374369265, "episode_td_err": 5.251617952953146, "episode_avg_len": 100.36, "step_rewards": 0.9591826433735668, "step_value_ests": 57.35379466118685, "step_values": 39.69713898580531, "step_td_err": 4.19005773953055}