{"dim0": 0.0, "dim1": -0.2, "episode_rewards": 130.2270266209556, "episode_value_ests": 67.53711770176491, "episode_values": 37.60506657375039, "episode_td_err": 31.317335121173684, "episode_avg_len": 189.02, "step_rewards": 0.6889589811710697, "step_value_ests": 67.8147034601186, "step_values": 41.79599036990355, "step_td_err": 14.446588461265248}