{"dim0": 0.0, "dim1": 0.4, "episode_rewards": 114.2935670570191, "episode_value_ests": 59.40353479754493, "episode_values": 43.832794010157194, "episode_td_err": 3.1263400490009614, "episode_avg_len": 120.3, "step_rewards": 0.9500712141065595, "step_value_ests": 60.08538685930043, "step_values": 45.44331704226218, "step_td_err": 2.8558044364247293}