{"dim0": 0.0, "dim1": -0.8, "episode_rewards": 16.723317308889236, "episode_value_ests": 72.7130580318011, "episode_values": 6.373505011003697, "episode_td_err": 363.5502131566542, "episode_avg_len": 17.62, "step_rewards": 0.9491099494261769, "step_value_ests": 72.57638334172537, "step_values": 6.900157757007518, "step_td_err": 296.9721836156852}