{"dim0": 0.0, "dim1": -0.6, "episode_rewards": 24.737182235436048, "episode_value_ests": 72.10899343879036, "episode_values": 9.063748212287646, "episode_td_err": 250.27695326298593, "episode_avg_len": 30.08, "step_rewards": 0.8223797285716772, "step_value_ests": 70.62653368743176, "step_values": 14.180520700024626, "step_td_err": 166.208788449529}