{"dim0": 0.0, "dim1": -0.4, "episode_rewards": 45.50869139214374, "episode_value_ests": 72.00199693725307, "episode_values": 14.49322593754708, "episode_td_err": 129.8862946655517, "episode_avg_len": 78.1, "step_rewards": 0.5826977130876279, "step_value_ests": 71.53372849276369, "step_values": 20.743343525654232, "step_td_err": 62.34280487508285}