{"dim0": 0.0, "dim1": 0.2, "episode_rewards": 124.79020300610603, "episode_value_ests": 60.7870274772803, "episode_values": 44.89463332038473, "episode_td_err": 3.7752438367134347, "episode_avg_len": 143.2, "step_rewards": 0.8714399651264387, "step_value_ests": 61.78914889753198, "step_values": 45.66972936826541, "step_td_err": 3.383445524304157}