{"dim0": 0.0, "dim1": 0.6, "episode_rewards": 103.10992041897029, "episode_value_ests": 58.84748576324039, "episode_values": 41.41607038778622, "episode_td_err": 3.2680868811764054, "episode_avg_len": 112.9, "step_rewards": 0.9132853890077085, "step_value_ests": 59.85305423109377, "step_values": 42.484655721203026, "step_td_err": 3.1604201068574405}