{"dim0": 0.0, "dim1": 0.8, "episode_rewards": 88.64942758607911, "episode_value_ests": 58.44225651117169, "episode_values": 36.962481793738306, "episode_td_err": 4.560454254888907, "episode_avg_len": 96.18, "step_rewards": 0.9217033435857674, "step_value_ests": 58.90659883258298, "step_values": 37.88742453521507, "step_td_err": 4.348715965169639}