{"dim0": 0.0, "dim1": -0.25, "episode_rewards": 15.35687520340085, "episode_value_ests": 12.530583594739834, "episode_values": 9.716386716516535, "episode_td_err": 2.9598836876396746, "episode_avg_len": 8.0, "step_rewards": 1.9196094004251063, "step_value_ests": 12.753645353391766, "step_values": 9.777974049171867, "step_td_err": 3.0094016948797413}