{"dim0": 0.0, "dim1": -0.75, "episode_rewards": 7.544328858088702, "episode_value_ests": 11.966172257264454, "episode_values": 4.425875420793358, "episode_td_err": 9.712167050100412, "episode_avg_len": 5.0, "step_rewards": 1.5088657716177405, "step_value_ests": 11.948377170562743, "step_values": 4.491855930446005, "step_td_err": 9.455407737275367}