{"dim0": 0.0, "dim1": 0.0, "episode_rewards": 162.74970271255822, "episode_value_ests": 62.96098237699393, "episode_values": 47.66780004773469, "episode_td_err": 7.45948590104566, "episode_avg_len": 211.3, "step_rewards": 0.7702304908308482, "step_value_ests": 64.43026479941322, "step_values": 49.46687229886768, "step_td_err": 2.5309142279563352}