{"dim0": 0.25, "dim1": -0.25, "episode_rewards": 15.56638898635283, "episode_value_ests": 12.125231542682236, "episode_values": 9.621474023471299, "episode_td_err": 3.2311558735735004, "episode_avg_len": 8.24, "step_rewards": 1.889124876984567, "step_value_ests": 12.106450429312812, "step_values": 9.724192807777545, "step_td_err": 3.0791740914005987}