{"dim0": 0.2, "dim1": 0.8, "episode_rewards": 106.22351598103596, "episode_value_ests": 59.55341481874793, "episode_values": 42.20478250363013, "episode_td_err": 3.575322827076227, "episode_avg_len": 111.2, "step_rewards": 0.9552474458726256, "step_value_ests": 60.21921812229448, "step_values": 43.653576030553516, "step_td_err": 3.3021968735321403}