{"dim0": 0.2, "dim1": 0.4, "episode_rewards": 136.42536605896854, "episode_value_ests": 61.926411770387794, "episode_values": 47.48869001481642, "episode_td_err": 2.6181372172511193, "episode_avg_len": 159.2, "step_rewards": 0.8569432541392497, "step_value_ests": 62.55225403858489, "step_values": 48.01418207268784, "step_td_err": 2.497053597261391}