{"dim0": 0.2, "dim1": -0.4, "episode_rewards": 42.99210378359887, "episode_value_ests": 72.21574769456436, "episode_values": 13.145112233134359, "episode_td_err": 159.21601363369854, "episode_avg_len": 74.94, "step_rewards": 0.5736870000480233, "step_value_ests": 71.68978501686517, "step_values": 19.191748256054467, "step_td_err": 67.69852163407994}