{"dim0": 0.25, "dim1": 0.75, "episode_rewards": -2.938726777289994, "episode_value_ests": 16.495605660195555, "episode_values": -0.14196353968059644, "episode_td_err": 9.580612194347859, "episode_avg_len": 34.8, "step_rewards": -0.08444617176120672, "step_value_ests": 16.49661465568104, "step_values": -0.11691168112966814, "step_td_err": 9.521914554102205}