{"dim0": 0.2, "dim1": -0.8, "episode_rewards": 15.201907061206875, "episode_value_ests": 72.50551188339026, "episode_values": 5.793271144957194, "episode_td_err": 384.3999307320881, "episode_avg_len": 16.38, "step_rewards": 0.9280773541640339, "step_value_ests": 72.10629563337426, "step_values": 5.7564347911178, "step_td_err": 320.4476805540963}