{"dim0": 0.2, "dim1": -0.2, "episode_rewards": 156.98531007325306, "episode_value_ests": 70.33739226573623, "episode_values": 30.747754975197527, "episode_td_err": 41.115993158849896, "episode_avg_len": 305.04, "step_rewards": 0.5146384411003575, "step_value_ests": 70.62403333264481, "step_values": 36.88706082136353, "step_td_err": 12.270561964896139}