{"dim0": 0.25, "dim1": -0.75, "episode_rewards": 7.165595493270084, "episode_value_ests": 11.945247122486432, "episode_values": 4.290206903215878, "episode_td_err": 9.91341241576424, "episode_avg_len": 5.04, "step_rewards": 1.4217451375535881, "step_value_ests": 11.934898169149482, "step_values": 4.299146970399471, "step_td_err": 9.852587888326806}