{"dim0": 0.25, "dim1": 0.0, "episode_rewards": 20.351403845278547, "episode_value_ests": 12.31662122139216, "episode_values": 10.707440641769486, "episode_td_err": 3.592172533039714, "episode_avg_len": 33.48, "step_rewards": 0.607867498365548, "step_value_ests": 12.529396457804573, "step_values": 10.243450929017417, "step_td_err": 4.18421127106726}