{"dim0": 0.2, "dim1": 0.2, "episode_rewards": 148.93387517164228, "episode_value_ests": 62.07135998154561, "episode_values": 49.9458762688465, "episode_td_err": 10.807310797121028, "episode_avg_len": 167.68, "step_rewards": 0.8882029769301186, "step_value_ests": 62.68775963933982, "step_values": 51.32038958391061, "step_td_err": 2.987723709715624}