{"dim0": 0.2, "dim1": 0.6, "episode_rewards": 109.3268031588022, "episode_value_ests": 59.53644497737439, "episode_values": 42.54103415926871, "episode_td_err": 3.0667406581141488, "episode_avg_len": 118.8, "step_rewards": 0.9202592858485035, "step_value_ests": 60.20406892979988, "step_values": 43.56231508085278, "step_td_err": 2.898052887249446}