{"dim0": 0.2, "dim1": 0.0, "episode_rewards": 174.35759507076, "episode_value_ests": 65.15796115558696, "episode_values": 46.82157426652622, "episode_td_err": 7.460436740085548, "episode_avg_len": 243.58, "step_rewards": 0.7158124438408736, "step_value_ests": 66.20547250461594, "step_values": 48.01865956466106, "step_td_err": 4.174727964702001}