{"dim0": 0.4, "dim1": -0.2, "episode_rewards": 92.69372100846319, "episode_value_ests": 71.92453054755558, "episode_values": 20.256076177822045, "episode_td_err": 66.78099057289296, "episode_avg_len": 209.82, "step_rewards": 0.44177733775837946, "step_value_ests": 72.08897480549003, "step_values": 26.43943835286989, "step_td_err": 24.369585401928475}