{"dim0": 0.4, "dim1": -0.4, "episode_rewards": 38.40679957984889, "episode_value_ests": 72.40730013361798, "episode_values": 11.364530073550512, "episode_td_err": 137.1154851083628, "episode_avg_len": 75.98, "step_rewards": 0.5054856485897458, "step_value_ests": 72.29192712979118, "step_values": 14.460137649784642, "step_td_err": 69.80395037424864}