{"dim0": 0.5, "dim1": 0.0, "episode_rewards": 17.794502640762367, "episode_value_ests": 12.636170548351826, "episode_values": 9.6217607441231, "episode_td_err": 4.326211364349586, "episode_avg_len": 28.0, "step_rewards": 0.6355179514557988, "step_value_ests": 12.732500688199487, "step_values": 8.941050376336714, "step_td_err": 5.289487699716795}