{"dim0": 0.4, "dim1": 0.0, "episode_rewards": 243.16823879907986, "episode_value_ests": 68.27395221526128, "episode_values": 43.289747294962474, "episode_td_err": 9.092324173177882, "episode_avg_len": 434.0, "step_rewards": 0.5602954811038706, "step_value_ests": 69.53002632342177, "step_values": 43.64077946844752, "step_td_err": 4.691964592123432}