{"dim0": 0.4, "dim1": 0.6, "episode_rewards": 136.50702580979734, "episode_value_ests": 61.71174922237803, "episode_values": 47.40902801139999, "episode_td_err": 2.432621494310811, "episode_avg_len": 155.52, "step_rewards": 0.8777457935300755, "step_value_ests": 62.62086412983606, "step_values": 49.093865007343624, "step_td_err": 2.3174322891795236}