{"dim0": 0.5, "dim1": 0.25, "episode_rewards": 9.907474252134561, "episode_value_ests": 16.07314376556737, "episode_values": 5.299472716351633, "episode_td_err": 9.321590593381526, "episode_avg_len": 38.2, "step_rewards": 0.25935796471556444, "step_value_ests": 16.091598489272034, "step_values": 5.627191357359025, "step_td_err": 9.196870534917405}