{"dim0": 0.4, "dim1": -0.6, "episode_rewards": 19.15643630210776, "episode_value_ests": 72.67726416006344, "episode_values": 6.50230756891544, "episode_td_err": 278.217312244908, "episode_avg_len": 23.18, "step_rewards": 0.8264208931021466, "step_value_ests": 72.57590627464577, "step_values": 6.8942671527334145, "step_td_err": 228.1310893829786}