{"dim0": 0.5, "dim1": -0.25, "episode_rewards": 15.837336135272345, "episode_value_ests": 12.531792632696224, "episode_values": 10.356187490719046, "episode_td_err": 3.208774476575799, "episode_avg_len": 8.92, "step_rewards": 1.7754861138197695, "step_value_ests": 12.634534279327221, "step_values": 10.468312407136198, "step_td_err": 3.1699328443436787}