{"dim0": 0.5, "dim1": -0.75, "episode_rewards": 7.151961024850607, "episode_value_ests": 11.613618508597215, "episode_values": 3.7640703556483555, "episode_td_err": 8.880374789476077, "episode_avg_len": 5.08, "step_rewards": 1.4078663434745289, "step_value_ests": 11.635527810184506, "step_values": 3.749493393292326, "step_td_err": 8.888242576422222}