{"dim0": 0.4, "dim1": 0.8, "episode_rewards": 115.59626875455083, "episode_value_ests": 60.67893230829172, "episode_values": 43.41208695427086, "episode_td_err": 3.2765571771517807, "episode_avg_len": 130.32, "step_rewards": 0.8870186368519861, "step_value_ests": 61.64381755827174, "step_values": 44.36723506812718, "step_td_err": 3.025261783398781}