{"dim0": 0.4, "dim1": 0.2, "episode_rewards": 200.93900324342655, "episode_value_ests": 65.34667719180558, "episode_values": 49.86602679402697, "episode_td_err": 3.5250771711086397, "episode_avg_len": 285.38, "step_rewards": 0.7041103204268925, "step_value_ests": 66.91307432077654, "step_values": 50.403428417936134, "step_td_err": 2.8604073176549885}