{"dim0": 0.4, "dim1": 0.4, "episode_rewards": 161.44109956273752, "episode_value_ests": 63.39263039792418, "episode_values": 48.57850501593774, "episode_td_err": 2.1188511525467932, "episode_avg_len": 207.6, "step_rewards": 0.7776546221711826, "step_value_ests": 64.73852161467076, "step_values": 49.272208108425424, "step_td_err": 1.8970698002538975}