{"dim0": 0.75, "dim1": -1.0, "episode_rewards": 2.0361928417347372, "episode_value_ests": 11.148418763995174, "episode_values": 0.23323158865034693, "episode_td_err": 15.588617241818419, "episode_avg_len": 5.04, "step_rewards": 0.40400651621720973, "step_value_ests": 11.15482741014825, "step_values": 0.2290114360409729, "step_td_err": 15.609193567718927}