{"dim0": 0.6, "dim1": -1.0, "episode_rewards": 13.30534005234018, "episode_value_ests": 72.85899364537606, "episode_values": 5.90338088124001, "episode_td_err": 553.4428972344681, "episode_avg_len": 10.36, "step_rewards": 1.2842992328513687, "step_value_ests": 72.7972962073838, "step_values": 5.758016202382491, "step_td_err": 509.3163083547807}