{"dim0": 0.75, "dim1": 1.0, "episode_rewards": -14.791649532866431, "episode_value_ests": 16.538391087542177, "episode_values": -5.4299444465338915, "episode_td_err": 11.516360009983451, "episode_avg_len": 31.16, "step_rewards": -0.47469992082369805, "step_value_ests": 16.53733548028478, "step_values": -5.201693324301593, "step_td_err": 11.38587896606919}