{"dim0": 0.6, "dim1": 0.8, "episode_rewards": 121.3161282118052, "episode_value_ests": 61.79357525392015, "episode_values": 43.67889667663894, "episode_td_err": 3.047319241317703, "episode_avg_len": 144.94, "step_rewards": 0.8370093018614957, "step_value_ests": 62.57676814081785, "step_values": 45.029624621595346, "step_td_err": 2.8192472966719406}