{"dim0": 0.6, "dim1": 0.2, "episode_rewards": 236.61013876648042, "episode_value_ests": 67.72841878498441, "episode_values": 45.61749018651845, "episode_td_err": 12.480659739579918, "episode_avg_len": 407.3, "step_rewards": 0.580923493165923, "step_value_ests": 69.12658602078307, "step_values": 45.150272085441074, "step_td_err": 3.582351393987606}