{"dim0": 0.75, "dim1": -0.75, "episode_rewards": 6.176748812794686, "episode_value_ests": 11.611440610170366, "episode_values": 3.1006436412116773, "episode_td_err": 10.106558023253255, "episode_avg_len": 4.96, "step_rewards": 1.2453122606440898, "step_value_ests": 11.600851465857797, "step_values": 3.0959578399613177, "step_td_err": 10.060896439491755}