{"dim0": 0.75, "dim1": 0.75, "episode_rewards": -3.2137396417977286, "episode_value_ests": 16.51740892147543, "episode_values": 0.1667353566596142, "episode_td_err": 10.019658491591908, "episode_avg_len": 33.24, "step_rewards": -0.09668290137778968, "step_value_ests": 16.516049856743656, "step_values": 0.3962093046035892, "step_td_err": 9.911228634302633}