{"dim0": 0.6, "dim1": 0.0, "episode_rewards": 219.54916565304092, "episode_value_ests": 71.19789103247797, "episode_values": 31.533444385104914, "episode_td_err": 18.80804925009663, "episode_avg_len": 529.7, "step_rewards": 0.4144783191486519, "step_value_ests": 71.6956194443682, "step_values": 33.03632869481959, "step_td_err": 8.136548691622513}