{"dim0": 0.6, "dim1": -0.2, "episode_rewards": 68.96103999230138, "episode_value_ests": 72.50642204622336, "episode_values": 15.710479039789798, "episode_td_err": 63.15752534356752, "episode_avg_len": 175.86, "step_rewards": 0.39213601724270086, "step_value_ests": 72.47231612112773, "step_values": 19.666801403606335, "step_td_err": 30.832542104263066}