{"dim0": 0.6, "dim1": -0.8, "episode_rewards": 15.204937629865016, "episode_value_ests": 72.79939374770915, "episode_values": 5.881542058980712, "episode_td_err": 419.0233507488977, "episode_avg_len": 14.54, "step_rewards": 1.0457316114074977, "step_value_ests": 72.71895224716837, "step_values": 5.812662592416765, "step_td_err": 364.0177113876262}