{"dim0": 0.6, "dim1": -0.4, "episode_rewards": 26.812454029883373, "episode_value_ests": 72.46572755704713, "episode_values": 8.762878391312823, "episode_td_err": 180.61349731086463, "episode_avg_len": 43.66, "step_rewards": 0.6141194234970997, "step_value_ests": 72.35470737452033, "step_values": 10.03860418170531, "step_td_err": 121.57063007632419}