{"dim0": 0.6, "dim1": -0.6, "episode_rewards": 18.10326678082929, "episode_value_ests": 72.56899803872425, "episode_values": 6.428187960113153, "episode_td_err": 291.2459136869423, "episode_avg_len": 22.06, "step_rewards": 0.8206376600557248, "step_value_ests": 72.46188611110988, "step_values": 6.389174431439217, "step_td_err": 240.69262229299596}