{"dim0": 0.75, "dim1": -0.25, "episode_rewards": 15.435484259384685, "episode_value_ests": 12.26205453018769, "episode_values": 9.490568440833753, "episode_td_err": 3.4071780384909824, "episode_avg_len": 9.08, "step_rewards": 1.6999432003727626, "step_value_ests": 12.29982594206995, "step_values": 9.398310418976038, "step_td_err": 3.4603240160505226}