{"dim0": 1.0, "dim1": -0.75, "episode_rewards": 6.750762727707625, "episode_value_ests": 11.549281956116358, "episode_values": 4.177526782618258, "episode_td_err": 9.710821758884094, "episode_avg_len": 4.96, "step_rewards": 1.3610408725216985, "step_value_ests": 11.52108085708272, "step_values": 4.148228399615085, "step_td_err": 9.639598509644866}