{"dim0": 0.8, "dim1": 0.4, "episode_rewards": 272.10587934219654, "episode_value_ests": 68.32229648773104, "episode_values": 47.4567903042604, "episode_td_err": 2.425369842544062, "episode_avg_len": 496.78, "step_rewards": 0.5477391991267695, "step_value_ests": 69.73685764678987, "step_values": 44.361011524290454, "step_td_err": 2.3817433883006704}