{"dim0": 1.0, "dim1": -0.5, "episode_rewards": 13.478984124101698, "episode_value_ests": 11.897433367192743, "episode_values": 8.47088691634736, "episode_td_err": 4.617167793293678, "episode_avg_len": 5.4, "step_rewards": 2.496108171129944, "step_value_ests": 11.919132578483334, "step_values": 8.536510592339626, "step_td_err": 4.5134799114549}