{"dim0": 0.8, "dim1": 0.6, "episode_rewards": 181.8109464361018, "episode_value_ests": 65.15202631122628, "episode_values": 49.07155547218196, "episode_td_err": 1.9879009872777664, "episode_avg_len": 251.86, "step_rewards": 0.7218730502505432, "step_value_ests": 66.56590597691836, "step_values": 49.884443354080574, "step_td_err": 1.7433907328923914}