{"dim0": 1.0, "dim1": 0.0, "episode_rewards": 24.00677515673509, "episode_value_ests": 12.915956892489953, "episode_values": 12.651096005585071, "episode_td_err": 5.1221856938156085, "episode_avg_len": 36.2, "step_rewards": 0.6631705844401959, "step_value_ests": 12.91899308648722, "step_values": 12.299323507635325, "step_td_err": 5.476553592200401}