{"dim0": 0.8, "dim1": 0.8, "episode_rewards": 149.79928109176632, "episode_value_ests": 63.10691072282862, "episode_values": 48.75833874198719, "episode_td_err": 2.400959269304642, "episode_avg_len": 184.08, "step_rewards": 0.8137727134494042, "step_value_ests": 64.28722798424097, "step_values": 49.27284846468361, "step_td_err": 2.2328527383837486}