{"dim0": 0.8, "dim1": -0.8, "episode_rewards": 15.527232155492529, "episode_value_ests": 72.71094612582496, "episode_values": 5.995220703041449, "episode_td_err": 411.6705237318874, "episode_avg_len": 14.9, "step_rewards": 1.0420961178182906, "step_value_ests": 72.61551373372941, "step_values": 5.963308078439647, "step_td_err": 354.1064896280393}