{"dim0": 0.8, "dim1": 0.0, "episode_rewards": 179.36786894606732, "episode_value_ests": 72.61556694957142, "episode_values": 22.835034739588213, "episode_td_err": 22.75093308427683, "episode_avg_len": 539.12, "step_rewards": 0.3327049060433063, "step_value_ests": 72.61222030027169, "step_values": 25.9589996101452, "step_td_err": 10.452580976709806}