{"dim0": 0.8, "dim1": -0.4, "episode_rewards": 23.92457480453886, "episode_value_ests": 72.50139540981071, "episode_values": 7.506265211233253, "episode_td_err": 204.37646299252373, "episode_avg_len": 40.6, "step_rewards": 0.589275241491105, "step_value_ests": 72.41041948290294, "step_values": 9.235978981915883, "step_td_err": 130.7085654402181}