{"dim0": 1.0, "dim1": -0.25, "episode_rewards": 16.564430931955577, "episode_value_ests": 12.322726852835235, "episode_values": 10.239435977594338, "episode_td_err": 2.9360437909735286, "episode_avg_len": 9.48, "step_rewards": 1.747302840923584, "step_value_ests": 12.365912964889771, "step_values": 10.022010605729614, "step_td_err": 3.0111635824036402}