{"dim0": 0.8, "dim1": -0.6, "episode_rewards": 17.118965128837154, "episode_value_ests": 72.68410673610175, "episode_values": 6.0710797288318545, "episode_td_err": 346.5351178499552, "episode_avg_len": 18.54, "step_rewards": 0.9233530274453696, "step_value_ests": 72.58034933474971, "step_values": 6.235498339228515, "step_td_err": 287.9081102601008}