{"dim0": 1.0, "dim1": -0.2, "episode_rewards": 29.94419466058822, "episode_value_ests": 72.56831407425824, "episode_values": 8.395219480750375, "episode_td_err": 136.7796552349409, "episode_avg_len": 66.92, "step_rewards": 0.4474625621725675, "step_value_ests": 72.50790889806115, "step_values": 9.992914479444988, "step_td_err": 79.99977282937888}