{"dim0": 1.0, "dim1": -0.8, "episode_rewards": 14.70170806530059, "episode_value_ests": 72.60916464786897, "episode_values": 5.4400249014818165, "episode_td_err": 417.745160401059, "episode_avg_len": 13.8, "step_rewards": 1.0653411641522168, "step_value_ests": 72.57360542407935, "step_values": 5.533829850265232, "step_td_err": 381.8252777196115}